step	split	lr	loss	mlm_loss	rc_loss	selection_loss	region_loss	region_acc	region_valid_count
10	train	4.0000000000000003e-07	0.9362881056827383	0.8384529687410008	0.23215104267001152	0.843095989594401	1.8638423217667475	0.2222222222222222	9.0
20	train	8.000000000000001e-07	1.0512393978663843	0.9588895725636245	0.16976654529571533	0.9622849034695388	1.77908988793691	0.16666666666666666	12.0
30	train	1.2000000000000002e-06	0.8521986718254001	0.7875680598560351	0.25977347791194916	0.7927635294142741	1.1887028482225206	0.6666666666666666	9.0
40	train	1.6000000000000001e-06	0.8519619875044486	0.7521887187054616	0.255840465426445	0.7573055280139904	1.8931291898091633	0.16666666666666666	6.0
50	train	2e-06	0.8429697673626034	0.7678372460379159	0.25344833731651306	0.7729062127842462	1.4012710915671454	0.7777777777777778	9.0
60	train	2.4000000000000003e-06	1.029233014233614	0.9490651909901416	0.17188796773552895	0.9525029503448522	1.5346012777752347	0.3888888888888889	18.0
70	train	2.8000000000000003e-06	1.0603565589735064	0.9632062032635827	0.18287593126296997	0.9668637218888422	1.8698567416932848	0.1111111111111111	9.0
80	train	3.2000000000000003e-06	0.9821576756069101	0.8959522296815154	0.225613663593928	0.900464502953394	1.6338634530703227	0.43333333333333335	30.0
90	train	3.6000000000000003e-06	0.972338272493014	0.878924956655432	0.2035753739376863	0.8829964641341858	1.7868361671765645	0.3333333333333333	24.0
100	train	4e-06	1.004557749774847	0.9286719013553131	0.17792649815479913	0.9322304313184091	1.446546369128757	0.3333333333333333	9.0
110	train	4.4e-06	1.1051132721487218	1.0235045526210005	0.16389727095762888	1.026782498040153	1.5666154821713765	0.4166666666666667	24.0
120	train	4.800000000000001e-06	0.78335130720659	0.7066802389962972	0.24405595908562341	0.7115613581780097	1.4357989805716056	0.48148148148148145	27.0
130	train	5.200000000000001e-06	1.011835852410984	0.9238714041775385	0.19634529451529184	0.9277983100678444	1.680750846862793	0.3333333333333333	18.0
140	train	5.600000000000001e-06	0.9383763826254259	0.8668961421016108	0.26090756555398303	0.8721142934126904	1.32524178425471	0.6666666666666666	18.0
150	train	6e-06	0.9629294904267831	0.8838339792138381	0.22684592877825102	0.8883708977894031	1.4911718527475992	0.5333333333333333	15.0
160	train	6.4000000000000006e-06	1.0534935689955283	0.9844979891004823	0.14348279188076654	0.9873676449380976	1.322518481148614	0.5833333333333334	36.0
170	train	6.8e-06	0.9500966981603355	0.881340764633846	0.18690921614567438	0.8850789489567595	1.3003549840715196	0.4444444444444444	9.0
180	train	7.2000000000000005e-06	0.989088622312366	0.9099199624663782	0.17342329025268555	0.9133884282714319	1.5140038808186849	0.36666666666666664	30.0
190	train	7.600000000000001e-06	1.1557115930455724	1.073950675146339	0.1370446172853311	1.0766915674920456	1.5804005110705341	0.4074074074074074	27.0
200	train	8e-06	1.0123815068276243	0.9143684697569924	0.20496157929301262	0.9184677013428526	1.8782761096954346	0.3333333333333333	12.0
210	train	8.400000000000001e-06	0.9148731044199914	0.8396437577506088	0.22997127225001654	0.8442431831956092	1.4125984244876437	0.5555555555555556	18.0
220	train	8.8e-06	0.977090849855635	0.8910932029576037	0.18631144613027573	0.8948194318802093	1.6454283595085144	0.37037037037037035	54.0
230	train	9.200000000000002e-06	0.9219384928867586	0.8510749232098824	0.20019873480002084	0.8550788979058829	1.337191899617513	0.43333333333333335	30.0
240	train	9.600000000000001e-06	1.0594006554380155	0.9618733374868926	0.19078188886245093	0.9656889752641417	1.874233603477478	0.13333333333333333	15.0
250	train	1e-05	0.9352184918831026	0.8722601126939292	0.20024257898330688	0.8762649642735953	1.1790705521901448	0.6666666666666666	9.0
260	train	1.0400000000000002e-05	1.037366596829735	0.9605988538482215	0.18605120728413263	0.9643198779939042	1.4609343767166139	0.48333333333333334	60.0
270	train	1.08e-05	0.9363801249420804	0.8696954935596548	0.2305880126853784	0.8743072538133624	1.241457422574361	0.4666666666666667	15.0
280	train	1.1200000000000001e-05	0.9790029141797112	0.8947169094609042	0.2330370619893074	0.8993776507006903	1.5925052695804172	0.3888888888888889	18.0
290	train	1.16e-05	0.8037720036029505	0.7151121371672903	0.2799055203795433	0.7207102475748811	1.6612351205613878	0.3333333333333333	9.0
300	train	1.2e-05	0.8894655973267023	0.8170684673936629	0.2522016763687134	0.8221125009210372	1.3470619281133016	0.5333333333333333	15.0
310	train	1.2400000000000002e-05	0.8373017194600478	0.7603217041556943	0.2647295594215393	0.7656162953441251	1.4337084823184543	0.5555555555555556	9.0
320	train	1.2800000000000001e-05	1.0564603537898796	0.9638953365963239	0.18423481533924738	0.9675800329031088	1.7776064177354176	0.16666666666666666	6.0
330	train	1.3200000000000002e-05	1.0322797479346781	0.9679229981070151	0.17206227158506712	0.9713642435387164	1.2183100879192352	0.625	24.0
340	train	1.36e-05	1.0243307325704352	0.934632110145038	0.18105746308962503	0.9382532594068305	1.7215494632720947	0.4	15.0
350	train	1.4e-05	1.120364283062981	1.0589257751975565	0.13104684526721636	1.0615467121029007	1.1763514192016036	0.6296296296296297	27.0
360	train	1.4400000000000001e-05	0.9127605214526269	0.8435097974598421	0.22900031382838884	0.8480898037364099	1.2934143543243408	0.4444444444444444	9.0
370	train	1.48e-05	0.9855576418358077	0.9083181024039249	0.2163714828590552	0.912645532061106	1.4582421954940348	0.45098039215686275	51.0
380	train	1.5200000000000002e-05	1.0000181215194568	0.9241553955463276	0.21846033136049905	0.9285246021735376	1.4298703869183857	0.4444444444444444	9.0
390	train	1.56e-05	1.1256961164765267	1.069388899693162	0.1463399479786555	1.0723156986527351	1.06760835647583	0.6111111111111112	18.0
400	train	1.6e-05	0.9906331020851509	0.9361250180760597	0.20175342510143915	0.9401600865780886	1.0094603101412456	0.7	30.0
410	train	1.6400000000000002e-05	0.9498629893403204	0.8813733070136062	0.19478675971428552	0.8852690422078919	1.2918789426485697	0.6666666666666666	15.0
420	train	1.6800000000000002e-05	0.9372741262409995	0.8450028643883509	0.22976253305872282	0.8495981150495254	1.7535202238294814	0.2222222222222222	9.0
430	train	1.72e-05	0.9665508270596265	0.8981898877108891	0.18112716202934584	0.901812430951476	1.2947679221630097	0.4666666666666667	15.0
440	train	1.76e-05	1.0560737878318467	0.9585495903577247	0.19648559764027596	0.9624793023105302	1.8718897104263306	0.2222222222222222	9.0
450	train	1.8e-05	0.9502711449687145	0.8819273558382652	0.2158745601773262	0.8862448470418117	1.2805259585380555	0.7333333333333333	15.0
460	train	1.8400000000000003e-05	0.8339443901974418	0.7718489444386752	0.27588385840257007	0.7773666216067266	1.1315553718143039	0.6666666666666666	9.0
470	train	1.88e-05	1.0163885493900673	0.9265928805198567	0.20007870843013129	0.9305944546884592	1.7158818940321605	0.3333333333333333	6.0
480	train	1.9200000000000003e-05	1.072530075245668	1.015456061346898	0.1659079665939013	1.018774220678776	1.0751170913378398	0.7083333333333334	24.0
490	train	1.9600000000000002e-05	0.9136079038014233	0.840053194545728	0.24593442181746164	0.8449718829820773	1.3727204163869222	0.5333333333333333	15.0
500	train	2e-05	1.005644830625466	0.943976683967191	0.1917670505742232	0.9478120249786754	1.156656112935808	0.5555555555555556	9.0
500	val		0.9745842613788003	0.9022726389897113	0.20950620584778334	0.906462763106667	1.3624299654426675	0.5364583333333334	192.0
510	train	1.9999994896499212e-05	0.971794271607515	0.8931786423815457	0.21729382624228796	0.8975245189063914	1.4853950540224712	0.375	24.0
520	train	1.999997958600264e-05	1.0310032562950548	0.9642575065941023	0.1680325816075007	0.9676181582262523	1.267701961376049	0.5925925925925926	27.0
530	train	1.9999954068527638e-05	0.8013862403800951	0.7430272065835728	0.2851988673210144	0.748731183929993	1.0531011290020413	0.6666666666666666	9.0
540	train	1.9999918344103154e-05	1.0682182946238024	0.9869435381296964	0.15294543653726578	0.9900024468604417	1.5643169552672143	0.3333333333333333	51.0
550	train	1.9999872412769697e-05	0.902984247189293	0.83860450737827	0.234845203657945	0.8433014114514289	1.1936567147572836	0.6666666666666666	30.0
560	train	1.9999816274579365e-05	1.0300862330825513	0.9537242718419816	0.1879152941207091	0.9574825777243958	1.4520731071631114	0.4166666666666667	12.0
570	train	1.9999749929595825e-05	0.9339829480390601	0.8508406038200709	0.2313128144790729	0.8554668601096523	1.570321758588155	0.4444444444444444	9.0
580	train	1.9999673377894314e-05	1.0399336231119618	0.9677689668404248	0.17496608446041742	0.9712682885296331	1.373306691646576	0.5833333333333334	24.0
590	train	1.9999586619561652e-05	0.7276597864057492	0.6529036647371986	0.27651988963286084	0.6584340625298558	1.3845144775178697	0.5555555555555556	9.0
600	train	1.9999489654696234e-05	0.913848274291601	0.8303256651874725	0.2155106117328008	0.8346358774221285	1.5842479373894485	0.4117647058823529	51.0
610	train	1.999938248340803e-05	0.9028641951231389	0.8154887285147999	0.23603644222021103	0.8202094573592041	1.6530947552786932	0.3888888888888889	18.0
620	train	1.999926510581858e-05	1.118966592709579	1.0571426793539107	0.13478189210096994	1.05983831719593	1.1825655102729797	0.6111111111111112	36.0
630	train	1.999913752206101e-05	0.8523566608190303	0.7926742008139456	0.2298447179297606	0.7972710951725408	1.1017113129297893	0.5	6.0
640	train	1.9998999732280003e-05	0.8438679185907486	0.7885766131745885	0.22998268902301788	0.7931762669550488	1.013833032713996	0.8888888888888888	9.0
650	train	1.999885173663184e-05	0.9639766084661704	0.9177898308396957	0.1841598687072595	0.9214730282138409	0.8500716050465902	0.8666666666666667	15.0
660	train	1.9998693535284358e-05	0.8185721458018754	0.7454921259415844	0.22033068786064783	0.7498987396987974	1.3734681220615612	0.5294117647058824	51.0
670	train	1.9998525128416978e-05	1.0093065637700498	0.9308009407683716	0.1654762327671051	0.9341104654237137	1.5039219669267243	0.47058823529411764	51.0
680	train	1.999834651622069e-05	0.86174179452655	0.7900345105920408	0.2577768725653489	0.7951900480433477	1.3310349296640467	0.5925925925925926	27.0
690	train	1.999815769889806e-05	0.9256715719653117	0.8413957231825869	0.2129708950718244	0.8456551410840234	1.6003286176257663	0.4444444444444444	9.0
700	train	1.999795867666323e-05	1.0102060859776822	0.955037160487038	0.16873742640018463	0.9584119090150417	1.035883539252811	0.6944444444444444	36.0
710	train	1.999774944974191e-05	0.8921158982986462	0.8357772817553002	0.23571734627087912	0.8404916286807178	1.032485392358568	0.6111111111111112	18.0
720	train	1.9997530018371387e-05	0.9851140833164197	0.9164702088980153	0.19416525090734163	0.9203535139161622	1.2952113880051508	0.48148148148148145	27.0
730	train	1.9997300382800524e-05	1.0307109712440943	0.9647980034396888	0.18385502447684607	0.9684751039292258	1.24471734629737	0.6111111111111112	36.0
740	train	1.999706054328975e-05	0.8028096756940676	0.7423780878600185	0.26971932500600815	0.7477724743601386	1.1007440266785797	0.5925925925925926	27.0
750	train	1.9996810500111077e-05	1.0465736459712514	0.9691356420537163	0.19671418269475302	0.9730699257076113	1.4700744052728016	0.5	12.0
760	train	1.999655025354807e-05	0.856739709380985	0.802686257192215	0.23608203108112016	0.8074078978138374	0.9866362313429514	0.6	15.0
770	train	1.9996279803895883e-05	0.9721035939428084	0.8724237969490759	0.22210831940174103	0.8768659633371108	1.9047526121139526	0.2222222222222222	9.0
780	train	1.999599915146124e-05	1.0597997848831424	0.993618970709656	0.1592720647652944	0.9968044120049618	1.2599074575636122	0.5555555555555556	9.0
790	train	1.9995708296562428e-05	1.0535457384231497	0.9876910367418802	0.17763594537973404	0.9912437556494749	1.2460396554734972	0.5555555555555556	36.0
800	train	1.9995407239529307e-05	0.9273650897542534	0.8560975458224513	0.22671891748905182	0.8606319241722323	1.3346633116404216	0.6666666666666666	6.0
810	train	1.999509598070331e-05	0.9741739404683833	0.9239891830072328	0.19933049629131952	0.9279757929330592	0.9239629507064819	0.8333333333333334	6.0
820	train	1.9994774520437445e-05	0.9692073371526324	0.8857045090049561	0.20810039838155112	0.8898665169725871	1.5868164036009047	0.3333333333333333	9.0
830	train	1.9994442859096276e-05	0.9113179674376185	0.8369159615416463	0.23132691408197084	0.8415424998232857	1.3955093522866566	0.3333333333333333	9.0
840	train	1.999410099705595e-05	1.0255752901357718	0.9581242946325714	0.1974641246100267	0.9620735771247719	1.2700342602199979	0.5555555555555556	9.0
850	train	1.9993748934704174e-05	1.0180421020751287	0.9586732688213477	0.16980095456043878	0.9620692879125565	1.1194562832514445	0.6	30.0
860	train	1.999338667244022e-05	0.999940025938884	0.9314629325601812	0.1893913596868515	0.9352507597539182	1.2937853236993153	0.4666666666666667	15.0
870	train	1.9993014210674948e-05	1.0380942233764945	0.9608450629757993	0.19234907254576683	0.9646920444267146	1.4680435789955988	0.5833333333333334	36.0
880	train	1.9992631549830757e-05	0.9182558054615522	0.8706209113835756	0.19954895103971163	0.8746118904043698	0.8728783011436463	0.7333333333333333	15.0
890	train	1.9992238690341632e-05	1.0666301977475394	1.0156953104840294	0.13422047098477682	1.018379719903725	0.9650095568762885	0.6666666666666666	9.0
900	train	1.9991835632653123e-05	0.8104135873267821	0.722246013430235	0.28694783089061576	0.7279849700480473	1.6485723455746968	0.3333333333333333	6.0
910	train	1.999142237722234e-05	1.0485546354367126	0.9725881432352695	0.1979012961188952	0.9765461691576475	1.4401693255813033	0.46296296296296297	54.0
920	train	1.9990998924517956e-05	0.8582766196419748	0.7651045252422444	0.16898080334067345	0.7684841413090578	1.7958495666583378	0.3333333333333333	6.0
930	train	1.999056527502022e-05	0.9999991136685783	0.9200983708730408	0.18872559318939844	0.9238728827368288	1.5225246186349906	0.45098039215686275	51.0
940	train	1.9990121429220933e-05	0.88424148661547	0.8122881053154974	0.27252020686864853	0.8177385094528704	1.3300595432519913	0.3333333333333333	6.0
950	train	1.9989667387623472e-05	1.0303412356873463	0.9694153450330207	0.17687395960092545	0.9729528242250393	1.1477682292461395	0.625	48.0
960	train	1.9989203150742767e-05	0.9793157411533007	0.93461141193086	0.19119674215714136	0.9384353467740028	0.8176078875859578	0.6666666666666666	15.0
970	train	1.9988728719105314e-05	1.0341037916601867	0.9760432029228578	0.17385957390069962	0.9795203944008718	1.0916679451862972	0.5	12.0
980	train	1.9988244093249173e-05	0.955416140681664	0.8806090561633436	0.20413467288017273	0.8846917496209471	1.4144878212143392	0.43137254901960786	51.0
990	train	1.998774927372396e-05	0.7510418275916194	0.6989922243777529	0.2782846813400586	0.704557918004554	0.9296781917413076	0.8333333333333334	6.0
1000	train	1.998724426109086e-05	1.0382436857041004	0.9974333155899858	0.17432411511739096	1.0009197978923337	0.7464777562353346	0.8333333333333334	18.0
1000	val		0.9700133467365607	0.9016449716177656	0.20840926308361396	0.9058131568794379	1.284003797142456	0.5416666666666666	192.0
1010	train	1.998672905592261e-05	1.0169433719554504	0.9462029339621536	0.19690601030985513	0.9501410541683507	1.3360463557419953	0.6111111111111112	54.0
1020	train	1.998620365880351e-05	0.9213103109025259	0.8727393215321799	0.21130088965098062	0.8769653393251995	0.8868994315465292	0.7777777777777778	18.0
1030	train	1.9985668070329423e-05	1.0633474817192654	1.0031118557667833	0.16770980010430017	1.0064660517688693	1.1376285990079245	0.5666666666666667	30.0
1040	train	1.9985122291107765e-05	0.842034750628985	0.7971941300218474	0.24020677556594214	0.8019982655331662	0.8007297019163767	0.7777777777777778	9.0
1050	train	1.9984566321757505e-05	0.7066627929735197	0.6586886750785523	0.2945044587055842	0.664578764252664	0.8416805744171143	0.7333333333333333	15.0
1060	train	1.998400016290918e-05	0.9891889066579813	0.8992999781750515	0.2579612856109937	0.9044592038872713	1.6945940554141998	0.5	6.0
1070	train	1.9983423815204873e-05	0.7595096912079325	0.694646763959852	0.2505636438727379	0.6996580368373068	1.1970330874125164	0.5	6.0
1080	train	1.998283727929823e-05	0.9776062844364435	0.9155496878123649	0.20636803532640138	0.919677048518893	1.158584718351011	0.5925925925925926	27.0
1090	train	1.9982240555854444e-05	0.9667120475973617	0.9073617496496371	0.19698461393515268	0.9113014419283402	1.1082121133804321	0.625	24.0
1100	train	1.998163364555027e-05	0.9351637071822227	0.8675908441961615	0.23388334860404333	0.8722685111682423	1.2579039202796087	0.6666666666666666	18.0
1110	train	1.998101654907401e-05	0.9469105272987588	0.8886417044615518	0.18998708700140318	0.8924414462015798	1.0893816219435797	0.6111111111111112	18.0
1120	train	1.998038926712552e-05	0.9845967637524103	0.9276221205319062	0.19966501742601395	0.9316154208804265	1.059626857439677	0.6666666666666666	27.0
1130	train	1.997975180041621e-05	0.9624497455332544	0.8913736460682558	0.20616926873723665	0.8954970314430005	1.339054281805076	0.5294117647058824	51.0
1140	train	1.997910414966903e-05	0.8266142200598474	0.7670224621066805	0.2627352103590965	0.7722771663138623	1.0867410749197006	0.6666666666666666	12.0
1150	train	1.9978446315618497e-05	0.9720214833449142	0.9129188918203928	0.2364247366786003	0.9176473865539647	1.08748193581899	0.5833333333333334	24.0
1160	train	1.9977778299010664e-05	1.0329518919498666	0.9830960054673366	0.1919055605928103	0.9869341166791927	0.9203555054134793	0.6666666666666666	18.0
1170	train	1.997710010060314e-05	1.0296570862540022	0.9706830980090714	0.17953218768040338	0.9742737417626794	1.1076668898264568	0.6666666666666666	12.0
1180	train	1.997641172116507e-05	0.9322338321276107	0.8798150232402085	0.19240392992893854	0.8836631018387873	0.9714146057764689	0.8888888888888888	9.0
1190	train	1.9975713161477156e-05	1.0334292999560484	0.9524590564424643	0.17373492817083994	0.9559337550058811	1.5499108990033468	0.5333333333333333	15.0
1200	train	1.9975004422331646e-05	1.0269537547822325	0.969284839838299	0.17322910577058792	0.9727494219537108	1.0840866565704346	0.7777777777777778	18.0
1210	train	1.9974285504532327e-05	0.9111298618873502	0.849866635467663	0.2705065757036209	0.8552767669817354	1.117061898112297	0.6666666666666666	6.0
1220	train	1.9973556408894534e-05	0.9992920450808184	0.942902472410756	0.20546787480513254	0.9470118299068586	1.0456043034791946	0.6666666666666666	6.0
1230	train	1.9972817136245137e-05	0.8690439754107251	0.800117766969269	0.2652589889864127	0.8054229467489972	1.2724205732345581	0.6	15.0
1240	train	1.9972067687422556e-05	0.809038354670931	0.7288913138203447	0.2794836113850276	0.7344809860480452	1.4911473724577162	0.4444444444444444	9.0
1250	train	1.997130806327675e-05	1.0282803041670543	0.9495859962139351	0.20207271724939346	0.953627450558923	1.4930570721626282	0.3333333333333333	6.0
1260	train	1.9970538264669222e-05	0.8225769023399906	0.7771378216446794	0.21516866981983185	0.781441195041076	0.8227141459782918	0.8	15.0
1270	train	1.9969758292473e-05	0.8299190799778118	0.7793703147158438	0.23956170678138733	0.7841615488514716	0.9151506225268046	0.7777777777777778	9.0
1280	train	1.9968968147572666e-05	0.8014255990140856	0.7128563059422593	0.21410920470952988	0.7171384900364499	1.685742179552714	0.4444444444444444	9.0
1290	train	1.996816783086433e-05	0.9807471262150442	0.9212351412806348	0.19108784943819046	0.9250568982693986	1.113804558912913	0.7222222222222222	18.0
1300	train	1.996735734325564e-05	0.9206449872479687	0.866625626581495	0.22007489825288454	0.8710271245465527	0.9923572540283203	0.6666666666666666	6.0
1310	train	1.996653668566578e-05	0.7081461374858631	0.6302962870630568	0.30065684020519257	0.6363094238671607	1.4367342723740473	0.4444444444444444	9.0
1320	train	1.9965705859025465e-05	1.0153639300336068	0.9471776932756838	0.18299278865257898	0.9508375490487354	1.2905276196974296	0.5555555555555556	54.0
1330	train	1.9964864864276943e-05	1.0134081110738666	0.9235096338192242	0.2207307480275631	0.9279242487797755	1.7096772458818223	0.2222222222222222	9.0
1340	train	1.9964013702374004e-05	0.9537600643176395	0.8969738683838206	0.2439990689357122	0.9018538497625349	1.0381242911020914	0.6666666666666666	15.0
1350	train	1.9963152374281956e-05	0.8741989925760218	0.8048993994676261	0.22209229754904905	0.8093412454186071	1.2971549431482952	0.6	15.0
1360	train	1.9962280880977636e-05	0.9019375552508835	0.8327611847079731	0.2564021684229374	0.8378892280764318	1.2809665434890323	0.48148148148148145	27.0
1370	train	1.9961399223449425e-05	1.0348168260746466	0.9524557394179967	0.16307251900434494	0.9557171897980835	1.5819927255312602	0.4166666666666667	24.0
1380	train	1.996050740269721e-05	1.0538242750049704	0.9903885571341787	0.16838612407445908	0.9937562796156679	1.2013599077860515	0.5833333333333334	12.0
1390	train	1.995960541973242e-05	0.9281649388530124	0.8345451683459947	0.23095889389514923	0.8391643462238977	1.7800118525822957	0.0	6.0
1400	train	1.9958693275578002e-05	0.9391873242092957	0.8899819523724745	0.19064146280288696	0.8937947816285322	0.90785085161527	0.75	12.0
1410	train	1.995777097126843e-05	0.9835482152549856	0.9151246072598729	0.20800717423359552	0.9192847507445447	1.2852692902088165	0.5	12.0
1420	train	1.9956838507849702e-05	1.0149868189012872	0.9608068156125679	0.16098597397406897	0.9640265350920493	1.01920567618476	0.6388888888888888	36.0
1430	train	1.9955895886379335e-05	0.9609834713841462	0.9064206468004303	0.21104216327269873	0.9106414900658844	1.0068396263652377	0.7222222222222222	18.0
1440	train	1.9954943107926362e-05	1.0481986122982991	0.9966525290069276	0.16028999288876852	0.9998583288647029	0.9668056686719259	0.6666666666666666	30.0
1450	train	1.9953980173571346e-05	0.9875990364845113	0.9184848431062881	0.18645781899491945	0.9222139994861864	1.3077007399664984	0.5370370370370371	54.0
1460	train	1.9953007084406355e-05	1.0247110675837103	0.9370396928595672	0.18307497662802538	0.9407011923921277	1.6801975038316515	0.4444444444444444	9.0
1470	train	1.9952023841534986e-05	0.8460937296373954	0.7882182864867955	0.25794343401988346	0.7933771551671932	1.0543314894040425	0.6666666666666666	15.0
1480	train	1.9951030446072342e-05	0.8782606196415412	0.8142953497680017	0.21896265695492426	0.8186746029071001	1.1917203346888223	0.6666666666666666	30.0
1490	train	1.995002689914505e-05	1.023537603317186	0.9417594534474789	0.1888824204603831	0.9455371018566866	1.5600100292099848	0.4444444444444444	18.0
1500	train	1.9949013201891235e-05	1.0096099956843145	0.9474638306113966	0.19077854851881662	0.9512794015817729	1.1666118820508322	0.6166666666666667	60.0
1500	val		0.9667406433844214	0.9014802004322576	0.2073084272213398	0.9056263689766845	1.2222854881547391	0.5729166666666666	192.0
1510	train	1.994798935546055e-05	1.0542257824377603	0.985111924161817	0.16818565130233765	0.9884756371878638	1.3150029049979315	0.5277777777777778	36.0
1520	train	1.9946955361014147e-05	0.9928365554218559	0.9234939196512171	0.20910137395064035	0.9276759471302299	1.3032121658325195	0.5555555555555556	18.0
1530	train	1.9945911219724692e-05	1.1042693483392139	1.0278473560902548	0.18017823994159698	1.0314509208890867	1.4563685490025415	0.5555555555555556	9.0
1540	train	1.9944856932776357e-05	0.9049961364715419	0.8305137107553536	0.24273797869682312	0.8353684703292901	1.392553322845035	0.4444444444444444	9.0
1550	train	1.994379250136482e-05	0.6912728732023635	0.6292401637329657	0.27523838977018994	0.6347449315283694	1.1305588334798813	0.6666666666666666	6.0
1560	train	1.9942717926697268e-05	0.9711564438023725	0.9064220530297693	0.2112372306485971	0.9106467976427413	1.2101929231926247	0.5370370370370371	54.0
1570	train	1.9941633209992386e-05	0.7831130619305277	0.7061801975426976	0.2952226251363754	0.7120846500454251	1.4205682377020519	0.3333333333333333	6.0
1580	train	1.9940538352480358e-05	1.0904032372468955	1.0184893305633709	0.14252020666996637	1.0213397346967703	1.3812700510025024	0.4861111111111111	72.0
1590	train	1.9939433355402886e-05	0.9850315705511693	0.9345447999312206	0.1735443448026975	0.9380156868272745	0.940317674477895	0.7666666666666667	30.0
1600	train	1.993831822001315e-05	0.8823354700754551	0.8237558047026861	0.23262382795413336	0.8284082812617687	1.0785437762737273	0.6	15.0
1610	train	1.993719294757584e-05	1.0981174804413338	1.0328017633551378	0.13693570221463838	1.0355404773994306	1.2515400608380636	0.5833333333333334	60.0
1620	train	1.9936057539367145e-05	0.9095798535024133	0.838783920312094	0.23569049686193466	0.8434977302493327	1.3216424650616116	0.4444444444444444	9.0
1630	train	1.9934911996674736e-05	0.9839184429361199	0.9160386113438779	0.21455336610476175	0.9203296786659731	1.2717752854029338	0.5833333333333334	24.0
1640	train	1.9933756320797793e-05	0.9329821186125811	0.8677073784861832	0.2511281867822011	0.8727299422218272	1.205043527815077	0.5555555555555556	18.0
1650	train	1.9932590513046977e-05	0.9083922380686644	0.8370264909645759	0.23444253951311111	0.8417153417548382	1.3335379262765248	0.5833333333333334	12.0
1660	train	1.9931414574744447e-05	1.102932911061482	1.0397162311705315	0.14377025763193765	1.0425916363231702	1.2068254947662354	0.5	30.0
1670	train	1.9930228507223845e-05	0.963046772486915	0.9053449522524573	0.21637248992919922	0.9096724020510413	1.0674874087174733	0.6666666666666666	6.0
1680	train	1.9929032311830303e-05	1.0103671378094754	0.9748395639855466	0.15128062665462494	0.9778651765186391	0.6500392258167267	0.8333333333333334	12.0
1690	train	1.992782598992044e-05	1.1028970636175996	1.0400075349456994	0.15239489078521729	1.0430554327614037	1.1968326171239216	0.5972222222222222	72.0
1700	train	1.9926609542862363e-05	1.0136606411291973	0.9285281223708208	0.20224672307570776	0.9325730568323349	1.6217516859372456	0.5	12.0
1710	train	1.9925382972035655e-05	1.1213441221392237	1.0623811448507259	0.13152505084872246	1.0650116458677004	1.1266495254304674	0.5833333333333334	72.0
1720	train	1.9924146278831385e-05	0.9102159981911686	0.8392385129382226	0.2143211786945661	0.8435249365121139	1.3338212335810942	0.47058823529411764	51.0
1730	train	1.99228994646521e-05	0.9817168280274389	0.9137665480415739	0.16881999745965004	0.9171429479907669	1.2914776007334392	0.48148148148148145	27.0
1740	train	1.9921642530911826e-05	1.0197460125049977	0.9612755881906578	0.1956795553366343	0.9651891792973906	1.0911366641521454	0.6666666666666666	18.0
1750	train	1.9920375479036066e-05	1.0684879069672653	1.0248069146421184	0.15461129943529764	1.0278991406308242	0.8117753267288208	0.7222222222222222	18.0
1760	train	1.99190983104618e-05	0.8599357524206283	0.7952812293609025	0.22354878609379134	0.7997522050827783	1.2036709467569986	0.6666666666666666	15.0
1770	train	1.9917811026637473e-05	0.8826054216782434	0.7909571681529466	0.3050457052886486	0.7970580822587195	1.7109467883904774	0.5	6.0
1780	train	1.9916513629023015e-05	1.0398335834709893	0.9721498492974133	0.1905047483742237	0.9759599442648978	1.2774727841218312	0.6666666666666666	12.0
1790	train	1.9915206119089815e-05	0.9601896975892469	0.910254243260392	0.1969406952460607	0.9141930571653132	0.9199328084786733	0.6333333333333333	30.0
1800	train	1.991388849832074e-05	0.8420535162111898	0.7972802269810552	0.260835736989975	0.8024969417208546	0.791131489806705	0.6666666666666666	9.0
1810	train	1.991256076821011e-05	1.0254911183187865	0.9651913144889311	0.1902565285563469	0.9689964450600581	1.1298934651745691	0.6111111111111112	18.0
1820	train	1.9911222930263726e-05	0.9252772566193352	0.8712768738979112	0.23518264790376028	0.8759805268559864	0.9859345952669779	0.5833333333333334	12.0
1830	train	1.9909874985998846e-05	0.9069721854046984	0.8585369196848077	0.23694744457801184	0.863275868576368	0.8739263365666071	0.75	12.0
1840	train	1.990851693694418e-05	0.9766263885087053	0.9125531940446576	0.2159885267416636	0.9168729645794909	1.1950684785842896	0.5	24.0
1850	train	1.9907148784639917e-05	0.9193161314403412	0.8471019397353527	0.20381145427624384	0.8511781688208776	1.362759252389272	0.625	24.0
1860	train	1.9905770530637688e-05	0.8290476433265024	0.7748479957210833	0.23225385447343191	0.7794930728105519	0.9910914103190104	0.7333333333333333	15.0
1870	train	1.9904382176500588e-05	0.9189906736580129	0.8612681717542405	0.23044989506403604	0.8658771696555213	1.0622700800498326	0.5833333333333334	12.0
1880	train	1.9902983723803164e-05	1.096526765989314	1.0379060311370927	0.14103890334566435	1.040726809204006	1.1159991357061598	0.6111111111111112	18.0
1890	train	1.9901575174131415e-05	1.0050742903809575	0.9419161393951205	0.1755627728998661	0.9454273948531179	1.1929379105567932	0.6666666666666666	54.0
1900	train	1.9900156529082802e-05	0.9771379446648372	0.9212869513030991	0.19019514818986258	0.9250908542668964	1.0409418079588149	0.7222222222222222	18.0
1910	train	1.9898727790266212e-05	0.7021073541122167	0.5988616029001761	0.3682957664132118	0.6062275182284403	1.9175967176755269	0.3333333333333333	6.0
1920	train	1.9897288959302008e-05	1.0273602419850607	0.9566150148882515	0.19266660138964653	0.9604683469160444	1.337837901380327	0.4444444444444444	9.0
1930	train	1.989584003782198e-05	1.0014896010207512	0.9484764499479578	0.1811291699608167	0.952099033347174	0.987811353471544	0.6666666666666666	18.0
1940	train	1.989438102746936e-05	0.9526028626107912	0.8894371535324793	0.20856264730294546	0.8936084064785382	1.1798891226450603	0.6666666666666666	54.0
1950	train	1.9892911929898835e-05	0.8474772638809334	0.7795711541493621	0.22144930064678192	0.7840001401622977	1.2695424743727142	0.5490196078431373	51.0
1960	train	1.9891432746776523e-05	0.9157178434850034	0.8526213961187481	0.2331754465897878	0.8572849050505439	1.168658768689191	0.5555555555555556	27.0
1970	train	1.9889943479779985e-05	0.9501508742336277	0.890270542826637	0.21178780247767767	0.8945062988761905	1.1128915071487426	0.6333333333333333	30.0
1980	train	1.9888444130598208e-05	1.0183779579326415	0.954076554006163	0.18469755351543427	0.9577705050764717	1.2121490571233962	0.5555555555555556	54.0
1990	train	1.988693470093163e-05	1.0064007531421049	0.9385364665434833	0.19694442798693976	0.9424753551032221	1.2785079607776566	0.5882352941176471	51.0
2000	train	1.9885415192492102e-05	0.9377297661207642	0.8736323525759107	0.20083885019024214	0.8776491295797155	1.2016127308209736	0.5	12.0
2000	val		0.9645641861817973	0.8994379580343013	0.20149945675702097	0.9034679471694417	1.221924780247112	0.578125	192.0
2010	train	1.9883885607002926e-05	1.0065742427177995	0.9557535536902914	0.19912956282496452	0.9597361449467906	0.9367619554201762	0.7222222222222222	18.0
2020	train	1.9882345946198815e-05	0.8407657858537096	0.7778421708427796	0.21866395821173987	0.7822154500070144	1.171006716933905	0.6078431372549019	51.0
2030	train	1.9880796211825922e-05	0.9166399713238098	0.852089342810712	0.2485236649711927	0.8570598161101359	1.1916031042734783	0.4444444444444444	18.0
2040	train	1.987923640564181e-05	0.9287506898051882	0.879177307367959	0.22181290884812674	0.8836135655449215	0.9027424852053324	0.7222222222222222	36.0
2050	train	1.987766652941548e-05	0.9513482319923184	0.8722262049329224	0.23194252451260886	0.8768650554231745	1.4896635313828785	0.4166666666666667	12.0
2060	train	1.9876086584927346e-05	0.9171366540178938	0.867993709378966	0.21530857061346373	0.8722998807912353	0.8967354645331701	0.6666666666666666	6.0
2070	train	1.987449657396923e-05	1.0507215008617354	0.9775941804529144	0.15297137200832367	0.9806536078930809	1.4013578593730927	0.5	6.0
2080	train	1.9872896498344397e-05	0.8312122262971278	0.7682276316937482	0.2889363418022792	0.7740063585297938	1.1441173553466797	0.7777777777777778	9.0
2090	train	1.9871286359867503e-05	0.9796702817833124	0.9168290318802693	0.17549294233322144	0.9203388907269338	1.1866278211275736	0.6	15.0
2100	train	1.9869666160364625e-05	0.965795042980588	0.8947650350776413	0.19642608550687632	0.8986935567877788	1.3420297238561842	0.5555555555555556	9.0
2110	train	1.986803590167325e-05	1.0729489614724972	0.9921923647979753	0.18352374186118445	0.9958628396351991	1.5417224367459614	0.5	6.0
2120	train	1.986639558564227e-05	0.9278090526702631	0.8596389786444731	0.20767844716707864	0.8637925475878148	1.2803301016489665	0.5	12.0
2130	train	1.9864745214131992e-05	0.856279416597312	0.7817853377260353	0.22701762368281683	0.7863256901996917	1.3990745279524062	0.5555555555555556	9.0
2140	train	1.9863084789014113e-05	0.8799944723131471	0.8102617164849122	0.2573763368030389	0.815409243220973	1.291704581843482	0.4444444444444444	9.0
2150	train	1.9861414312171747e-05	0.71547249732897	0.6666209124706054	0.3231790065765381	0.6730844926021362	0.8477600945366753	0.8888888888888888	9.0
2160	train	1.9859733785499394e-05	0.9847149298045237	0.9399490795983075	0.20315887033939362	0.9440122570050954	0.814053455988566	0.7916666666666666	24.0
2170	train	1.9858043210902967e-05	0.9600568030672036	0.8944520645568863	0.20984048396348953	0.8986488742361561	1.2281585766209497	0.5555555555555556	18.0
2180	train	1.9856342590299758e-05	1.010956519428115	0.9543920784359715	0.18551751971244812	0.9581024288302205	1.057081811957889	0.6666666666666666	9.0
2190	train	1.985463192561846e-05	0.9618567383713332	0.8971223535647135	0.22373729571700096	0.9015970994790535	1.2051927778455946	0.5555555555555556	9.0
2200	train	1.9852911218799165e-05	1.0210173154373634	0.9764921351521878	0.17260984952251116	0.979944332142638	0.8214596658945084	0.7916666666666666	24.0
2210	train	1.985118047179334e-05	0.9192319648405305	0.8607143050869694	0.21984528750181198	0.8651112108370057	1.0824150800704957	0.5666666666666667	30.0
2220	train	1.9849439686563843e-05	0.9748759194511624	0.9170776367483985	0.19321672121683756	0.9209419711727352	1.0786789655685425	0.5666666666666667	30.0
2230	train	1.984768886508492e-05	0.9011178950627176	0.8662802892336774	0.210626437018315	0.8704928179740437	0.6125015417734782	1.0	9.0
2240	train	1.9845928009342203e-05	1.054493856250915	0.9916658356981207	0.18355534970760345	0.9953369426922728	1.1831382711728413	0.6	60.0
2250	train	1.984415712133269e-05	0.9789724178894971	0.8882584072435512	0.24156649162371954	0.8930897370760256	1.7176536162694296	0.5333333333333333	15.0
2260	train	1.984237620306477e-05	0.9851361441416606	0.9291192824694579	0.19901073351502419	0.9330994971397584	1.0407329400380452	0.6666666666666666	9.0
2270	train	1.9840585256558202e-05	0.9842195610740876	0.9443222369292473	0.1795972933371862	0.947914182795991	0.7261075655619303	0.8	15.0
2280	train	1.9838784283844115e-05	0.9246523142871405	0.8699357695894584	0.19593788186709085	0.8738545272268002	1.015955741206805	0.6666666666666666	6.0
2290	train	1.9836973286965014e-05	0.9689113161762689	0.904983733599398	0.20412577564517656	0.9090662491123015	1.1969013412793477	0.7777777777777778	9.0
2300	train	1.9835152267974778e-05	1.023839124734537	0.970021950101193	0.16246439516544342	0.9732712380045019	1.011357734600703	0.5833333333333334	12.0
2310	train	1.9833321228938633e-05	0.929375848492684	0.8757274443944646	0.2160787656903267	0.8800490197082711	0.9865365756882561	0.7777777777777778	9.0
2320	train	1.9831480171933194e-05	1.0617570874350273	1.001092558710807	0.17216520756483078	1.0045358628621037	1.144424491458469	0.6851851851851852	54.0
2330	train	1.9829629099046412e-05	0.8733396275834588	0.811703455431231	0.2334401880701383	0.8163722591926338	1.1393473678165011	0.5	36.0
2340	train	1.9827768012377617e-05	0.9773005338942807	0.9388482785657845	0.17500475545724234	0.9423483736749293	0.699043204387029	0.8888888888888888	9.0
2350	train	1.982589691403749e-05	0.9787731034298306	0.9067826119799977	0.20673577984174094	0.9109173275768325	1.357115517059962	0.5	12.0
2360	train	1.982401580614806e-05	0.9659387546170074	0.9072690598555722	0.2205853114525477	0.9116807660846231	1.0851597706476848	0.6333333333333333	30.0
2370	train	1.9822124690842715e-05	0.9484802615244616	0.8786223523086404	0.2106631100177765	0.882835614508996	1.3128929403093126	0.5	18.0
2380	train	1.982022357026619e-05	0.940356804449639	0.87822026254662	0.21484986444314322	0.8825172598354829	1.1567908922831218	0.6111111111111112	18.0
2390	train	1.9818312446574566e-05	0.7352436908652789	0.6714450728963223	0.29498401532570523	0.6773447532028364	1.1579787532488506	0.5	6.0
2400	train	1.981639132193527e-05	0.9785836802292378	0.9210056874273729	0.21568001930912337	0.9253192878135553	1.0652878483136494	0.6	15.0
2410	train	1.9814460198527073e-05	0.8986204885867466	0.7869256839083859	0.2552433982491493	0.7920305518733689	2.131798734267553	0.3333333333333333	6.0
2420	train	1.9812519078540082e-05	0.7292061746952871	0.6749157198992202	0.25709018607934314	0.6800575236208071	0.9829730214896025	0.7037037037037037	27.0
2430	train	1.9810567964175747e-05	0.9922026841456594	0.928019465865185	0.22785925368467966	0.9325766509388786	1.192520664135615	0.5333333333333333	15.0
2440	train	1.980860685764684e-05	0.8264676133692603	0.7698609383305253	0.2439334293206533	0.7747396069169383	1.0345601290464401	0.5833333333333334	12.0
2450	train	1.9806635761177485e-05	0.8995851116819182	0.8493284028546346	0.25826269884904224	0.8544936568316155	0.9018290970060561	0.7777777777777778	9.0
2460	train	1.980465467700312e-05	1.014366587023777	0.9574380673426809	0.20305367931723595	0.9614991409290256	1.0573489218950272	0.6666666666666666	12.0
2470	train	1.9802663607370512e-05	0.9557897435013545	0.8946743374616662	0.2395650620261828	0.8994656387021899	1.1264820959832933	0.6111111111111112	18.0
2480	train	1.980066255453776e-05	1.0532577245540828	0.9888269961980394	0.18246468404928842	0.9924762898790251	1.2156286935011547	0.6666666666666666	15.0
2490	train	1.9798651520774277e-05	1.04581367622126	0.9797478968929136	0.17328580220540366	0.9832136129370217	1.2520012656847637	0.6	30.0
2500	train	1.97966305083608e-05	0.9101948992066101	0.8446041095656669	0.21296104912956557	0.8488633305482582	1.226631373167038	0.5833333333333334	12.0
2500	val		0.962452813596795	0.898619881399629	0.21045578443383026	0.9028289970883057	1.192476330169787	0.5885416666666666	192.0
2510	train	1.9794599519589386e-05	0.9604528496649709	0.9216024910397179	0.2202940359711647	0.9260083717591412	0.6888895581165949	0.9166666666666666	12.0
2520	train	1.97925585567634e-05	0.8356656665891292	0.791339030542958	0.22060132771730423	0.7957510570973041	0.7982921898365021	0.8	15.0
2530	train	1.9790507622197513e-05	0.9838754278017222	0.9315102670185903	0.21416176358858743	0.9357935022903621	0.9616385102272034	0.7777777777777778	9.0
2540	train	1.9788446718217726e-05	1.019845279995516	0.9793491013246263	0.17820773211618265	0.9829132559669499	0.7386404805713229	0.7777777777777778	9.0
2550	train	1.9786375847161326e-05	0.9792857287667951	0.9445281666361054	0.19271180282036462	0.9483824026925127	0.6180665214856466	0.8666666666666667	15.0
2560	train	1.9784295011376912e-05	1.048896482608343	0.9873493166482694	0.16947250813245773	0.9907387668109185	1.1631543159484863	0.6666666666666666	60.0
2570	train	1.9782204213224386e-05	1.0079408524362736	0.9434110493031523	0.19784344360232353	0.9473679181751988	1.2114586852214955	0.5370370370370371	54.0
2580	train	1.978010345507494e-05	0.829987225193631	0.749571576044478	0.23607629537582397	0.7542931019519945	1.5138824648327298	0.4444444444444444	9.0
2590	train	1.9777992739311076e-05	1.0403093266235606	0.94348018591571	0.16728503132859865	0.9468258865422821	1.8696688016255696	0.5555555555555556	9.0
2600	train	1.9775872068326575e-05	0.9618997967290887	0.9118656738522657	0.22087934675316015	0.9162832607873289	0.9123307188351949	0.7333333333333333	15.0
2610	train	1.977374144452651e-05	0.9248153816054442	0.86259753635097	0.23190733790397644	0.8672356831090495	1.1515939699278936	0.5833333333333334	36.0
2620	train	1.9771600870327257e-05	1.0193536893189288	0.9712595765369142	0.17877652123570442	0.9748351069616282	0.890371647146013	0.7777777777777778	18.0
2630	train	1.9769450348156458e-05	0.9701201783875546	0.8956816181964267	0.21052995572487512	0.8998922173109242	1.4045592215326097	0.5555555555555556	18.0
2640	train	1.9767289880453045e-05	0.801472301127747	0.7541920564494882	0.2900870343049367	0.7599937971355869	0.8295700798432032	0.8333333333333334	6.0
2650	train	1.9765119469667227e-05	0.8774116030982593	0.8103340665953374	0.22849580521384874	0.8149039826996143	1.250152407972901	0.5185185185185185	27.0
2660	train	1.9762939118260494e-05	0.6986922136163722	0.6163736218801151	0.2522531232486169	0.6214186843450875	1.5454705854256947	0.5	6.0
2670	train	1.9760748828705604e-05	1.0844340282331517	1.0184197147340188	0.14825321237246195	1.021384778981468	1.260984985033671	0.55	60.0
2680	train	1.9758548603486593e-05	1.0573676781545789	1.0088244347794895	0.1797251949707667	1.0124189386789049	0.898974789513482	0.7222222222222222	18.0
2690	train	1.9756338445098765e-05	0.9846597588407665	0.9359547142781486	0.1828733173509439	0.9396121806251675	0.9009515643119812	0.7407407407407407	27.0
2700	train	1.9754118356048673e-05	0.806040471203668	0.7516868989244531	0.28015367935101193	0.7572899725114733	0.9750099738438924	0.8	15.0
2710	train	1.975188833885416e-05	0.926435811758428	0.8537626962599382	0.2617415140072505	0.8589975265400832	1.348765704366896	0.5555555555555556	18.0
2720	train	1.97496483960443e-05	0.9104479993973179	0.8610340588716007	0.20571726312239966	0.8651484041340487	0.9059919052653842	0.8888888888888888	9.0
2730	train	1.9747398530159444e-05	1.0606799474784143	0.9834933570204584	0.1755360153814157	0.9870040773280867	1.4735174030065536	0.4166666666666667	12.0
2740	train	1.9745138743751193e-05	0.9271821724523777	0.8787063401589467	0.2084065998593966	0.8828744721561346	0.8861540059248606	0.75	12.0
2750	train	1.974286903938239e-05	0.8605600984964674	0.8075501214372355	0.21106518556674322	0.8117714251485704	0.97577346695794	0.7777777777777778	9.0
2760	train	1.9740589419627137e-05	1.064817188897057	1.0190559600227311	0.16371470068891844	1.0223302540365096	0.8497386972109476	0.75	12.0
2770	train	1.9738299887070776e-05	1.0139272852902577	0.9472845273987529	0.1855539157986641	0.9509956057147262	1.2586335915106315	0.5370370370370371	54.0
2780	train	1.973600044430989e-05	0.9073320166566268	0.851583790560394	0.2564848338564237	0.8567134872375225	1.0123705883820853	0.6666666666666666	15.0
2790	train	1.9733691093952304e-05	0.8951606072961099	0.7788976020096547	0.2540494079391162	0.7839785901684371	2.2236403425534568	0.16666666666666666	6.0
2800	train	1.9731371838617078e-05	0.943970598473553	0.8967194680317284	0.20631222426891327	0.9008457125171067	0.8624977191289266	0.7666666666666667	30.0
2810	train	1.9729042680934504e-05	0.8597778900653883	0.8124736246159439	0.2696547781427701	0.8178667201787992	0.838223397731781	0.8333333333333334	12.0
2820	train	1.972670362354611e-05	0.979764557199504	0.9282096457648534	0.2216551254192988	0.9326427482732395	0.9424361785252889	0.6666666666666666	18.0
2830	train	1.9724354669104645e-05	1.0178632724735908	0.9585493977321954	0.19605527569850287	0.9624705032461655	1.107855384548505	0.5833333333333334	12.0
2840	train	1.9721995820274084e-05	1.0308520068875877	0.9629979642879891	0.19684768468141556	0.9669349179816175	1.278341778119405	0.6	30.0
2850	train	1.9719627079729623e-05	0.997871712898782	0.9490125154014141	0.1910417079925537	0.9528333495612652	0.9007672667503357	0.8333333333333334	12.0
2860	train	1.9717248450157682e-05	0.9468628601736238	0.8543335352885799	0.22117931954562664	0.8587571216794925	1.762114769882626	0.3333333333333333	9.0
2870	train	1.9714859934255888e-05	0.9637378441301158	0.9139521141605745	0.20223749056458473	0.9179968639718662	0.9148196031649908	0.75	12.0
2880	train	1.9712461534733083e-05	0.9085344248218074	0.8614451120498513	0.2085361530383428	0.8656158351106181	0.8583717942237854	0.75	36.0
2890	train	1.9710053254309324e-05	1.1216210268737792	1.0413227836839278	0.15681269889076552	1.044459037661743	1.5432397842407226	0.4666666666666667	15.0
2900	train	1.970763509571586e-05	0.9959304928007343	0.9300543941447422	0.19639675070842108	0.9339823291589107	1.2389632728364732	0.5	18.0
2910	train	1.9705207061695164e-05	0.8740143768458648	0.7906264454592351	0.23643540342648825	0.7953551535277649	1.5731844663619996	0.4	15.0
2920	train	1.970276915500089e-05	0.974847960899516	0.9058641738662231	0.26924612124760944	0.9112490962911752	1.2719772921668158	0.4444444444444444	9.0
2930	train	1.9700321378397894e-05	1.0139119044761482	0.9662880736245669	0.1752564882238706	0.9697932033890443	0.882374021742079	0.7222222222222222	18.0
2940	train	1.9697863734662228e-05	0.9338853665011038	0.857586678778156	0.22756900389989218	0.8621380588561538	1.4349461528990004	0.5555555555555556	9.0
2950	train	1.9695396226581134e-05	0.7698558991146391	0.6982176796090906	0.29522591332594555	0.7041221978756096	1.3146740247805913	0.5	6.0
2960	train	1.9692918856953046e-05	1.062648191473231	0.9944263368063622	0.17345679303010306	0.9978954726669642	1.2950543761253357	0.5833333333333334	12.0
2970	train	1.969043162858757e-05	0.9589359433557305	0.9072272735318258	0.18788245134055614	0.9109849225586368	0.9590204159418741	0.6666666666666666	9.0
2980	train	1.96879345443055e-05	1.1114489618552879	1.0673766606109936	0.14132238924503326	1.0702031083958943	0.8249170691878708	0.8148148148148148	27.0
2990	train	1.968542760693881e-05	0.9739412189973389	0.9235399740970461	0.2152771589656671	0.9278455172763594	0.9219140344195895	0.7222222222222222	18.0
3000	train	1.9682910819330645e-05	0.774405708581946	0.7291073315299965	0.225449421753486	0.7336163199650663	0.8157877723375956	0.8333333333333334	6.0
3000	val		0.9620817327509426	0.9001842608139334	0.2157857172951591	0.9044999751598366	1.15163515182212	0.5989583333333334	192.0
3010	train	1.9680384184335323e-05	0.7111041211480768	0.6425145773899096	0.2568485401570797	0.6476515481930512	1.2690514591005113	0.5555555555555556	9.0
3020	train	1.967784770481833e-05	0.9633705748199797	0.9070002141094251	0.22039436921477318	0.9114081014937205	1.0392494665251837	0.5555555555555556	18.0
3030	train	1.9675301383656313e-05	1.0034962257794975	0.9052649784512756	0.21242508105933666	0.9095134800724624	1.8796549141407013	0.16666666666666666	6.0
3040	train	1.9672745223737087e-05	0.9477865184790472	0.8777628378020306	0.20520192633072534	0.8818668763286451	1.3183928430080414	0.6666666666666666	15.0
3050	train	1.967017922795962e-05	0.9739884916368841	0.9366428844803292	0.1803555004298687	0.9402499944889265	0.6747699429591497	0.8333333333333334	24.0
3060	train	1.9667603399234037e-05	0.8862426405094033	0.8434825292006431	0.23452444622913995	0.8481730181252259	0.7613924476835463	0.8888888888888888	9.0
3070	train	1.9665017740481612e-05	0.9182273502002901	0.8774945119868464	0.20784339557091394	0.8816513798982646	0.7315194060405096	0.8333333333333334	12.0
3080	train	1.9662422254634774e-05	0.9770496641372672	0.901724347698195	0.225482868651549	0.906234005071226	1.4163131813208263	0.5	12.0
3090	train	1.9659816944637094e-05	0.9716605387588647	0.9204919886052914	0.20598441859086355	0.9246116769771087	0.9409772356351217	0.75	12.0
3100	train	1.9657201813443278e-05	0.9843597747375311	0.9255354763640041	0.21713907147447267	0.9298782577934935	1.089630338880751	0.5555555555555556	18.0
3110	train	1.9654576864019177e-05	0.9001875226771467	0.8304141400664018	0.23268580436706543	0.8350678561537431	1.302393330468072	0.6111111111111112	18.0
3120	train	1.965194209934178e-05	0.9532519965616288	0.9080641182343916	0.19335968047380447	0.9119313118438677	0.8264136943552229	0.7222222222222222	18.0
3130	train	1.96492975223992e-05	0.8760864346595422	0.8376644077852516	0.22197753066817918	0.8421039583986152	0.6796495252185397	0.8888888888888888	9.0
3140	train	1.9646643136190677e-05	0.956508559689989	0.9022160496871375	0.1890924150745074	0.9059978979886277	1.0102132340272267	0.6333333333333333	30.0
3150	train	1.964397894372659e-05	1.0081413629758749	0.9619832206376784	0.1774988497296969	0.9655331976322723	0.85216330687205	0.7333333333333333	15.0
3160	train	1.9641304948028425e-05	1.0779905994131844	1.0192745519407604	0.1711621880531311	1.022697795701823	1.1058560742272272	0.6666666666666666	18.0
3170	train	1.9638621152128787e-05	0.8863598183131645	0.8185910989512765	0.26034463942050934	0.8237979917396866	1.251236531469557	0.6666666666666666	9.0
3180	train	1.9635927559071408e-05	0.9327725663660837	0.8645459774181784	0.22690841803948084	0.869084145778968	1.2737684117423163	0.5555555555555556	9.0
3190	train	1.9633224171911116e-05	1.0547460288820738	0.999476000867096	0.19634021570285162	1.003402805181153	1.0268644740184147	0.6666666666666666	12.0
3200	train	1.963051099371385e-05	0.755123970977302	0.6719637701132254	0.3622017751137416	0.6792078056155002	1.5183233072360356	0.5	6.0
3210	train	1.9627788027556664e-05	0.8434800155662431	0.8142996566695901	0.20318181812763214	0.8183632930321428	0.5023344506820043	1.0	6.0
3220	train	1.9625055276527702e-05	0.9134260581476542	0.8640985859973285	0.24917453030745187	0.8690820766034775	0.8868796308835347	0.6666666666666666	15.0
3230	train	1.9622312743726207e-05	0.906167272208162	0.8446841336734042	0.19662744800249735	0.8486166826334541	1.1510117914941576	0.6666666666666666	9.0
3240	train	1.9619560432262514e-05	1.0140359465732067	0.9542514529281744	0.17715993275245032	0.9577946515832234	1.1248258997996647	0.625	24.0
3250	train	1.961679834525805e-05	0.8697716229989166	0.796370749854449	0.24777293701966605	0.8013262085948423	1.3689082880814871	0.5333333333333333	15.0
3260	train	1.9614026485845335e-05	0.8725963384528236	0.8018069852841506	0.24534024049838385	0.8067137900941183	1.3176509671741061	0.5555555555555556	9.0
3270	train	1.961124485716796e-05	0.9276916087887948	0.862781398256348	0.20993925941487154	0.8669801834446454	1.2142285068829854	0.4	15.0
3280	train	1.960845346238061e-05	1.0028768507364634	0.9388428086760882	0.21139545738697052	0.9430707178238276	1.196122658252716	0.6333333333333333	60.0
3290	train	1.9605652304649023e-05	0.9577113358122239	0.8975106485792792	0.1905588631828626	0.9013218258429364	1.1277901993857489	0.6666666666666666	9.0
3300	train	1.960284138715004e-05	0.7849454277099635	0.7208836798212395	0.3018859475851059	0.7269213987729416	1.1604805787404378	0.5	6.0
3310	train	1.9600020713071543e-05	1.048639332230594	0.9846826647974116	0.18654716263214746	0.9884136080500546	1.204514483610789	0.6333333333333333	30.0
3320	train	1.959719028561249e-05	0.9942909613309885	0.9437025515379427	0.20123881722489992	0.9477273278824407	0.9312726689709557	0.6666666666666666	18.0
3330	train	1.9594350107982908e-05	1.0313350978812208	0.9821598103133138	0.19714062164227167	0.9861026227461592	0.9046495027012296	0.8333333333333334	18.0
3340	train	1.959150018340387e-05	0.7738004174365244	0.713814411497809	0.2641386315226555	0.7190971841282621	1.094064666165246	0.6666666666666666	9.0
3350	train	1.958864051510751e-05	0.9694706764724748	0.915519930413057	0.18893133600552878	0.9192985571331675	1.003442386786143	0.7222222222222222	18.0
3360	train	1.9585771106337006e-05	0.8358269665355742	0.7607180727238714	0.24300913512706757	0.7655782554264128	1.4049742221832275	0.5555555555555556	9.0
3370	train	1.9582891960346593e-05	0.9538493362521328	0.9012444695620269	0.19783871869246164	0.9052012439358761	0.9729618463251326	0.6388888888888888	36.0
3380	train	1.9580003080401537e-05	1.0549668601181694	1.0003049684568772	0.17681285925209522	1.0038412256419191	1.0225126895250058	0.6274509803921569	51.0
3390	train	1.957710446977815e-05	1.0056671213348425	0.9563577194391296	0.18429309502243996	0.9600435813395785	0.9124707999052825	0.7407407407407407	27.0
3400	train	1.9574196131763783e-05	0.9948525534121504	0.9355067477423261	0.1714480680723985	0.9389357091037741	1.1183368861675262	0.8888888888888888	9.0
3410	train	1.9571278069656815e-05	1.0565447188131665	1.0016763922866172	0.1586179075141748	1.0048487504369008	1.0339193675253127	0.6666666666666666	72.0
3420	train	1.9568350286766647e-05	0.9491730405477495	0.8941482870864681	0.22295607378085455	0.8986074085620852	1.0113126397132874	0.6666666666666666	15.0
3430	train	1.9565412786413713e-05	0.9180308318269242	0.8544224809572422	0.22558936725060144	0.8589342683022542	1.1819312704934015	0.6666666666666666	9.0
3440	train	1.9562465571929472e-05	0.8512758292298533	0.787273760752481	0.24345578687886396	0.7921428764900583	1.182659054795901	0.8333333333333334	6.0
3450	train	1.9559508646656384e-05	0.9355590701678433	0.8835963212032157	0.220175102353096	0.8879998232502777	0.9511849383513132	0.6666666666666666	12.0
3460	train	1.9556542013947935e-05	0.9683521300828007	0.9216046368356097	0.19544569154580435	0.9255135506665257	0.8567715883255005	0.75	36.0
3470	train	1.955356567716862e-05	1.0237372267927616	0.9601726863138432	0.18244813879330954	0.9638216490897095	1.1983115540610418	0.5555555555555556	9.0
3480	train	1.9550579639693933e-05	0.9231899092001467	0.8837273366818245	0.22222473472356796	0.8881718313762959	0.7003615564770169	0.8888888888888888	9.0
3490	train	1.954758390491037e-05	1.0203067514330486	0.9896323084861377	0.1750483140349388	0.9931332747668364	0.5434695333242416	0.9166666666666666	12.0
3500	train	1.9544578476215434e-05	0.9146410813251665	0.8533754945946599	0.25392550975084305	0.8584540047896767	1.1237415307097964	0.6296296296296297	27.0
3500	val		0.9567553756442652	0.8979673837155054	0.20690902832664668	0.9021055642820384	1.0929962272445362	0.6354166666666666	192.0
3510	train	1.954156335701761e-05	0.9329976801151547	0.8584513322586331	0.25464079280694324	0.863544148114772	1.389070640007655	0.5833333333333334	12.0
3520	train	1.953853855073638e-05	1.0000325324286776	0.9320462081868098	0.15669423838456473	0.9351800929545011	1.2970487894835296	0.5370370370370371	54.0
3530	train	1.9535504060802214e-05	0.9348115326152066	0.876555887007298	0.22534340992569923	0.881062755205812	1.0749755481878915	0.6	15.0
3540	train	1.9532459890656558e-05	0.9063653514423926	0.8596457833686431	0.2543087651332219	0.8647319586713075	0.8326678554217021	0.8666666666666667	15.0
3550	train	1.952940604375184e-05	0.8198023172424688	0.7441755805893969	0.24893102794885635	0.749154201148374	1.4129623218818947	0.5555555555555556	27.0
3560	train	1.9526342523551462e-05	0.9959235237284451	0.9482081034028479	0.19530841708183289	0.9521142717444846	0.8761850396792094	0.6666666666666666	9.0
3570	train	1.9523269333529803e-05	1.0344235830712634	0.9679589174812022	0.1846423608561357	0.9716517646983249	1.2554363674587674	0.5555555555555556	72.0
3580	train	1.9520186477172194e-05	0.7987435009759682	0.7502448848732992	0.2875314727425575	0.7559955143281504	0.8549597329563565	0.7777777777777778	9.0
3590	train	1.951709395797494e-05	0.9093822230389781	0.8556626546539599	0.2000871698061625	0.8596643980500831	0.9943564997778999	0.7037037037037037	27.0
3600	train	1.9513991779445304e-05	1.053861546610318	1.0040778197542055	0.17276522144675255	1.0075331241831407	0.9265684485435486	0.75	24.0
3610	train	1.95108799451015e-05	1.0511196423616531	1.0059846283789995	0.1553300383190314	1.0090912291453802	0.8405682643254598	0.7777777777777778	36.0
3620	train	1.9507758458472695e-05	0.9591444809760626	0.8744666500870695	0.2185258213430643	0.8788371665139307	1.6061462892426386	0.4444444444444444	9.0
3630	train	1.9504627323099e-05	0.9767145048401055	0.9425874315355848	0.19181498140096664	0.9464237311636041	0.6058154735300276	0.8888888888888888	18.0
3640	train	1.9501486542531475e-05	0.9673206243007066	0.9178580682067755	0.19965436309576035	0.9218511554686907	0.9093893766403198	0.75	12.0
3650	train	1.949833612033211e-05	1.0030206421058956	0.9499579839642869	0.18160259102781615	0.9535900357848432	0.9886121264210453	0.6296296296296297	27.0
3660	train	1.9495176060073837e-05	0.9797185122851131	0.9240915808959402	0.22532319029172262	0.9285980447017746	1.0224093516667685	0.6833333333333333	60.0
3670	train	1.9492006365340518e-05	0.9677477417968644	0.919140954340458	0.1894800364971161	0.9229305550704002	0.8963437345292833	0.7222222222222222	36.0
3680	train	1.9488827039726936e-05	1.0300705726685284	0.9722101118159451	0.18487383797764778	0.9759075885754981	1.083259681860606	0.7222222222222222	18.0
3690	train	1.9485638086838803e-05	1.027200011286313	0.9782608071199802	0.17554009705781937	0.9817716090611366	0.9085680445035299	0.7407407407407407	27.0
3700	train	1.948243951029274e-05	0.8833420513008731	0.8268531500276292	0.24046552988390127	0.8316624606253071	1.0335918135113187	0.5555555555555556	9.0
3710	train	1.94792313137163e-05	0.944114705603809	0.9096581263656326	0.21241202702124914	0.9139063669060575	0.6041667739550273	0.8666666666666667	15.0
3720	train	1.9476013500747925e-05	1.0454318857522467	0.9944618549941308	0.1598123013973236	0.9976581010220772	0.9554756946033902	0.7222222222222222	36.0
3730	train	1.9472786075036978e-05	1.0154958236427591	0.9442644993674244	0.18128235141436258	0.9478901463957117	1.3521135449409485	0.4444444444444444	9.0
3740	train	1.9469549040243716e-05	0.887084842840942	0.8312930089435103	0.23167515297730765	0.8359265120030565	1.0231666167577107	0.7777777777777778	9.0
3750	train	1.94663024000393e-05	0.7915813121841941	0.7066144838578099	0.24680102368195853	0.7115505043314491	1.6006161570549011	0.16666666666666666	6.0
3760	train	1.946304615810578e-05	0.8943361940982616	0.8248923242812254	0.24802562842766443	0.8298528368497787	1.2896671449696575	0.5555555555555556	27.0
3770	train	1.9459780318136097e-05	0.9114125589394328	0.8396418287469702	0.18835521365205446	0.8434089330200113	1.3600725183884304	0.5	6.0
3780	train	1.9456504883834073e-05	0.892864512290013	0.8353285628081548	0.24866758783658346	0.8403019145648865	1.0512519545025296	0.6666666666666666	18.0
3790	train	1.945321985891442e-05	0.9988430199823914	0.9359131582547034	0.19962105403343836	0.9399055793353722	1.1787488129403856	0.5833333333333334	36.0
3800	train	1.944992524710272e-05	0.9827837230469433	0.9360069895988352	0.18344558278719583	0.9396759012545791	0.8621564358472824	0.5833333333333334	12.0
3810	train	1.944662105213543e-05	0.9177054572818911	0.8524021906111171	0.25643008202314377	0.85753079225158	1.2034933006062227	0.6078431372549019	51.0
3820	train	1.9443307277759874e-05	0.9656244057373257	0.9009466720577132	0.18520906567573547	0.9046508533712279	1.2194710473219554	0.5833333333333334	12.0
3830	train	1.9439983927734242e-05	0.8686577313953898	0.8026912029896439	0.2459559515118599	0.8076103220198811	1.2209481875101724	0.6333333333333333	30.0
3840	train	1.9436651005827582e-05	1.0585982955989597	0.9973627370593307	0.14992889016866684	1.000361314862704	1.164739614725113	0.6333333333333333	30.0
3850	train	1.9433308515819796e-05	0.9418755463916461	0.8898371589837869	0.2297720486919085	0.894432599957625	0.9488589286804199	0.8	15.0
3860	train	1.9429956461501647e-05	0.9193912389199073	0.8752721571743621	0.1914589653412501	0.8791013364811872	0.8057980487744013	0.8333333333333334	12.0
3870	train	1.942659484667473e-05	0.8399545882092264	0.7755130333896822	0.253399604310592	0.7805810254758941	1.1874712546666464	0.6666666666666666	15.0
3880	train	1.942322367515149e-05	0.9503720094004631	0.877899443514416	0.22900163382291794	0.8824794761908743	1.3578506641917758	0.5555555555555556	18.0
3890	train	1.9419842950755213e-05	0.9002829100417526	0.8504545958069396	0.2124763752023379	0.8547041233109863	0.9115757346153259	0.6666666666666666	6.0
3900	train	1.941645267732002e-05	0.955744150071977	0.8953114691273752	0.2111190805832545	0.8995338507390404	1.1242059866587322	0.6666666666666666	9.0
3910	train	1.941305285869086e-05	0.8006902654403548	0.7298131163966405	0.25299982478221256	0.7348731128922847	1.316343050961401	0.5686274509803921	51.0
3920	train	1.9409643498723498e-05	0.8851897226443719	0.819123868829536	0.21995129312078157	0.8235228946919516	1.2333365590484053	0.5555555555555556	27.0
3930	train	1.940622460128453e-05	0.9970673116828154	0.9549972903349482	0.19424530118703842	0.958882196358689	0.763702306482527	0.7777777777777778	18.0
3940	train	1.9402796170251368e-05	0.7889926951656381	0.7270817508826295	0.27832672496636707	0.7326482853819568	1.1268881956736247	0.6666666666666666	18.0
3950	train	1.9399358209512235e-05	1.0245184588125609	0.9673248606116833	0.18376863499482474	0.9710002333115798	1.0703645100196202	0.6666666666666666	12.0
3960	train	1.9395910722966157e-05	0.9916925822112307	0.943120279452537	0.21827198068300882	0.9474857190661972	0.8841372629006704	0.75	12.0
3970	train	1.939245371452297e-05	0.9862057066936137	0.9382849183657608	0.1849469542503357	0.9419838574507675	0.8844369848569235	0.7222222222222222	36.0
3980	train	1.9388987188103305e-05	1.0738539667917881	1.0191899422218662	0.1329126221438249	1.0218481946647426	1.0401154425409105	0.6388888888888888	36.0
3990	train	1.9385511147638594e-05	0.955878020795213	0.914661483687189	0.19815720866123834	0.9186246278604138	0.7450678586959839	0.7333333333333333	15.0
4000	train	1.9382025597071048e-05	1.0453157716502766	0.9889828674008468	0.18394103397925696	0.992661688080432	1.0530816713968914	0.6111111111111112	54.0
4000	val		0.9541465106738067	0.8969531059738073	0.20596594355755993	0.9010724248449585	1.0614817165769637	0.6458333333333334	192.0
4010	train	1.937853054035367e-05	1.0723630060710232	0.9966813905918789	0.17548015837868056	1.0001909937594524	1.4434402462314158	0.47058823529411764	51.0
4020	train	1.9375025981450247e-05	0.7810311469690975	0.7031323012468196	0.29895435521999997	0.7091113883512196	1.4383951723575592	0.5	6.0
4030	train	1.937151192433533e-05	1.0081041383503682	0.9216641076166238	0.21768966068824133	0.9260179008303886	1.6417247503995895	0.3333333333333333	6.0
4040	train	1.9367988372994264e-05	1.0361521687101087	0.969464030629141	0.17014128466447195	0.9728668563224304	1.2657062477535672	0.6111111111111112	36.0
4050	train	1.936445533142314e-05	1.017948434464674	0.9885420422173615	0.1799942720681429	0.9921419276587243	0.5161301361189948	0.9444444444444444	18.0
4060	train	1.936091280362882e-05	1.035656035190165	0.967230440345965	0.19212202727794647	0.9710728808915239	1.2916630859728213	0.5185185185185185	54.0
4070	train	1.9357360793628925e-05	0.870934610004364	0.8078649604172891	0.248961774011453	0.8128441958975181	1.1618082821369171	0.6666666666666666	6.0
4080	train	1.9353799305451832e-05	0.9923582414863811	0.9498383577080209	0.20362172524134317	0.9539107922128478	0.7689489854706658	0.8333333333333334	18.0
4090	train	1.9350228343136662e-05	0.7390209083057867	0.6897523318029867	0.29508034388224286	0.6956539386806315	0.8673393925031027	0.7777777777777778	9.0
4100	train	1.934664791073329e-05	1.0122344826954301	0.9507749362833993	0.1922981503109137	0.9546208992896176	1.1522716681162517	0.5	12.0
4110	train	1.9343058012302316e-05	0.9410342575346151	0.8990357331668059	0.21276026467482248	0.9032909384603023	0.754866381486257	0.8333333333333334	12.0
4120	train	1.9339458651915095e-05	0.9385498198598075	0.8949777533176324	0.19284725934267044	0.8988346985044858	0.7943024271064334	0.8333333333333334	18.0
4130	train	1.9335849833653692e-05	0.8978176421775694	0.8259501087520794	0.21557791282733282	0.830261667008626	1.351119503378868	0.6666666666666666	6.0
4140	train	1.9332231561610907e-05	0.7831542266131555	0.7434711264790211	0.3036459560195605	0.7495440455994123	0.6722036202748617	0.8888888888888888	9.0
4150	train	1.9328603839890276e-05	0.9106611925179012	0.8674545874510454	0.2317661171158155	0.8720899097933618	0.7714256544907888	0.8	15.0
4160	train	1.932496667260603e-05	1.063494077616202	0.9869046472691171	0.14580714081724486	0.989820790085462	1.4734657506148021	0.5555555555555556	9.0
4170	train	1.9321320063883122e-05	0.9489633970845839	0.9073267008502385	0.1751546822488308	0.9108297944952151	0.7626720517873764	0.6666666666666666	6.0
4180	train	1.9317664017857214e-05	0.8538816261349812	0.8041723839003537	0.2500147074460983	0.8091726780492757	0.8941789617141088	0.6666666666666666	12.0
4190	train	1.9313998538674668e-05	0.9811496659032539	0.9363648820332721	0.20084485659996668	0.9403817791652714	0.8153577347596487	0.6666666666666666	12.0
4200	train	1.9310323630492545e-05	0.9182311824479775	0.8676263038833019	0.24804997940858206	0.8725873034714735	0.9128775795300802	0.7222222222222222	36.0
4210	train	1.9306639297478604e-05	0.77496522537348	0.7080754680581621	0.2906849185625712	0.7138891664294136	1.2215211788813274	0.5555555555555556	9.0
4220	train	1.930294554381128e-05	0.7897488253623356	0.7300352100453	0.23430329809586206	0.7347212760072173	1.1005509871023673	0.5555555555555556	27.0
4230	train	1.929924237367971e-05	0.9758766734104298	0.9076681758712671	0.22293074801564217	0.91212679083158	1.2749976515769958	0.6666666666666666	6.0
4240	train	1.9295529791283696e-05	0.9857734699350266	0.9421782644227149	0.16144976516564688	0.9454072597260278	0.8073242041799757	0.6666666666666666	9.0
4250	train	1.9291807800833717e-05	1.0509975776962228	0.9865416023276039	0.1970593767861525	0.9904827898633269	1.2102957566579182	0.6666666666666666	9.0
4260	train	1.9288076406550932e-05	0.9653229141734563	0.9158605585498137	0.18997822950283685	0.9196601231398704	0.9132558206717173	0.75	24.0
4270	train	1.9284335612667154e-05	1.0137665546423766	0.9433474942117837	0.16658100361625353	0.9466791142841088	1.3417488071653578	0.6296296296296297	27.0
4280	train	1.9280585423424857e-05	0.9342529797545586	0.8671033409726137	0.23215316981077194	0.8717464043688291	1.2501315077145894	0.6666666666666666	15.0
4290	train	1.9276825843077175e-05	1.0095427956774483	0.9635642767377677	0.1716259097059568	0.9669967949318868	0.8509200149112277	0.7777777777777778	36.0
4300	train	1.927305687588789e-05	0.9668348552091027	0.9232399185206376	0.18801264154414335	0.9270001713515205	0.7966936771516446	0.6666666666666666	27.0
4310	train	1.926927852613143e-05	0.9561274163488611	0.9054857062612042	0.20177384341756502	0.9095211831295554	0.9321246643861135	0.6666666666666666	12.0
4320	train	1.9265490798092867e-05	0.9274289710463937	0.8657463954603062	0.19766010468204817	0.8696995975539471	1.154587469848932	0.6274509803921569	51.0
4330	train	1.92616936960679e-05	0.9857145766779308	0.9103543554111843	0.2257515788078308	0.9148693869873409	1.416903793811798	0.5	6.0
4340	train	1.925788722436287e-05	0.8921572314682167	0.8540213225267888	0.21867786347866058	0.858394879796362	0.6752470334370931	0.8333333333333334	18.0
4350	train	1.925407138729474e-05	0.8391484545415823	0.7803168584402584	0.2409840039908886	0.7851365385200763	1.0802383204301198	0.6	15.0
4360	train	1.9250246189191094e-05	0.7385736095557665	0.6727974471102213	0.3309787114461263	0.6794170213391438	1.1831317643324535	0.6666666666666666	9.0
4370	train	1.924641163439013e-05	0.9118042786618851	0.8523339301216055	0.20502163221438727	0.8564343627658932	1.107398317919837	0.6666666666666666	36.0
4380	train	1.9242567727240656e-05	1.0324947176875663	0.9702918579431367	0.17753754183650017	0.9738426087798666	1.1730421781539917	0.5	6.0
4390	train	1.9238714472102098e-05	0.8857458397038637	0.8453483798392473	0.2599390943845113	0.8505471617269375	0.7039735595385234	0.8	15.0
4400	train	1.9234851873344474e-05	0.9467588962770017	0.8890764110442512	0.19568839917580286	0.8929901790277672	1.0753743449846904	0.6666666666666666	9.0
4410	train	1.92309799353484e-05	0.8658354821476655	0.8060277913627785	0.23600256691376367	0.8107478427010537	1.1017527889322352	0.7037037037037037	27.0
4420	train	1.9227098662505084e-05	0.9518540860098542	0.9029037170491557	0.21845113734404245	0.9072727397960366	0.8916269242763519	0.6666666666666666	9.0
4430	train	1.9223208059216322e-05	0.7744120176307545	0.7314276036294486	0.269035667181015	0.7368083169730689	0.7520740131537119	0.8333333333333334	6.0
4440	train	1.9219308129894494e-05	0.9287854994453132	0.8616921137886384	0.2580256362756093	0.8668526265141506	1.2386574586232504	0.4666666666666667	15.0
4450	train	1.9215398878962546e-05	1.0002954741643928	0.9467395435642381	0.1694572207828363	0.9501286879798948	1.0033357236899583	0.6470588235294118	51.0
4460	train	1.9211480310854013e-05	0.989261411407749	0.9431074750216406	0.1800665557384491	0.9467088061364096	0.8510521054267883	0.7222222222222222	18.0
4470	train	1.920755243001298e-05	0.7135182995490741	0.6735792619545438	0.2935648610194524	0.6794505591749328	0.6813548074828254	0.8888888888888888	9.0
4480	train	1.9203615240894108e-05	0.6752888647462426	0.6206862513468164	0.28223443031311035	0.6263309399530786	0.9791584958632787	0.8333333333333334	6.0
4490	train	1.9199668747962596e-05	0.9124733550368025	0.843942249568132	0.2457837536931038	0.848857924641994	1.272308607896169	0.5555555555555556	9.0
4500	train	1.9195712955694223e-05	0.8721422774288514	0.8244168090019086	0.24480913827816644	0.829312991767472	0.8565857132275899	0.8666666666666667	15.0
4500	val		0.9528782989662701	0.8957598527062953	0.2041918033686436	0.8998436887736682	1.0606922038520377	0.65625	192.0
4510	train	1.9191747868575282e-05	1.0262415107562628	0.9776384481182846	0.15581823761264482	0.9807548128705375	0.9097339577145047	0.75	36.0
4520	train	1.918777349110263e-05	0.951095309383152	0.9097991267109693	0.19983364144961038	0.9137957995399615	0.7459901968638102	0.8333333333333334	18.0
4530	train	1.9183789827783653e-05	0.9369336354714821	0.8779803923223826	0.18299668406446776	0.8816403260036719	1.1058661893562034	0.6666666666666666	27.0
4540	train	1.9179796883136268e-05	0.9409451077652145	0.8913263389269457	0.1997439774374167	0.895321218475694	0.9124777857904081	0.7037037037037037	27.0
4550	train	1.9175794661688922e-05	0.8448346223508479	0.7966775426757166	0.1829554301997026	0.8003366512797107	0.8899594214227464	0.6666666666666666	9.0
4560	train	1.9171783167980574e-05	1.0620823335978073	0.9927126268214004	0.19435458381970724	0.9965997184977945	1.3096523020002577	0.5555555555555556	18.0
4570	train	1.9167762406560706e-05	0.7979016597884576	0.7432797806280534	0.29528455932935077	0.7491854718146405	0.9743237594763438	0.5555555555555556	9.0
4580	train	1.916373238198931e-05	0.901210990430907	0.8455865927110072	0.1829811396698157	0.8492462155044035	1.03929549853007	0.7	30.0
4590	train	1.9159693098836883e-05	1.0788037248843874	1.025334209259414	0.16106056421995163	1.028555420543813	1.0049660868114896	0.6666666666666666	9.0
4600	train	1.915564456168442e-05	0.7164822157071156	0.6721956731722875	0.2888459786772728	0.6779725927458329	0.7701924592256546	0.8333333333333334	12.0
4610	train	1.9151586775123414e-05	0.9372703362320666	0.8957253952140415	0.19742140918970108	0.8996738233978355	0.7519302566846212	0.8888888888888888	9.0
4620	train	1.9147519743755844e-05	0.8885699860294481	0.8384364092389563	0.20859190821647644	0.8426082474032859	0.9192347725232443	0.7777777777777778	9.0
4630	train	1.9143443472194178e-05	1.0896103305167077	1.038806242309953	0.17572812860210738	1.0423208048819952	0.9457905126942528	0.8333333333333334	18.0
4640	train	1.913935796506136e-05	0.76166770446889	0.7270758510241151	0.22574165587623915	0.7315906841416399	0.6015404065450033	0.8333333333333334	6.0
4650	train	1.9135263226990815e-05	1.0071971638432757	0.9506689478306256	0.19432696575919786	0.9545554871458096	1.0528335339493222	0.7222222222222222	18.0
4660	train	1.9131159262626426e-05	1.0865835128865098	1.0142398289676406	0.15981282417972884	1.0174360854512352	1.3829485487054896	0.5555555555555556	27.0
4670	train	1.9127046076622547e-05	0.9732729137684262	0.9263152091945565	0.1911759947737058	0.9301387290900306	0.8626836935679117	0.75	12.0
4680	train	1.912292367364399e-05	0.9755236154772859	0.9124001870944786	0.22316963598132133	0.916863579814105	1.1732007132636175	0.5555555555555556	9.0
4690	train	1.9118792058366017e-05	0.7770228845333186	0.7464625142966833	0.2538946494460106	0.7515404072856036	0.5096495449542999	0.8888888888888888	9.0
4700	train	1.911465123547434e-05	0.8229196776052896	0.7654325930377427	0.2238829086224238	0.7699102512101912	1.0601885279019674	0.7333333333333333	15.0
4710	train	1.9110501209665112e-05	0.8236058747358787	0.7641991434085039	0.26733193794886273	0.7695457821674812	1.0812018513679504	0.6666666666666666	27.0
4720	train	1.9106341985644928e-05	0.8127068642704375	0.7847001130311377	0.2273266464471817	0.7892466459600813	0.4692043662071228	0.8888888888888888	9.0
4730	train	1.9102173568130806e-05	1.0018601840525516	0.9571047038624334	0.1809371883670489	0.9607234476297744	0.8227347284555435	0.8333333333333334	12.0
4740	train	1.9097995961850197e-05	0.9048861896454876	0.8601179097801035	0.21370229994257292	0.864391955778955	0.8098846773306528	0.7037037037037037	27.0
4750	train	1.9093809171540975e-05	0.7759678996093384	0.7098519393126811	0.24921703586975733	0.7148362800300763	1.2226323915852442	0.5555555555555556	9.0
4760	train	1.908961320195142e-05	1.0245822114847631	0.9668637560409835	0.18055260429779688	0.9704748081269394	1.0821480671564738	0.65	60.0
4770	train	1.908540805784023e-05	0.9698926825762099	0.9085419649543889	0.22145448625087738	0.9129710546794064	1.138432557936068	0.6111111111111112	54.0
4780	train	1.9081193743976516e-05	0.8516745589992709	0.8121657848180639	0.21590562164783478	0.8164838972510206	0.7038132349650065	0.6666666666666666	6.0
4790	train	1.9076970265139763e-05	0.7468687232927876	0.6755698962770963	0.30384984860817593	0.6816468932492599	1.3044366008705564	0.5555555555555556	9.0
4800	train	1.907273762611988e-05	0.961721776348772	0.9020418032729848	0.21692822128534317	0.9063803676986917	1.1068281730016072	0.6388888888888888	36.0
4810	train	1.9068495831717136e-05	0.7888374639986855	0.7294977886527789	0.25814933826526004	0.7346607754180842	1.0835337716120261	0.7037037037037037	27.0
4820	train	1.9064244886742214e-05	0.9839721459541135	0.9207720732417451	0.21197364230950674	0.9250115460879352	1.179211997323566	0.6111111111111112	18.0
4830	train	1.9059984796016146e-05	1.0286024889215004	0.9703659331332484	0.1710911194483439	0.9737877555222153	1.0962946679857042	0.6666666666666666	18.0
4840	train	1.9055715564370357e-05	0.9111340351735522	0.853263390395539	0.22811689476172128	0.8578257282907734	1.066166137655576	0.5833333333333334	12.0
4850	train	1.9051437196646627e-05	0.8606505962801845	0.7898108911109836	0.25303920606772107	0.794871675232338	1.3155784209569295	0.6666666666666666	6.0
4860	train	1.9047149697697105e-05	0.8422599960546876	0.77145536757322	0.25963548570871353	0.7766480772873943	1.312238375345866	0.4444444444444444	9.0
4870	train	1.9042853072384286e-05	0.9955191409634372	0.9510192822463135	0.18523403505484262	0.9547239629474104	0.8159035603205363	0.8333333333333334	30.0
4880	train	1.9038547325581023e-05	0.9751901965451837	0.926337738122801	0.1931344730158647	0.9302004275831183	0.8997953792413076	0.7	30.0
4890	train	1.9034232462170513e-05	0.9636801010052479	0.9202775549570835	0.19734728833039603	0.9242245007236914	0.7891120056311289	0.8	15.0
4900	train	1.9029908487046293e-05	0.831923912744754	0.7820990820095828	0.2541424036026001	0.7871819300816347	0.8948396532623856	0.8148148148148148	27.0
4910	train	1.902557540511223e-05	0.9488881906342793	0.9078825803073535	0.21250520646572113	0.9121326844366678	0.7351101239522299	0.8888888888888888	9.0
4920	train	1.9021233221282526e-05	0.8998084013076779	0.8332246148250657	0.22333821033438048	0.8376913790317533	1.2423404455184937	0.5333333333333333	15.0
4930	train	1.901688194048169e-05	1.0016601883560314	0.9498514577189976	0.17373143012324968	0.9533260863214625	0.9666820406913758	0.7333333333333333	60.0
4940	train	1.901252156764457e-05	0.9735548671196589	0.9281537302445063	0.22065467139085135	0.9325668236723234	0.8197608689467112	0.7916666666666666	24.0
4950	train	1.9008152107716303e-05	0.9002514511878278	0.8568163876601378	0.24830390512943268	0.8617824657627264	0.7693797085020277	0.6666666666666666	9.0
4960	train	1.9003773565652355e-05	1.0491079089458706	0.978512882788902	0.1676462578276793	0.9818658079454556	1.344842020008299	0.5555555555555556	9.0
4970	train	1.899938594641847e-05	1.0114664418764416	0.9543764902503131	0.21452257161339125	0.9586669416825809	1.0559900038772159	0.6666666666666666	27.0
4980	train	1.8994989254990704e-05	1.0643585206955795	1.0053485251853986	0.1542151446143786	1.0084328280776862	1.1185138523578644	0.6666666666666666	24.0
4990	train	1.899058349635539e-05	0.9652604612930906	0.9073510611969965	0.19212972496946654	0.9111936556963858	1.0813361119340967	0.6296296296296297	27.0
5000	train	1.8986168675509145e-05	0.92737680985134	0.8840316118906056	0.2072569690644741	0.8881767512718951	0.7840011715888977	0.7037037037037037	27.0
5000	val		0.952669392502872	0.8955475249616995	0.20412034714958865	0.8996299319046913	1.0607892119636138	0.6458333333333334	192.0
5010	train	1.8981744797458876e-05	0.9641451709527801	0.9195222495223777	0.1751584385832151	0.923025418294042	0.8223950531747606	0.8333333333333334	18.0
5020	train	1.8977311867221746e-05	0.8995222299611509	0.8400400455609899	0.23146685709555945	0.844669382702901	1.0970569451649983	0.6041666666666666	48.0
5030	train	1.8972869889825195e-05	1.0390061922425815	0.9732007233025088	0.18518679589033127	0.9769044592203154	1.2420346604453192	0.6111111111111112	36.0
5040	train	1.8968418870306918e-05	1.0957853876195882	1.0117653301996523	0.16425863405068716	1.015050502880666	1.6146976947784424	0.4666666666666667	15.0
5050	train	1.8963958813714867e-05	1.0118275506689087	0.9614455325547789	0.16553241138656935	0.9647561807825104	0.9414273977279664	0.8	15.0
5060	train	1.8959489725107244e-05	1.0095896346405533	0.9339229451486191	0.2012446994582812	0.9379478391377847	1.4328359100553725	0.5	18.0
5070	train	1.895501160955249e-05	0.989070120262582	0.9572024102914455	0.2025260552763939	0.9612529313969733	0.5563437773121728	0.9444444444444444	18.0
5080	train	1.8950524472129283e-05	0.7993398131099895	0.7417184925494149	0.2506484078864257	0.7467314607071435	1.0521670480569203	0.8333333333333334	6.0
5090	train	1.8946028317926547e-05	0.9876367872919678	0.9365672396172456	0.17983519906798998	0.9401639435986054	0.9494568738672469	0.7222222222222222	18.0
5100	train	1.894152315204341e-05	0.9051732027334038	0.8319167754324925	0.20334253211816153	0.8359836260748558	1.3837915331709618	0.5686274509803921	51.0
5110	train	1.893700897958924e-05	0.8664415019091456	0.8078934994177509	0.2314825380841891	0.8125231501794347	1.078367034594218	0.6666666666666666	15.0
5120	train	1.893248580568361e-05	0.7347442529539674	0.6607573533992379	0.29106148580710095	0.66657858311538	1.3633133967717488	0.5555555555555556	9.0
5130	train	1.8927953635456294e-05	0.8996545177382992	0.8375922189172208	0.23875658214092255	0.8423673505600392	1.1457433435651991	0.6296296296296297	27.0
5140	train	1.8923412474047287e-05	0.9976192345516072	0.943223598777869	0.1841434637705485	0.9469064680532799	1.014255329966545	0.5833333333333334	12.0
5150	train	1.8918862326606765e-05	0.8418336936050002	0.7777598362876319	0.264735775689284	0.7830545518014176	1.1755828360716503	0.4444444444444444	9.0
5160	train	1.8914303198295107e-05	0.9713621271070375	0.9346317202266587	0.18782609204451242	0.938388242067549	0.6594777007897695	0.8888888888888888	9.0
5170	train	1.890973509428287e-05	0.9541442280874081	0.9050575888519911	0.19453459729750952	0.9089482807979412	0.9039189457893372	0.7	30.0
5180	train	1.890515801975079e-05	1.025494262159468	0.9730128933194351	0.19788071140646935	0.9769705075475644	0.9704750922380709	0.7450980392156863	51.0
5190	train	1.890057197988978e-05	1.12844960158578	1.0739474698455276	0.14269442359606424	1.076801358317449	1.032964865366618	0.7222222222222222	18.0
5200	train	1.889597697990092e-05	0.8947836232990801	0.8313066068517612	0.2604752592742443	0.8365161120372461	1.1653502252366807	0.5555555555555556	18.0
5210	train	1.8891373024995454e-05	0.8349484037995486	0.7430826640268314	0.2516297275821368	0.7481152585784742	1.7366629044214885	0.3333333333333333	6.0
5220	train	1.8886760120394774e-05	0.9186089346682663	0.8484387458240624	0.20358229180177054	0.8525103916600978	1.3219708601633708	0.5833333333333334	12.0
5230	train	1.888213827133043e-05	0.9488149435846138	0.8928896224029986	0.17736964424451193	0.8964370152878889	1.047558565934499	0.5555555555555556	9.0
5240	train	1.8877507483044115e-05	1.071486616429344	1.0296153798914505	0.16501659030715624	1.0329157116975936	0.7714180946350098	0.8333333333333334	12.0
5250	train	1.8872867760787653e-05	0.9788385481407756	0.923161857751063	0.21171494821707407	0.9273961567154044	1.0288478285074234	0.6666666666666666	12.0
5260	train	1.8868219109823007e-05	1.0620827513705988	1.0072554115227164	0.1700883756081263	1.0106571790348788	1.0285114467144012	0.6666666666666666	60.0
5270	train	1.8863561535422272e-05	0.9378084200640827	0.8914856731829024	0.17668517803152403	0.8950193767435328	0.8557808664109972	0.6666666666666666	9.0
5280	train	1.8858895042867646e-05	0.7064272567109077	0.6630488032906395	0.30090199410915375	0.6690668431728226	0.7472082707617018	0.7777777777777778	9.0
5290	train	1.8854219637451458e-05	0.9415911865012515	0.8923290268606612	0.20254777744412422	0.8963799824095436	0.9042240818341573	0.7333333333333333	15.0
5300	train	1.8849535324476132e-05	1.0068104203344979	0.9634399895007344	0.18037252128124237	0.9670474399263592	0.795259608162774	0.7037037037037037	27.0
5310	train	1.8844842109254204e-05	0.9670915230584616	0.9260591694850863	0.21745697657267252	0.9304083090165397	0.7336642808384366	0.7777777777777778	9.0
5320	train	1.88401399971083e-05	1.0215399678721309	0.9674196335598111	0.18199193105101585	0.9710594721808314	1.0096099138259889	0.7333333333333333	30.0
5330	train	1.8835428993371142e-05	0.8694863721879471	0.8360727737746784	0.22838357711831728	0.8406404453170447	0.5769185374180476	0.9166666666666666	12.0
5340	train	1.8830709103385525e-05	0.8578224942099199	0.8005151346088593	0.2557694725692272	0.8056305240602438	1.04383940299352	0.7333333333333333	15.0
5350	train	1.882598033250434e-05	0.961494723031432	0.8928890599007513	0.19854935755332312	0.8968600470518178	1.292693519592285	0.6	15.0
5360	train	1.8821242686090535e-05	1.0095671278810423	0.9554162234391691	0.21672955279548964	0.9597508144950789	0.9963262677192688	0.6666666666666666	15.0
5370	train	1.8816496169517125e-05	0.6869035970214377	0.5998327092372745	0.27225736528635025	0.6052778565430015	1.632514809568723	0.3333333333333333	6.0
5380	train	1.8811740788167187e-05	0.8745936470809917	0.7879287218136928	0.2693599338332812	0.7933159204903584	1.6255545318126678	0.3333333333333333	6.0
5390	train	1.880697654743386e-05	1.0067604947829132	0.9355545369612394	0.20185686275362968	0.939591674216312	1.3433764113320246	0.6666666666666666	9.0
5400	train	1.880220345272032e-05	0.8902775687698429	0.8053613367071323	0.2349085956811905	0.810059508620756	1.604361202981737	0.5555555555555556	9.0
5410	train	1.8797421509439785e-05	0.9787363285894226	0.9207198199704321	0.18840431173642477	0.9244879062051605	1.0849684476852417	0.625	24.0
5420	train	1.8792630723015512e-05	0.9575464807240632	0.8903786174713626	0.1868703787525495	0.8941160250464136	1.268609113552991	0.5686274509803921	51.0
5430	train	1.878783109888079e-05	1.0207240752008817	0.9590290594558512	0.20045482367277145	0.9630381559293065	1.1537183854315016	0.5833333333333334	36.0
5440	train	1.8783022642478922e-05	1.039415384807467	0.9892390220368918	0.18465915322303772	0.9929322051013526	0.9296635941222862	0.6666666666666666	54.0
5450	train	1.8778205359263234e-05	0.7866020200906411	0.7415861873585199	0.24957154939572015	0.7465776183464343	0.8004880348841349	0.6666666666666666	15.0
5460	train	1.8773379254697062e-05	0.9631908983759578	0.8995916861345643	0.19108454634745917	0.9034133770615135	1.1955504262888874	0.6296296296296297	54.0
5470	train	1.8768544334253745e-05	0.9942883464168042	0.9393686027050544	0.17073154325286546	0.9427832335701117	1.030102256933848	0.6333333333333333	60.0
5480	train	1.876370060341662e-05	0.9211519215474324	0.8837256564666626	0.22229739526907602	0.8881716043720441	0.6596063435077667	0.8666666666666667	15.0
5490	train	1.8758848067679022e-05	0.9473269135248118	0.8833305932572935	0.2268966684738795	0.8878685266267711	1.1891677379608154	0.5555555555555556	9.0
5500	train	1.8753986732544256e-05	1.0233952064674592	0.9699476483243865	0.1812421940267086	0.9735724922049207	0.9964542852507697	0.6481481481481481	54.0
5500	val		0.9508428372443624	0.8950328142943559	0.2130455107655589	0.899293724509667	1.0309822546939056	0.671875	192.0
5510	train	1.8749116603525625e-05	0.8435937540503983	0.8020858036583639	0.2313515692949295	0.8067128350442625	0.7376183801227145	0.7777777777777778	9.0
5520	train	1.87442376861464e-05	0.9340284221633809	0.8817341747149364	0.21630635360876718	0.8860603017871118	0.9593624075253805	0.7222222222222222	18.0
5530	train	1.873934998593981e-05	1.0487616404885796	1.0022844970469422	0.1642902431388696	1.0055703019097195	0.8638267715771993	0.6666666666666666	24.0
5540	train	1.873445350844905e-05	0.9752298648072413	0.9294068072153262	0.21563967565695444	0.9337196007284653	0.8302052815755209	0.6666666666666666	12.0
5550	train	1.8729548259227277e-05	1.0531660869546566	1.010714886701223	0.17946467796961466	1.0143041802606152	0.7772381338808272	0.7777777777777778	18.0
5560	train	1.8724634243837584e-05	0.8460219633598745	0.8049581175275597	0.2229587243249019	0.8094172920140578	0.7320934269163344	0.7777777777777778	9.0
5570	train	1.8719711467853014e-05	0.9374790255728762	0.8783197214375007	0.2027858098347982	0.8823754376341967	1.1020717587735918	0.5925925925925926	27.0
5580	train	1.871477993685654e-05	0.9274198305086675	0.8789938416556897	0.24909858902295431	0.8839758134361488	0.8688803414503733	0.75	24.0
5590	train	1.870983965644107e-05	1.0567615709009608	0.9955505684484548	0.15376683324575424	0.9986259051133699	1.1627133157518175	0.75	36.0
5600	train	1.870489063220943e-05	1.0951023366266865	1.0335032131239155	0.13992646212379137	1.0363017423663914	1.1760118852059047	0.5833333333333334	24.0
5610	train	1.8699932869774367e-05	0.8555694499419482	0.7997032440509748	0.2816729595263799	0.8053367032415024	1.0046549340089161	0.6666666666666666	6.0
5620	train	1.8694966374758533e-05	1.0367916938565884	0.9751936075160285	0.16704627126455307	0.9785345329413195	1.1651432183053758	0.5694444444444444	72.0
5630	train	1.8689991152794485e-05	0.9490177765612541	0.8925470944866278	0.23583634942770004	0.8972638214751818	1.0350791017214458	0.6666666666666666	18.0
5640	train	1.8685007209524683e-05	0.8730908004516107	0.8154497772280119	0.22210131461421648	0.8198918035202962	1.0639799386262894	0.8333333333333334	6.0
5650	train	1.8680014550601464e-05	0.8355795159653157	0.794869423720439	0.26418593153357506	0.8001531423511105	0.7085274722841051	0.6666666666666666	9.0
5660	train	1.867501318168707e-05	0.995956042780324	0.8854978322226248	0.20054600884517035	0.8895087523995282	2.128945807615916	0.16666666666666666	6.0
5670	train	1.86700031084536e-05	0.84938896800276	0.802227010704044	0.22981531793872514	0.8068233170628185	0.8513130187988281	0.7333333333333333	15.0
5680	train	1.8664984336583044e-05	0.9644529461882615	0.8982644679170949	0.20539098481337228	0.9023722876133624	1.2416131714979808	0.7333333333333333	15.0
5690	train	1.865995687176724e-05	0.9926201531603781	0.9024370474308578	0.19327811462183794	0.9063026097232946	1.7263508687416713	0.5	6.0
5700	train	1.86549207197079e-05	1.0255774096127994	0.9803740786323926	0.18051764369010925	0.9839844315061947	0.8318595621320937	0.8055555555555556	36.0
5710	train	1.8649875886116573e-05	0.9258436170292117	0.8776569282086907	0.20332329968611398	0.881723394202413	0.8824044565359751	0.7222222222222222	18.0
5720	train	1.8644822376714666e-05	1.0141798020587838	0.9792669945809387	0.1566114475329717	0.9823992235315981	0.6356115705437131	0.8888888888888888	9.0
5730	train	1.8639760197233422e-05	1.0414292998691002	0.9726701905574665	0.191035787264506	0.9764909063027566	1.2987678713268704	0.5555555555555556	9.0
5740	train	1.8634689353413912e-05	0.9486092582414837	0.8941007025444135	0.20597070952256522	0.8982201167348648	1.0077828301323786	0.7222222222222222	18.0
5750	train	1.862960985100704e-05	1.0761990373151549	1.0144923962967642	0.1583056797583898	1.017658509891932	1.170810548464457	0.7333333333333333	15.0
5760	train	1.862452169577353e-05	0.9546115980220634	0.889148743865172	0.23816614598035812	0.8939120667847791	1.2139906247456869	0.5333333333333333	15.0
5770	train	1.8619424893483908e-05	0.8935441302447549	0.8231172735514606	0.2539760147531827	0.8281967938465242	1.3069467279646132	0.5555555555555556	9.0
5780	train	1.861431944991852e-05	0.8706949143785094	0.8224031315755038	0.23102552195390066	0.8270236420145818	0.8734254472785525	0.8888888888888888	9.0
5790	train	1.860920537086751e-05	0.9107780499622067	0.8470503390197793	0.23144805431365967	0.8516793001060525	1.1819749971230824	0.6666666666666666	15.0
5800	train	1.860408266213081e-05	1.054357233620013	1.001896521127547	0.17672118047873178	1.0054309447371217	0.9785257776578268	0.7333333333333333	30.0
5810	train	1.8598951329518136e-05	0.979304557957751	0.9105195870682621	0.1866868163148562	0.9142533233945592	1.3010246912638346	0.4666666666666667	15.0
5820	train	1.8593811378849002e-05	0.7784034094298333	0.732711172459965	0.26229072858889896	0.737956987031743	0.8089284479618073	0.8	15.0
5830	train	1.8588662815952676e-05	0.8333454996125501	0.7886235514061254	0.2592511773109436	0.7938085749523442	0.7907384932041168	0.8333333333333334	12.0
5840	train	1.85835056466682e-05	0.815769129564386	0.7540157330980116	0.2288051781555017	0.7585918366611216	1.1435458580652873	0.6666666666666666	15.0
5850	train	1.8578339876844385e-05	0.988343421451099	0.944891141991	0.17422323549787203	0.9483756067009574	0.7993562950028313	0.7222222222222222	18.0
5860	train	1.8573165512339782e-05	0.8734301305523317	0.8063080318150389	0.27152859171231586	0.8117386036492852	1.23383053806093	0.5555555555555556	9.0
5870	train	1.8567982559022704e-05	0.7842408402854487	0.7204930457069759	0.2633611435691516	0.725760268578359	1.169611434141795	0.6666666666666666	6.0
5880	train	1.8562791022771186e-05	0.9192999452451164	0.8907587464997465	0.20869756117463112	0.8949326977232391	0.4873449504375458	0.9166666666666666	12.0
5890	train	1.8557590909473017e-05	1.0043864531205298	0.9569914060966374	0.20352789387106895	0.9610619639740587	0.8664897829294205	0.6666666666666666	12.0
5900	train	1.85523822250257e-05	0.9635529636970224	0.9169827574870051	0.2017166850467523	0.9210170911879402	0.8507174501816431	0.75	12.0
5910	train	1.8547164975336462e-05	0.8349106231238813	0.7608440841806965	0.2626696228981018	0.7660974766386586	1.3762629297044542	0.5555555555555556	9.0
5920	train	1.854193916632225e-05	0.7316374053938886	0.6813893292728761	0.28208715716997784	0.6870310724162757	0.8921266595522562	0.5555555555555556	9.0
5930	train	1.8536704803909706e-05	0.9282017789267507	0.8697383926957521	0.20438672105471292	0.8738261271168464	1.0875130361980863	0.6296296296296297	27.0
5940	train	1.8531461894035185e-05	0.8063681684036414	0.7572203397601208	0.24246342356006303	0.7620696082313221	0.8859712034463882	0.6666666666666666	6.0
5950	train	1.852621044264473e-05	1.1017875379901705	1.0368567808715745	0.1396373858054479	1.0396495285876834	1.2427601880497403	0.5694444444444444	72.0
5960	train	1.8520950455694067e-05	0.8478587705244661	0.801722439126288	0.2293077583114306	0.8063085942925167	0.8310035246389883	0.7777777777777778	27.0
5970	train	1.8515681939148608e-05	0.9894099860504165	0.9396261781237087	0.16890407105286917	0.9430042595447661	0.9281145301130083	0.75	36.0
5980	train	1.8510404898983442e-05	0.9548763147854443	0.8911729471250014	0.21859787652889887	0.8955449046555793	1.1866282025973003	0.5833333333333334	24.0
5990	train	1.8505119341183315e-05	1.0531215325658416	1.0127092894082164	0.15656724323829016	1.0158406342729822	0.7456179658571879	0.8333333333333334	30.0
6000	train	1.8499825271742637e-05	0.8071459439805212	0.7731745728265308	0.2102349897225698	0.7773792726209822	0.5953334271907806	0.8888888888888888	9.0
6000	val		0.9502192306447528	0.893975164884056	0.2145576205756402	0.8982663172955688	1.0390582669836779	0.6510416666666666	192.0
6010	train	1.8494522696665474e-05	0.8469139799404943	0.7666621469883923	0.2712528854608536	0.7720872046976094	1.4965355048576992	0.5	6.0
6020	train	1.8489211621965535e-05	1.0303375674224822	0.9811631857044427	0.1536581628024578	0.9842363489604918	0.9220243692398071	0.7777777777777778	18.0
6030	train	1.8483892053666174e-05	0.8510813382835428	0.7986384577126543	0.2728405271967252	0.8040952682565888	0.9397214005390803	0.6666666666666666	12.0
6040	train	1.847856399780037e-05	0.877003010464926	0.8345303334327732	0.20585592091083527	0.8386474518509899	0.7671111722787222	0.7222222222222222	18.0
6050	train	1.8473227460410723e-05	1.048805395858869	1.0036330969440126	0.1722178508838018	1.0070774539616887	0.8345588379436069	0.6944444444444444	36.0
6060	train	1.846788244754948e-05	0.9240779491531218	0.8726297056112718	0.22860151280959448	0.8772017358674637	0.9375242657131619	0.7407407407407407	27.0
6070	train	1.8462528965278464e-05	0.9381829407549052	0.8864955657182505	0.2266963596145312	0.8910294929105411	0.9430689568872805	0.6296296296296297	27.0
6080	train	1.8457167019669125e-05	0.9525538635996972	0.9198987933742995	0.19747077176968256	0.9238482088096931	0.5741130958000819	0.8333333333333334	12.0
6090	train	1.8451796616802505e-05	1.1243501773792488	1.0655757467793816	0.1253753105799357	1.0680832529909803	1.1253384877653683	0.6862745098039216	51.0
6100	train	1.844641776276924e-05	0.9146702802623224	0.8577326067730697	0.25993192195892334	0.8629312452122482	1.0347807010014851	0.5555555555555556	9.0
6110	train	1.8441030463669546e-05	0.9909012186965925	0.933528061403988	0.20565921813249588	0.937641245766638	1.0651994585990905	0.6666666666666666	30.0
6120	train	1.8435634725613227e-05	0.9988459393961063	0.9460431449840356	0.21371652682622275	0.9503174755205601	0.9705692775109235	0.6862745098039216	51.0
6130	train	1.8430230554719638e-05	0.9337984745240929	0.8903172743356945	0.29374997069438297	0.8961922737495822	0.752124015490214	0.7333333333333333	15.0
6140	train	1.8424817957117723e-05	0.8498075814306306	0.7940129246572224	0.23616378009319305	0.7987362002590862	1.0214276234308879	0.7333333333333333	15.0
6150	train	1.8419396938945967e-05	1.0196058821208718	0.9644428868149936	0.17827322209874788	0.9680083512569685	1.0319506172780637	0.6851851851851852	54.0
6160	train	1.8413967506352403e-05	0.9210158891845156	0.8626771967147863	0.2306696449716886	0.86729058961422	1.074505991405911	0.6666666666666666	36.0
6170	train	1.840852966549461e-05	0.9070392083185128	0.8534723093169145	0.22470495601495108	0.8579664084372135	0.9814559976259868	0.7333333333333333	30.0
6180	train	1.8403083422539716e-05	1.023424314741756	0.9832475673998055	0.18124626576900482	0.9868724927151855	0.7310364405314128	0.8	30.0
6190	train	1.8397628783664357e-05	0.8254202861893927	0.7745796125937258	0.24266698708136877	0.7794329523353531	0.9197466770807902	0.6666666666666666	9.0
6200	train	1.8392165755054704e-05	0.9974384555079181	0.9440081453678647	0.19018501291672388	0.9478118456261991	0.992532197634379	0.7166666666666667	60.0
6210	train	1.8386694342906437e-05	0.7114695796096793	0.6552815943103172	0.2784186415374279	0.6608499671410657	1.0123922493722703	0.6666666666666666	9.0
6220	train	1.838121455342475e-05	0.8330209776052656	0.7507578091610295	0.25956949839989346	0.7559491991290274	1.541435569524765	0.5	6.0
6230	train	1.837572639282433e-05	1.0555153371779276	1.0194908288010112	0.16722658773263296	1.022835360555664	0.6535995324452718	0.8666666666666667	15.0
6240	train	1.8370229867329363e-05	0.9904782909459957	0.9410995077895213	0.18515727172295252	0.9448026532239804	0.9135127544403077	0.75	60.0
6250	train	1.8364724983173523e-05	1.0579817413538948	0.9831540440023199	0.16247808809081712	0.9864036057641362	1.431562711795171	0.5833333333333334	12.0
6260	train	1.835921174659996e-05	0.9014311537608647	0.8436913696227945	0.24647857497135797	0.8486209411222216	1.056204252772861	0.5555555555555556	18.0
6270	train	1.8353690163861295e-05	1.0535822017791783	0.9950384790585686	0.17326969529191652	0.9985038729644069	1.1015665762954288	0.5555555555555556	18.0
6280	train	1.8348160241219624e-05	0.9262932013550941	0.8661549230881962	0.22146756201982498	0.8705842743285926	1.1141785405300282	0.5925925925925926	27.0
6290	train	1.8342621984946486e-05	0.8905226196358228	0.8523237617571776	0.18933129186431566	0.8561103875944639	0.688244640827179	0.8888888888888888	9.0
6300	train	1.8337075401322888e-05	0.878491946412626	0.8214789930683074	0.22227568676074347	0.8259245068035223	1.0513487921820746	0.6666666666666666	18.0
6310	train	1.8331520496639266e-05	0.9877571841235449	0.9450682682698458	0.19048082207640013	0.9488778847113738	0.777585988243421	0.75	12.0
6320	train	1.832595727719551e-05	1.0436815160285071	0.9882573325952525	0.15951835239926973	0.9914476996432379	1.0446763277053832	0.6166666666666667	60.0
6330	train	1.8320385749300918e-05	0.8294476309895754	0.7828650132960983	0.27380692462126416	0.7883411517885235	0.8221295840210385	0.7777777777777778	9.0
6340	train	1.831480591927423e-05	0.9927234348415355	0.920353460337621	0.21108881384134293	0.9245752366144478	1.362963964541753	0.5	18.0
6350	train	1.830921779344359e-05	0.9127779761418078	0.8695540845358742	0.20832692831754684	0.8737206231022252	0.7811470607916514	0.7666666666666667	30.0
6360	train	1.830362137814656e-05	0.9827981975694413	0.9261822744064776	0.2244457925359408	0.9306711902571965	1.0425401462448969	0.6666666666666666	9.0
6370	train	1.8298016679730097e-05	1.0370280968138876	0.9837653206774892	0.17315559585889181	0.9872284325946671	0.9959932843844096	0.6666666666666666	15.0
6380	train	1.8292403704550543e-05	0.8830352350499613	0.8461680863227827	0.2535388891895612	0.8512388641065739	0.635927418867747	0.7777777777777778	9.0
6390	train	1.828678245897365e-05	0.9391997043577377	0.8969125121124133	0.2068040668964386	0.901048593450342	0.7630222181479136	0.7333333333333333	15.0
6400	train	1.828115294937453e-05	0.9442190511420598	0.9048772938197087	0.20502504830559096	0.9089777947858205	0.7048251271247864	0.8	15.0
6410	train	1.827551518213767e-05	0.9381666362720894	0.8905258800772992	0.22619527702530226	0.8950497856178052	0.8623370130856832	0.8	15.0
6420	train	1.826986916365693e-05	0.9803699907782967	0.9274766266827191	0.1878898230691751	0.9312344231441027	0.9827113526838797	0.6666666666666666	27.0
6430	train	1.8264214900335523e-05	0.922763127688892	0.872095332075484	0.22021790718038878	0.8764996902190917	0.9252687493960062	0.6666666666666666	18.0
6440	train	1.8258552398586014e-05	0.802387507673004	0.7392612172490015	0.25425301243861514	0.7443462774977738	1.1608246035046048	0.4444444444444444	9.0
6450	train	1.8252881664830303e-05	1.008824148887592	0.9422160580233044	0.17888774474461874	0.9457938129181969	1.2606067193879023	0.6666666666666666	9.0
6460	train	1.8247202705499643e-05	0.9052127606385325	0.8337963700727222	0.2647334262728691	0.8390910385981796	1.3224344408070599	0.48148148148148145	27.0
6470	train	1.82415155270346e-05	0.8933452962556816	0.8313679362057981	0.2734401772419612	0.8368367397506373	1.130171130100886	0.6666666666666666	6.0
6480	train	1.8235820135885068e-05	0.9407508758832555	0.8930517246454498	0.2086970110734304	0.8972256648669183	0.8705042203267416	0.8	15.0
6490	train	1.8230116538510253e-05	1.0536913226555056	0.99796067978047	0.16791534423828125	1.0013189866652357	1.0474467198053996	0.6666666666666666	15.0
6500	train	1.8224404741378674e-05	0.9508013906406566	0.9043772275574211	0.19190851350625357	0.9082153978275462	0.851719856262207	0.8333333333333334	30.0
6500	val		0.9491437758788934	0.893719900805621	0.215648573636556	0.8980328722783522	1.0222180720108252	0.671875	192.0
6510	train	1.821868475096814e-05	1.0172113934536864	0.9346030469616343	0.20648461331923804	0.938732739228019	1.5695730845133464	0.3333333333333333	6.0
6520	train	1.821295657376576e-05	0.8617701053826673	0.803427863737808	0.2855650782585144	0.8091391653029782	1.0526188015937805	0.7333333333333333	15.0
6530	train	1.820722021626792e-05	0.9317462538330072	0.8795579325803433	0.1714929391940435	0.8829877913642242	0.9751692493756612	0.8	15.0
6540	train	1.820147568498029e-05	0.7675619334120283	0.719191211898002	0.26436247304081917	0.7244784613588183	0.8616694410641988	0.6666666666666666	15.0
6550	train	1.8195722986417812e-05	1.005222478765141	0.9603580868322561	0.17881676803032556	0.9639344221928626	0.8257611314455668	0.7333333333333333	30.0
6560	train	1.8189962127104683e-05	1.0056316386078867	0.9453870194624491	0.20976140350103378	0.9495822475324698	1.1209878215083369	0.6666666666666666	27.0
6570	train	1.8184193113574354e-05	0.8313346296556698	0.7820260876673368	0.3063346855342388	0.7881527813780216	0.8636369655529658	0.8333333333333334	6.0
6580	train	1.8178415952369537e-05	1.0647449936264162	1.005485484778226	0.14772474765777588	1.0084399797313814	1.126100277900696	0.6333333333333333	60.0
6590	train	1.8172630650042166e-05	1.020375580478848	0.9732610049735911	0.19125923017660776	0.9770861895771233	0.8657878180344899	0.7	30.0
6600	train	1.8166837213153424e-05	1.0161096799220921	0.9468472992310539	0.1716537835697333	0.9502803749024485	1.3165861003928714	0.5555555555555556	9.0
6610	train	1.8161035648273715e-05	0.870645725565738	0.8268916707859303	0.21655142679810524	0.8312226993218924	0.7884605248769124	0.8	15.0
6620	train	1.8155225961982657e-05	1.0686184102498495	0.9977563042643669	0.14039834340413412	1.0005642711324496	1.361082782347997	0.3333333333333333	6.0
6630	train	1.8149408160869078e-05	0.7938052967730795	0.7291118771027222	0.24492918451627096	0.7340104607930475	1.19589671960064	0.6274509803921569	51.0
6640	train	1.8143582251531012e-05	0.825869385438461	0.7834375106665481	0.2604349305232366	0.7886462092770128	0.7444635232289633	0.75	12.0
6650	train	1.8137748240575692e-05	0.8081186275412192	0.7119075261118892	0.2692914580305417	0.7172933552725	1.816505445374383	0.3333333333333333	9.0
6660	train	1.8131906134619537e-05	1.0363587495378515	0.9685536902836821	0.15516983966032663	0.9716570870768886	1.2940332492192586	0.6	60.0
6670	train	1.812605594028814e-05	0.9577211751538798	0.907472703531214	0.20399673407276472	0.9115526382126693	0.9233707388242086	0.8	15.0
6680	train	1.8120197664216273e-05	0.9496186224892564	0.8930931138271915	0.21767577032248178	0.8974466292336412	1.0434398651123047	0.5833333333333334	12.0
6690	train	1.8114331313047875e-05	0.7672997996043608	0.725109391841436	0.25804803023735684	0.7302703524461831	0.7405889431635538	0.7777777777777778	9.0
6700	train	1.8108456893436046e-05	1.027985434933982	0.9678110421907391	0.1791190728545189	0.9713934236478294	1.1318402257230546	0.6388888888888888	72.0
6710	train	1.8102574412043023e-05	0.8508780684460209	0.7959942812776241	0.23035276929537454	0.8006013366635315	1.005534635649787	0.6666666666666666	9.0
6720	train	1.80966838755402e-05	0.9021395763252433	0.8424544934426005	0.25463927040497464	0.8475472788507	1.091845949490865	0.6666666666666666	15.0
6730	train	1.8090785290608095e-05	0.9701977618390277	0.9128400950485424	0.21536467472712198	0.9171473885430848	1.0610074659188589	0.6	15.0
6740	train	1.8084878663936367e-05	1.0693661828417564	1.0273510859736785	0.16566447044412294	1.030664375382561	0.7740361491839091	0.7708333333333334	48.0
6750	train	1.8078964002223786e-05	0.92388254759883	0.8817905271368734	0.223501518368721	0.8862605575042478	0.7524398018916448	0.75	12.0
6760	train	1.807304131217823e-05	0.911641220436986	0.8629806332321588	0.20718517899513245	0.8671243368120615	0.890337672498491	0.6666666666666666	9.0
6770	train	1.8067110600516696e-05	0.8880861123547601	0.8543125097432713	0.19346708556016287	0.8581818514544746	0.5980852180057101	0.7777777777777778	9.0
6780	train	1.806117187396527e-05	0.8994404410368085	0.839196775231791	0.22260951871673265	0.8436489656061257	1.1158295086136572	0.6666666666666666	27.0
6790	train	1.805522513925913e-05	1.0018941131012453	0.9335682045198295	0.19720649222532907	0.937512334364336	1.2876355747381847	0.5	24.0
6800	train	1.804927040314253e-05	0.998715232753182	0.9404143725153404	0.20734270910422006	0.9445612266974248	1.0830801211151422	0.6078431372549019	51.0
6810	train	1.804330767236881e-05	1.0119443908508297	0.9621857272097477	0.16258653004964194	0.9654374578107405	0.9301386608017815	0.7222222222222222	36.0
6820	train	1.803733695370036e-05	0.9632857798051682	0.8949777195034935	0.19083418448766074	0.8987944031932467	1.2898275322384305	0.5370370370370371	54.0
6830	train	1.803135825390865e-05	0.789926699785397	0.755196534648212	0.2600843260685603	0.7603982211695832	0.5905695723162757	0.8888888888888888	9.0
6840	train	1.8025371579774187e-05	0.9838015837813444	0.9503357143049466	0.1919941728313764	0.9541755977615741	0.5925197203954061	0.8333333333333334	12.0
6850	train	1.8019376938086526e-05	1.0103070238153427	0.9396438438117791	0.18100542078415552	0.9432639522274623	1.340861431757609	0.6	15.0
6860	train	1.8013374335644257e-05	1.0034362642276378	0.9519185064045678	0.19132646669944128	0.9557450357385566	0.9538245697816213	0.75	12.0
6870	train	1.8007363779255e-05	0.9395827142378026	0.886078541856375	0.19789252430200577	0.8900363923424152	0.9909264379077487	0.6666666666666666	9.0
6880	train	1.800134527573539e-05	0.9982263647486087	0.9412353052913464	0.19641934211055437	0.9451636921335574	1.0612534523010253	0.7	30.0
6890	train	1.7995318831911088e-05	0.9878422486355054	0.9337523729175476	0.2191038280725479	0.9381344494789986	0.9941559831301371	0.6666666666666666	48.0
6900	train	1.7989284454616745e-05	0.9875555629465552	0.9311931798375552	0.19103911394874254	0.9350139621165301	1.050832016600503	0.5555555555555556	18.0
6910	train	1.7983242150696024e-05	0.8826696275937559	0.8349474312796858	0.21646315356095633	0.839276694350905	0.8678586648570167	0.7222222222222222	18.0
6920	train	1.797719192700156e-05	1.0255844178475801	0.9714823794541623	0.19617366045713425	0.9754058526633049	1.0035713036855063	0.7	30.0
6930	train	1.797113379039499e-05	1.0345085866669566	0.9723819233397394	0.17396913965543112	0.975861306132848	1.1729456106821696	0.6333333333333333	30.0
6940	train	1.7965067747746908e-05	1.029516963317486	0.9826178999289795	0.16655216614405313	0.9859489432518606	0.8713604013125101	0.75	12.0
6950	train	1.7958993805936887e-05	0.968762014740527	0.9211415300109191	0.21673976878325144	0.9254763253865842	0.8657137870788574	0.8666666666666667	15.0
6960	train	1.7952911971853446e-05	0.8745934078455315	0.8435115384420103	0.21727824956178665	0.847857103433246	0.5347260882457098	1.0	6.0
6970	train	1.7946822252394066e-05	0.892075261073578	0.8314862861208803	0.2671574155489604	0.8368294344318595	1.1049165328343709	0.6666666666666666	6.0
6980	train	1.794072465446517e-05	1.0652604847482883	1.0298342688918487	0.13603078139324984	1.0325548845197137	0.6541120045714908	0.7777777777777778	9.0
6990	train	1.7934619184982104e-05	1.0015392957019136	0.9378158285108531	0.22112331787745157	0.9422382948684022	1.186020016670227	0.5	12.0
7000	train	1.7928505850869156e-05	0.9450310049469073	0.8735757217902077	0.2591094635426998	0.8787579110610617	1.3254618777169123	0.3333333333333333	9.0
7000	val		0.9486630583887692	0.8925868738678318	0.214836180309696	0.8968835974740257	1.035589218294869	0.671875	192.0
7010	train	1.792238465905953e-05	0.8715483763882439	0.7934574536302607	0.19602113589644432	0.7973778763481896	1.4834100008010864	0.5	6.0
7020	train	1.791625561649533e-05	0.9565784638268937	0.9117135182662	0.190618005891641	0.9155258783840328	0.8210517088572185	0.7333333333333333	30.0
7030	train	1.791011873012758e-05	0.9050682187227719	0.8527659868016818	0.21778048078219095	0.8571215964173257	0.958932446108924	0.5555555555555556	9.0
7040	train	1.7903974006916186e-05	0.9642781838159441	0.9046963055313308	0.21891924242178598	0.9090746903797665	1.1040698687235515	0.7083333333333334	24.0
7050	train	1.7897821453829954e-05	0.8494610680699519	0.7992154905508132	0.20139491433898607	0.8032433888375929	0.9243535846471786	0.8333333333333334	6.0
7060	train	1.789166107784656e-05	0.674261607550107	0.6225268693823177	0.2853560422857602	0.628233990228033	0.9205523464414809	0.7777777777777778	9.0
7070	train	1.7885492885952554e-05	0.8544470342857211	0.7938319647230828	0.2505773777763049	0.798843512278609	1.112070440142243	0.6296296296296297	27.0
7080	train	1.787931688514336e-05	1.0201361401656808	0.9735461737244865	0.17212946340441704	0.9769887629925749	0.8629475434621176	0.7777777777777778	9.0
7090	train	1.787313308242324e-05	0.9472351855361513	0.9110582740926794	0.18780416250228882	0.9148143573427251	0.6484165638685226	0.75	12.0
7100	train	1.7866941484805323e-05	0.9462439397032345	0.890397112628901	0.206724151968956	0.8945315956682801	1.034246880699087	0.7222222222222222	54.0
7110	train	1.7860742099311565e-05	1.0557315889926822	1.0029141332969471	0.17586072782675424	1.006431347853482	0.9860048227839999	0.6666666666666666	18.0
7120	train	1.785453493297276e-05	1.0091718522290625	0.9573587055584031	0.1766878217458725	0.9608924619933206	0.9655878047148386	0.75	12.0
7130	train	1.7848319992828526e-05	0.9047118728160618	0.8572540711164234	0.2547430197397868	0.8623489315112192	0.8472588260968527	0.7222222222222222	18.0
7140	train	1.7842097285927296e-05	0.9293303397962243	0.8937915448515406	0.21539088835318884	0.8980993626186043	0.6246195435523987	0.8888888888888888	18.0
7150	train	1.7835866819326313e-05	1.030676711454029	0.9681060221334647	0.16688566406567892	0.9714437354147784	1.184659520785014	0.6111111111111112	18.0
7160	train	1.782962860009162e-05	1.0277887886529335	0.9628862155354301	0.16432187954584757	0.966172653126347	1.2323227105317291	0.5555555555555556	54.0
7170	train	1.782338263529805e-05	0.9937517034468968	0.9388371279793898	0.17145568877458572	0.9422662417548815	1.0297092338403067	0.7166666666666667	60.0
7180	train	1.7817128932029223e-05	0.9851729992721517	0.9402766407225569	0.18958991269270578	0.944068438976411	0.8220912059148152	0.8	30.0
7190	train	1.7810867497377535e-05	0.9951170284170515	0.9374792830598295	0.20422749469677606	0.941563832953765	1.0710639092657301	0.5555555555555556	9.0
7200	train	1.780459833844415e-05	1.0908421168712543	1.0282460423050093	0.1529797725379467	1.0313056377557681	1.1907295823097228	0.5333333333333333	30.0
7210	train	1.779832146233899e-05	0.9069514091181631	0.8575705528624727	0.24359789987405142	0.8624425108599538	0.8901779651641846	0.7222222222222222	18.0
7220	train	1.7792036876180734e-05	1.0270816906050069	0.9718701583731727	0.18507189800341925	0.9755715963332411	1.0302018854353163	0.6944444444444444	36.0
7230	train	1.77857445870968e-05	0.740130721144969	0.7072083346179076	0.27570275714000064	0.7127223897607076	0.548166627685229	1.0	6.0
7240	train	1.7779444602223344e-05	0.8589384691019817	0.8124132157464786	0.2532260864973068	0.8174777374764247	0.8292146325111389	0.6666666666666666	12.0
7250	train	1.7773136928705246e-05	0.9986538464693437	0.9262954104809175	0.18239042162895203	0.9299432189134965	1.3742125511169434	0.4666666666666667	30.0
7260	train	1.776682157369612e-05	0.9223532227841454	0.8824038300332863	0.19847995415329933	0.8863734291163522	0.7195958733558655	0.8333333333333334	30.0
7270	train	1.7760498544358275e-05	0.9023741178585978	0.8392637187448367	0.23527354995409647	0.8439691897439187	1.1680985622935824	0.5925925925925926	27.0
7280	train	1.7754167847862728e-05	1.0198818545520376	0.9776123928010535	0.1681989828745524	0.9809763724585445	0.7781096418698629	0.7666666666666667	30.0
7290	train	1.7747829491389192e-05	0.9578715855746072	0.9160523959698215	0.1935595745841662	0.9199235874615048	0.7589599622620476	0.8333333333333334	18.0
7300	train	1.774148348212608e-05	1.025971194582833	0.977699330335842	0.15627776210506758	0.9808248855779433	0.9029261800977919	0.7777777777777778	9.0
7310	train	1.773512982727046e-05	0.7818411218713269	0.7240261118203943	0.272705614566803	0.7294802241117304	1.04721795519193	0.7777777777777778	9.0
7320	train	1.772876853402809e-05	1.017533711709517	0.9615762148230649	0.1958769621948401	0.9654937540669617	1.0407991528511047	0.6666666666666666	15.0
7330	train	1.7722399609613385e-05	0.7640480008655074	0.7073483631941957	0.24807367970546088	0.712309836788305	1.0347632815440495	0.5	6.0
7340	train	1.7716023061249414e-05	0.8482835914264091	0.8036916327297655	0.19839528078834215	0.8076595383455324	0.8124810616175334	0.7333333333333333	15.0
7350	train	1.7709638896167886e-05	0.9195088794676071	0.8605967236269232	0.2179744802415371	0.864956213231754	1.0910533247170624	0.6481481481481481	54.0
7360	train	1.7703247121609163e-05	1.0057847079959916	0.9523417381770817	0.20169653991858164	0.9563756689754533	0.9881807804107666	0.7	30.0
7370	train	1.7696847744822222e-05	0.9724169242509384	0.9301290480754288	0.23476731280485788	0.934824394331526	0.751850598388248	0.7777777777777778	18.0
7380	train	1.7690440773064672e-05	0.9501724866266552	0.8955526520545785	0.21396874139706293	0.8998320268825197	1.0068091948827107	0.6666666666666666	9.0
7390	train	1.7684026213602732e-05	0.9627866585689548	0.9200330379245444	0.17832938333352408	0.9235996255912149	0.7837406595547994	0.8333333333333334	24.0
7400	train	1.7677604073711225e-05	0.8520934170202926	0.7960704731466443	0.20165430381894112	0.8001035592230231	1.0397971559453894	0.5925925925925926	27.0
7410	train	1.7671174360673575e-05	0.7973271576470943	0.7426273254626471	0.27004533261060715	0.7480282321148592	0.9859785106447008	0.6296296296296297	27.0
7420	train	1.766473708178179e-05	0.8893833164959971	0.8536286513099892	0.22139094521601996	0.8580564702143096	0.6265369256337484	0.7777777777777778	9.0
7430	train	1.765829224433646e-05	1.0167391302152256	0.9351108619783104	0.2066533031562964	0.9392439280414363	1.549904043475787	0.3333333333333333	6.0
7440	train	1.765183985564675e-05	1.0588482378022313	1.0104107305724086	0.15361018478870392	1.0134829342681826	0.9073060706809715	0.7962962962962963	54.0
7450	train	1.764537992303038e-05	0.9452376439007573	0.894904514352393	0.22013218949238458	0.8993071581422407	0.9186097151703305	0.6666666666666666	18.0
7460	train	1.7638912453813647e-05	0.9496597888996867	0.8981541875101462	0.21116910626490912	0.9023775696354444	0.9456443852848477	0.7777777777777778	18.0
7470	train	1.7632437455331365e-05	1.087106467602892	1.0373754297709232	0.17147795110940933	1.0408049887931115	0.9260295761956109	0.75	36.0
7480	train	1.762595493492691e-05	0.9571623465030463	0.9149996525323131	0.19237002233664194	0.9188470529790459	0.7663058704800076	0.7777777777777778	9.0
7490	train	1.7619464899952186e-05	0.937014118216637	0.8652135451126793	0.23212681710720062	0.8698560814548234	1.3431607352362738	0.5	18.0
7500	train	1.7612967357767606e-05	1.0551089352538516	1.013095716047982	0.15879138683279356	1.016271543784638	0.776747829384274	0.8055555555555556	36.0
7500	val		0.949265581742308	0.8927119159048295	0.2083270423372309	0.8968784567515741	1.0477424998146792	0.6666666666666666	192.0
7510	train	1.7606462315742113e-05	0.9593760682488885	0.9248908083483981	0.22141173481941223	0.9293190430447863	0.601140504082044	0.8333333333333334	6.0
7520	train	1.7599949781253146e-05	1.0928562099833024	1.0313605460870994	0.16249299918611845	1.0346104060708217	1.1649160782496135	0.5833333333333334	12.0
7530	train	1.7593429761686642e-05	1.0312011023008365	0.9775207489126462	0.1886562518775463	0.9812938739501971	0.9981445670127869	0.6333333333333333	60.0
7540	train	1.758690226443703e-05	0.8419462083338477	0.7945440015255191	0.2657412365078926	0.799858826255677	0.8417476415634155	0.8888888888888888	9.0
7550	train	1.7580367296907218e-05	1.0124941412647015	0.9434859370065509	0.1901565616329511	0.94728906823921	1.30410146050983	0.6666666666666666	18.0
7560	train	1.757382486650859e-05	1.0134102247441599	0.963810277783353	0.1753711166481177	0.9673177001163153	0.9218504925568899	0.7777777777777778	18.0
7570	train	1.7567274980660986e-05	0.8663856492390963	0.8277477867604031	0.22582685574889183	0.8322643238753809	0.6824265072743098	0.9166666666666666	12.0
7580	train	1.7560717646792704e-05	0.9582156810986885	0.909477335644552	0.20708310355742773	0.9136189977157005	0.8919336676597596	0.6666666666666666	30.0
7590	train	1.7554152872340497e-05	0.9820573295234415	0.9395768460212919	0.2128746658563614	0.9438343393384191	0.7644598037004471	0.8333333333333334	12.0
7600	train	1.7547580664749543e-05	0.8119704293140043	0.7739485328904393	0.26547955845793086	0.7792581240595979	0.654246105088128	0.7777777777777778	9.0
7610	train	1.754100103147346e-05	0.9724870021598134	0.9332950467987121	0.21252173682053885	0.9375454815351228	0.6988304124938117	0.8333333333333334	36.0
7620	train	1.7534413979974285e-05	0.888427702377437	0.8417337817518563	0.2303346594174703	0.8463404749402057	0.8417445487446256	0.6666666666666666	27.0
7630	train	1.752781951772247e-05	1.078956785782956	1.0309300238156813	0.14843653763333955	1.033898754568348	0.9011606242921617	0.6666666666666666	9.0
7640	train	1.752121765219686e-05	1.0830972445213336	1.033743192971104	0.1329274574915568	1.0364017421209353	0.9339100480079651	0.6666666666666666	15.0
7650	train	1.7514608390884714e-05	0.8892513518261912	0.8214521499204639	0.2849041571219762	0.8271502330629034	1.2420223752657573	0.6666666666666666	9.0
7660	train	1.7507991741281664e-05	0.7974695289035401	0.7396730800039001	0.21583597362041473	0.7439897994763084	1.0695945885446336	0.6666666666666666	18.0
7670	train	1.750136771089173e-05	0.8083436642264159	0.7354643343066009	0.2571105609337489	0.7406065455252758	1.3547423740228017	0.4666666666666667	15.0
7680	train	1.7494736307227302e-05	1.0708401344931566	1.020811379747236	0.16036254540085793	1.0240186306552532	0.9364300767580668	0.7222222222222222	54.0
7690	train	1.7488097537809124e-05	0.8527886899093228	0.8151951372073197	0.21088251968224844	0.8194127876009647	0.6675180461671617	0.7777777777777778	18.0
7700	train	1.7481451410166304e-05	0.8902274158188543	0.809094172873978	0.2058278520901998	0.813210729915782	1.5403337180614471	0.3333333333333333	6.0
7710	train	1.747479793183629e-05	1.072815469176879	1.019767093729288	0.16352667411168417	1.0230376272115216	0.9955568393071492	0.6666666666666666	15.0
7720	train	1.7468137110364863e-05	1.0518231372976101	0.9939681082411405	0.18544013053178787	0.9976769108517762	1.082924528916677	0.6666666666666666	15.0
7730	train	1.7461468953306137e-05	0.9517125856607569	0.8960117639829132	0.19099141160647073	0.8998315922150426	1.0376198689142864	0.7	30.0
7740	train	1.7454793468222553e-05	1.085184572671039	1.04845620443508	0.12938865522543588	1.0510439775395888	0.6828119026290046	0.8333333333333334	18.0
7750	train	1.7448110662684836e-05	1.0046856508117084	0.9510088921465307	0.15047073985139528	0.9540183069435586	1.013346877362993	0.6666666666666666	72.0
7760	train	1.744142054427205e-05	0.912048768525262	0.8410562084200706	0.20318623632192612	0.8451199331465091	1.3385767075750563	0.5555555555555556	9.0
7770	train	1.743472312057152e-05	0.8374228527869274	0.7923185589315455	0.23583593219518661	0.7970352775754492	0.8077515042295643	0.7647058823529411	51.0
7780	train	1.7428018399178878e-05	0.9115543044339616	0.8597865443036953	0.23302392972012362	0.8644470228980977	0.9421456307172775	0.6666666666666666	6.0
7790	train	1.742130638769802e-05	0.916994343293831	0.8341647156508021	0.21209718038638434	0.8384066592585298	1.5717536807060242	0.4444444444444444	9.0
7800	train	1.7414587093741118e-05	0.9889765429699556	0.943112736000366	0.17414908111095428	0.9465957176225851	0.8476165069474114	0.8333333333333334	18.0
7810	train	1.7407860524928595e-05	0.9175162980319211	0.8674534428975135	0.19367879877487817	0.871327018873011	0.9237855831782024	0.7333333333333333	30.0
7820	train	1.7401126688889127e-05	1.0539945502343457	0.9923787431095487	0.17289801190296808	0.995836703347608	1.1631569377347535	0.6274509803921569	51.0
7830	train	1.739438559325964e-05	0.8194538495362583	0.7590003856441164	0.2550085037946701	0.7641005557200098	1.1070658763249714	0.6	15.0
7840	train	1.7387637245685285e-05	0.9055430861717201	0.8374941901879358	0.25158165395259857	0.8425258232669878	1.2603452580946464	0.6296296296296297	27.0
7850	train	1.7380881653819436e-05	0.9136533988612828	0.8559184821875166	0.20985724528630575	0.8601156270932427	1.0707554353608026	0.7222222222222222	18.0
7860	train	1.7374118825323685e-05	0.9282414347947395	0.8920521640798208	0.20700222253799438	0.8961922085305807	0.6409845252831777	0.7916666666666666	24.0
7870	train	1.7367348767867835e-05	0.9937395216907777	0.9206412359765445	0.22112663959463438	0.9250637687684371	1.3735150584468134	0.5185185185185185	27.0
7880	train	1.7360571489129887e-05	0.8998467746576646	0.8626066043179212	0.24246103564898172	0.8674558250309009	0.6478189925352732	0.9166666666666666	12.0
7890	train	1.7353786996796024e-05	0.7636000645363658	0.7059570146306682	0.3001440241932869	0.711959895114534	1.0328033884366354	0.7333333333333333	15.0
7900	train	1.734699529856062e-05	0.9435718524583976	0.900498932232009	0.2110387310385704	0.9047197068527805	0.777042912112342	0.8611111111111112	36.0
7910	train	1.734019640212621e-05	0.9715598064612265	0.9224635815074956	0.19494534780581793	0.926362488463612	0.9039463599522909	0.7222222222222222	18.0
7920	train	1.7333390315203506e-05	1.0339193252497747	0.9730736176444922	0.16158277541399002	0.9763052731527719	1.1522810419400533	0.6666666666666666	60.0
7930	train	1.7326577045511366e-05	0.8446840473645307	0.7800919107894146	0.24891772866249084	0.7850702653626644	1.1922756400373247	0.5555555555555556	9.0
7940	train	1.7319756600776796e-05	0.9189837984252189	0.8696222805985029	0.20516230165958405	0.8737255266316946	0.9051654358704885	0.7666666666666667	30.0
7950	train	1.7312928988734937e-05	0.856493485079441	0.8175147377761538	0.22740494584043822	0.8220628366929625	0.6886129677295685	0.8888888888888888	9.0
7960	train	1.7306094217129067e-05	0.8718297871848104	0.8215777001016827	0.26148440937201184	0.8268073882891229	0.9004479779137505	0.7777777777777778	9.0
7970	train	1.729925229371057e-05	0.8508990217595588	0.8081818081123258	0.25023669252792996	0.8131865419628843	0.7542495959334903	0.8888888888888888	9.0
7980	train	1.7292403226238948e-05	1.0263067789122968	0.9750758664553869	0.17163187513748804	0.9785085039581367	0.955965499083201	0.7666666666666667	30.0
7990	train	1.7285547022481817e-05	0.8466131289433186	0.7952679799461443	0.27049385756254196	0.8006778570973951	0.9187054369184706	0.7777777777777778	9.0
8000	train	1.7278683690214864e-05	0.843333866573868	0.7940374011571186	0.26023009916146594	0.799242003140348	0.8818372686704	0.7777777777777778	9.0
8000	val		0.9488730195998774	0.8918188337790585	0.207808908699748	0.8959750119530534	1.0579601529364784	0.640625	192.0
8010	train	1.727181323722188e-05	0.8338633873624817	0.7818781278096849	0.26857488850752514	0.7872496255798355	0.9322752356529236	0.75	12.0
8020	train	1.7264935671294712e-05	0.9757414483400791	0.9104702062447148	0.1911501238743464	0.9142932087222017	1.2289647923575506	0.5555555555555556	9.0
8030	train	1.7258051000233292e-05	1.0397826006030162	0.9828317234183471	0.19001288091142973	0.9866319810365757	1.0630123913288116	0.6666666666666666	12.0
8040	train	1.7251159231845606e-05	0.9334430205985882	0.8873845690652706	0.20539171497027078	0.8914924033646761	0.839012344678243	0.7083333333333334	24.0
8050	train	1.7244260373947683e-05	1.0206817699894852	0.9696784463947562	0.19546368966499963	0.9735877201880562	0.9418809960285822	0.6666666666666666	24.0
8060	train	1.7237354434363594e-05	0.8438610763526264	0.786171844536361	0.2387750819325447	0.790947346175012	1.0582746035522885	0.5555555555555556	9.0
8070	train	1.7230441420925446e-05	0.9164859033503765	0.8640504857446055	0.2211865931749344	0.8684742176081042	0.9602337148454454	0.7777777777777778	9.0
8080	train	1.7223521341473367e-05	0.8381492504744824	0.7701177666355268	0.26801979293425876	0.775478162494212	1.2534217596054078	0.6	15.0
8090	train	1.721659420385549e-05	0.8142871014467828	0.7633350784605032	0.22852247208356857	0.7679055279021746	0.9276314708921645	0.7777777777777778	9.0
8100	train	1.7209660015927966e-05	0.7445131242922766	0.6898630727757613	0.330401008327802	0.6964710929423173	0.9608406269991839	0.7037037037037037	27.0
8110	train	1.7202718785554937e-05	0.9716802009236062	0.9002947882107143	0.2211688607931137	0.9047181654265766	1.3392407099405925	0.6666666666666666	9.0
8120	train	1.7195770520608527e-05	0.9683392289251667	0.9167442266006739	0.1947216590245565	0.920638659781165	0.9540113828800343	0.7777777777777778	27.0
8130	train	1.718881522896884e-05	1.0752210453990698	1.0274384317143361	0.158773901561896	1.030613909745574	0.8921427130699158	0.75	36.0
8140	train	1.7181852918523955e-05	1.0099869630771132	0.9630910944478962	0.17088249574104944	0.9665087443627172	0.8695643742879232	0.75	24.0
8150	train	1.7174883597169904e-05	0.9655162470473085	0.9200297819839485	0.20755597949028015	0.9241809015737541	0.8267069094710879	0.8333333333333334	18.0
8160	train	1.716790727281068e-05	0.8560337615160544	0.8158254895755052	0.20339319109916687	0.8198933533974885	0.7228081623713175	0.8888888888888888	9.0
8170	train	1.7160923953358198e-05	0.862371108857114	0.8147919602466811	0.2295718491077423	0.8193833972288359	0.8597542325655619	0.7333333333333333	15.0
8180	train	1.7153933646732334e-05	0.9548039672358531	0.8979386519475479	0.18887980033953986	0.9017162479543387	1.0617543856302898	0.5555555555555556	9.0
8190	train	1.7146936360860862e-05	0.8709544011287337	0.8144648777278707	0.2728811725974083	0.8199225011798188	1.020637998978297	0.6666666666666666	6.0
8200	train	1.7139932103679488e-05	1.0745714641487187	1.0416963222333708	0.15274672458569208	1.0447512567250847	0.59640414847268	0.8888888888888888	36.0
8210	train	1.713292088313182e-05	1.0202237934648961	0.9865706402175927	0.1688259889682134	0.9899471599969569	0.6055326693587832	0.8333333333333334	18.0
8220	train	1.712590270716936e-05	0.8997383904892431	0.838431644772489	0.2413500522573789	0.8432586458176365	1.129594893432131	0.6274509803921569	51.0
8230	train	1.7118877583751502e-05	1.065227901090246	1.008367091764074	0.15154301126797995	1.0113979519894336	1.0765989820162456	0.4666666666666667	15.0
8240	train	1.7111845520845517e-05	0.9853930244601723	0.9302318899257603	0.20401114225387573	0.9343121127708378	1.0216182337866888	0.7777777777777778	18.0
8250	train	1.7104806526426544e-05	0.9811684414078083	0.9344305635322419	0.20476794987916946	0.9385259225298253	0.8528503775596619	0.7222222222222222	36.0
8260	train	1.709776060847759e-05	0.9789225345499968	0.8833899335461513	0.18580990160504976	0.8871061315782522	1.8363280594348907	0.3333333333333333	6.0
8270	train	1.7090707774989513e-05	0.9036948456464116	0.8449772623775307	0.24434065570433935	0.8498640754916175	1.0766154030958812	0.625	24.0
8280	train	1.7083648033961008e-05	1.021723013794749	0.9758915887675861	0.16513545935352644	0.9791942979546566	0.8505743168018483	0.7407407407407407	27.0
8290	train	1.7076581393398608e-05	0.9695133982649792	0.9276634045741308	0.17684476698438326	0.9312002999138185	0.7662619670232137	0.8666666666666667	15.0
8300	train	1.706950786131666e-05	1.0262199923132067	0.9650160533422435	0.18191924939552942	0.9686544383301541	1.1513110796610515	0.6666666666666666	30.0
8310	train	1.706242744573735e-05	1.0614725831815583	1.0192741685652715	0.1564867552369833	1.0224039036700112	0.7813735902309418	0.8333333333333334	18.0
8320	train	1.705534015469065e-05	0.8241464406898248	0.7838417332024006	0.23084471126397452	0.78845862742768	0.7137562652428945	0.8	15.0
8330	train	1.7048245996214342e-05	1.0250782900325655	0.9699242521596151	0.1943423921863238	0.9738111000033416	1.0253438005844753	0.6666666666666666	12.0
8340	train	1.7041144978353987e-05	0.9395356473691359	0.8977991363274151	0.2079178715745608	0.9019574937589063	0.7515630722045898	0.8333333333333334	12.0
8350	train	1.7034037109162924e-05	0.8883382277852792	0.8611344020234046	0.18915430456399918	0.8649174881146846	0.4684147934118907	1.0	9.0
8360	train	1.7026922396702282e-05	1.0920819148932217	1.0300483379278897	0.1274514695008596	1.032597367317907	1.1896909515062968	0.5666666666666667	60.0
8370	train	1.7019800849040926e-05	1.018980797798348	0.9587264901855712	0.1716693751513958	0.9621598776885991	1.1364184021949768	0.6666666666666666	36.0
8380	train	1.7012672474255486e-05	1.000678281815536	0.9414824071344606	0.17261080692211786	0.944934623272903	1.1148731708526611	0.6666666666666666	9.0
8390	train	1.700553728043033e-05	0.889348998942458	0.822077086745186	0.24068244795004526	0.8268907357041869	1.2491652647654214	0.6	15.0
8400	train	1.6998395275657568e-05	1.009410694505769	0.9661713098231269	0.1812878561516603	0.9697970669461602	0.7922725511921777	0.7407407407407407	27.0
8410	train	1.6991246468037023e-05	0.9731297442114796	0.8954121485647007	0.2268658752242724	0.8999494660691862	1.463605562845866	0.5555555555555556	9.0
8420	train	1.6984090865676242e-05	0.945055965918012	0.8931752638617454	0.211575448513031	0.897406772832006	0.9529838617201205	0.7407407407407407	27.0
8430	train	1.697692847669047e-05	0.8719801333447077	0.8314288621544617	0.21723615129788718	0.8357735851804194	0.7241309632857641	0.8333333333333334	12.0
8440	train	1.6969759309202658e-05	1.0030625842728684	0.9578103129368825	0.185428270449241	0.9615188783458672	0.8308741185400221	0.7777777777777778	9.0
8450	train	1.6962583371343435e-05	1.0275621370026866	0.9713789862195055	0.17817561204234758	0.9749424984603524	1.0523927708466847	0.8888888888888888	9.0
8460	train	1.6955400671251117e-05	0.8502057832524119	0.8052131495089934	0.25356003393729526	0.8102843501877393	0.7984286612934537	0.7777777777777778	18.0
8470	train	1.6948211217071686e-05	0.8373805015438451	0.7859559261620362	0.26135018467903137	0.7911829298556169	0.9239514337645637	0.8333333333333334	18.0
8480	train	1.6941015016958776e-05	0.9225643294393389	0.8534887588857977	0.20304000626007715	0.8575495590109992	1.3002954085667928	0.6	15.0
8490	train	1.6933812079073687e-05	0.9332245251266089	0.8787958829082972	0.2442293626566728	0.8836804701614307	0.9908810993035634	0.7333333333333333	15.0
8500	train	1.692660241158535e-05	0.8005514658647447	0.7460709170160362	0.2746168226003647	0.7515632534680435	0.9797642479340235	0.5	6.0
8500	val		0.9471985768245907	0.8919666624287523	0.2080206638077593	0.8961270757049076	1.0214300223936637	0.6302083333333334	192.0
8510	train	1.6919386022670326e-05	0.9352817154105064	0.8696188045964198	0.2136690951883793	0.8738921865001874	1.2277905782063803	0.4666666666666667	15.0
8520	train	1.6912162920512808e-05	0.9814131106787827	0.93888298157393	0.18210691710313162	0.9425251199159926	0.7777598152558008	0.6666666666666666	12.0
8530	train	1.6904933113304594e-05	0.9101541851135038	0.8417096896143698	0.19714116553465524	0.8456525129250628	1.2900334437688192	0.5666666666666667	30.0
8540	train	1.6897696609245095e-05	1.0162808681454243	0.9710740220969897	0.1797486717502276	0.9746689955319943	0.8322374522686005	0.75	24.0
8550	train	1.6890453416541308e-05	1.0433932947507618	0.9752145596967551	0.1967004289229711	0.9791485682752145	1.2848945295109468	0.5098039215686274	51.0
8560	train	1.6883203543407817e-05	0.8553811413444443	0.8033659117194378	0.22189307026565075	0.8078037731247508	0.95154736439387	0.6666666666666666	6.0
8570	train	1.6875946998066787e-05	0.989690170682111	0.9419911511208997	0.17546838770310083	0.9455005188749617	0.883793036142985	0.7333333333333333	60.0
8580	train	1.6868683788747956e-05	0.8625397008613613	0.817344572407259	0.2538101176420848	0.8224207747601007	0.8023785220252143	0.7777777777777778	36.0
8590	train	1.6861413923688602e-05	0.9416426296465282	0.8886467678778056	0.23150645196437836	0.8932768969170932	0.9673146545886994	0.7333333333333333	15.0
8600	train	1.6854137411133563e-05	1.0080698407865236	0.9651986684577335	0.13432729244232178	0.9678852143065799	0.8036925295988718	0.7777777777777778	9.0
8610	train	1.6846854259335217e-05	1.0818374357088258	1.0317184705996363	0.18037161231040955	1.0353259028458446	0.9302306572596232	0.8	15.0
8620	train	1.6839564476553464e-05	1.125783424714202	1.0721583498905047	0.12937336166699728	1.0747458171238446	1.0207521518071492	0.6666666666666666	96.0
8630	train	1.683226807105573e-05	1.051668156288	0.9975945700848419	0.14268540032207966	1.0004482780912836	1.0243975639343261	0.7333333333333333	15.0
8640	train	1.6824965051116958e-05	0.9872945961642187	0.9410178223289967	0.21236726765831312	0.945265167682163	0.8405885696411133	0.7777777777777778	9.0
8650	train	1.6817655425019578e-05	1.0178111996105115	0.9735267012473301	0.15993412459890047	0.9767253837393081	0.8217163174240677	0.7407407407407407	54.0
8660	train	1.681033920105352e-05	0.927180182261164	0.8547040360896737	0.27016639957825345	0.8601073640812388	1.3414563635985057	0.6666666666666666	12.0
8670	train	1.6803016387516196e-05	0.7443196161754562	0.6592203652280204	0.28280630086859065	0.6648764912453923	1.5888624986012776	0.5	6.0
8680	train	1.679568699271249e-05	1.0970125081040736	1.0628048424321688	0.13109281907478967	1.0654266988136645	0.6317161858081818	0.8666666666666667	15.0
8690	train	1.6788351024954762e-05	0.6569207539446323	0.5963801627891431	0.28224963570634526	0.60202515550327	1.0979119688272476	0.5	6.0
8700	train	1.6781008492562804e-05	0.7686973830682468	0.7263577638025844	0.3197155197461446	0.7327520741975073	0.7189061774147881	0.8888888888888888	9.0
8710	train	1.677365940386387e-05	0.9677200024771678	0.9139250311700491	0.1971211383740107	0.9178674539375293	0.9970509707927704	0.7777777777777778	9.0
8720	train	1.6766303767192642e-05	0.9381403264704984	0.8977423162563286	0.2139900177717209	0.902022116611763	0.722364197174708	0.8	15.0
8730	train	1.6758941590891233e-05	0.7531491466398381	0.6959302943317768	0.31551460425059	0.7022405864167885	1.0181712044609919	0.7777777777777778	9.0
8740	train	1.6751572883309167e-05	0.9096861635668098	0.8654619603378592	0.24985510110855103	0.8704590623600302	0.7845420241355896	0.7777777777777778	9.0
8750	train	1.674419765280338e-05	1.037425564484727	0.9913093483516888	0.1980213150382042	0.9952697746524529	0.8431157966454824	0.75	12.0
8760	train	1.673681590773821e-05	0.9947247836315767	0.9501378607161312	0.19487676645318666	0.9540353960451949	0.813787751727634	0.7777777777777778	9.0
8770	train	1.6729427656485367e-05	0.7960343048339511	0.7308038212897278	0.2526349996527036	0.7358565212827818	1.2035556710233875	0.6078431372549019	51.0
8780	train	1.6722032907423958e-05	0.9791794693131567	0.9158281391189483	0.18509237468242645	0.9195299866125969	1.1929896540111966	0.6666666666666666	18.0
8790	train	1.6714631668940447e-05	1.0115482061446328	0.9552146354324904	0.19002833465735117	0.9590152021256374	1.05066008037991	0.75	36.0
8800	train	1.6707223949428664e-05	0.9873845241657765	0.929575217869567	0.20436565143366656	0.9336625308982404	1.0744398653507232	0.6	15.0
8810	train	1.6699809757289786e-05	0.981679585480856	0.9458069511792729	0.18626556048790613	0.9495322623890311	0.642946461836497	0.8333333333333334	18.0
8820	train	1.6692389100932334e-05	0.9669546403261159	0.9274955241155758	0.19231315205494562	0.9313417871566747	0.7122570633888244	0.8	30.0
8830	train	1.6684961988772158e-05	0.9377551879533551	0.8841138677843832	0.21784531076749167	0.888470773999733	0.9856882790724436	0.625	24.0
8840	train	1.6677528429232426e-05	0.9049462154534679	0.8481815620952733	0.24065393706162772	0.8529946408365059	1.03903149233924	0.7222222222222222	18.0
8850	train	1.667008843074363e-05	0.9237065217653989	0.880067751847381	0.22322996457417807	0.8845323511388645	0.7834834125306871	0.7777777777777778	36.0
8860	train	1.6662642001743546e-05	0.8877712164376564	0.8475985394968975	0.22461402912934622	0.8520908200794843	0.713607927163442	0.8	15.0
8870	train	1.6655189150677257e-05	0.9728191088490125	0.9356994667668246	0.198345052699248	0.9396663678208096	0.6630548205640581	0.8888888888888888	18.0
8880	train	1.664772988599713e-05	0.9700141001735009	0.9054818081849692	0.18921286364396414	0.9092660654578484	1.2149606943130493	0.5882352941176471	51.0
8890	train	1.6640264216162797e-05	0.848533752671518	0.7921017526702465	0.24450331926345825	0.7969918190555156	1.030838672320048	0.6	15.0
8900	train	1.663279214964116e-05	0.7389236275135852	0.6875415073116001	0.2460734024643898	0.692462975360888	0.9292130430539449	0.7333333333333333	15.0
8910	train	1.6625313694906372e-05	1.1224897113777021	1.07473733687601	0.10286678497989972	1.0767946725756081	0.9139007760418786	0.7407407407407407	27.0
8920	train	1.661782886043983e-05	0.8595481269917185	0.8183626269328556	0.24757333099842072	0.8233140935528239	0.7246806687778897	0.7777777777777778	9.0
8930	train	1.661033765473018e-05	1.0291074205184776	0.9738976726675826	0.18940316140651703	0.977685735895713	1.0284336924552917	0.7	30.0
8940	train	1.6602840086273273e-05	0.8294622258304996	0.7655955709311143	0.29529110590616864	0.7715013930492377	1.1592166556252375	0.4444444444444444	9.0
8950	train	1.659533616357219e-05	0.9507362569550887	0.8813454613268589	0.22763095796108246	0.8858980804860805	1.2967635293801625	0.4444444444444444	9.0
8960	train	1.6587825895137215e-05	0.9432531776160489	0.8610756946319166	0.2418417123456796	0.8659125288788302	1.5468129747443728	0.5555555555555556	9.0
8970	train	1.6580309289485825e-05	0.9832035926289724	0.9332474487083521	0.19954877719283104	0.9372384242522087	0.9193033675352732	0.8333333333333334	12.0
8980	train	1.657278635514269e-05	0.8633144965472842	0.8336464693350617	0.21510536720355353	0.8379485766791328	0.507318397363027	1.0	6.0
8990	train	1.656525710063965e-05	0.9472041905710783	0.9099263683745947	0.17840939263502756	0.9134945562272953	0.6741926868756613	0.8	15.0
9000	train	1.6557721534515726e-05	1.0119245534944368	0.94894507490673	0.19014062732458115	0.9527478874532216	1.1835333208243053	0.5925925925925926	54.0
9000	val		0.9480054423366713	0.8907013841273855	0.20971240169557664	0.8948956321612971	1.062196203507483	0.6510416666666666	192.0
9010	train	1.6550179665317084e-05	0.747996664451331	0.6666561721167001	0.30847981075445813	0.6728257683317893	1.503417922390832	0.4444444444444444	9.0
9020	train	1.6542631501597043e-05	0.8637387965111614	0.834507714674408	0.19329732159773508	0.8383736611063627	0.5073027080959744	0.9444444444444444	18.0
9030	train	1.653507705191606e-05	0.9429269512237509	0.8902137437537048	0.2117024560769399	0.8944477928752436	0.969583166970147	0.6666666666666666	18.0
9040	train	1.6527516324841724e-05	0.9047915416103706	0.8511331276074486	0.22140490263700485	0.8555612256601888	0.9846063190036349	0.7222222222222222	18.0
9050	train	1.6519949328948736e-05	0.8873833894713633	0.8007390788181536	0.22701415667931238	0.8052793619517399	1.6420805503924687	0.3333333333333333	6.0
9060	train	1.6512376072818917e-05	0.943579911180036	0.887552756928103	0.21074092015624046	0.8917675753312277	1.0362467169761658	0.5	6.0
9070	train	1.650479656504118e-05	0.9415084890859038	0.8965188349207286	0.18938586488366127	0.9003065522184018	0.82403873735004	0.7222222222222222	18.0
9080	train	1.6497210814211528e-05	0.7404168593797985	0.7064252036227687	0.27210312833388645	0.7118672661894464	0.5709918638070425	0.8333333333333334	12.0
9090	train	1.648961882893305e-05	1.0243453097791533	0.9626680682302574	0.1810256950557232	0.9662885821313719	1.1611345529556274	0.6	15.0
9100	train	1.64820206178159e-05	1.0286398641140426	0.997307285670224	0.1516538287202517	1.000340362244629	0.5659900373882718	0.8888888888888888	18.0
9110	train	1.64744161894773e-05	1.079158198557409	1.0380132736402543	0.14181868359446526	1.0408496473121436	0.7661710249053107	0.8333333333333334	18.0
9120	train	1.646680555254151e-05	0.842824139353141	0.7910170744589682	0.29363253464301425	0.7968897251518284	0.9186882840262519	0.7222222222222222	18.0
9130	train	1.6459188715639845e-05	0.9447454297134956	0.9104417868958262	0.20996556555231413	0.9146410982068724	0.6020866301324632	0.8333333333333334	18.0
9140	train	1.6451565687410643e-05	1.0984930005923057	1.0573187704513614	0.1237273992349704	1.0597933184360608	0.7739936431248983	0.8666666666666667	15.0
9150	train	1.6443936476499267e-05	0.9739295849968616	0.9282015879099194	0.20833883496622244	0.9323683646092438	0.831224407752355	0.7333333333333333	15.0
9160	train	1.6436301091558095e-05	0.8640096144206507	0.8241304944283946	0.2403179481625557	0.8289368533916457	0.701455220580101	0.8333333333333334	12.0
9170	train	1.6428659541246496e-05	0.9801929821863533	0.9442870246773831	0.1934011479218801	0.9481550476358207	0.6407586910106517	0.8518518518518519	27.0
9180	train	1.642101183423084e-05	0.9221825065235423	0.7782371674994754	0.27638016641139984	0.7837647708277033	2.7683547139167786	0.16666666666666666	6.0
9190	train	1.6413357979184487e-05	0.9255769439365013	0.8804661218619476	0.19678143163522085	0.8844017504946521	0.8235038688369826	0.8235294117647058	51.0
9200	train	1.640569798478775e-05	0.8815221459351679	0.833626089586089	0.22157635415593782	0.8380576166692077	0.8692905853192011	0.8333333333333334	6.0
9210	train	1.6398031859727917e-05	0.8592547071102079	0.8226752590261714	0.22603459656238556	0.8271959509574192	0.641175123055776	0.9333333333333333	15.0
9220	train	1.6390359612699232e-05	0.9332611105461334	0.8798839577654416	0.22290428976217905	0.8843420435606851	0.978381339708964	0.7	30.0
9230	train	1.6382681252402872e-05	0.7119302299821325	0.6657484806283263	0.271933081249396	0.6711871422533142	0.8148617545763651	0.8333333333333334	6.0
9240	train	1.6374996787546956e-05	0.9110835915806946	0.835591067622409	0.239220030605793	0.8403754682345248	1.4141624669233959	0.5	6.0
9250	train	1.6367306226846514e-05	0.9246619226431938	0.8609803747903398	0.24399078202744326	0.8658601904308887	1.1760346442461014	0.6666666666666666	6.0
9260	train	1.6359609579023506e-05	0.9684931098281028	0.924242285451162	0.1714175504942735	0.9276706364610475	0.8164494673411051	0.7333333333333333	15.0
9270	train	1.6351906852806786e-05	0.876259982708203	0.8061587527872197	0.24996651088198027	0.8111580830048594	1.3020379940668743	0.5555555555555556	9.0
9280	train	1.63441980569321e-05	0.8557711873599522	0.8077008670716119	0.23652615149815878	0.8124313901015751	0.8667959451675415	0.8	15.0
9290	train	1.6336483200142083e-05	0.8345861303858669	0.8094947194608759	0.21693294246991476	0.8138333783102742	0.4150550415118535	1.0	12.0
9300	train	1.632876229118624e-05	0.9865130474652472	0.9232064720146148	0.17324934899806976	0.9266714589945763	1.1968317694134183	0.5	18.0
9310	train	1.632103533882094e-05	0.8532958425775946	0.799695084478701	0.2638373250762622	0.8049718309802262	0.9664802319473691	0.7777777777777778	9.0
9320	train	1.631330235180941e-05	0.9059588265378595	0.8542878023742955	0.24686385691165924	0.8592250795125287	0.9346749405066173	0.8	15.0
9330	train	1.6305563338921715e-05	1.0497962298482362	1.0061677571872576	0.15537473435203233	1.0092752518742982	0.8104195594787598	0.75	24.0
9340	train	1.6297818308934757e-05	1.0230400368351873	0.9550791421975496	0.17824228604634604	0.9586439879184766	1.287920978334215	0.5555555555555556	27.0
9350	train	1.629006727063226e-05	0.8907045277453086	0.8476387772457422	0.24984083573023477	0.8526355939603469	0.761378675699234	0.8333333333333334	12.0
9360	train	1.628231023280477e-05	1.0574856136285387	0.9991723774168018	0.1686035580933094	1.0025444485786679	1.0988233009974162	0.6333333333333333	60.0
9370	train	1.6274547204249625e-05	0.8708784352059568	0.8347347614482447	0.20023633042971292	0.838739488056839	0.6427789429823557	0.75	12.0
9380	train	1.6266778193770965e-05	1.069907685828113	1.0245830392362487	0.1544357060144345	1.0276717533565374	0.8447186494315112	0.8148148148148148	27.0
9390	train	1.6259003210179716e-05	1.0149954803704184	0.9802838100081314	0.16838963578144708	0.9836516027237603	0.6268775529331632	0.7777777777777778	9.0
9400	train	1.6251222262293572e-05	1.1120858284372874	1.0460101636123778	0.13376632829507193	1.0486854901782792	1.2680067651801639	0.5555555555555556	9.0
9410	train	1.6243435358936995e-05	0.969055951351868	0.9222472312670639	0.1919918842613697	0.9260870689522913	0.8593776479915336	0.7037037037037037	27.0
9420	train	1.62356425089412e-05	1.0161596695179544	0.9568785388116838	0.15991529201467833	0.9600768446519774	1.1216564973195393	0.5925925925925926	27.0
9430	train	1.622784372114414e-05	0.9606777837369325	0.9056200188640238	0.20512388770778975	0.9097224966181796	1.019105742375056	0.5555555555555556	9.0
9440	train	1.6220039004390515e-05	0.8991789096761338	0.854155515002071	0.22911424686511359	0.8587377999393733	0.8088221947352091	0.7222222222222222	18.0
9450	train	1.6212228367531743e-05	0.8391330677704381	0.8068501349723703	0.285393866399924	0.8125580123003688	0.531501109401385	1.0	6.0
9460	train	1.6204411819425952e-05	0.8842414863510892	0.8083253000283207	0.2378616655866305	0.8130825333400533	1.4231790602207184	0.5	12.0
9470	train	1.6196589368937977e-05	0.9277479227990368	0.8812463144267503	0.23251807317137718	0.8858966758901778	0.8370249381771794	0.7777777777777778	27.0
9480	train	1.618876102493935e-05	0.8434343631136647	0.8106804706472388	0.1922519070406755	0.8145255087880523	0.5781770865122478	0.8666666666666667	15.0
9490	train	1.618092679630828e-05	0.9873911493046662	0.9319989882681351	0.1823667548596859	0.9356463233653288	1.0348965187867483	0.6666666666666666	15.0
9500	train	1.6173086691929666e-05	1.0177888149693848	0.956268469237505	0.17103205962727466	0.9596891104300505	1.1619940907866866	0.5925925925925926	27.0
9500	val		0.9455732791356224	0.8900733623280702	0.21535232724262038	0.8943804088729226	1.0238574052539964	0.65625	192.0
9510	train	1.616524072069504e-05	0.8491654085101907	0.809254031088507	0.22416203344861665	0.8137372717574793	0.7085627350542281	0.8333333333333334	18.0
9520	train	1.615738889150262e-05	0.979220224403031	0.9433588868952666	0.18222588921586672	0.9470034046795839	0.6443363944689433	0.9333333333333333	15.0
9530	train	1.6149531213257255e-05	0.8261151622142634	0.7755277876793916	0.26140118141969043	0.7807558113077854	0.9071870181295607	0.6666666666666666	9.0
9540	train	1.6141667694870415e-05	0.9285664408236349	0.883874504814175	0.22611322502295175	0.888396769314634	0.8033934301800199	0.8333333333333334	18.0
9550	train	1.613379834526022e-05	1.0591927708753819	0.9971778066773093	0.1673603542149067	1.0005250137616073	1.1733551422754924	0.5555555555555556	9.0
9560	train	1.6125923173351375e-05	0.866909270513888	0.8054590962120253	0.2646329179406166	0.8107517545708376	1.1231503188610077	0.5	6.0
9570	train	1.611804218807521e-05	1.0017508429797557	0.964078617585573	0.18160911525289217	0.9677107998906308	0.6808008617824979	0.7222222222222222	18.0
9580	train	1.611015539836963e-05	1.014710837711357	0.9594993739034473	0.20998946577310562	0.9636991632189095	1.0202334898489493	0.7407407407407407	27.0
9590	train	1.6102262813179147e-05	0.9517506302259294	0.8774894393512204	0.22762273997068405	0.882041894150634	1.3941747215059068	0.6666666666666666	9.0
9600	train	1.6094364441454817e-05	0.9394133571772576	0.9014878104781575	0.23958171407381693	0.9062794447596338	0.6626782483524747	0.8888888888888888	18.0
9610	train	1.6086460292154277e-05	0.9265645290211442	0.8753417169596357	0.19255995377898216	0.8791929160352153	0.947432259718577	0.7777777777777778	18.0
9620	train	1.6078550374241716e-05	1.0504115943522059	0.9987053576740647	0.17524889608224234	1.0022103355957095	0.9640251751299258	0.7407407407407407	54.0
9630	train	1.607063469668786e-05	0.9951421701094157	0.9355310892989881	0.21470415716369948	0.939825172442262	1.1063399533430736	0.6	15.0
9640	train	1.606271326846996e-05	1.0554753426353536	1.0271157169978222	0.14741926888624826	1.0300641023755472	0.5082248051961263	0.9444444444444444	18.0
9650	train	1.605478609857181e-05	0.7697446602173323	0.6828472929286634	0.30741026252508163	0.6889954981791651	1.6149832407633464	0.5	6.0
9660	train	1.6046853195983693e-05	0.8626284941308049	0.8103821485015101	0.22426380713780722	0.8148674246442663	0.9552213897307714	0.6666666666666666	12.0
9670	train	1.6038914569702405e-05	0.9559399072009593	0.9010151486772567	0.21499227732419968	0.9053149942237407	1.0124982595443726	0.6666666666666666	18.0
9680	train	1.6030970228731233e-05	0.9248910541893576	0.8508878811923862	0.2242353931069374	0.855372589054525	1.390369302696652	0.5555555555555556	18.0
9690	train	1.6023020182079948e-05	0.8511879377223108	0.8201676965909256	0.26618897418181103	0.8254914760745619	0.5139292329549789	1.0	12.0
9700	train	1.6015064438764778e-05	0.8742411337544906	0.8024061779595469	0.240783063073953	0.807221839221026	1.340385890669293	0.5555555555555556	9.0
9710	train	1.600710300780843e-05	1.0527104760151191	1.0014283672496098	0.1656152941286564	1.0047406731321828	0.9593960576587253	0.7222222222222222	36.0
9720	train	1.599913589824005e-05	1.0274217845936742	0.9887044528729512	0.18673419455687204	0.9924391367640886	0.6996529565917121	0.8333333333333334	18.0
9730	train	1.5991163119095223e-05	0.8810258112354634	0.7987933376683353	0.24240750943621	0.8036414878570595	1.5476864675680797	0.5	6.0
9740	train	1.5983184679415975e-05	0.880829906427612	0.8353200136758389	0.2209745372335116	0.839739504420509	0.8218080401420593	0.8	15.0
9750	train	1.597520058825074e-05	0.7734658137571228	0.7156790982794178	0.25629808257023495	0.7208050599308224	1.053215076526006	0.6666666666666666	12.0
9760	train	1.5967210854654366e-05	0.6894627322710795	0.6350122968934221	0.302535913263758	0.6410630151586972	0.967994342247645	0.6666666666666666	6.0
9770	train	1.5959215487688102e-05	0.8311348038010017	0.7833037570376081	0.24145622303088507	0.7881328814982258	0.8600384460555183	0.6666666666666666	9.0
9780	train	1.5951214496419585e-05	0.8048145490676715	0.7591839441573176	0.23515228865047297	0.7638869899303271	0.8185511827468872	0.5555555555555556	9.0
9790	train	1.5943207889922822e-05	0.9193723550487638	0.8722179250219544	0.22777624304095903	0.8767734498827736	0.8519781033198038	0.7777777777777778	18.0
9800	train	1.5935195677278203e-05	0.9631028053814467	0.9183794530386026	0.19966935366392136	0.922372840111881	0.8145993053913116	0.7222222222222222	18.0
9810	train	1.5927177867572466e-05	0.7015577860884955	0.6573490700420165	0.31032855436205864	0.6635556411292577	0.7600428991847568	0.7777777777777778	9.0
9820	train	1.59191544698987e-05	1.019232746978679	0.9741893999974715	0.14096079766750336	0.9770086159508216	0.8444826205571493	0.803921568627451	51.0
9830	train	1.591112549335633e-05	0.8025897657737681	0.7473681903745282	0.2674322873353958	0.7527168361212361	0.9974585930506389	0.7333333333333333	15.0
9840	train	1.5903090947051112e-05	1.0529458526568836	0.9700672986405319	0.173329196870327	0.9735338825779384	1.5882394015789032	0.5	6.0
9850	train	1.5895050840095117e-05	1.0222790972854017	0.9795010365511297	0.18105878929297128	0.9831222123369892	0.7831376989682516	0.875	24.0
9860	train	1.5887005181606712e-05	0.9434737996940974	0.8787223275852035	0.20303352177143097	0.8827829980206321	1.213816033469306	0.4444444444444444	9.0
9870	train	1.587895398071058e-05	1.0322865172845666	0.9867451780576717	0.16737226520975432	0.9900926233618668	0.8438778784539964	0.7222222222222222	72.0
9880	train	1.587089724653767e-05	0.9345213284203878	0.8951107236851723	0.21058585246404013	0.8993224407344531	0.7039777537186941	0.7777777777777778	9.0
9890	train	1.5862834988225218e-05	0.9792342546899192	0.925638610807521	0.17764758070309958	0.929191562421583	1.0008538453667253	0.6481481481481481	54.0
9900	train	1.5854767214916724e-05	0.9421136609516431	0.9182218168479094	0.19461147487163544	0.9221140463453421	0.3999922921260198	0.9166666666666666	12.0
9910	train	1.5846693935761938e-05	0.9975174241914604	0.9499919429574663	0.17056737591822943	0.9534032904758308	0.8822826743125916	0.75	48.0
9920	train	1.583861515991686e-05	0.9915651325688281	0.9460640959745166	0.1771565849582354	0.9496072276736813	0.8391580979029337	0.803921568627451	51.0
9930	train	1.583053089654372e-05	1.012929259926552	0.9662220971688376	0.16380707422892252	0.969498238653416	0.8686204254627228	0.75	24.0
9940	train	1.582244115481097e-05	0.8308525561456731	0.782298458508139	0.24026539052526155	0.7871037663186442	0.8749757965405782	0.8	15.0
9950	train	1.581434594389328e-05	0.8098686295546094	0.7605136522697409	0.2674278182288011	0.7658622086343169	0.8801284184058508	0.75	12.0
9960	train	1.580624527297152e-05	0.7418364687213835	0.6956579242596564	0.255560224254926	0.7007691287447549	0.8213467995325724	0.7777777777777778	9.0
9970	train	1.5798139151232753e-05	0.8805295911690084	0.8343117045952698	0.20758362114429474	0.8384633770181558	0.8413242830170525	0.6666666666666666	18.0
9980	train	1.5790027587870217e-05	0.894069681261334	0.85283617771601	0.23974479362368584	0.8576310735884837	0.7287721534570059	0.7777777777777778	9.0
9990	train	1.5781910592083338e-05	0.9453120380324775	0.8813158145562796	0.19372801979382834	0.8851903749521561	1.2024332616064284	0.5555555555555556	9.0
10000	train	1.5773788173077683e-05	0.8823521507948401	0.8287450684600365	0.19045575708150864	0.8325541836016667	0.9959593438634685	0.6470588235294118	51.0
10000	val		0.9447753791958279	0.88987835713832	0.20776668312944663	0.8940336908009089	1.0148337678983808	0.6614583333333334	192.0
10010	train	1.5765660340064983e-05	0.9356159923507993	0.895147966795586	0.18067724257707596	0.8987615116471275	0.7370896140734354	0.8333333333333334	6.0
10020	train	1.5757527102263108e-05	0.8718792006908956	0.8270484946044719	0.2068952073653539	0.831186398751779	0.8138560387823317	0.7222222222222222	18.0
10030	train	1.574938846889605e-05	1.0031851883870275	0.9316186988950018	0.17271588183939457	0.9350730165317898	1.362243437104755	0.5555555555555556	9.0
10040	train	1.5741244449193926e-05	0.9951341349240276	0.9560602195914718	0.18734323730071387	0.9598070843374861	0.7065410117308298	0.8888888888888888	9.0
10050	train	1.5733095052392962e-05	0.957482024434534	0.8931329425954097	0.19936448459823927	0.8971202322873745	1.2072358429431915	0.6666666666666666	6.0
10060	train	1.572494028773548e-05	0.7765568412870716	0.7441388334612599	0.22874369844794273	0.7487137074302187	0.556862677137057	1.0	6.0
10070	train	1.5716780164469892e-05	0.9473181958762733	0.8960985833534637	0.17698681727051735	0.8996383196988741	0.9535975235479849	0.6296296296296297	27.0
10080	train	1.5708614691850686e-05	0.9755901350368077	0.9340873609108079	0.1742126146952311	0.9375716132047125	0.7603704366419051	0.8333333333333334	18.0
10090	train	1.5700443879138414e-05	0.8046985613774934	0.7228171616019485	0.26261712486545247	0.7280695040992576	1.5325811455647151	0.6666666666666666	6.0
10100	train	1.5692267735599687e-05	0.99065651914314	0.9562751192930895	0.1669384390115738	0.9596138880733209	0.6208526213963826	0.8	15.0
10110	train	1.5684086270507164e-05	0.9114859066218488	0.8747023737242174	0.20935081442197165	0.8788893900126569	0.6519303321838379	0.8	15.0
10120	train	1.5675899493139537e-05	1.041997924136445	0.9937650376515174	0.18128825351595879	0.9973908027218366	0.8921424282921685	0.75	36.0
10130	train	1.566770741278152e-05	0.9017705613915686	0.8582135151867633	0.2512269988656044	0.8632380551640754	0.7706501245498657	0.8666666666666667	15.0
10140	train	1.5659510038723848e-05	0.9046902787495886	0.845525361810383	0.25605784356594086	0.8506465186817018	1.0808752013577356	0.6666666666666666	9.0
10150	train	1.565130738026325e-05	0.8555080134450304	0.8228277233685626	0.22040927410125732	0.8272359088505877	0.5654420918888516	0.8888888888888888	18.0
10160	train	1.564309944670246e-05	1.0110348827118008	0.9526089373039862	0.19033857683340707	0.9564157088406544	1.0923834774229262	0.6666666666666666	36.0
10170	train	1.563488624735018e-05	1.04935128929478	0.9921382214850393	0.18141571680704752	0.9957665358211802	1.071695069471995	0.625	24.0
10180	train	1.56266677915211e-05	0.8584495910443151	0.8047057241470235	0.24564659347136816	0.8096186560164508	0.9766187005572848	0.5555555555555556	9.0
10190	train	1.5618444088535858e-05	1.0510806214765078	1.0073586386563413	0.15776915599902472	1.0105140217763218	0.8113319940037198	0.8055555555555556	36.0
10200	train	1.5610215147721048e-05	0.9120032096205688	0.8852855482166214	0.18562516818443933	0.8889980515803102	0.4601031608051724	1.0	18.0
10210	train	1.560198097840921e-05	0.9857579272202104	0.9090065633963992	0.17513331274191538	0.9125092296512375	1.4649739513794582	0.6666666666666666	6.0
10220	train	1.559374158993881e-05	0.9897682630871937	0.9350423417676029	0.17853458722432455	0.9386130335120895	1.0231045915020838	0.6851851851851852	54.0
10230	train	1.558549699165422e-05	0.9094797419778258	0.8486786547242023	0.2558426608641942	0.8537955079414862	1.113684680726793	0.6666666666666666	9.0
10240	train	1.5577247192905742e-05	0.9726997562386253	0.8881061811633565	0.2246158259610335	0.8925984976825772	1.6020251711209614	0.16666666666666666	6.0
10250	train	1.556899220304956e-05	0.8721125000301292	0.8073890492899508	0.2651950716972351	0.8126929507238955	1.1883909861246744	0.6666666666666666	15.0
10260	train	1.5560732031447757e-05	0.9976593253126258	0.945651463711644	0.1841340959072113	0.9493341456297882	0.9665035936567519	0.6666666666666666	18.0
10270	train	1.5552466687468285e-05	0.7648256108028244	0.6994748878673598	0.3144674251476924	0.7057642363703136	1.181227488650216	0.5555555555555556	9.0
10280	train	1.554419618048496e-05	1.0778375195521666	1.0280035734814292	0.15193919216593108	1.0310423573247478	0.9359032445483737	0.6666666666666666	36.0
10290	train	1.553592051987746e-05	0.9549202636529237	0.9133995827352898	0.2055293619632721	0.9175101699745553	0.7482018735673692	0.7777777777777778	9.0
10300	train	1.5527639715031302e-05	0.9112091552651802	0.8628590575791278	0.20884902278582254	0.8670360380348443	0.8834623446067175	0.8333333333333334	6.0
10310	train	1.5519353775337846e-05	1.0193065463967808	0.9637278600004998	0.19462004800637564	0.9676202609606274	1.0337257087230682	0.625	24.0
10320	train	1.5511062710194267e-05	0.8960393988847994	0.8376087863339581	0.24862765272458395	0.8425813393884497	1.0691611899269953	0.6666666666666666	9.0
10330	train	1.5502766529003555e-05	1.0101291242580603	0.9741885861099752	0.17445092648267746	0.9776776046396287	0.6490303923686346	0.8333333333333334	12.0
10340	train	1.5494465241174505e-05	0.8085191058854773	0.7564808892945959	0.29973162959019345	0.7624755218863998	0.9208716799815496	0.6666666666666666	6.0
10350	train	1.5486158856121698e-05	1.1010147243391242	1.0587130957494941	0.12764651576677957	1.0612660260648297	0.7949739654858907	0.7333333333333333	15.0
10360	train	1.5477847383265503e-05	1.0813728072218405	1.0358537383613002	0.14246447384357452	1.0387030278381717	0.8533955876733742	0.7254901960784313	51.0
10370	train	1.546953083203205e-05	0.9194385235218474	0.8654039970743923	0.23494592805703482	0.870102915635533	0.9867121577262878	0.5555555555555556	9.0
10380	train	1.5461209211853238e-05	1.0424263544919714	0.9779745612584179	0.15916310250759125	0.9811578233085697	1.2253706236680348	0.6	30.0
10390	train	1.5452882532166708e-05	1.0184189798931234	0.9513129128267321	0.2055871201058229	0.9554246552288486	1.259886493285497	0.4444444444444444	9.0
10400	train	1.544455080241584e-05	0.991198315875938	0.9573787543497587	0.16836931680639586	0.9607461406858866	0.6090435038010279	0.9166666666666666	12.0
10410	train	1.543621403204975e-05	0.8855069413065035	0.8352027532570017	0.230446957051754	0.8398116923980368	0.9139049781693352	0.7222222222222222	18.0
10420	train	1.542787223052325e-05	0.8294937742761662	0.8016774943813904	0.2330642690261205	0.8063387797619128	0.4630998902850681	0.8888888888888888	9.0
10430	train	1.5419525407296886e-05	0.8051749422870136	0.7334103661499477	0.27539172271887463	0.7389182006043252	1.3251348336537678	0.6666666666666666	6.0
10440	train	1.5411173571836874e-05	0.8810181278745132	0.8313496114571688	0.24770262092351913	0.8363036638756391	0.8942892799774805	0.8333333333333334	12.0
10450	train	1.5402816733615132e-05	0.8828954216622444	0.8401718146662822	0.23272458463907242	0.8448263063590636	0.7613823060636167	0.8148148148148148	27.0
10460	train	1.5394454902109243e-05	0.9546201661543398	0.9126947000937013	0.20778643588225046	0.9168504288113464	0.7553947468598684	0.6666666666666666	12.0
10470	train	1.5386088086802448e-05	0.8172684983666274	0.7572086351370348	0.2281771053870519	0.7617721772447759	1.109926422437032	0.6666666666666666	9.0
10480	train	1.537771629718365e-05	0.99287198567475	0.9569183877764654	0.19623707607388496	0.9608431292979431	0.6405771275361379	0.8333333333333334	18.0
10490	train	1.5369339542747395e-05	0.931267971050693	0.8721707904468621	0.2315217728416125	0.8768012259036944	1.089334902939973	0.6481481481481481	54.0
10500	train	1.5360957832993854e-05	0.9341879958117053	0.8844484232651569	0.21755302821596464	0.8887994838294763	0.9077702396445804	0.6666666666666666	9.0
10500	val		0.9424242456505906	0.8888766161265622	0.21445123304953553	0.8931656407875529	0.9851720972607533	0.6875	192.0
10510	train	1.535257117742881e-05	0.930994675721192	0.8908142358383838	0.21552621324857077	0.8951247601033552	0.7173983123567369	0.7777777777777778	9.0
10520	train	1.5344179585563675e-05	0.8448642074632327	0.8022708010244052	0.21406356493631998	0.8065520723231315	0.7662427028020223	0.8888888888888888	9.0
10530	train	1.5335783066915437e-05	0.8247337748559249	0.7775008408677511	0.24993502348661423	0.7824995413374833	0.8446846703688303	0.8333333333333334	6.0
10540	train	1.5327381631006694e-05	0.869195631535481	0.8016701630668148	0.2599787662426631	0.8068697383916681	1.2465178628762563	0.6	15.0
10550	train	1.53189752873656e-05	0.8395853632497393	0.7851801131474577	0.2659614110986392	0.7904993413694306	0.9817204376061758	0.5555555555555556	9.0
10560	train	1.531056404552589e-05	1.0094607460520868	0.9650438326122567	0.1722754711906115	0.968489342036069	0.8194280803203583	0.7333333333333333	60.0
10570	train	1.5302147915026842e-05	0.9677812915247865	0.9277457997569297	0.18479532251755396	0.9314417062072808	0.7267917063501146	0.8888888888888888	18.0
10580	train	1.529372690541329e-05	1.0671397458638785	1.0168103141766383	0.17817851652701697	1.0203738845071786	0.9353172271339981	0.7407407407407407	27.0
10590	train	1.52853010262356e-05	0.8228440495606868	0.7876543229265288	0.2654193267226219	0.7929627094609812	0.5976268019941118	0.8888888888888888	9.0
10600	train	1.5276870287049644e-05	1.0626312103721562	1.0088647450857424	0.14285853008429208	1.0117219156874282	1.0181858936945598	0.7666666666666667	60.0
10610	train	1.526843469741683e-05	0.944380816092362	0.8855340262952149	0.20371169845263162	0.8896082602642675	1.0954511165618896	0.6666666666666666	24.0
10620	train	1.525999426690405e-05	0.976129652068646	0.9167793593694414	0.18961484978596369	0.9205716563651607	1.1111599140697055	0.6666666666666666	18.0
10630	train	1.5251549005083689e-05	0.9380563135617616	0.8937308122886858	0.22370356072982153	0.8982048835032822	0.7970286011695862	0.75	12.0
10640	train	1.5243098921533621e-05	0.868064036538499	0.8191696707857622	0.22941247249643007	0.8237579202356908	0.8861223260561625	0.6666666666666666	9.0
10650	train	1.5234644025837178e-05	0.8400962744383931	0.7890157299716195	0.2536064100762208	0.7940878581731439	0.920168325304985	0.5	6.0
10660	train	1.522618432758315e-05	0.9520994984083313	0.9035486595802444	0.21470403174559274	0.9078427402151563	0.8851351638635	0.7083333333333334	24.0
10670	train	1.5217719836365782e-05	1.0433268659131665	0.9836908948156838	0.18790854886174202	0.9874490657929187	1.1175560024049547	0.625	72.0
10680	train	1.5209250561784745e-05	1.0024965635309662	0.9611073623468522	0.16829531888167062	0.9644732687244857	0.7604658961296081	0.8333333333333334	30.0
10690	train	1.5200776513445134e-05	0.6481454752327482	0.6027145619135579	0.2920244385798772	0.6085550506851555	0.791808490951856	0.8333333333333334	6.0
10700	train	1.5192297700957474e-05	0.6443735859536219	0.6000749438249159	0.2996140842636426	0.6060672255101888	0.7661272088686625	0.8333333333333334	6.0
10710	train	1.5183814133937674e-05	0.8781175284063107	0.8449448988810467	0.23372972756624222	0.8496194934323715	0.5699606994787852	0.8666666666666667	15.0
10720	train	1.5175325822007046e-05	1.019265921474509	0.9570811885208017	0.20796909928321838	0.961240570506466	1.1605070193608602	0.6333333333333333	30.0
10730	train	1.516683277479228e-05	0.9857585493235734	0.9568874189652836	0.18634323279062906	0.9606142836210962	0.5028853140495442	1.0	27.0
10740	train	1.5158335001925434e-05	0.9783122181876727	0.9287844242139884	0.21661009639501572	0.9331166261418887	0.9039118409156799	0.7	30.0
10750	train	1.5149832513043932e-05	0.9404438921575181	0.8900191757842335	0.21330873171488443	0.8942853504185312	0.9231708347797394	0.5833333333333334	12.0
10760	train	1.5141325317790541e-05	0.7607332211414384	0.6941336591554423	0.22702249636252722	0.6986741090826929	1.2411822411749098	0.5555555555555556	9.0
10770	train	1.5132813425813367e-05	0.8953214403365298	0.8372641779357438	0.23420235514640808	0.841948225038672	1.0674643059571585	0.6	15.0
10780	train	1.5124296846765845e-05	0.8180326959245096	0.7813911618874493	0.24909917016824087	0.7863731452908141	0.6331910126739078	0.8333333333333334	18.0
10790	train	1.5115775590306717e-05	0.9870946284428754	0.9147439115705277	0.25428905834754306	0.9198296927374786	1.3452987141079373	0.5	18.0
10800	train	1.5107249666100044e-05	1.0024739488212306	0.9507778704412817	0.2070162147283554	0.9549181947358488	0.9511150817076365	0.6666666666666666	18.0
10810	train	1.5098719083815169e-05	1.0053044993229194	0.9572964183619438	0.19056642924745879	0.9611077469468929	0.8839350475205315	0.7777777777777778	18.0
10820	train	1.5090183853126723e-05	1.0139964464733904	0.9604597962329692	0.1766770432392756	0.9639933370977547	1.0000621875127156	0.625	24.0
10830	train	1.5081643983714602e-05	1.0107425422581027	0.9794384035331001	0.13443533703684807	0.982127110273837	0.5723086396853129	0.7777777777777778	9.0
10840	train	1.5073099485263975e-05	0.8920610060790818	0.8430457006311722	0.24351798867185911	0.8479160604046094	0.8828989134894477	0.6666666666666666	9.0
10850	train	1.5064550367465254e-05	1.0527129814083012	1.0099515468433133	0.1655250017841657	1.0132620468789966	0.7890186905860901	0.8055555555555556	36.0
10860	train	1.5055996640014087e-05	0.8218764625705964	0.7652901893573688	0.2651735494534175	0.7705936603464372	1.0256560444831848	0.6666666666666666	9.0
10870	train	1.5047438312611351e-05	0.9187224317934601	0.8587422557850501	0.2257553959886233	0.8632573637048226	1.1093013617727492	0.5555555555555556	9.0
10880	train	1.5038875394963146e-05	0.7250235858998766	0.6803726971091896	0.2854125499725342	0.6860809481086403	0.7788527558247248	0.8333333333333334	6.0
10890	train	1.5030307896780773e-05	0.8564203272455017	0.8092919440262596	0.23752783238887787	0.8140425006740372	0.8475565314292908	0.8333333333333334	12.0
10900	train	1.5021735827780727e-05	0.9102997251648777	0.864300873392066	0.23356731484333673	0.8689722196889327	0.8265501095188988	0.7777777777777778	9.0
10910	train	1.501315919768469e-05	0.9630589137868274	0.9166800026823603	0.19605785111586252	0.9206011597046775	0.8491550816429986	0.7222222222222222	36.0
10920	train	1.500457801621951e-05	0.9850097743724582	0.9288347719277846	0.18962796032428741	0.9326273311342704	1.0476488647637543	0.6851851851851852	54.0
10930	train	1.4995992293117208e-05	0.9556269646450919	0.9105630124871971	0.18524319181839624	0.914267876323565	0.8271817664305369	0.7777777777777778	9.0
10940	train	1.4987402038114943e-05	0.8226046287010214	0.7847880541054287	0.2372185985247294	0.7895324260759233	0.661444052501961	0.8148148148148148	27.0
10950	train	1.4978807260955027e-05	0.8031042078058	0.7720114451567407	0.23849130670229593	0.7767812712907867	0.5264587303002676	0.9166666666666666	12.0
10960	train	1.497020797138489e-05	0.9307346451801141	0.8755002988234573	0.19821849465370178	0.8794646687165313	1.0253995292716556	0.7777777777777778	9.0
10970	train	1.4961604179157086e-05	0.9194018122155366	0.8783261343438326	0.21761435767014822	0.8826784214972355	0.7344678143660227	0.6666666666666666	9.0
10980	train	1.4952995894029268e-05	0.8215304301343586	0.7709281556303857	0.25768810013930005	0.7760819176331718	0.9089702500237359	0.6666666666666666	9.0
10990	train	1.4944383125764195e-05	0.9360602880085395	0.8895476193956089	0.23470371713240942	0.8942416937382571	0.8363718854056464	0.8888888888888888	9.0
11000	train	1.49357658841297e-05	0.9502556865478206	0.9058820029164004	0.21944368879000345	0.9102708766922005	0.7996961971124014	0.7916666666666666	24.0
11000	val		0.9439234786667285	0.8884514162378684	0.21298774797808864	0.8927111711974302	1.024246149385969	0.671875	192.0
11010	train	1.4927144178898695e-05	0.9155162758487029	0.8709851161994102	0.22957850495974222	0.8755766862986051	0.7987917910019556	0.75	24.0
11020	train	1.4918518019849155e-05	0.9942476663806907	0.9572121713627251	0.17484897250930467	0.9607091508129112	0.6707703113555908	0.8	30.0
11030	train	1.4909887416764104e-05	0.8704525433533774	0.8358195155415322	0.20947298407554626	0.8400089752230432	0.6088713626066844	0.8666666666666667	15.0
11040	train	1.4901252379431607e-05	0.9979107910261423	0.9500036122019957	0.1791332649687926	0.9535862775013716	0.8864902704954147	0.8333333333333334	12.0
11050	train	1.4892612917644751e-05	0.9242083854300545	0.8474582016623118	0.22655804951985678	0.851989362652709	1.4443804555469089	0.4444444444444444	9.0
11060	train	1.4883969041201656e-05	0.8629547781871924	0.805216318580227	0.2122254172960917	0.8094608269261488	1.069879025220871	0.6666666666666666	9.0
11070	train	1.4875320759905437e-05	0.9297282378411209	0.871948608682368	0.2330561156074206	0.8766097309945164	1.0623701369320904	0.6481481481481481	54.0
11080	train	1.4866668083564205e-05	1.0054018424448619	0.9474885643022506	0.1875786284605662	0.9512401368714619	1.0832341114679973	0.6111111111111112	18.0
11090	train	1.4858011021991058e-05	0.7964741470358623	0.7393157364866985	0.25832397242387134	0.7444822159351759	1.039838622013728	0.6666666666666666	15.0
11100	train	1.4849349585004072e-05	0.812110453930095	0.7666276592628113	0.25245947763323784	0.771676848815476	0.8086721022923787	0.8666666666666667	15.0
11110	train	1.4840683782426275e-05	1.0002401198542044	0.960720555295142	0.1820413147409757	0.9643613815899615	0.7175747652848562	0.8055555555555556	36.0
11120	train	1.4832013624085654e-05	0.7651935719555891	0.7222249889479355	0.30846769114335376	0.7283943427708026	0.7359845836957296	0.75	12.0
11130	train	1.4823339119815134e-05	0.8904566908372962	0.8557667587194366	0.23667549341917038	0.86050026858782	0.5991284449895223	0.8888888888888888	9.0
11140	train	1.4814660279452566e-05	0.74176533190111	0.6969646414637535	0.27751590435703594	0.7025149595508942	0.7850074470043182	0.7777777777777778	9.0
11150	train	1.4805977112840722e-05	0.9812102142473262	0.9368574064970218	0.21314126998186111	0.9411202318966589	0.8017996470133464	0.7	30.0
11160	train	1.4797289629827279e-05	0.987303868956515	0.9301505157621193	0.20566235482692719	0.9342637628586579	1.060802121957143	0.7	30.0
11170	train	1.478859784026481e-05	1.0143083704253546	0.9718478637675952	0.18568257490793863	0.975561515265754	0.7749371031920115	0.8666666666666667	30.0
11180	train	1.477990175401077e-05	0.9117026116304551	0.853187869077221	0.2457822859287262	0.8581035147957955	1.0719819366931915	0.6666666666666666	12.0
11190	train	1.4771201380927492e-05	1.032476404319564	0.9761269122465049	0.15662131210168204	0.9792593384885386	1.064341316620509	0.6875	96.0
11200	train	1.4762496730882164e-05	0.9185210891358843	0.8748466540418854	0.21125157053271928	0.8790716854525398	0.7889880736668905	0.7222222222222222	18.0
11210	train	1.4753787813746831e-05	1.003511985102328	0.9523590607547971	0.18196913289527097	0.9559984434127026	0.9502708337925099	0.6666666666666666	27.0
11220	train	1.474507463939837e-05	0.8468948529913387	0.804858023648894	0.26772107432285946	0.8102124451353512	0.733648157119751	0.6666666666666666	15.0
11230	train	1.4736357217718493e-05	0.7962833837031417	0.7178717227636866	0.2796906903386116	0.7234655365704589	1.456356942653656	0.5	6.0
11240	train	1.472763555859373e-05	0.8330446908558145	0.7898388909152548	0.2653004949291547	0.7951449008138379	0.7579958008395301	0.7777777777777778	9.0
11250	train	1.4718909671915403e-05	0.985827294200627	0.9500531400121706	0.1793233553568522	0.9536396071193076	0.6437537416263863	0.8148148148148148	27.0
11260	train	1.4710179567579649e-05	0.8271532374060467	0.773596461541419	0.24358476946751276	0.7784681569307693	0.9737016095055474	0.6111111111111112	18.0
11270	train	1.470144525548737e-05	0.8479122083901944	0.7907546568433028	0.2355383982261022	0.7954654248078249	1.0489356716473897	0.6666666666666666	6.0
11280	train	1.4692706745544254e-05	0.7768757806829629	0.742842479326197	0.25877463569243747	0.7480179720400457	0.5771561728583442	0.8888888888888888	9.0
11290	train	1.4683964047660742e-05	0.7387616875000407	0.6886463997987519	0.24713809291521707	0.6935891616570562	0.9034505168596904	0.7333333333333333	15.0
11300	train	1.4675217171752025e-05	0.8949190018069304	0.8466924472807074	0.2585499982039134	0.8518634472447856	0.8611110912428962	0.8888888888888888	9.0
11310	train	1.4666466127738033e-05	0.7721948156622784	0.7212084162766143	0.2861916422843933	0.7269322491223021	0.9052513307995267	0.7777777777777778	9.0
11320	train	1.4657710925543426e-05	0.9730554517367612	0.9210336276897918	0.1960578920940558	0.9249547855316729	0.962013324101766	0.6666666666666666	24.0
11330	train	1.4648951575097576e-05	0.983424650326446	0.954036280458247	0.16913283616304398	0.9574189371815078	0.5201142628987631	0.9166666666666666	12.0
11340	train	1.4640188086334563e-05	0.9755319557366131	0.9408304795401651	0.1906693329413732	0.9446438661989925	0.6177617907524109	0.8333333333333334	12.0
11350	train	1.4631420469193156e-05	0.9382090933983469	0.8946441203221623	0.207273801167806	0.8987895963455185	0.7883899410565695	0.8333333333333334	12.0
11360	train	1.4622648733616809e-05	1.0060098022693509	0.9537853631351506	0.19897598773241043	0.9577648828897988	0.9648983875910441	0.6666666666666666	9.0
11370	train	1.4613872889553648e-05	0.92913259783634	0.8800660950864201	0.23696903884410858	0.8848054758633023	0.8865424394607544	0.7777777777777778	9.0
11380	train	1.4605092946956455e-05	0.8671192387737345	0.8148057755825431	0.23331613341967264	0.8194720982509366	0.9529428104559581	0.7333333333333333	15.0
11390	train	1.4596308915782668e-05	1.0260557901829144	0.971114748961693	0.19267859309911728	0.9749683208236753	1.021749387184779	0.6666666666666666	48.0
11400	train	1.4587520805994345e-05	1.0472489579367004	1.0116437856453024	0.15843681866923967	1.0148125220186872	0.6487287183602651	0.75	24.0
11410	train	1.4578728627558188e-05	0.9834826770078631	0.9440504954409095	0.17446493854125342	0.9475397942117345	0.7188576559225718	0.875	24.0
11420	train	1.4569932390445505e-05	0.9471585456554708	0.8885246332014219	0.2130827729900678	0.8927862886612233	1.0874451398849487	0.5555555555555556	9.0
11430	train	1.4561132104632207e-05	0.8145008301232175	0.7865172734850561	0.2662399758895238	0.7918420730028466	0.4531751424074173	0.9166666666666666	12.0
11440	train	1.4552327780098796e-05	0.8343927452231064	0.7914973574642951	0.25345410654942196	0.7965664395952835	0.7565261125564575	0.7777777777777778	9.0
11450	train	1.454351942683036e-05	0.8106505551828647	0.7735000670844022	0.2436425189177195	0.7783729174627566	0.6455527544021606	0.7777777777777778	9.0
11460	train	1.4534707054816546e-05	0.9687640374043023	0.9265356346274517	0.20600620657205582	0.9306557587588928	0.7621655729081895	0.8333333333333334	18.0
11470	train	1.4525890674051569e-05	0.7729356623432917	0.7285392445897277	0.22890646010637283	0.7331173737918552	0.7963657710287306	0.7777777777777778	27.0
11480	train	1.4517070294534184e-05	1.0337913780270194	1.002313270794833	0.17374972129861513	1.0057882652208052	0.5600622561242845	0.8888888888888888	9.0
11490	train	1.4508245926267685e-05	1.008658290948235	0.9472156106307403	0.17215909187992415	0.9506587924683388	1.1599899695979223	0.7777777777777778	9.0
11500	train	1.4499417579259887e-05	0.9367003670698819	0.8964440287516929	0.1695861518383026	0.899835751788459	0.7372923056284587	0.8666666666666667	30.0
11500	val		0.9407754378243458	0.8878913787280911	0.20870636176331508	0.8920655059633574	0.9741986372197667	0.6875	192.0
11510	train	1.4490585263523114e-05	1.0670792292050593	1.0071663308632446	0.14011693000793457	1.0099686694634034	1.1422111948331197	0.6	15.0
11520	train	1.4481748989074201e-05	0.9572311499755528	0.9029909115325359	0.2106345978875955	0.9072036034902877	1.000550929705302	0.5333333333333333	15.0
11530	train	1.4472908765934462e-05	0.973729986561241	0.933519574631819	0.1759142503142357	0.9370378596381037	0.7338425384627448	0.8888888888888888	18.0
11540	train	1.4464064604129696e-05	0.9679246500363187	0.9094533508748049	0.23433678845564523	0.9141400866439179	1.0756912678480148	0.75	12.0
11550	train	1.4455216513690165e-05	0.982034581719907	0.9307488740030586	0.19971745709578195	0.9347432231449743	0.9458271714986539	0.6862745098039216	51.0
11560	train	1.4446364504650593e-05	0.7995716383848818	0.7634780182319447	0.24864008153478304	0.7684508198626404	0.6224163704448276	0.7777777777777778	9.0
11570	train	1.4437508587050135e-05	0.9369932526451349	0.901852220356663	0.19197688003381094	0.9056917579573392	0.6260298937559128	0.75	12.0
11580	train	1.4428648770932396e-05	0.9007025962225056	0.8477416130554135	0.24811804542938867	0.8527039739640013	0.9599724451700846	0.7	30.0
11590	train	1.4419785066345386e-05	0.9166496128316073	0.8782240355321449	0.23493230094512305	0.8829226815510474	0.6745386256111993	0.7777777777777778	18.0
11600	train	1.4410917483341538e-05	1.0608159273003208	1.0138832890127767	0.15975349148114523	1.0170783588423995	0.8747513691584269	0.75	24.0
11610	train	1.4402046031977679e-05	0.8720623069494439	0.8320522648085626	0.2560570165514946	0.8371734051395925	0.6977780361970266	0.7777777777777778	18.0
11620	train	1.4393170722315012e-05	0.8506902328869401	0.7662581276884375	0.22336074337363243	0.7707253425559102	1.5992978066205978	0.5	6.0
11630	train	1.4384291564419136e-05	0.9869444396829415	0.936224565465939	0.18076430882016817	0.9398398516423424	0.9420917608119823	0.7222222222222222	54.0
11640	train	1.4375408568360004e-05	0.9847382130547021	0.9332070920689557	0.17998451242844263	0.9368067823175246	0.9586286147435507	0.6666666666666666	6.0
11650	train	1.4366521744211915e-05	0.9000219483772354	0.847433357114245	0.1929867540796598	0.8512930921958382	0.9745771236279431	0.6470588235294118	51.0
11660	train	1.4357631102053522e-05	0.8552344093826824	0.7946641485003048	0.2645790974299113	0.799955730448903	1.105573578675588	0.7333333333333333	15.0
11670	train	1.43487366519678e-05	1.0021294449190634	0.9434312163959283	0.1821394277115663	0.9470740049501596	1.1011087993780773	0.7222222222222222	18.0
11680	train	1.4339838404042048e-05	1.0512776450640935	0.996093335981805	0.16035945465167364	0.9993005250748386	1.0395423997850979	0.6666666666666666	51.0
11690	train	1.4330936368367868e-05	0.990032413877113	0.9409154420863225	0.17564363777637482	0.94442831484185	0.9120819807052613	0.7166666666666667	60.0
11700	train	1.4322030555041158e-05	1.0240000708511068	0.9880916314433607	0.154078242679437	0.9911731962969494	0.6565374910831452	0.8	30.0
11710	train	1.4313120974162103e-05	1.0648440541446604	0.9997419718524218	0.1853651354710261	1.0034492745618422	1.227895591656367	0.4	15.0
11720	train	1.4304207635835158e-05	0.9398119198973244	0.899623998638186	0.18737801909446716	0.9033715590200754	0.7288072175449796	0.7777777777777778	18.0
11730	train	1.4295290550169039e-05	0.9293587439649974	0.8880505220486397	0.2165525903304418	0.8923815738552485	0.7395434021949768	0.8333333333333334	30.0
11740	train	1.4286369727276722e-05	0.970976581856608	0.9353337991254194	0.17823333789904913	0.9388984658834003	0.6415623194641538	0.8333333333333334	18.0
11750	train	1.42774451772754e-05	0.9226380346996683	0.8773357898029783	0.21345864112178484	0.881604962625414	0.8206614414850871	0.7333333333333333	30.0
11760	train	1.4268516910286514e-05	1.0064182377985593	0.962726704143631	0.17086702833573023	0.9661440447103457	0.805483861764272	0.7333333333333333	15.0
11770	train	1.4259584936435716e-05	0.8372518460408312	0.7959168044405862	0.22716494898001352	0.8004601034201865	0.7358348524128949	0.7777777777777778	27.0
11780	train	1.4250649265852845e-05	1.0034028237767032	0.9561227909681213	0.20077770575881004	0.9601383450832974	0.8652895738681158	0.75	12.0
11790	train	1.424170990867196e-05	0.959218403044071	0.9075670998719595	0.19614829619725546	0.9114900657959046	0.954566744963328	0.7666666666666667	30.0
11800	train	1.4232766875031278e-05	0.974776401759879	0.9344364233480853	0.1900534766415755	0.9382374928809168	0.730778177579244	0.7777777777777778	18.0
11810	train	1.4223820175073198e-05	0.9037990102339538	0.8542159979709737	0.22629583378632864	0.8587419146467002	0.9011419117450714	0.75	12.0
11820	train	1.4214869818944276e-05	0.986186281068083	0.93705168949858	0.17065746585528055	0.9404648388156855	0.9144288450479507	0.75	12.0
11830	train	1.4205915816795204e-05	0.9444198201407383	0.8956237642939943	0.22574431200822195	0.9001386505341586	0.8856233921315935	0.6666666666666666	18.0
11840	train	1.4196958178780823e-05	0.8477870679039946	0.8195685621240925	0.2676987498998642	0.8249225371220897	0.45729061563809714	0.9333333333333333	15.0
11850	train	1.418799691506009e-05	0.9754026769047957	0.933071700825888	0.20007597158352533	0.9370732202575585	0.7665891329447428	0.7	30.0
11860	train	1.4179032035796075e-05	0.9979684907468989	0.9505893164647454	0.1620367392897606	0.9538300512505407	0.8827687899271647	0.75	36.0
11870	train	1.4170063551155949e-05	1.029090693335223	0.9603055139950459	0.2058458005388578	0.9644224300058231	1.293365266587999	0.6111111111111112	18.0
11880	train	1.4161091471310973e-05	0.9349341698449013	0.8792568367349927	0.19398251175880432	0.8831364869701688	1.0359536574946508	0.5925925925925926	27.0
11890	train	1.415211580643648e-05	1.0757656493854202	1.0163018937859962	0.1688025842110316	1.019677945470217	1.1217540783040665	0.6470588235294118	51.0
11900	train	1.4143136566711878e-05	0.9968967566390616	0.9445537820706549	0.16429283345739046	0.9478396387398027	0.9811423579851787	0.6833333333333333	60.0
11910	train	1.413415376232062e-05	0.9082544664041059	0.8669110443438944	0.20228115593393645	0.8709566674625732	0.7459559788306555	0.75	24.0
11920	train	1.4125167403450207e-05	0.9810855449183232	0.9301466404093749	0.1931744528313478	0.9340101294660018	0.9415083090464275	0.7333333333333333	15.0
11930	train	1.4116177500292174e-05	1.0038610427226962	0.9655994460380417	0.17436933144927025	0.9690868326670271	0.6954842011133829	0.75	24.0
11940	train	1.4107184063042062e-05	0.8090348869095335	0.7759883307198772	0.25623051698009175	0.781112941059479	0.5584389170010885	0.7777777777777778	9.0
11950	train	1.4098187101899442e-05	0.8756344638784005	0.8387397622584575	0.24409172435601553	0.8436215967455778	0.6402573426564534	0.8333333333333334	30.0
11960	train	1.408918662706786e-05	0.8477254355532815	0.7459904722206683	0.2528349943459034	0.7510471721075863	1.933565268913905	0.3333333333333333	6.0
11970	train	1.4080182648754859e-05	1.0115485779213005	0.9729238778121365	0.17488108078638712	0.9764214994278643	0.7025415698687235	0.8333333333333334	18.0
11980	train	1.407117517717195e-05	0.9675298143938462	0.9093400093928258	0.18397034456332526	0.9130194162840923	1.0902079621950784	0.7333333333333333	15.0
11990	train	1.4062164222534614e-05	0.8461061066548732	0.8101850917101608	0.24922224879264832	0.8151695366860138	0.6187313993771871	0.7777777777777778	9.0
12000	train	1.405314979506227e-05	0.9219139381806942	0.8706136480806937	0.18232006082932153	0.8742600492972802	0.9530777776682818	0.6296296296296297	27.0
12000	val		0.9400227521704205	0.8878792553969546	0.21056608810459568	0.8920905771590465	0.9586435002274811	0.6927083333333334	192.0
12010	train	1.404413190497829e-05	0.8233520146184238	0.784525274333663	0.26534266769886017	0.7898321276876402	0.6703977386156718	0.8888888888888888	9.0
12020	train	1.4035110562509957e-05	0.9881954620862872	0.934553152431921	0.16538112548490366	0.9378607749416191	1.0066937428933602	0.6666666666666666	27.0
12030	train	1.402608577788848e-05	0.8013136768315091	0.7570565139724666	0.2637266168991725	0.7623310463104501	0.7796526104211807	0.8333333333333334	6.0
12040	train	1.4017057561348967e-05	0.8968975886432344	0.859675501706999	0.2134326919913292	0.8639441555468256	0.6590686619281769	0.7333333333333333	30.0
12050	train	1.4008025923130427e-05	0.8468896610792518	0.7953946061190009	0.2476686661442121	0.8003479794418852	0.9308336327473322	0.75	12.0
12060	train	1.3998990873475736e-05	0.9984608954953171	0.9593222814318555	0.16164270167549452	0.9625551354653654	0.7181152005990347	1.0	6.0
12070	train	1.3989952422631648e-05	0.8357955139485249	0.7769057623155166	0.20690918962160745	0.7810439461079487	1.0950313568115235	0.6	15.0
12080	train	1.3980910580848774e-05	0.9786234538854924	0.9507532291215427	0.18048985054095587	0.9543630261323618	0.4852085550626119	0.8666666666666667	15.0
12090	train	1.3971865358381563e-05	0.8408325839692967	0.7883634056304512	0.20012201368808746	0.7923658459042129	0.9693347613016764	0.6666666666666666	15.0
12100	train	1.3962816765488311e-05	1.028289578799256	0.9833594435392304	0.18624762942393622	0.9870843961277092	0.8241036534309387	0.75	24.0
12110	train	1.3953764812431126e-05	0.9729060460869574	0.9158867784583671	0.2081992800037066	0.9200507640584412	1.0571056405703227	0.6666666666666666	6.0
12120	train	1.3944709509475928e-05	0.9250800033407568	0.8875895586607019	0.2254315490523974	0.8920981896417498	0.6596362739801407	0.7916666666666666	24.0
12130	train	1.3935650866892444e-05	0.9480671680230136	0.9001253650345639	0.196872778236866	0.9040628205993012	0.8800869484742483	0.7333333333333333	15.0
12140	train	1.3926588894954179e-05	0.9528441293440889	0.9199507043496732	0.2169926017522812	0.9242905563847188	0.5710714591874017	0.8888888888888888	18.0
12150	train	1.3917523603938416e-05	0.9223624635239793	0.8671752776123106	0.22381459549069405	0.8716515695221245	1.0142178800370958	0.6666666666666666	27.0
12160	train	1.3908455004126207e-05	1.0225252927327222	0.9566225319422681	0.2034552146991094	0.9606916362362503	1.2366731299294367	0.5833333333333334	72.0
12170	train	1.3899383105802355e-05	1.0569992923528182	1.002458220773958	0.15313244983553886	1.0055208697706688	1.0295684516429902	0.6333333333333333	30.0
12180	train	1.3890307919255395e-05	0.9596316303249105	0.9057836620197599	0.20038424556454024	0.9097913469310507	0.9968056678771973	0.625	24.0
12190	train	1.3881229454777605e-05	0.9291791181212602	0.8870675051406957	0.22344249611099562	0.8915363550629156	0.7528552611668905	0.6666666666666666	9.0
12200	train	1.3872147722664972e-05	0.9106804243855767	0.871406927196492	0.18310110891858736	0.8750689493748638	0.7122295002142588	0.7777777777777778	9.0
12210	train	1.3863062733217192e-05	0.685745219171524	0.6454787605144712	0.28534649809201557	0.6511856904763115	0.6911905739042494	0.8888888888888888	9.0
12220	train	1.3853974496737654e-05	0.7729953628043592	0.7340040641784927	0.2798279598355293	0.7396006233752033	0.6678947885831197	0.8666666666666667	15.0
12230	train	1.3844883023533425e-05	1.0020300059209046	0.9412070080302158	0.2012378287812074	0.94523176460584	1.135964826301292	0.5925925925925926	27.0
12240	train	1.3835788323915253e-05	0.7440335523546858	0.6850612576101677	0.2451168472568194	0.6899635945553041	1.0813991559876337	0.7777777777777778	9.0
12250	train	1.382669040819754e-05	0.8441422445354376	0.7960680538857163	0.2331444372733434	0.8007309426311832	0.8682260380850898	0.7777777777777778	9.0
12260	train	1.381758928669833e-05	1.016609961077914	0.9717520987345232	0.20278085519870123	0.9758077158384972	0.8160449047883351	0.8	30.0
12270	train	1.380848496973931e-05	1.0237680957205253	0.9791762878981388	0.17317157487074533	0.9826397193955537	0.8225675264994303	0.8166666666666667	60.0
12280	train	1.379937746764579e-05	0.9945580918033836	0.9530709079924475	0.1776189592977365	0.9566232871784023	0.758696092499627	0.8148148148148148	54.0
12290	train	1.3790266790746687e-05	0.8311094837441737	0.7869940937613144	0.25559744983911514	0.7921060427580967	0.7800688197215399	0.6666666666666666	6.0
12300	train	1.3781152949374527e-05	0.9239098542196229	0.8789862897259667	0.23117641111214957	0.8836098179482097	0.8060007254282634	0.6666666666666666	15.0
12310	train	1.3772035953865417e-05	0.9617170282255731	0.9107893733731033	0.18926936636368433	0.914574760700377	0.9428453505039215	0.7	30.0
12320	train	1.3762915814559047e-05	0.8516502230981068	0.7981090307740336	0.26662058134873706	0.8034414424010083	0.9641756139419697	0.7407407407407407	27.0
12330	train	1.375379254179867e-05	0.9826114135380667	0.9438811605072103	0.18244163940350214	0.9475299932952803	0.7016284048557282	0.8	30.0
12340	train	1.374466614593109e-05	0.5781847712845368	0.5340600523179534	0.2568457257002592	0.5391969668319586	0.7797560890515646	0.8333333333333334	6.0
12350	train	1.3735536637306655e-05	0.9763335210068308	0.9142309176325748	0.2166869305074215	0.9185646562427232	1.155377295282152	0.5555555555555556	9.0
12360	train	1.3726404026279249e-05	1.0072225085153885	0.9463837021718131	0.1779334203650554	0.9499423705791142	1.1456027587254842	0.6	30.0
12370	train	1.3717268323206266e-05	0.9707517383691329	0.9217530229220778	0.19145818054676056	0.925582186533013	0.9033910367223952	0.75	36.0
12380	train	1.370812953844861e-05	0.8801460716427086	0.8156704533150513	0.2337529274324576	0.8203455118637004	1.1960111955801647	0.6666666666666666	6.0
12390	train	1.3698987682370679e-05	1.0775478731584074	0.9868534777222264	0.18110828598340353	0.9904756434418945	1.7414445943302579	0.3333333333333333	9.0
12400	train	1.3689842765340352e-05	0.9447431289466978	0.9093845017565052	0.18278699616591135	0.9130402416798234	0.6340577453374863	0.875	24.0
12410	train	1.3680694797728994e-05	0.8427334992947646	0.7887449048322904	0.2434684783220291	0.793614274398731	0.9823844979206721	0.75	12.0
12420	train	1.3671543789911404e-05	0.9926347997292762	0.9390748404136847	0.1780357485016187	0.9426355553837171	0.9999848869111803	0.6666666666666666	18.0
12430	train	1.3662389752265854e-05	0.7854510509637115	0.7536350397434948	0.2729545434315999	0.7590941306121267	0.527138407031695	1.0	12.0
12440	train	1.3653232695174039e-05	0.9507859591985361	0.9121660686543865	0.1638552745183309	0.9154431741447532	0.7068557010756599	0.8333333333333334	18.0
12450	train	1.3644072629021078e-05	0.8978826058652571	0.8544595071918341	0.26349413643280667	0.8597293899204902	0.76306431889534	0.8	15.0
12460	train	1.3634909564195507e-05	0.9427363656932908	0.8865408507709501	0.18147584920128187	0.8901703677549757	1.0513199587663016	0.6	15.0
12470	train	1.362574351108926e-05	1.0006968730633614	0.9481399554456431	0.1995092804233233	0.9521301410541095	0.9713346401850382	0.75	60.0
12480	train	1.3616574480097665e-05	0.8505839744165605	0.8163851532295412	0.24891236672798792	0.821363400564101	0.5844114770491918	0.8333333333333334	12.0
12490	train	1.3607402481619419e-05	0.9847633132591109	0.930475456491536	0.19595257192850113	0.934394507930106	1.0073761065800986	0.7166666666666667	60.0
12500	train	1.3598227526056588e-05	0.781843910491676	0.7518040943406133	0.23079807808001837	0.7564200559022137	0.5084770917892456	0.8888888888888888	9.0
12500	val		0.9403187658890086	0.8871563621809598	0.20855214915726047	0.891327405164105	0.9798272144980729	0.6875	192.0
12510	train	1.35890496238146e-05	0.9587932607010304	0.9054963487362165	0.17262912541627884	0.9089489312445421	0.9968865891297658	0.7333333333333333	15.0
12520	train	1.357986878530221e-05	0.996821584131496	0.9463642473778893	0.1813401902715365	0.94999105118332	0.9366106589635214	0.6666666666666666	18.0
12530	train	1.3570685020931515e-05	0.9355675064175597	0.8831607648464644	0.18587386732300124	0.8868782421929244	0.9737852844927046	0.7407407407407407	54.0
12540	train	1.3561498341117927e-05	0.7757573416590045	0.7383129542247471	0.26783914491534233	0.743669737123054	0.6417520907190111	0.8888888888888888	9.0
12550	train	1.3552308756280156e-05	0.8369067473724878	0.7862048471651537	0.2443054591615995	0.7910909563483857	0.9163158204820421	0.7777777777777778	27.0
12560	train	1.3543116276840221e-05	0.9783481227268828	0.937670837731168	0.17358866333961487	0.9411426109979603	0.7441102345784505	0.8	30.0
12570	train	1.3533920913223416e-05	1.0082694445449767	0.9668638207911112	0.17247657477855682	0.9703133522866824	0.7591218451658884	0.75	12.0
12580	train	1.3524722675858302e-05	1.0088450595583272	0.9753719111792661	0.17498913407325745	0.9788716938607313	0.5994673139519162	0.8888888888888888	9.0
12590	train	1.3515521575176708e-05	0.9271518548877381	0.8886400786093218	0.21386848638455072	0.8929174483370128	0.684688131014506	0.8148148148148148	27.0
12600	train	1.3506317621613705e-05	1.0105629017043658	0.9577046667044575	0.18270717188715935	0.9613588101422007	0.9840818312433031	0.6666666666666666	18.0
12610	train	1.3497110825607598e-05	0.8530508228207205	0.82041331733908	0.2417908733089765	0.8252491348052595	0.5560337603092194	0.9333333333333333	15.0
12620	train	1.3487901197599925e-05	0.9281072502980545	0.8626468528349006	0.20796125382184982	0.8668060779113376	1.2260234477343384	0.5185185185185185	27.0
12630	train	1.3478688748035422e-05	0.7909242865675136	0.7617572958502615	0.19307765861352286	0.765618849022532	0.5061087508996328	0.8888888888888888	9.0
12640	train	1.3469473487362034e-05	0.9700809514556124	0.930153848118298	0.2005887304743131	0.9341656227277843	0.7183065745565627	0.7777777777777778	18.0
12650	train	1.3460255426030895e-05	0.7519452094525124	0.6793898909115155	0.26656192541122437	0.68472112941974	1.3444816006554499	0.4444444444444444	9.0
12660	train	1.3451034574496312e-05	0.9359777980413854	0.8896654601262827	0.2120533362030983	0.8939065268503447	0.8414254238208135	0.75	12.0
12670	train	1.344181094321575e-05	0.9348010318608184	0.9006258346353404	0.23264305169383684	0.9052786956692171	0.5904467238320245	1.0	9.0
12680	train	1.3432584542649844e-05	0.9794040270890156	0.9215174340231357	0.2035114566485087	0.9255876631561059	1.0763272786581959	0.6481481481481481	54.0
12690	train	1.342335538326235e-05	0.8566097388843904	0.8209809495936047	0.21828258410096169	0.8253466012756239	0.6252627521753311	0.8333333333333334	6.0
12700	train	1.3414123475520165e-05	1.0413943341987293	0.9869922969689264	0.1538808693488439	0.9900699143559033	1.02648839685652	0.6666666666666666	72.0
12710	train	1.3404888829893301e-05	1.0004354610543855	0.9667784465602447	0.18587125465273857	0.9704958716532994	0.5987917880217234	0.875	24.0
12720	train	1.3395651456854873e-05	0.9690743622752163	0.9373455650555226	0.1871025295307239	0.9410876156461371	0.5597349325815837	0.8666666666666667	15.0
12730	train	1.338641136688109e-05	0.9602609045208436	0.9213901128935424	0.18905648092428842	0.9251712425120282	0.7017932401763068	0.7777777777777778	9.0
12740	train	1.3377168570451244e-05	0.9092655597782066	0.8693718109434774	0.2142236866056919	0.8736562846755912	0.7121855020523071	0.6666666666666666	6.0
12750	train	1.336792307804769e-05	0.9499346401149718	0.8650231027458795	0.2532149702310562	0.8700874021505006	1.5969447592894237	0.5	6.0
12760	train	1.3358674900155852e-05	1.0396266561059817	0.988786262453463	0.16754688570896784	0.9921372001676424	0.9497891187667846	0.6666666666666666	60.0
12770	train	1.3349424047264185e-05	0.9628791073123055	0.9138024601498681	0.19990025957425436	0.9178004653413532	0.9015728394190471	0.8666666666666667	15.0
12780	train	1.3340170529864194e-05	0.7787941202522674	0.7240006097159145	0.2689186582962672	0.7293789828818399	0.988302747408549	0.6666666666666666	9.0
12790	train	1.333091435845039e-05	0.7370325699080345	0.640433123372924	0.29143307606379193	0.6462617848941998	1.8154157002766926	0.5	6.0
12800	train	1.3321655543520307e-05	1.0635525528947378	1.0159033834298317	0.14777706066767374	1.0188589246431852	0.8938725650310516	0.7666666666666667	30.0
12810	train	1.3312394095574468e-05	0.909426452182976	0.8837782537489277	0.23215572411815324	0.8884213682312908	0.42010167903370327	0.8888888888888888	9.0
12820	train	1.3303130025116387e-05	0.9379201309548789	0.9000707141724203	0.2069570596019427	0.9042098553644592	0.6742055118083954	0.8333333333333334	12.0
12830	train	1.3293863342652551e-05	0.9964278694176809	0.9485752699458734	0.21450610707203546	0.9528653920873141	0.8712495466073354	0.75	36.0
12840	train	1.328459405869241e-05	0.9044954266183333	0.8779835498365517	0.2132459357380867	0.8822484685513134	0.44493916134039563	0.9166666666666666	12.0
12850	train	1.3275322183748362e-05	0.9487375595504286	0.9154541287158173	0.18810170392195383	0.9192161627942564	0.5904279351234436	0.9444444444444444	18.0
12860	train	1.3266047728335747e-05	1.0668890300417986	1.0280353255843169	0.15144912029306093	1.031064307990178	0.7164944410324097	0.8333333333333334	12.0
12870	train	1.3256770702972825e-05	0.9171354722433853	0.8643448323958682	0.2054899459083875	0.868454631314036	0.9736168185869852	0.6666666666666666	12.0
12880	train	1.3247491118180781e-05	0.8665745557009951	0.8287464609900888	0.2373200679818789	0.8334928623497263	0.6616338670253754	0.8	15.0
12890	train	1.3238208984483696e-05	0.8994401073571405	0.8371750448759756	0.254254845281442	0.8422601417816045	1.143599311510722	0.4666666666666667	15.0
12900	train	1.3228924312408536e-05	0.7500268685821991	0.7034626136558885	0.29447096586227417	0.709352032973134	0.8134967121813033	0.7777777777777778	9.0
12910	train	1.321963711248516e-05	0.9730303759059874	0.920113350866394	0.20726427187522253	0.9242586363038985	0.9754347920417785	0.6666666666666666	15.0
12920	train	1.3210347395246281e-05	0.6609893591394338	0.6145836522702025	0.3345743517080943	0.6212751393043644	0.7942843967013888	0.6666666666666666	9.0
12930	train	1.3201055171227476e-05	0.9910659608024	0.9265562637757233	0.16666102409362793	0.9298894842575959	1.223529530896081	0.6666666666666666	9.0
12940	train	1.3191760450967162e-05	0.9599230874793656	0.9038352226433086	0.20374776919682822	0.9079101780272452	1.0402581890424092	0.9166666666666666	12.0
12950	train	1.318246324500658e-05	0.7861766820495049	0.721430424999335	0.2878994271159172	0.7271884135416533	1.1797653701570299	0.4444444444444444	9.0
12960	train	1.3173163563889803e-05	0.9359820849189506	0.8859552505981624	0.2353943089644114	0.8906631367774506	0.9063789628300012	0.7647058823529411	51.0
12970	train	1.3163861418163701e-05	1.0446249110761987	0.965656267977129	0.19298349569241205	0.9695159378909772	1.502179463704427	0.5	30.0
12980	train	1.3154556818377942e-05	1.0768150927556481	1.0340280562572604	0.13794628779093424	1.036786982013079	0.8005622148513794	0.8666666666666667	15.0
12990	train	1.314524977508498e-05	0.9677258432798942	0.897485965802606	0.22203039502104124	0.9019265737030268	1.3159853915373485	0.6666666666666666	6.0
13000	train	1.3135940298840034e-05	0.756505645658834	0.7055637511573863	0.30557283759117126	0.7116752079092098	0.896608754992485	0.6666666666666666	6.0
13000	val		0.9400634328621112	0.8866856754684166	0.21755484367108577	0.8910367723418383	0.980533210405459	0.6979166666666666	192.0
13010	train	1.312662840020109e-05	0.9624512131613857	0.9014117908813218	0.18282945702473322	0.9050683800218166	1.1476566627913831	0.5686274509803921	51.0
13020	train	1.3117314089728874e-05	0.930047126415589	0.8912220598954809	0.2299147496620814	0.8958203548887225	0.6845354305373298	0.7777777777777778	9.0
13030	train	1.3107997377986854e-05	1.0312851873989826	0.9755613929734552	0.17122206712762514	0.9789858343160077	1.045987061659495	0.65	60.0
13040	train	1.3098678275541214e-05	1.0224024395950384	0.9949382214802251	0.16779167825977007	0.9982940550454206	0.48216769099235535	0.9166666666666666	12.0
13050	train	1.3089356792960861e-05	0.8926601253070225	0.8170540278624229	0.21626280744870505	0.8213792840113969	1.425616825912513	0.5098039215686274	51.0
13060	train	1.3080032940817383e-05	0.8755203416997813	0.8309898100516487	0.2800679976741473	0.8365911700051317	0.7785834338929918	0.7777777777777778	9.0
13070	train	1.3070706729685072e-05	0.9306280631916064	0.900931651601825	0.22140886386235556	0.9053598288790721	0.5053646862506866	0.9166666666666666	12.0
13080	train	1.306137817014089e-05	0.864428903384718	0.8190954994894194	0.26022783666849136	0.8243000562227892	0.8025769432385762	0.7333333333333333	15.0
13090	train	1.3052047272764458e-05	0.998675689452155	0.9404663002275065	0.1660154846807321	0.9437866099211212	1.0977815906206767	0.7333333333333333	15.0
13100	train	1.3042714048138056e-05	0.9835136341039012	0.924999478242497	0.18993900467952093	0.9287982583360874	1.0943075153562758	0.5740740740740741	54.0
13110	train	1.3033378506846599e-05	1.0782730194574737	0.9658210646009586	0.16330829138557115	0.9690872304286701	2.1837157805760703	0.16666666666666666	6.0
13120	train	1.3024040659477625e-05	0.7480250041011473	0.7125855539149875	0.29450903212030727	0.7184757345573936	0.5909853908750746	0.7777777777777778	9.0
13130	train	1.3014700516621294e-05	1.0791660924496456	1.0223691617358595	0.1506817415356636	1.0253827965665727	1.075665917661455	0.7222222222222222	36.0
13140	train	1.3005358088870371e-05	0.9265072223685464	0.8806471629333775	0.21691219881176949	0.8849854069096129	0.8304363091786703	0.8666666666666667	15.0
13150	train	1.2996013386820207e-05	0.9527319009795914	0.8984768239178915	0.20984422167142233	0.90267370835132	1.0011638525654287	0.7058823529411765	51.0
13160	train	1.2986666421068734e-05	0.8094394810559242	0.7545187677256157	0.20308879390358925	0.7585805436036874	1.0171787490447362	0.6666666666666666	6.0
13170	train	1.297731720221645e-05	0.8736249435936093	0.822407154688704	0.23957052330176035	0.8271985651547392	0.9285275687774023	0.8333333333333334	12.0
13180	train	1.2967965740866413e-05	0.87900173237605	0.8324923140540695	0.19994100431601206	0.8364911341403898	0.8502119647132026	0.7777777777777778	9.0
13190	train	1.2958612047624215e-05	1.06775295509021	1.0213345095204365	0.1622076090425253	1.024578661701287	0.8634858677784601	0.6666666666666666	6.0
13200	train	1.294925613309799e-05	0.9792688803912557	0.9402975131446809	0.2132952759663264	0.9445634186640074	0.694109234544966	0.8333333333333334	18.0
13210	train	1.2939898007898383e-05	0.9420300653822158	0.8954408096519048	0.17206827799479166	0.8988821752118006	0.8629578034083049	0.6666666666666666	15.0
13220	train	1.2930537682638552e-05	0.9231362507156367	0.8811827433849542	0.21575555702050528	0.8854978545253642	0.7527679238054488	0.7777777777777778	36.0
13230	train	1.2921175167934144e-05	1.0256226058231752	0.9634411474989811	0.1739909971753756	0.9669209674424887	1.1740327676137288	0.6333333333333333	30.0
13240	train	1.29118104744033e-05	0.9920574302994194	0.9486020925995028	0.19140857209761938	0.9524302640414551	0.7925433251592848	0.7777777777777778	18.0
13250	train	1.2902443612666618e-05	0.9279556676996535	0.8913788154972381	0.209010640780131	0.8955590283128407	0.647932787736257	0.8333333333333334	12.0
13260	train	1.2893074593347167e-05	0.9289039619961004	0.8818351790506264	0.24011576175689697	0.8866374942857643	0.845329354206721	0.6666666666666666	18.0
13270	train	1.2883703427070448e-05	1.0176401339741405	0.97611199953431	0.17754159619410834	0.9796628314581922	0.7595460503189652	0.7962962962962963	54.0
13280	train	1.2874330124464416e-05	1.037625316297088	1.0017068662975306	0.1693716881175836	1.0050943000598822	0.6506203247441186	0.7222222222222222	18.0
13290	train	1.2864954696159434e-05	0.9370458510886941	0.8794550654931239	0.206937280173103	0.883593811096586	1.0690407998421614	0.6274509803921569	51.0
13300	train	1.2855577152788284e-05	0.8525824433917522	0.8107554128207816	0.25179894889394444	0.8157913917986604	0.735821031861835	0.7777777777777778	9.0
13310	train	1.2846197504986141e-05	0.9548507943000311	0.9123125727553414	0.23087331155935922	0.9169300389865286	0.7584151062700484	0.8888888888888888	9.0
13320	train	1.2836815763390573e-05	0.9385443305224067	0.9053401627060327	0.19950558245182037	0.9093302743550691	0.5842811233467526	0.8888888888888888	18.0
13330	train	1.2827431938641514e-05	1.129502355736636	1.0829903186100815	0.11758403355876605	1.085341999281257	0.8832071291075813	0.6944444444444444	36.0
13340	train	1.2818046041381274e-05	0.7201064046491555	0.6658768481780462	0.2916870638728142	0.6717105894555024	0.9679163038730622	0.6666666666666666	15.0
13350	train	1.2808658082254495e-05	0.7483422614573255	0.694054925419107	0.3018950472275416	0.7000928263636578	0.9649887018733554	0.7777777777777778	9.0
13360	train	1.2799268071908173e-05	0.9335052929154097	0.8807918896606624	0.22701945900917053	0.8853322788408458	0.9634602814912796	0.6666666666666666	6.0
13370	train	1.2789876020991627e-05	1.0116057420490503	0.9341442192935266	0.18512283451855183	0.9378466759838977	1.4751813213030498	0.3333333333333333	6.0
13380	train	1.278048194015648e-05	0.918793427518701	0.8822310256014553	0.22225659092267355	0.8866761574199088	0.6423454019758437	0.7777777777777778	9.0
13390	train	1.277108584005667e-05	0.9557621416883587	0.9130512784855485	0.21703635156154633	0.9173920055167794	0.7674027234315872	0.75	12.0
13400	train	1.2761687731348424e-05	0.8479050735192161	0.7943819376758398	0.22691191049913564	0.7989201758858224	0.9796979526678721	0.8333333333333334	6.0
13410	train	1.2752287624690235e-05	0.8853298095849511	0.8467222119855242	0.2100306749343872	0.8509228254842119	0.6881396820147833	0.8333333333333334	6.0
13420	train	1.2742885530742876e-05	0.8995032117432608	0.8630536621643027	0.22618388881285986	0.8675773399405599	0.6385174360540178	0.8888888888888888	18.0
13430	train	1.2733481460169367e-05	0.8993255082545278	0.8203185183085598	0.2042208438118299	0.8244029351847965	1.4984514613946278	0.3333333333333333	6.0
13440	train	1.2724075423634964e-05	0.8738603614693116	0.8188864397707589	0.24035435418287912	0.8236935268544165	1.0033366922979001	0.6481481481481481	54.0
13450	train	1.2714667431807171e-05	0.9337860244030843	0.8944355199252656	0.1649146924416224	0.897733813774098	0.7210442125797272	0.7333333333333333	15.0
13460	train	1.270525749535569e-05	0.9989833019284033	0.949231270661714	0.15253253281116486	0.9522819213179373	0.9340276122093201	0.7	30.0
13470	train	1.2695845624952436e-05	0.9225606815493369	0.889309052176899	0.20561649898687998	0.8934213821566367	0.5827859878540039	0.8	15.0
13480	train	1.2686431831271523e-05	0.9710936878771366	0.9250313474056568	0.1839910844961802	0.9287111690955805	0.8476503756311204	0.7592592592592593	54.0
13490	train	1.2677016124989233e-05	1.0930009363003812	1.0429353218113098	0.16460415348410606	1.0462274048809919	0.9354706283877877	0.7254901960784313	51.0
13500	train	1.2667598516784029e-05	0.8297744394864334	0.767060904505421	0.2679821376999219	0.7724205472594194	1.147077844540278	0.6666666666666666	15.0
13500	val		0.9392182016740149	0.8865129173551399	0.21443797053400324	0.89080167676582	0.9683304981638988	0.6822916666666666	192.0
13510	train	1.2658179017336528e-05	0.8777079925564314	0.8379937461641813	0.24024965365727743	0.8427987392373268	0.6981850663820902	0.875	24.0
13520	train	1.2648757637329486e-05	0.9617482153278961	0.9040229524652315	0.20520910620689392	0.9081271345893693	1.072421614770536	0.7222222222222222	54.0
13530	train	1.2639334387447802e-05	0.9805748875937886	0.9247140869500268	0.17794508238633475	0.9282729885977534	1.0460379799207051	0.6666666666666666	60.0
13540	train	1.2629909278378483e-05	0.87046850131202	0.7891852723186042	0.26849563668171567	0.7945551850522385	1.5182663251956303	0.3333333333333333	6.0
13550	train	1.262048232081066e-05	0.8157927784934893	0.7692740999607829	0.24999993046124777	0.7742740985700078	0.8303735984696282	0.7777777777777778	9.0
13560	train	1.2611053525435549e-05	0.9091503709221284	0.8714685112732383	0.22590149194002151	0.8759865411120388	0.6632765962017907	0.8333333333333334	18.0
13570	train	1.2601622902946448e-05	0.9972066362792346	0.964691034084634	0.18209010610977808	0.9683328362068295	0.5774760014481015	0.8333333333333334	18.0
13580	train	1.259219046403874e-05	1.0446403172220486	0.9896325272923407	0.21401146550973257	0.9939127566025354	1.0145512123902638	0.6666666666666666	24.0
13590	train	1.2582756219409854e-05	0.8880813221890625	0.8414646970737871	0.22561131541927656	0.8459769233821727	0.8420879761377971	0.8	15.0
13600	train	1.2573320179759277e-05	0.9627362369930862	0.9159962819949903	0.20944296071926752	0.9201851412093757	0.8510219156742096	0.6666666666666666	12.0
13610	train	1.256388235578853e-05	1.0280291970272295	0.9755965557726985	0.17037725448608398	0.9790041008624202	0.9805019232961867	0.6805555555555556	72.0
13620	train	1.255444275820115e-05	0.9111699859150244	0.8898897704331074	0.21231675148010254	0.8941361054627094	0.34067760904630023	1.0	12.0
13630	train	1.2545001397702694e-05	0.8568109010399224	0.8027756253786393	0.2370547577738762	0.8075167205341168	0.9858836101161109	0.6666666666666666	18.0
13640	train	1.2535558285000718e-05	0.9707692940230604	0.9275083046849009	0.20089021573464075	0.9315261089995936	0.784863700469335	0.8333333333333334	24.0
13650	train	1.2526113430804758e-05	0.9504181485369362	0.9010757827256677	0.20315208782752356	0.9051388244822182	0.9055864810943604	0.6875	48.0
13660	train	1.2516666845826334e-05	0.9195276181771872	0.8577027455344317	0.26795954753955203	0.8630619364852228	1.1293136338392893	0.7	30.0
13670	train	1.2507218540778919e-05	0.8740650721563322	0.8067605090810283	0.20335910469293594	0.810827691174887	1.2647476196289062	0.6666666666666666	9.0
13680	train	1.2497768526377949e-05	0.6235198038655416	0.5888941766160624	0.25667664657036465	0.5940277095474696	0.58984188636144	0.8	15.0
13690	train	1.2488316813340791e-05	0.9924410003130701	0.9581761547133393	0.16696492582559586	0.9615154532298512	0.6185109416643778	0.875	24.0
13700	train	1.2478863412386736e-05	0.797767339436035	0.7464433552866054	0.22605621566375098	0.7509644795998804	0.9360571967230903	0.5555555555555556	9.0
13710	train	1.2469408334236992e-05	0.8531032498400254	0.7788597341542728	0.2686709115902583	0.7842331523860779	1.3774019490789484	0.48148148148148145	27.0
13720	train	1.2459951589614676e-05	0.9452180066103102	0.9105615698441228	0.20335063462456068	0.914628582536614	0.6117884814739227	0.8333333333333334	6.0
13730	train	1.2450493189244782e-05	1.0166775386145208	0.9634921697388583	0.16308983663717905	0.9667539664716019	0.9984714428583781	0.7	30.0
13740	train	1.244103314385419e-05	0.9161151649000503	0.8643332047371988	0.18480258683363596	0.8680292564738715	0.9617181685235765	0.7407407407407407	54.0
13750	train	1.2431571464171648e-05	0.8950293356938893	0.8482954638961687	0.22571522494157156	0.8528097683950001	0.8443913459777832	0.7222222222222222	54.0
13760	train	1.2422108160927752e-05	0.9885358264944193	0.9607503260242843	0.1824235295255979	0.9643987966147963	0.4827405975924598	0.8888888888888888	18.0
13770	train	1.2412643244854941e-05	0.9849782140788406	0.9345580887284844	0.17477661495407423	0.938053621027566	0.9384918610254923	0.6666666666666666	18.0
13780	train	1.2403176726687481e-05	0.9623642887496973	0.9098203690175239	0.1922938252488772	0.9136662455225015	0.9739608645439148	0.7	30.0
13790	train	1.2393708617161458e-05	1.107618468031583	1.065034068612057	0.1367049931238095	1.067768168474533	0.7970059911410013	0.7222222222222222	18.0
13800	train	1.2384238927014765e-05	0.8586052008620986	0.8030260986033831	0.24142336783309779	0.8078545659600451	1.015012698041068	0.7777777777777778	9.0
13810	train	1.237476766698708e-05	1.0171815016066887	0.9444122585848826	0.20505495369434357	0.9485133576587695	1.3733628789583843	0.5185185185185185	27.0
13820	train	1.2365294847819868e-05	0.9605084149449599	0.9103832874357235	0.20223252351085344	0.9144279379059406	0.9216095407803854	0.7777777777777778	9.0
13830	train	1.2355820480256362e-05	0.8885237571919504	0.8440186560476366	0.2250709111491839	0.8485200742706203	0.8000736584266027	0.8333333333333334	12.0
13840	train	1.2346344575041545e-05	0.9117903397611443	0.8776506711507834	0.23096298178037009	0.8822699307863908	0.5904081794950697	0.8333333333333334	18.0
13850	train	1.2336867142922151e-05	0.8388913153133254	0.7913830816767078	0.2640874609351158	0.7966648308954101	0.8445296883583069	0.7777777777777778	18.0
13860	train	1.2327388194646642e-05	1.023088447418766	0.9807661138505418	0.1637483648955822	0.9840410811484535	0.7809473254062511	0.7407407407407407	27.0
13870	train	1.23179077409652e-05	0.8909644329493976	0.8324443453993138	0.2317614828546842	0.8370795750564075	1.0776971578598022	0.6666666666666666	9.0
13880	train	1.2308425792629716e-05	1.026578894428991	0.9676576598378513	0.22775652259588242	0.972212790289769	1.0873220827844408	0.6666666666666666	9.0
13890	train	1.2298942360393773e-05	0.6613848519312728	0.5880428543674339	0.3127212127049764	0.5942972786215334	1.3417514661947887	0.5	6.0
13900	train	1.2289457455012637e-05	0.8780369890881862	0.836479089904489	0.22470679879188538	0.8409732258803267	0.7412752641571893	0.7777777777777778	9.0
13910	train	1.2279971087243253e-05	0.8014430961258723	0.7481746827477396	0.26246710618336994	0.7534240248714069	0.9603814250893064	0.7037037037037037	27.0
13920	train	1.2270483267844209e-05	0.9447288592390588	0.9165652418367436	0.23135221501191458	0.9211922861369819	0.470731462041537	0.9166666666666666	12.0
13930	train	1.2260994007575755e-05	0.9346686743194003	0.8978839553721221	0.19977976133426031	0.9018795505988073	0.6557824744118584	0.8888888888888888	27.0
13940	train	1.2251503317199762e-05	0.7461943049537639	0.7158117859867713	0.27038541932900745	0.7212194943733514	0.4994962116082509	1.0	9.0
13950	train	1.2242011207479732e-05	0.9297766024114745	0.9029580059184357	0.18055994498233	0.9065692048180822	0.4641479518678453	0.9444444444444444	18.0
13960	train	1.2232517689180775e-05	0.9388506539070954	0.877020764043366	0.20223009337981543	0.8810653659109623	1.1557057599226634	0.6666666666666666	24.0
13970	train	1.2223022773069596e-05	0.9143700124283709	0.8555275816761863	0.20101726427674294	0.8595479269617211	1.096441709332996	0.7777777777777778	9.0
13980	train	1.2213526469914487e-05	0.9913545197489485	0.9438614508253956	0.18858113636573157	0.9476330735527103	0.874428923924764	0.6666666666666666	15.0
13990	train	1.2204028790485314e-05	0.9842817413044657	0.938462345871596	0.18010987093051276	0.9420645432902063	0.8443439602851868	0.7666666666666667	30.0
14000	train	1.2194529745553498e-05	0.904070479884765	0.8459005463272546	0.24664672215779623	0.8508334807704105	1.064739982287089	0.6666666666666666	12.0
14000	val		0.9391762177938151	0.8861667143928886	0.21517795608588297	0.8904702735146063	0.9741188855841756	0.6822916666666666	192.0
14010	train	1.2185029345892018e-05	0.8871016506801663	0.8330232759764411	0.24372137586275736	0.8378977034936963	0.9840789437294006	0.6666666666666666	9.0
14020	train	1.217552760227538e-05	0.7967614014435539	0.7666200092258119	0.2944648116827011	0.7725093054594658	0.485041919681761	1.0	9.0
14030	train	1.2166024525479624e-05	0.805733583689328	0.7373931854831899	0.25767168775200844	0.7425466192382301	1.2637392890219594	0.6078431372549019	51.0
14040	train	1.2156520126282293e-05	0.9222681179387462	0.8737794027801777	0.19844533006350198	0.8777483093814478	0.8903961711459689	0.7777777777777778	9.0
14050	train	1.2147014415462431e-05	0.9139188773242074	0.8775147258050677	0.24763170878092447	0.8824673599806863	0.6290303468704224	0.8333333333333334	12.0
14060	train	1.2137507403800578e-05	0.8887786978139193	0.8529913159695311	0.21147516618172327	0.8572208192931656	0.6311575704150729	0.7777777777777778	18.0
14070	train	1.2127999102078738e-05	0.8889030459475787	0.8599524306458505	0.21085627749562263	0.864169556195763	0.4946697950363159	0.9444444444444444	18.0
14080	train	1.2118489521080387e-05	1.0234799495265732	0.9820846832221597	0.16849438101053238	0.9854545708423703	0.7605075736840566	0.75	24.0
14090	train	1.2108978671590447e-05	0.794975013019215	0.7568268757875473	0.2585621327161789	0.7619981184418708	0.6595378915468851	0.8333333333333334	12.0
14100	train	1.2099466564395278e-05	1.0291659542223872	0.9870762552261304	0.16869732116659483	0.9904502016494623	0.7743150514585001	0.8148148148148148	54.0
14110	train	1.2089953210282669e-05	0.985139064942254	0.9356086634392077	0.18299524361888567	0.9392685683115853	0.9174099326133728	0.7333333333333333	30.0
14120	train	1.2080438620041825e-05	0.7799852230259802	0.7136977941402819	0.29318351298570633	0.719561464399996	1.2084751725196838	0.4444444444444444	9.0
14130	train	1.2070922804463348e-05	0.8765580594308413	0.8274440663821734	0.21408109863599142	0.8317256883548932	0.8966474215189616	0.7333333333333333	30.0
14140	train	1.206140577433923e-05	1.0750903621631445	1.0509443607827935	0.15963210041324297	1.0541370027910584	0.4190671874417199	1.0	9.0
14150	train	1.2051887540462847e-05	0.9967533727290743	0.9314879147015526	0.19422467549641928	0.9353724082114809	1.2276192903518677	0.625	48.0
14160	train	1.2042368113628927e-05	0.922704711844968	0.8802899455653325	0.1912017141779264	0.884113979848891	0.7718146399215415	0.7777777777777778	27.0
14170	train	1.203284750463357e-05	1.0114746822199898	0.9502750960658557	0.19486496597528458	0.9541723953853614	1.1460457366925698	0.6296296296296297	54.0
14180	train	1.2023325724274198e-05	0.9991086019171443	0.9636500815146334	0.18849113831917444	0.9674199042810169	0.6337739527225494	0.8333333333333334	18.0
14190	train	1.2013802783349574e-05	0.820630355028486	0.7844031410315061	0.2628193460404873	0.7896595279523159	0.6194165415234036	0.8888888888888888	9.0
14200	train	1.2004278692659772e-05	0.8627635498830692	0.8171922970179734	0.20294187280038992	0.8212511344739811	0.8302483081817627	0.7333333333333333	15.0
14210	train	1.199475346300617e-05	0.9699066418934997	0.9336454423049229	0.18764918421705565	0.9373984259892639	0.6501643180847168	0.8333333333333334	30.0
14220	train	1.1985227105191437e-05	1.0376634651405494	0.9925210794403149	0.16663536181052527	0.9958537866765254	0.836193569280483	0.7407407407407407	27.0
14230	train	1.1975699630019527e-05	0.6892268137831293	0.6564445043469935	0.34498124569654465	0.6633441292609245	0.5176536904440986	0.8888888888888888	9.0
14240	train	1.1966171048295653e-05	0.9135819259686002	0.871198445648226	0.20097865412632623	0.8752180187307526	0.7672781447569529	0.6666666666666666	6.0
14250	train	1.1956641370826288e-05	0.8658264862551927	0.8022005988877322	0.23774507145086923	0.8069555003167496	1.1774197187688615	0.6666666666666666	9.0
14260	train	1.194711060841915e-05	0.8590109865416263	0.8144269675230823	0.23349864780902863	0.8190969404792628	0.7982809212472703	0.7777777777777778	9.0
14270	train	1.1937578771883178e-05	0.9822189054072494	0.93770307393676	0.2008805125951767	0.9417206841886635	0.8099644243717193	0.7	30.0
14280	train	1.1928045872028542e-05	1.0442585075403665	0.9876294203853025	0.1777823083102703	0.991185066551508	1.061468819777171	0.6666666666666666	6.0
14290	train	1.1918511919666608e-05	0.8852079740991283	0.8445193689561641	0.19612017770608267	0.8484417725102857	0.7353240317768521	0.7777777777777778	9.0
14300	train	1.1908976925609939e-05	0.9422507613509264	0.8785251865727405	0.20317784448464712	0.8825887434624334	1.1932403577698603	0.6666666666666666	9.0
14310	train	1.189944090067228e-05	0.9316054554700329	0.892895470228739	0.1917103442053	0.896729677112845	0.6975155671437582	0.8333333333333334	12.0
14320	train	1.1889903855668544e-05	0.9876573288264657	0.9522564178032463	0.15717994421720505	0.9554000166875904	0.6451462427775065	0.8333333333333334	30.0
14330	train	1.1880365801414802e-05	0.7968816972986054	0.7563974645119764	0.21165158599615097	0.7606304962318995	0.7250240213341184	0.8888888888888888	9.0
14340	train	1.187082674872827e-05	0.9758291434273965	0.925515971782391	0.20403051873048147	0.9295965821570006	0.9246512254079183	0.6666666666666666	6.0
14350	train	1.186128670842729e-05	1.020977685869729	0.9718575468122914	0.17945634697874388	0.9754466737518663	0.910620242357254	0.7083333333333334	24.0
14360	train	1.185174569133134e-05	0.8856076927574729	0.8282927803056399	0.19801160444815954	0.8322530123946031	1.0670936072573942	0.6274509803921569	51.0
14370	train	1.1842203708260978e-05	0.9175351351790318	0.8703048001106604	0.2175728641450405	0.8746562573935611	0.857577555709415	0.7222222222222222	18.0
14380	train	1.1832660770037893e-05	0.8717369062434772	0.8258936542005478	0.22781267762184143	0.8304499077529847	0.8257399698098501	0.7222222222222222	18.0
14390	train	1.182311688748483e-05	1.0258848338765987	0.9800881764898455	0.19903850803772608	0.9840689466506	0.8363177445199754	0.75	36.0
14400	train	1.1813572071425613e-05	0.9868477949178915	0.9473188473818513	0.19263074174523354	0.951171462216756	0.7135266540227113	0.8148148148148148	27.0
14410	train	1.180402633268513e-05	1.0814398953509907	1.0554367273243845	0.1537495975693067	1.0585117192757707	0.45856352150440216	0.9166666666666666	12.0
14420	train	1.1794479682089306e-05	0.8365796007720248	0.7705941783285642	0.23632317781448364	0.775320641884854	1.2251791777434173	0.5925925925925926	27.0
14430	train	1.178493213046511e-05	0.978028946189128	0.9264659888642125	0.17380471155047417	0.929942083095222	0.9617372618781196	0.7777777777777778	36.0
14440	train	1.1775383688640526e-05	0.9904616406518081	0.9510649107106386	0.17390376701951027	0.9545429860510288	0.7183730920155843	0.8666666666666667	30.0
14450	train	1.1765834367444549e-05	1.015582238750312	0.963373069779727	0.19653818011283875	0.9673038333819838	0.9655681073665618	0.7333333333333333	30.0
14460	train	1.1756284177707173e-05	1.0169907165629322	0.9577917778554215	0.20572319130102792	0.961906241681442	1.1016894976298015	0.75	12.0
14470	train	1.1746733130259375e-05	0.7504152988937005	0.7291162247339723	0.24901198347409567	0.7340964644034542	0.32637668980492485	1.0	9.0
14480	train	1.1737181235933104e-05	0.8670691984786572	0.7984014596436402	0.2695977787176768	0.8037934152179937	1.265515665213267	0.6666666666666666	9.0
14490	train	1.1727628505561278e-05	0.9836639752356594	0.9250115524653535	0.19397467374801636	0.9288910459403138	1.0954585859069117	0.7037037037037037	27.0
14500	train	1.1718074949977748e-05	1.0769790373324037	1.0301550690825132	0.13138673827052116	1.0327828038479236	0.8839246696896024	0.8888888888888888	9.0
14500	val		0.9388895464966579	0.8856701780712657	0.20716012262468783	0.8898133805237595	0.9815233194579681	0.6822916666666666	192.0
14510	train	1.1708520580017313e-05	0.9877876777229121	0.9540480305033336	0.18917492032051086	0.9578315289097439	0.5991229762633642	0.875	24.0
14520	train	1.1698965406515694e-05	0.9466667331822172	0.8923723008302306	0.18781614551941553	0.8961286237406189	1.0107621888319651	0.7333333333333333	15.0
14530	train	1.1689409440309518e-05	0.7218024550765925	0.6991709970325404	0.3116542150576909	0.7054040813336941	0.3279674748579661	1.0	6.0
14540	train	1.1679852692236313e-05	0.8798008130533232	0.8505107030811642	0.2241909553607305	0.8549945221883788	0.49612581729888916	0.8888888888888888	18.0
14550	train	1.1670295173134499e-05	0.6981529807989604	0.6493868415168398	0.2636301169792811	0.6546594438564254	0.8698707388506995	0.6666666666666666	9.0
14560	train	1.1660736893843364e-05	1.0139236417625612	0.9818288872355487	0.18327419956525168	0.9854943712268538	0.5685854107141495	0.8333333333333334	24.0
14570	train	1.1651177865203058e-05	1.0394429807036834	0.9953667665193197	0.11143338431914647	0.9975954342057026	0.8369509299596151	0.6666666666666666	15.0
14580	train	1.1641618098054587e-05	0.8963978743506524	0.8622134084952924	0.2201122691233953	0.8666156538777603	0.5956444094578425	0.9166666666666666	12.0
14590	train	1.163205760323979e-05	0.992739056095355	0.9547496852724485	0.17240858574708304	0.9581978569873901	0.6908239821592966	0.8333333333333334	30.0
14600	train	1.1622496391601333e-05	0.8605056076920999	0.8230177026321244	0.22637650929391384	0.8275452328180026	0.6592074974819466	0.8148148148148148	27.0
14610	train	1.1612934473982691e-05	1.0347807003860765	0.9829968064788408	0.12958356427649656	0.9855884777643708	0.9838444524341159	0.7777777777777778	9.0
14620	train	1.1603371861228144e-05	1.056165317927678	1.0115979873073229	0.13889897738893828	1.0143759668551016	0.8357870214515262	0.75	36.0
14630	train	1.1593808564182762e-05	0.9553981986759734	0.9036769262322418	0.21200121318300566	0.9079169504959019	0.9496249636014302	0.7333333333333333	15.0
14640	train	1.1584244593692383e-05	0.9421228177898082	0.8837344508422368	0.2211970662077268	0.8881583921663914	1.079288512468338	0.6666666666666666	9.0
14650	train	1.1574679960603615e-05	1.0477914680806804	1.000901207453808	0.16673740496238074	1.0042359555530556	0.8711102505524954	0.7916666666666666	24.0
14660	train	1.1565114675763821e-05	0.8933585330333537	0.8334730375792807	0.2565806383887927	0.8386046503470566	1.095077653725942	0.5	12.0
14670	train	1.1555548750021094e-05	0.9789968151105659	0.9496875124262323	0.1745582843820254	0.9531786781138728	0.5163627399338616	0.8888888888888888	18.0
14680	train	1.1545982194224258e-05	0.9906802836694522	0.9261778500316742	0.19428560634454092	0.930063562158565	1.212334430217743	0.6	15.0
14690	train	1.1536415019222853e-05	1.0765284583132302	1.016643925060249	0.15268406768639883	1.019697606413977	1.13661703798506	0.6111111111111112	72.0
14700	train	1.1526847235867124e-05	0.935493989502314	0.9077098691860073	0.20647840077678362	0.9118394372015429	0.47309104601542157	0.9166666666666666	12.0
14710	train	1.1517278855007998e-05	0.747737467692564	0.7221167838635743	0.2660849466919899	0.7274384827974141	0.4059796979029973	0.9166666666666666	12.0
14720	train	1.1507709887497083e-05	0.8164308978746608	0.7649985637396848	0.23996883382399878	0.7697979404161648	0.9326591491699219	0.75	24.0
14730	train	1.1498140344186656e-05	0.7625098235429042	0.725883205137721	0.296569195886453	0.73181458905545	0.613904689749082	0.8333333333333334	12.0
14740	train	1.1488570235929642e-05	0.880047076882695	0.8224709876793374	0.23350190867980322	0.8271410258529334	1.0581210205952327	0.5833333333333334	24.0
14750	train	1.1478999573579607e-05	0.9296633034634596	0.8902978072750574	0.2091635117928187	0.8944810775109138	0.7036445190509161	0.8333333333333334	12.0
14760	train	1.1469428367990754e-05	0.7628532332742811	0.7083353919517266	0.29126177976528805	0.7141606275470324	0.9738521145449744	0.6666666666666666	9.0
14770	train	1.1459856630017888e-05	0.9543690296201054	0.9152570570529974	0.21893630673487982	0.919635783187695	0.694664928648207	0.8888888888888888	9.0
14780	train	1.1450284370516427e-05	0.998253074276578	0.960997914763588	0.19292916667958102	0.9648564980971795	0.6679315235879686	0.8888888888888888	9.0
14790	train	1.144071160034238e-05	0.9661480051600505	0.9109918921017219	0.19736812263727188	0.9149392545544673	1.0241750121116637	0.7333333333333333	15.0
14800	train	1.1431138330352333e-05	0.8263913371369102	0.7941511513496298	0.25461576382319134	0.7992434666260936	0.5429574102163315	0.9166666666666666	12.0
14810	train	1.1421564571403441e-05	0.7602879965074096	0.6811383391188816	0.29332280655701953	0.6870047952500219	1.465664025147756	0.5333333333333333	15.0
14820	train	1.141199033435341e-05	0.8963348360348267	0.8668139489977084	0.21821334461371103	0.8711782158899826	0.5031324028968811	0.9166666666666666	12.0
14830	train	1.140241563006049e-05	0.9816379940614081	0.94548431099504	0.19156741599241892	0.9493156593148884	0.6464466949303945	0.8888888888888888	36.0
14840	train	1.1392840469383463e-05	0.962170032873367	0.9153692458715188	0.19483557591835657	0.9192659573898859	0.8580815096696218	0.75	12.0
14850	train	1.1383264863181627e-05	0.7847035204635685	0.7183666308820207	0.2701137388745944	0.7237689056595126	1.218692296081119	0.6666666666666666	9.0
14860	train	1.1373688822314782e-05	0.8895827685464116	0.8399375112687905	0.24544459829727808	0.844846403234736	0.894727306233512	0.6666666666666666	9.0
14870	train	1.1364112357643228e-05	0.8552161859293534	0.805573452284148	0.2348885436852773	0.8102712231578536	0.8988992554299972	0.7450980392156863	51.0
14880	train	1.135453548002774e-05	1.0215644953719316	0.9888982315680919	0.15831400081515312	0.9920645115843949	0.5899996757507324	0.9166666666666666	24.0
14890	train	1.134495820032956e-05	0.9337551142353588	0.8689689785568688	0.20617627973357835	0.8730925041515404	1.2132522016763687	0.6666666666666666	6.0
14900	train	1.1335380529410392e-05	0.8695110376851239	0.8327699567056177	0.22802733381589255	0.8373305033819356	0.6436106860637665	0.8333333333333334	18.0
14910	train	1.1325802478132382e-05	1.0183529187575697	0.9678809636668086	0.15576444814602533	0.9709962526297291	0.9471333225568136	0.6388888888888888	36.0
14920	train	1.1316224057358106e-05	0.9713694167631306	0.9096842479537697	0.22602277000745138	0.9142047033539187	1.143294268184238	0.5555555555555556	9.0
14930	train	1.1306645277950554e-05	0.8516217162448475	0.8186555767296065	0.26143928865591687	0.8238843625027249	0.554747074842453	1.0	12.0
14940	train	1.1297066150773134e-05	0.9009711439083988	0.8273815830718453	0.2731816694140434	0.8328452164601261	1.362518548965454	0.5	6.0
14950	train	1.128748668668964e-05	0.7749582761126009	0.7357092005607732	0.25938258071740466	0.7408968521751212	0.6812284787495931	0.8333333333333334	12.0
14960	train	1.1277906896564248e-05	0.9515508222269338	0.8796104602784569	0.2387834501763185	0.8843861292819832	1.3432938588990107	0.5555555555555556	9.0
14970	train	1.1268326791261508e-05	0.8130412880922953	0.7727768925424019	0.25078019375602406	0.7777924964175223	0.704975833495458	0.7777777777777778	9.0
14980	train	1.125874638164633e-05	0.8964215745339976	0.863521184952079	0.23412692298491797	0.8682037234117773	0.5643570224444071	0.8888888888888888	9.0
14990	train	1.1249165678583954e-05	1.0361263127611664	0.9883645581192362	0.16324589401483536	0.9916294759995329	0.8899367352326711	0.8333333333333334	6.0
15000	train	1.1239584692939973e-05	1.0441982453231253	0.995891591823522	0.15126588940620422	0.9989169096116461	0.9056267142295837	0.7222222222222222	36.0
15000	val		0.9390433163787731	0.8849881253909512	0.21210367370392327	0.8892301988650296	0.9962623502748708	0.6614583333333334	192.0
15010	train	1.1230003435580285e-05	0.7315020826371473	0.7032583324523729	0.29492591073115665	0.7091568506669961	0.4469046394030253	0.8333333333333334	6.0
15020	train	1.1220421917371108e-05	0.9850796932254609	0.9580117341403539	0.17237145577867827	0.9614591632559275	0.4724105993906657	0.9333333333333333	15.0
15030	train	1.1210840149178947e-05	0.9016044201680998	0.8414141916628327	0.23986978083848953	0.8462115872796026	1.107856657769945	0.5833333333333334	36.0
15040	train	1.1201258141870593e-05	0.9394360036375684	0.8929496652274558	0.224986602862676	0.8974493972847093	0.8397321270571815	0.6666666666666666	18.0
15050	train	1.1191675906313107e-05	0.9306098259010318	0.8925555068107185	0.18295065561930338	0.8962145199231045	0.6879061195585463	0.6666666666666666	9.0
15060	train	1.1182093453373814e-05	1.029044137447061	0.9874133314347747	0.19567820678154627	0.9913268955704057	0.7543448375331031	0.75	36.0
15070	train	1.117251079392028e-05	0.9153503483386334	0.8715409741982648	0.21576155225435892	0.875856205243352	0.7898828619056277	0.7777777777777778	9.0
15080	train	1.1162927938820309e-05	0.9647379566269713	0.912822894816469	0.21036358922719955	0.917030166601013	0.9541558005191662	0.7407407407407407	27.0
15090	train	1.115334489894192e-05	0.8633736166900253	0.8363439952876027	0.23613511522610983	0.8410666975921249	0.4461383819580078	1.0	15.0
15100	train	1.1143761685153353e-05	0.9999920047599606	0.9476238982407781	0.18882263079285622	0.9514003508566352	0.971833078066508	0.6833333333333333	60.0
15110	train	1.1134178308323038e-05	0.8367863749792279	0.7932325010577937	0.22590684021512666	0.7977506378620963	0.780714742342631	0.7333333333333333	15.0
15120	train	1.1124594779319586e-05	0.9971084052604563	0.9463346295504564	0.21989299853642783	0.9507324895211849	0.9275183147854276	0.6666666666666666	9.0
15130	train	1.111501110901179e-05	0.938430360122066	0.9132706807191584	0.19913696000973383	0.917253419919353	0.42353880405426025	0.8888888888888888	18.0
15140	train	1.1105427308268598e-05	0.9030533964362542	0.8529886725389427	0.22379452362656593	0.857464563011474	0.9117766684956021	0.7777777777777778	9.0
15150	train	1.1095843387959104e-05	0.841206850007413	0.8097064734203002	0.25925487652421	0.8148915709507845	0.5263055811325709	1.0	6.0
15160	train	1.1086259358952543e-05	0.8485520597975817	0.8133973015114369	0.24120031421383223	0.8182213077957134	0.6066150400373671	0.7777777777777778	9.0
15170	train	1.107667523211827e-05	0.788208319315828	0.7429575216964057	0.29911259065071744	0.7489397735094201	0.7853709161281586	0.7777777777777778	9.0
15180	train	1.1067091018325749e-05	0.9030738835567065	0.8537198183581172	0.2337440773844719	0.8583946999058066	0.8935836730179963	0.7407407407407407	27.0
15190	train	1.1057506728444549e-05	0.8250291562100399	0.735488446207856	0.2371732493241628	0.7402319111943393	1.6959449003140132	0.5	6.0
15200	train	1.1047922373344315e-05	0.8518381589659357	0.8123647870517963	0.22797679404417673	0.8169243229326798	0.6982767206651194	0.8518518518518519	27.0
15210	train	1.1038337963894783e-05	0.8568816639289636	0.8281485181356846	0.23970895012219748	0.8329426971381285	0.47877933581670123	0.9444444444444444	18.0
15220	train	1.1028753510965729e-05	1.0099734861766645	0.9738175620418803	0.15439309676488241	0.976905423977178	0.6613612439897325	0.8888888888888888	9.0
15230	train	1.1019169025426994e-05	0.9175430388443124	0.8686197699052544	0.2193117899199327	0.873006005703653	0.8907406628131866	0.8333333333333334	12.0
15240	train	1.1009584518148453e-05	0.9889002261978483	0.9378290202887949	0.20981323843201002	0.9420252850574351	0.9374988228082657	0.8333333333333334	6.0
15250	train	1.1e-05	0.8876966523013406	0.8593936134757493	0.21637063473463058	0.8637210261704419	0.4795125226179759	0.8333333333333334	6.0
15260	train	1.0990415481851548e-05	0.9252572677874503	0.8875362276379205	0.1948205903172493	0.8914326394442655	0.6764925668636957	0.75	12.0
15270	train	1.0980830974573006e-05	0.9849373127709199	0.9224307175307729	0.19099234913786253	0.9262505645135302	1.1737349651477955	0.5925925925925926	27.0
15280	train	1.0971246489034272e-05	0.8336897467014698	0.7862445738849548	0.22995510449012121	0.7908436759747572	0.8569214145342509	0.8888888888888888	9.0
15290	train	1.0961662036105218e-05	0.8182416421176013	0.7887269747258242	0.25699501236279804	0.7938668749730802	0.48749534289042157	1.0	6.0
15300	train	1.0952077626655686e-05	0.9096743564448595	0.8645635109618478	0.20793007065852484	0.8687221123750183	0.8190448813968234	0.7777777777777778	9.0
15310	train	1.0942493271555454e-05	0.6881048767583585	0.6452878860781938	0.25749943653742474	0.6504378748089422	0.7533400389883254	0.7777777777777778	9.0
15320	train	1.0932908981674252e-05	0.9930828705735577	0.9408302498417668	0.1722742257018884	0.9442757343558046	0.9761427243550619	0.7407407407407407	54.0
15330	train	1.0923324767881733e-05	0.8927851984040089	0.843336681389426	0.20245790729920068	0.84738583953541	0.9079871773719788	0.75	12.0
15340	train	1.091374064104746e-05	0.9217125599144945	0.8872770711838255	0.20030095924933752	0.8912830903688123	0.6085893909136454	0.7916666666666666	24.0
15350	train	1.09041566120409e-05	0.7247519360532677	0.6490908766339537	0.29043243328730267	0.6548995252996997	1.3970482150713603	0.5	6.0
15360	train	1.0894572691731402e-05	1.0552468943414834	1.0237525259273994	0.16848630209763846	1.0271222519693521	0.562492847442627	0.7777777777777778	9.0
15370	train	1.088498889098821e-05	0.8854260891142979	0.8473540557884668	0.19768360257148743	0.8513077278398965	0.682367225488027	0.7777777777777778	18.0
15380	train	1.0875405220680414e-05	0.9575225165690022	0.9104583555663662	0.20749209821224213	0.9146081975306111	0.8582863807678223	0.75	24.0
15390	train	1.0865821691676962e-05	0.90680720952447	0.835286045134522	0.20970684352020422	0.839480182004926	1.3465405503908794	0.4444444444444444	9.0
15400	train	1.0856238314846646e-05	0.9406397265278285	0.9166115367495006	0.21727718661228815	0.9209570804817463	0.39365292092164356	0.9166666666666666	12.0
15410	train	1.0846655101058079e-05	0.9552034318585694	0.9038852514465153	0.20938924700021744	0.9080730363865197	0.9426079094409943	0.7083333333333334	24.0
15420	train	1.083707206117969e-05	1.0166870179478709	0.9755657485082134	0.204195786267519	0.9796496642335638	0.740747074286143	0.8888888888888888	9.0
15430	train	1.082748920607972e-05	0.9721599886169098	0.9375709529072107	0.1985331450899442	0.9415416158090096	0.6123674561580023	0.8333333333333334	24.0
15440	train	1.0817906546626185e-05	0.8011946099483004	0.7400451017899345	0.26522796352704364	0.7453496610604754	1.1168989777565002	0.6666666666666666	15.0
15450	train	1.0808324093686894e-05	0.8396768396326848	0.7799708955962408	0.23879372452696165	0.78474677008678	1.0986013909180958	0.6666666666666666	6.0
15460	train	1.0798741858129407e-05	0.9112788191481819	0.8727223007590629	0.22740803162256876	0.8772704613915142	0.6801671551333534	0.8888888888888888	18.0
15470	train	1.0789159850821053e-05	0.9625028078691732	0.9304266679472298	0.1777827081580957	0.9339823221103918	0.5704097151756287	0.9166666666666666	12.0
15480	train	1.0779578082628891e-05	0.9463568817432507	0.9064646429425264	0.1927353652815024	0.9103193502481565	0.720750629901886	0.75	24.0
15490	train	1.0769996564419714e-05	1.059152994498467	1.0237420213668103	0.134864608446757	1.0264393135357455	0.6542736192544302	0.8333333333333334	12.0
15500	train	1.0760415307060027e-05	0.9426274967636511	0.9102477513199891	0.21027189989884695	0.914453189317966	0.5634861489137014	0.9166666666666666	12.0
15500	val		0.9379344738083789	0.8845467170753442	0.21181794669465553	0.8887830760092372	0.9830279559828341	0.6614583333333334	192.0
15510	train	1.0750834321416047e-05	0.9141788270138563	0.8710868347415853	0.24416689574718475	0.875970172656529	0.7641730871465471	0.8148148148148148	27.0
15520	train	1.0741253618353674e-05	0.8663880336676989	0.817151568057963	0.23225652426481247	0.8217966985432592	0.8918267024887933	0.6666666666666666	9.0
15530	train	1.0731673208738492e-05	0.8136860216789084	0.7565059685838855	0.2553098450104396	0.7616121654840943	1.041477123896281	0.6666666666666666	12.0
15540	train	1.0722093103435755e-05	0.809051949357494	0.7714751497661118	0.24403952062129974	0.7763559401785377	0.653920183579127	0.7777777777777778	18.0
15550	train	1.0712513313310362e-05	0.9798009634243549	0.9250125117328863	0.18096782267093658	0.928631868186305	1.0233819047609964	0.6666666666666666	30.0
15560	train	1.0702933849226867e-05	1.040111730740063	1.0032443905909119	0.17806058501203856	1.0068056022911527	0.6661225689782037	0.8888888888888888	18.0
15570	train	1.0693354722049444e-05	0.8074768198014703	0.7615586654823429	0.25394705931345624	0.766637606668612	0.8167842626571655	0.7777777777777778	9.0
15580	train	1.0683775942641895e-05	1.0260217231745399	0.983419815010648	0.18285429726044336	0.9870769009558569	0.7788964443736606	0.7777777777777778	36.0
15590	train	1.0674197521867616e-05	0.9953451990737558	0.9535299160732866	0.18476935724417368	0.9572253032181701	0.7623979171117147	0.8	15.0
15600	train	1.0664619470589606e-05	0.8982657800787146	0.8576153987652846	0.185601015885671	0.861327419082998	0.7387672199143304	0.7777777777777778	18.0
15610	train	1.065504179967044e-05	0.8327101519146374	0.7893702439406327	0.2746766855319341	0.7948637776512714	0.7569274852673212	0.75	12.0
15620	train	1.0645464519972262e-05	0.8431950695812689	0.8177684535334495	0.2384997047483921	0.8225384476284173	0.4131324390570323	1.0	12.0
15630	train	1.0635887642356772e-05	0.8927473026750398	0.842995717242815	0.18397007758418718	0.8466751187944987	0.9214436776108212	0.7777777777777778	9.0
15640	train	1.0626311177685219e-05	0.7739986194914562	0.7133279599824861	0.3078768601020177	0.7194854971845265	1.090262446138594	0.6666666666666666	9.0
15650	train	1.0616735136818373e-05	0.9131637882975985	0.8324368613748003	0.22279045979181925	0.8368926705706368	1.5254223545392354	0.4444444444444444	9.0
15660	train	1.0607159530616536e-05	1.0196137349189325	0.9945556041480108	0.1660006269812584	0.997875616687636	0.43476236462593076	1.0	15.0
15670	train	1.059758436993951e-05	1.077309481792407	1.0458120793156394	0.12269360261658828	1.048265951367971	0.5808706084887186	0.7777777777777778	9.0
15680	train	1.0588009665646592e-05	0.7740057641472287	0.7258281370429286	0.24046590427557626	0.7306374551284401	0.8673661803757703	0.7407407407407407	27.0
15690	train	1.057843542859656e-05	0.7537291640173683	0.711954669121036	0.2768678317467372	0.7174920257559707	0.7247427652279536	0.9166666666666666	12.0
15700	train	1.0568861669647668e-05	1.0517190195256458	1.004964561773736	0.16162996490796408	1.0081971610718952	0.8704371690750122	0.7666666666666667	30.0
15710	train	1.055928839965762e-05	1.068014913998234	1.016842485519437	0.1515443945924441	1.0198733734112857	0.9628308117389679	0.7333333333333333	60.0
15720	train	1.0549715629483574e-05	0.9580806970553623	0.9225727744854516	0.21640420953432718	0.9269008586761381	0.6235967675844828	0.8666666666666667	15.0
15730	train	1.0540143369982115e-05	0.9418398783450768	0.8893972249175554	0.21331102897723517	0.8936634454971001	0.9635286569595337	0.7333333333333333	30.0
15740	train	1.0530571632009249e-05	1.0273858109678256	0.9828721549675292	0.17431280513604483	0.9863584110702501	0.8205479979515076	0.7083333333333334	24.0
15750	train	1.0521000426420394e-05	0.7636184811239031	0.7222358633555889	0.2848206137617429	0.7279322756308237	0.7137241098615859	0.7777777777777778	18.0
15760	train	1.0511429764070361e-05	0.9177332455391253	0.8690609467004304	0.19154285142819086	0.8728918037289942	0.8968288362026214	0.8333333333333334	30.0
15770	train	1.0501859655813343e-05	0.9045535899481497	0.8755631323603777	0.20717845857143402	0.8797067015318064	0.4969377683268653	0.9444444444444444	18.0
15780	train	1.0492290112502915e-05	0.8496112143287127	0.8073660655937988	0.22024976462125778	0.8117710608862239	0.7568030688497756	0.8148148148148148	27.0
15790	train	1.0482721144992001e-05	0.986730242609796	0.9348347885639969	0.19162117689847946	0.9386672121019666	0.961260610156589	0.7222222222222222	54.0
15800	train	1.0473152764132874e-05	0.8865248823095442	0.8486561406581682	0.2489458272854487	0.8536350572038771	0.6577965021133423	0.8333333333333334	12.0
15810	train	1.0463584980777143e-05	0.8719629870793595	0.8262554083375176	0.20158250878254572	0.8302870585131685	0.8335185713238187	0.7777777777777778	9.0
15820	train	1.045401780577574e-05	0.8661846039195219	0.833369879242383	0.24545948207378387	0.8382790688838587	0.5581107007132636	0.9444444444444444	18.0
15830	train	1.0444451249978907e-05	1.005636390118399	0.9491989132201658	0.16228937233487764	0.9524447006668634	1.0638337890307108	0.6666666666666666	60.0
15840	train	1.043488532423618e-05	0.821229101941886	0.7513726576095513	0.265757938226064	0.7566878163740726	1.290825711356269	0.5555555555555556	9.0
15850	train	1.0425320039396385e-05	0.7962143623420739	0.7356851973224823	0.21120351801315942	0.7399092676827455	1.1261018931865692	0.6666666666666666	15.0
15860	train	1.0415755406307618e-05	1.0078022615698405	0.971387897076285	0.20969382673501968	0.9755817736109854	0.644409759177102	0.8888888888888888	9.0
15870	train	1.040619143581724e-05	0.693375466729155	0.6601294470975307	0.3065764730175336	0.6662609765578814	0.542289803425471	0.8333333333333334	6.0
15880	train	1.0396628138771857e-05	1.0021923079948611	0.9332657519755417	0.1781955249607563	0.9368296624747569	1.307252910402086	0.4444444444444444	9.0
15890	train	1.038706552601731e-05	0.9429590183859237	0.8927203933139809	0.1792089572797219	0.8963045724595753	0.9330889185269674	0.7037037037037037	27.0
15900	train	1.0377503608398668e-05	0.9617143578401377	0.9133041734567454	0.24138379593690237	0.9181318493754834	0.8716501692930857	0.7333333333333333	30.0
15910	train	1.0367942396760212e-05	0.9310833107663448	0.8861105589634763	0.2755134105682373	0.8916208271748411	0.7892496718300713	0.7777777777777778	9.0
15920	train	1.0358381901945413e-05	1.012337376769668	0.9556569501720726	0.20475618541240692	0.9597520738803208	1.0517060577869415	0.7	30.0
15930	train	1.0348822134796942e-05	0.9967708367994073	0.9532632351309699	0.17406110217173895	0.9567444571744047	0.8005275925000509	0.7777777777777778	18.0
15940	train	1.033926310615664e-05	0.7794010493050079	0.7409160046170216	0.2673814271887143	0.7462636331607958	0.6627483228842418	0.7333333333333333	15.0
15950	train	1.0329704826865502e-05	0.9482514897150786	0.8939466047697257	0.18783666069308916	0.8977033379835875	1.0109630346298217	0.5333333333333333	15.0
15960	train	1.0320147307763687e-05	0.9972312559158973	0.9388176121198274	0.1898230661948522	0.9426140734437244	1.0923436494434582	0.6078431372549019	51.0
15970	train	1.0310590559690486e-05	0.993309343352941	0.9398564658512943	0.20364664494991302	0.9439293987502926	0.9875988920529684	0.6666666666666666	60.0
15980	train	1.0301034593484305e-05	0.9079499026773775	0.8405667752330572	0.21845478316148123	0.8449358708962869	1.2602806356218126	0.5555555555555556	9.0
15990	train	1.0291479419982685e-05	0.8581011671852593	0.8178324106035819	0.25939786434173584	0.8230203678904167	0.7016159858968523	0.7777777777777778	9.0
16000	train	1.0281925050022251e-05	1.043639344849751	1.0021610191499843	0.18432017539938292	1.0058474226579721	0.7558384438355764	0.5833333333333334	12.0
16000	val		0.9390404805550581	0.8842102080984259	0.21585527029825444	0.888527313504391	1.0102633410133421	0.65625	192.0
16010	train	1.0272371494438724e-05	1.080237510147749	1.0291779688511213	0.14424160247047743	1.0320628009005308	0.9634941849443648	0.6666666666666666	36.0
16020	train	1.0262818764066895e-05	0.7750349161161518	0.7313114182121425	0.28818023453156155	0.7370750229027737	0.7591978642675612	0.8888888888888888	9.0
16030	train	1.0253266869740626e-05	0.788552060595115	0.7524438321301937	0.2300204038619995	0.7570442402074337	0.6301564077536265	0.8888888888888888	9.0
16040	train	1.0243715822292828e-05	1.047922942212398	0.9999399311554182	0.15978810439507166	1.0031356932433197	0.8957449793815613	0.5555555555555556	9.0
16050	train	1.0234165632555452e-05	0.8339040619810207	0.8089223695476634	0.20805639525254568	0.8130834974527144	0.4164112905661265	0.8888888888888888	9.0
16060	train	1.0224616311359475e-05	0.9923898335988717	0.9604889522024721	0.21215649942557016	0.9647320821909835	0.553155028157764	0.8888888888888888	9.0
16070	train	1.021506786953489e-05	0.9162135296767464	0.8808196631443677	0.22345196704069772	0.8852887024851817	0.6184965438312955	0.7777777777777778	9.0
16080	train	1.0205520317910693e-05	0.7895282343347534	0.7618289960244958	0.2279397969444593	0.766387791963385	0.46280884742736816	1.0	9.0
16090	train	1.019597366731487e-05	0.9968281556305278	0.9531567699349909	0.1997730111082395	0.9571522301571557	0.7935185094674428	0.8	30.0
16100	train	1.0186427928574388e-05	0.8399769361191849	0.8078154300607436	0.21038864428798357	0.8120232029465033	0.5590746634536319	0.8333333333333334	18.0
16110	train	1.0176883112515172e-05	0.8165714304972493	0.7788970822422508	0.2704501698414485	0.7843060856390798	0.6453068971633911	0.8666666666666667	15.0
16120	train	1.0167339229962107e-05	0.9363427401051213	0.884049712714085	0.21848206470410028	0.888419354008167	0.9584677219390869	0.7333333333333333	15.0
16130	train	1.0157796291739022e-05	1.0192359625615837	0.9655553767401142	0.1782465229431788	0.9691203071989777	1.002313107252121	0.6458333333333334	48.0
16140	train	1.0148254308668665e-05	0.9908459840150224	0.9526787885044893	0.17586381857593855	0.9561960648760081	0.692998382780287	0.8333333333333334	36.0
16150	train	1.0138713291572712e-05	1.0022780881641993	0.9641132035781741	0.1795877938469251	0.9677049594551126	0.6914625741817333	0.7777777777777778	27.0
16160	train	1.0129173251271733e-05	1.0145599687460614	0.9723175576442036	0.1804698072373867	0.9759269537889513	0.7726602991422017	0.8333333333333334	30.0
16170	train	1.01196341985852e-05	1.0045128078432657	0.9575468947495134	0.16697329531113306	0.9608863606557361	0.8725289437505934	0.7222222222222222	18.0
16180	train	1.0110096144331459e-05	0.8133061154319517	0.7506201762921617	0.2713707983493805	0.7560475922591493	1.145170463456048	0.6666666666666666	9.0
16190	train	1.0100559099327717e-05	0.9949937788113213	0.9437889997873958	0.15511772905786833	0.9468913543685532	0.962048488855362	0.7333333333333333	15.0
16200	train	1.009102307439006e-05	0.9741691735969156	0.9299966341839402	0.20551420003175735	0.9341069181845754	0.8012451082468033	0.7708333333333334	48.0
16210	train	1.0081488080333391e-05	1.0966757568561714	1.0442939728218992	0.1521644275635481	1.0473372613731702	0.9867699096600214	0.8333333333333334	6.0
16220	train	1.0071954127971456e-05	0.7297570513081031	0.6627008008517964	0.281082717080911	0.6683224551934146	1.228691922293769	0.5555555555555556	9.0
16230	train	1.0062421228116821e-05	1.0175251598085733	0.9776504527896857	0.1638361712296804	0.9809271762142793	0.731959671885879	0.7777777777777778	27.0
16240	train	1.005288939158085e-05	1.0366859668642592	0.9726717638870388	0.1736916167040666	0.9761455962211202	1.2108074128627777	0.5833333333333334	48.0
16250	train	1.0043358629173711e-05	0.9454601851271947	0.9052177933024724	0.20535258948802948	0.909324845092233	0.722706800699234	0.8333333333333334	30.0
16260	train	1.0033828951704348e-05	1.0154033298884597	0.9819029990429449	0.13003471990426382	0.9845036934410302	0.6179927289485931	0.75	12.0
16270	train	1.0024300369980473e-05	0.855623922621306	0.8120205699405038	0.19919667517145476	0.8160045034439328	0.792388383547465	0.7333333333333333	15.0
16280	train	1.0014772894808563e-05	0.8148650943303166	0.7408366686997206	0.23888143648703894	0.7456142974294614	1.3850159380171034	0.4444444444444444	9.0
16290	train	1.0005246536993831e-05	1.0260910267649528	0.9864069014971558	0.16792981078227362	0.9897654977128013	0.7265105810430315	0.8148148148148148	27.0
16300	train	9.995721307340227e-06	0.6240683021999935	0.587999287730211	0.25405701994895935	0.5930804281291903	0.6197574814160665	0.8	15.0
16310	train	9.986197216650426e-06	0.8773232544842136	0.8350859181300904	0.24537693709135056	0.8399934568719174	0.7465959522459242	0.7777777777777778	9.0
16320	train	9.976674275725802e-06	0.8610706035971711	0.82924242284696	0.21448264519373575	0.8335320757508348	0.5507705569267273	0.8666666666666667	15.0
16330	train	9.96715249536643e-06	0.9564232929355689	0.9316771174278645	0.17184617122014365	0.9351140408522673	0.4261850416660309	0.9444444444444444	18.0
16340	train	9.957631886371074e-06	1.015328098193064	0.99593539942164	0.17929894725481668	0.9995213783667364	0.3161343965265486	1.0	9.0
16350	train	9.948112459537156e-06	1.0102709736330593	0.9665076356699022	0.20434201260407767	0.9705944759219837	0.7935299542215135	0.7777777777777778	18.0
16360	train	9.93859422566077e-06	0.9280131627144074	0.8969421579461948	0.19443644831577936	0.9008308869125103	0.543645516037941	0.875	24.0
16370	train	9.929077195536655e-06	0.9344837612758641	0.883078423144145	0.21756511678298315	0.8874297254798046	0.94108071592119	0.6666666666666666	9.0
16380	train	9.919561379958176e-06	0.8682971238194785	0.8389393297432742	0.2408759742975235	0.8437568492292247	0.4908054918050766	0.9166666666666666	12.0
16390	train	9.91004678971733e-06	0.8310914370649979	0.7535534081716265	0.2360488244642814	0.7582743846609121	1.4563410480817158	0.3333333333333333	9.0
16400	train	9.90053343560472e-06	0.9476698361419579	0.9071271607362171	0.20691635459661484	0.9112654878281494	0.7280869662761689	0.8	30.0
16410	train	9.891021328409552e-06	0.7726645038795967	0.7378420635831853	0.25368620455265045	0.7429157876742383	0.5949743241071701	0.8333333333333334	12.0
16420	train	9.881510478919612e-06	0.9586979268035412	0.9113743907750765	0.20120894660552344	0.915398569707187	0.8659871419270834	0.6666666666666666	24.0
16430	train	9.87200089792126e-06	0.9188453374131802	0.8648422647093021	0.25083905334273976	0.8698590457761569	0.9797258327404658	0.6666666666666666	6.0
16440	train	9.862492596199423e-06	1.0153278722500236	0.9599510901638632	0.17620962858200073	0.9634752827355032	1.0370517902904086	0.6851851851851852	54.0
16450	train	9.852985584537568e-06	0.7992817007125694	0.7482074296926073	0.23872665812571844	0.7529819628551218	0.9259947571489546	0.5555555555555556	9.0
16460	train	9.843479873717708e-06	0.9316695240028733	0.8880074960544407	0.24663610259691873	0.8929402181063791	0.7745861179298825	0.8888888888888888	9.0
16470	train	9.833975474520377e-06	1.0687943562991074	1.029584879506957	0.17406758417685828	1.0330662311904943	0.7145625021722581	0.8333333333333334	36.0
16480	train	9.82447239772462e-06	1.016980240495008	0.9907810248692847	0.18553101643919945	0.9944916451980687	0.4497719059387843	0.9166666666666666	24.0
16490	train	9.814970654107981e-06	0.8977627813842453	0.8484884354001837	0.2343552311261495	0.8531755400227067	0.8917448272307714	0.6666666666666666	6.0
16500	train	9.805470254446503e-06	1.027325419008721	0.9735586792925887	0.17504645138978958	0.9770596083203844	1.0053162137667337	0.7666666666666667	30.0
16500	val		0.9387331026519418	0.884460640029027	0.21151225671018242	0.8886908851632307	1.0008443497742217	0.65625	192.0
16510	train	9.795971209514689e-06	0.856657919854572	0.8146303676770633	0.21934762597084045	0.8190173201964801	0.7528119931618372	0.75	12.0
16520	train	9.786473530085514e-06	0.9304836260617824	0.8953010296166988	0.18684934576352438	0.8990380165319692	0.6289121905962626	0.8333333333333334	12.0
16530	train	9.776977226930405e-06	0.9380822008842353	0.9115358237419648	0.18696926285823187	0.9152752089991295	0.45613983770211536	0.9166666666666666	12.0
16540	train	9.767482310819226e-06	0.9871219663558778	0.9281266782917953	0.17749926696221033	0.9316766636310395	1.108906054496765	0.6666666666666666	60.0
16550	train	9.757988792520271e-06	0.9564324740076017	0.9255606202785125	0.16722088058789572	0.9289050378902705	0.5505487223466238	0.8888888888888888	9.0
16560	train	9.74849668280024e-06	0.9752344148217552	0.9160737470148914	0.2118954136967659	0.9203116552888267	1.0984551906585693	0.6666666666666666	27.0
16570	train	9.739005992424248e-06	0.9206609407136497	0.8924540596276181	0.20999942968289056	0.8966540482212759	0.4801378498474757	0.9166666666666666	12.0
16580	train	9.729516732155794e-06	0.9088075678794945	0.8822247900813186	0.20197263856728873	0.8862642428526644	0.45086650053660077	0.8888888888888888	9.0
16590	train	9.72002891275675e-06	0.9565062359446126	0.9322913218263623	0.17417729770143828	0.9357748677803911	0.4146273632844289	0.9166666666666666	12.0
16600	train	9.710542544987362e-06	0.8574157343201492	0.8202917318436159	0.23477703332901	0.8249872725101961	0.648569236199061	0.8888888888888888	9.0
16610	train	9.701057639606225e-06	0.9737672442018735	0.9139699268824274	0.23566798369089761	0.9186832865562453	1.1016791529125638	0.5555555555555556	9.0
16620	train	9.691574207370282e-06	0.9426830821839821	0.8952185175675007	0.2186748224000136	0.8995920140155009	0.8618213633696238	0.7254901960784313	51.0
16630	train	9.682092259034798e-06	0.9902730288574225	0.9309066952182423	0.20665916800498962	0.9350398785783421	1.1046630055816085	0.6666666666666666	54.0
16640	train	9.672611805353356e-06	0.8675353922877049	0.8430476564599411	0.22029961148897806	0.8474536486897206	0.4016348719596863	0.9166666666666666	12.0
16650	train	9.663132857077848e-06	0.8478948250368953	0.7709523712551316	0.25979168713092804	0.7761482049977502	1.434932400782903	0.5	6.0
16660	train	9.653655424958455e-06	0.8844828242724625	0.8388878927047538	0.24123929565151533	0.8437126786177841	0.8154029130935669	0.6666666666666666	15.0
16670	train	9.644179519743639e-06	0.9048667857284902	0.8722531186774928	0.21973402301470438	0.8766477991377869	0.5643797318140665	0.8333333333333334	12.0
16680	train	9.634705152180133e-06	0.9378135564360126	0.8959099218182867	0.20707958688338599	0.9000515135559544	0.7552408576011658	0.7333333333333333	15.0
16690	train	9.62523233301292e-06	0.8547758934485257	0.8082478719043076	0.24967184911171594	0.8132413088865419	0.8306916912396749	0.7333333333333333	15.0
16700	train	9.615761072985236e-06	0.8946703407783303	0.809989660692115	0.21452603985865912	0.8142801814892882	1.607803185780843	0.4444444444444444	9.0
16710	train	9.606291382838543e-06	0.9500642142821202	0.9236061513717488	0.18684366593758264	0.9273430246905005	0.45442379183239406	0.9444444444444444	18.0
16720	train	9.596823273312521e-06	0.9288468466888516	0.867589068332379	0.24434672047694525	0.8724760027419179	1.127416878938675	0.7777777777777778	18.0
16730	train	9.587356755145062e-06	0.9293343612570345	0.8947551838575581	0.2089436948299408	0.8989340577541569	0.608006070057551	0.9166666666666666	12.0
16740	train	9.577891839072251e-06	0.8854953465103009	0.8388137278860376	0.22953647375106812	0.843404457361059	0.8418177829848396	0.7222222222222222	18.0
16750	train	9.568428535828353e-06	0.878767279609181	0.828951609108982	0.22819341470797858	0.8335154774031416	0.9050360441207885	0.6666666666666666	15.0
16760	train	9.55896685614581e-06	0.9007196240284423	0.8680440509393857	0.24063331509629884	0.8728567172413118	0.5572581357426114	0.8888888888888888	9.0
16770	train	9.549506810755221e-06	0.7807271408385102	0.7551346551060079	0.23310678700606027	0.759796790846129	0.41860699984762406	1.0	9.0
16780	train	9.540048410385328e-06	0.9207171664274821	0.8900217351453592	0.21968847016493478	0.8944155045486579	0.5260332375764847	0.8333333333333334	12.0
16790	train	9.53059166576301e-06	0.9154059356700402	0.8637307939513877	0.2220743497212728	0.8681722809458132	0.9446730944845412	0.7222222222222222	18.0
16800	train	9.521136587613267e-06	0.878445224998845	0.8474673700714641	0.238958773513635	0.8522465455417368	0.5239735891421636	0.8333333333333334	12.0
16810	train	9.51168318665921e-06	1.0730234434839327	1.0247875601354148	0.15525066355864206	1.0278925734065876	0.9026174015469022	0.7222222222222222	72.0
16820	train	9.502231473622049e-06	0.9878727066744705	0.9500956944190138	0.17252330978711447	0.953546160614756	0.6865309211942885	0.8611111111111112	36.0
16830	train	9.492781459221079e-06	0.8184285531247562	0.7879207035457	0.29015133405725163	0.7937237302268451	0.49409645795822144	0.9444444444444444	18.0
16840	train	9.483333154173667e-06	0.8682429246156409	0.8304031058366756	0.21983936180671057	0.8347998930728099	0.66886063085662	0.7222222222222222	18.0
16850	train	9.473886569195242e-06	1.0297683429768822	0.9988862984926642	0.1935980642835299	1.0027582597783349	0.5402016639709473	0.9166666666666666	12.0
16860	train	9.464441714999284e-06	0.8571040390020895	0.8028054979253323	0.23287176340818405	0.8074629331934959	0.9928221161718722	0.6481481481481481	54.0
16870	train	9.454998602297307e-06	0.8017258000865153	0.7671117729439906	0.2451194996635119	0.7720141629372608	0.5942327429850897	0.9166666666666666	12.0
16880	train	9.44555724179885e-06	0.9723726633851908	0.9075271133249185	0.1621296505133311	0.9107697063351852	1.2320591410001118	0.5	6.0
16890	train	9.436117644211471e-06	0.9982599230852868	0.9479103069252914	0.20024843017260233	0.9519152755287434	0.926892951130867	0.7083333333333334	24.0
16900	train	9.426679820240722e-06	0.8017831778753723	0.7519374327326039	0.26665587226549786	0.7572705501779139	0.8902525539491691	0.7254901960784313	51.0
16910	train	9.417243780590148e-06	0.8659564536635342	0.8341683406953277	0.2521980181336403	0.8392123010580006	0.534883052110672	1.0	6.0
16920	train	9.40780953596126e-06	0.9097029385541191	0.8663745038533519	0.2312843364973863	0.8710001905832996	0.7740549594163895	0.6666666666666666	12.0
16930	train	9.398377097053554e-06	0.9458340817552524	0.8870002946037435	0.2112615592777729	0.891225525789299	1.092171119319068	0.6296296296296297	27.0
16940	train	9.388946474564454e-06	1.0376988480573504	1.0154092534716535	0.17737575247883797	1.0189567685212302	0.3748415907224019	1.0	18.0
16950	train	9.379517679189342e-06	0.8916005101125158	0.8560074866633333	0.25161170959472656	0.8610397208552278	0.6112157851457596	0.8333333333333334	12.0
16960	train	9.370090721621518e-06	0.9463416154639464	0.9057025025465849	0.20641804983218512	0.9098308635432286	0.7302150384143546	0.7777777777777778	27.0
16970	train	9.3606656125522e-06	0.7521275338645865	0.7020438674207617	0.24184844891230264	0.7068808363990078	0.9049339493115743	0.7777777777777778	9.0
16980	train	9.351242362670517e-06	0.7955910413448066	0.7667705083374232	0.2680303230881691	0.7721311147991866	0.46919853091239927	1.0	15.0
16990	train	9.341820982663475e-06	0.7883891611803606	0.7463648944605425	0.28599391380945843	0.7520847727367317	0.726087768872579	0.7777777777777778	9.0
17000	train	9.332401483215972e-06	0.8290908018150576	0.7867440751590975	0.2239704579114914	0.7912234843173274	0.7573463499546051	0.7666666666666667	30.0
17000	val		0.9369261486201166	0.8841224162987992	0.20806579726588612	0.8882837322441169	0.972848327519993	0.671875	192.0
17010	train	9.32298387501077e-06	0.9775733991215018	0.9437992430477725	0.18061595410108566	0.9474115621297943	0.6032367398341497	0.9166666666666666	12.0
17020	train	9.313568168728476e-06	0.9026951847258347	0.8514298789567223	0.23773579920331636	0.8561845949407886	0.9302117957009209	0.6666666666666666	9.0
17030	train	9.304154375047563e-06	0.9474397461891947	0.8906228270246695	0.1876938765247663	0.8943767045551648	1.0612608326805963	0.6944444444444444	36.0
17040	train	9.29474250464431e-06	1.055672352206717	1.017393682127539	0.15989074110984802	1.0205914969497358	0.7016171051396264	0.8194444444444444	72.0
17050	train	9.285332568192828e-06	0.9134042272238726	0.8907671572535033	0.22218080858389536	0.8952107734251812	0.3638690759738286	1.0	12.0
17060	train	9.275924576365034e-06	0.9013011918061224	0.8621628999030063	0.20346727718909582	0.8662322454467882	0.7013789271866834	0.8518518518518519	27.0
17070	train	9.266518539830634e-06	0.9778826224555142	0.9293866828663052	0.1705032860239347	0.9327967485867839	0.9017174773746066	0.7777777777777778	9.0
17080	train	9.257114469257125e-06	1.003546882134216	0.962443714004295	0.18494800726572672	0.9661426741496095	0.7480841596921285	0.8333333333333334	30.0
17090	train	9.247712375309766e-06	1.0162991748131809	0.9783966586203209	0.15029002726078033	0.9814024591655365	0.6979343129528893	0.8055555555555556	36.0
17100	train	9.238312268651577e-06	0.6826602151000912	0.6371922304071733	0.3037366196513176	0.6432669628001997	0.7878650459978316	0.7777777777777778	9.0
17110	train	9.22891415994333e-06	0.8675717653816281	0.8462799448629555	0.19485944571594396	0.8501771337772744	0.3478926320870717	1.0	9.0
17120	train	9.219518059843521e-06	0.7068814796808592	0.672463842590971	0.27242748190959293	0.6779123922291629	0.5793817490339279	0.8333333333333334	6.0
17130	train	9.210123979008376e-06	0.9761126859857865	0.9352984643437029	0.16980628545085588	0.93869459005272	0.7483619186613295	0.7777777777777778	9.0
17140	train	9.200731928091828e-06	1.032908936783213	0.9958298566303702	0.16492713863650957	0.9991283994031004	0.6756107476022508	0.7777777777777778	9.0
17150	train	9.191341917745506e-06	0.9354727412581257	0.907855403380574	0.17734337970614433	0.911402270974697	0.48140940566857654	0.9166666666666666	12.0
17160	train	9.181953958618727e-06	0.9214707866141535	0.8752299732297001	0.1963035687804222	0.8791560446053085	0.8462948401769003	0.803921568627451	51.0
17170	train	9.172568061358486e-06	0.842083331744077	0.7965706348421199	0.25163277983665466	0.8016032904388529	0.809600826104482	0.7666666666666667	30.0
17180	train	9.163184236609428e-06	0.8928502940104281	0.8479338027420185	0.2037512126068274	0.852008826994155	0.8168293403254615	0.8333333333333334	18.0
17190	train	9.15380249501386e-06	1.0399164037339017	0.9808262612686017	0.1558055654168129	0.983942372576938	1.1194806231392755	0.6805555555555556	72.0
17200	train	9.144422847211719e-06	0.9551560411285485	0.9033516981632636	0.17363996803760529	0.9068244975240156	0.9666308720906576	0.6666666666666666	15.0
17210	train	9.135045303840567e-06	0.9277311850026516	0.8893705850609741	0.22908941407998404	0.8939523733425738	0.6755762332015567	0.7222222222222222	18.0
17220	train	9.125669875535589e-06	1.0540619448604363	1.0233587428297113	0.12925209974249205	1.0259437848245612	0.5623632007175021	0.8888888888888888	9.0
17230	train	9.11629657292955e-06	0.9166598380301125	0.8805662123554675	0.1969469959537188	0.8845051522745419	0.6430937151114146	0.7916666666666666	24.0
17240	train	9.106925406652836e-06	0.8672858210002	0.8225253932437581	0.21884960681200027	0.826902385379998	0.8076687124040391	0.8888888888888888	9.0
17250	train	9.097556387333381e-06	0.84330310949379	0.7750573100351008	0.2578139031926791	0.7802135880989544	1.2617904278967116	0.5555555555555556	9.0
17260	train	9.088189525596699e-06	0.992584630840708	0.9624007331931154	0.1946855535109838	0.966294444263335	0.5258037315474616	0.8888888888888888	9.0
17270	train	9.078824832065854e-06	0.8663485351560468	0.8279296949861402	0.2163050969441732	0.8322557969250237	0.681854764620463	0.8	15.0
17280	train	9.069462317361449e-06	1.0405726526446666	1.0082631486671692	0.16957512125372887	1.0116546510922437	0.5783600310484568	0.8333333333333334	18.0
17290	train	9.060101992101616e-06	0.9151602435206799	0.8839996281857718	0.20280161003271738	0.8880556603864261	0.5420916626850764	0.8333333333333334	24.0
17300	train	9.050743866902013e-06	0.9885259467885136	0.8824940632557113	0.24796484783291817	0.8874533602123696	2.021451731522878	0.5	6.0
17310	train	9.041387952375786e-06	1.0776615751300824	1.0323380387506127	0.1384571815530459	1.0351071823816735	0.851087854968177	0.75	36.0
17320	train	9.03203425913359e-06	0.9022223412766232	0.8667105122679644	0.23590553800264993	0.8714286230280174	0.6158743649721146	0.8333333333333334	12.0
17330	train	9.022682797783551e-06	0.8158518131734118	0.7826851182342753	0.24115290741125742	0.7875081763825005	0.5668727358182272	0.8333333333333334	12.0
17340	train	9.013333578931266e-06	0.9874752416116035	0.947042846852081	0.19922892500956854	0.9510274253522724	0.7289563251866235	0.7777777777777778	18.0
17350	train	9.003986613179794e-06	0.8316998997770606	0.7821508630060016	0.24576537559429804	0.7870661705178875	0.8926745851834615	0.6666666666666666	9.0
17360	train	8.994641911129629e-06	0.7458722845131401	0.6865090262804672	0.2915756081541379	0.6923405384435499	1.070634921391805	0.5555555555555556	9.0
17370	train	8.985299483378707e-06	0.9667926877369792	0.9313894142174368	0.2151736542582512	0.9356928873026018	0.6219960086875491	0.8888888888888888	18.0
17380	train	8.97595934052238e-06	0.9450225450304688	0.8956812256780804	0.21354393909374872	0.8999521044599553	0.9014088114102682	0.75	36.0
17390	train	8.966621493153406e-06	0.9243902578593481	0.8857179113866079	0.21761733293533325	0.8900702580453146	0.6863999962806702	0.8333333333333334	18.0
17400	train	8.957285951861945e-06	0.9896719182942909	0.9271231494218592	0.19218637670079866	0.9309668769558752	1.1741008267683142	0.5882352941176471	51.0
17410	train	8.947952727235544e-06	0.8884140237994872	0.8548909722428735	0.22671488175789514	0.8594252698780314	0.5797750784291161	0.8333333333333334	18.0
17420	train	8.938621829859112e-06	1.040041103435484	1.0154623269269143	0.13978101561466852	1.0182579472392077	0.4356631239255269	1.0	12.0
17430	train	8.929293270314929e-06	0.8502331532687791	0.8054962162823328	0.2510424902041753	0.8105170660864163	0.7943217436472575	0.8	15.0
17440	train	8.919967059182616e-06	0.9624935367260005	0.9351526961114962	0.2152582829197248	0.9394578617698907	0.4607134991221958	0.8888888888888888	18.0
17450	train	8.910643207039142e-06	0.9376942235083179	0.8849628995707428	0.20414377003908157	0.8890457749715245	0.9729689707358679	0.5833333333333334	12.0
17460	train	8.901321724458784e-06	0.9109139647170125	0.8823428019468207	0.20968971898158392	0.8865365963264523	0.487547367811203	0.9166666666666666	12.0
17470	train	8.892002622013145e-06	0.7758757793231301	0.7352309864584101	0.24289916704098383	0.7400889697992298	0.715736190478007	0.7777777777777778	9.0
17480	train	8.882685910271127e-06	0.8669638424215952	0.8299341414552502	0.20904594783981642	0.8341150604120465	0.6569756401909722	0.8888888888888888	9.0
17490	train	8.873371599798912e-06	0.9939610728355082	0.942906056591057	0.1995517077545325	0.9468970907461476	0.9412796417872111	0.6	30.0
17500	train	8.864059701159965e-06	0.7366264931238636	0.6971535700271804	0.28314142177502316	0.7028163984626808	0.6762018932236565	0.8888888888888888	9.0
17500	val		0.935923795417572	0.8832811506312742	0.21254222023720656	0.8875319950360183	0.9678360076310734	0.703125	192.0
17510	train	8.854750224915022e-06	0.9044227081056615	0.8194236030197323	0.25303027282158536	0.824484208476164	1.5987699925899506	0.5	6.0
17520	train	8.84544318162206e-06	0.9379110607516199	0.8927014337118893	0.1996002315233151	0.8966934383423556	0.824352448185285	0.8333333333333334	6.0
17530	train	8.836138581836299e-06	0.9841222782181203	0.952850224549224	0.18703589588403702	0.9565909424669047	0.5506267150243124	0.8888888888888888	18.0
17540	train	8.826836436110199e-06	0.9593654883561128	0.9258008483291593	0.20380865906675658	0.9298770215104945	0.5897693369123671	0.8888888888888888	9.0
17550	train	8.817536754993419e-06	0.9470495621815048	0.9065944918282882	0.22212443500757217	0.9110369805284396	0.720251633061303	0.7777777777777778	18.0
17560	train	8.80823954903284e-06	0.8213607020433605	0.7899005048065577	0.26649421950181323	0.795230389196594	0.5226062569353316	0.8888888888888888	9.0
17570	train	8.798944828772525e-06	0.7515754519260163	0.7166402129686112	0.26387330889701843	0.7219176791465516	0.5931554555892944	0.9333333333333333	15.0
17580	train	8.78965260475372e-06	0.8174740247267516	0.77591663834996	0.2351617825527986	0.7806198740010161	0.7370830145147111	0.7777777777777778	9.0
17590	train	8.780362887514843e-06	1.0062723065645016	0.9715291055272537	0.1840804914633433	0.9752107153565206	0.6212318241596222	0.8333333333333334	12.0
17600	train	8.771075687591466e-06	0.9475725474949104	0.9183632335558953	0.16513948142528534	0.921666023184401	0.5181304862101873	0.8333333333333334	12.0
17610	train	8.761791015516309e-06	0.883101949967843	0.8545555310725189	0.1858510027329127	0.8582725511271772	0.49658797681331635	1.0	12.0
17620	train	8.752508881819223e-06	0.8779117480781297	0.8544710942804767	0.215696819126606	0.8587850306630088	0.38253434830241734	1.0	18.0
17630	train	8.743229297027177e-06	0.892120171861673	0.8583461729703592	0.24105359986424446	0.8631672449676441	0.5790585378805796	0.8888888888888888	9.0
17640	train	8.733952271664254e-06	0.9392478423976034	0.8990534920490248	0.19894134004910788	0.903032318850007	0.724310470951928	0.8055555555555556	36.0
17650	train	8.724677816251638e-06	0.9821284142051586	0.9007511838357762	0.22535294046004614	0.9052582426449771	1.5374034312036302	0.4444444444444444	9.0
17660	train	8.715405941307589e-06	1.0287398879377034	0.9557726531871148	0.21436698734760284	0.9600599929340669	1.3735979000727336	0.5	6.0
17670	train	8.706136657347449e-06	0.6689130846648658	0.6173497748364254	0.283627321322759	0.6230223212628806	0.9178152680397034	0.7333333333333333	15.0
17680	train	8.696869974883612e-06	0.81660769019505	0.7760332762597065	0.24806873997052512	0.780994651059117	0.7122607827186584	0.75	12.0
17690	train	8.687605904425531e-06	1.07958882108881	1.026341020685639	0.1537346144517263	1.0294157129746735	1.0034621622827318	0.7037037037037037	54.0
17700	train	8.678344456479694e-06	0.998526754900448	0.9515977257734859	0.1742340624332428	0.9550824070221507	0.8688869575659434	0.7777777777777778	18.0
17710	train	8.66908564154961e-06	0.9542019777133103	0.924589395701955	0.19190421948830286	0.928427480091721	0.5154899524317847	0.8888888888888888	18.0
17720	train	8.659829470135806e-06	0.8761609302896652	0.8426130314110113	0.1607904707392057	0.8458288408257955	0.6066417892773946	1.0	6.0
17730	train	8.650575952735815e-06	1.019332488562743	0.9695427159563795	0.17509043216705322	0.9730445245997206	0.9257592792604484	0.7254901960784313	51.0
17740	train	8.641325099844149e-06	0.921513717711648	0.869027930364689	0.2114650346338749	0.8732572310573664	0.9651297330856323	0.5555555555555556	9.0
17750	train	8.632076921952311e-06	0.9517676514534067	0.9211278327453047	0.1752561777830124	0.924632956300965	0.5426939030488332	0.8333333333333334	18.0
17760	train	8.622831429548757e-06	0.9777574225023045	0.8996115126713766	0.1864427588880062	0.9033403678491367	1.4883410930633545	0.5	6.0
17770	train	8.613588633118909e-06	0.8282996478328516	0.7868162385771086	0.23991707215706506	0.7916145800202499	0.7337013562520345	0.8	15.0
17780	train	8.604348543145128e-06	0.950789387731145	0.9138133170787396	0.2090210442741712	0.917993737964223	0.6559129953384399	0.8333333333333334	24.0
17790	train	8.5951111701067e-06	0.9416120568656037	0.8902262215392235	0.19174028684695563	0.8940610272761625	0.9510205917888217	0.75	36.0
17800	train	8.585876524479836e-06	1.001867816668868	0.9465494549990892	0.19692331304152808	0.9504879212599198	1.0275979081789652	0.6666666666666666	30.0
17810	train	8.576644616737654e-06	0.7856898789681436	0.7345840262946925	0.29439157495896023	0.7404718577938717	0.904360423485438	0.7777777777777778	9.0
17820	train	8.56741545735016e-06	0.8908673623525707	0.8490194209986535	0.20904596025745073	0.8532003402038025	0.7533404429753622	0.8888888888888888	9.0
17830	train	8.55818905678425e-06	0.9149649833468575	0.8851770671368949	0.22065029044946036	0.8895900729458841	0.5074982080194685	0.8888888888888888	18.0
17840	train	8.548965425503692e-06	1.021230096665223	0.9700303678517866	0.19576350351174673	0.9739456379220216	0.9456891748640273	0.7222222222222222	36.0
17850	train	8.539744573969104e-06	0.8689901202277804	0.8323384426888292	0.2129927600423495	0.8365982978896762	0.647836446762085	0.8333333333333334	12.0
17860	train	8.530526512637964e-06	0.839330405060036	0.816138227744483	0.2261597216129303	0.8206614221767415	0.3733796576658885	1.0	12.0
17870	train	8.521311251964578e-06	0.9575493189105414	0.9020995873122437	0.23257137089967728	0.9067510147302372	1.0159660836060842	0.6	15.0
17880	train	8.512098802400076e-06	0.9440625635293597	0.8834898713845596	0.23798301815986633	0.8882495317477569	1.1162606356320557	0.7037037037037037	27.0
17890	train	8.502889174392401e-06	0.9719772026429871	0.9354520184619858	0.1884757031997045	0.9392215325259798	0.6551134023401473	0.8888888888888888	18.0
17900	train	8.493682378386296e-06	0.9271778615946462	0.8997740195660019	0.21525047471125922	0.9040790290602271	0.46197665068838334	0.8888888888888888	9.0
17910	train	8.484478424823294e-06	0.8604302900966248	0.8208303116695325	0.21373365819454193	0.8251049848334233	0.7065061052640279	0.8333333333333334	30.0
17920	train	8.475277324141698e-06	0.9223636467281928	0.8845747051329034	0.24969646334648132	0.889568634399833	0.6559002465671964	0.8888888888888888	9.0
17930	train	8.466079086776585e-06	0.8405198948450427	0.8076616246370019	0.24618956198294958	0.8125854158766609	0.5586895793676376	0.8333333333333334	24.0
17940	train	8.45688372315978e-06	1.0742958836427507	1.0302064266225872	0.11937826499342918	1.0325939919224558	0.8340378344058991	0.6666666666666666	15.0
17950	train	8.447691243719843e-06	0.9886413656354127	0.9447862070977865	0.1895789826909701	0.9485777867516059	0.8012715776761373	0.7666666666666667	60.0
17960	train	8.438501658882074e-06	0.8174512635028406	0.776489489809279	0.24035267531871796	0.7812965433156533	0.7230944037437439	0.75	12.0
17970	train	8.429314979068484e-06	0.9905262081274774	0.9454427973349864	0.21000394721825918	0.9496428762793515	0.8176666369625166	0.7058823529411765	51.0
17980	train	8.420131214697789e-06	0.9930525354086143	0.969541894052305	0.17953604459762573	0.9731326149442575	0.3983984092871348	1.0	12.0
17990	train	8.4109503761854e-06	0.8306965071443372	0.7805078102135313	0.28330913682778675	0.786173992950087	0.8904502838850021	0.8333333333333334	12.0
18000	train	8.401772473943413e-06	1.0323620145769512	0.9879200988981939	0.15435098856687546	0.9910071186695314	0.827097918148394	0.7037037037037037	27.0
18000	val		0.9335773565439239	0.8827857207824221	0.20884332098836308	0.8869625872021893	0.9322953868346909	0.7135416666666666	192.0
18010	train	8.392597518380584e-06	0.7559404761858176	0.7295451731376241	0.25601831761499244	0.734665539489924	0.42549873391787213	1.0	9.0
18020	train	8.38342551990234e-06	1.0268054895644547	0.9713831764007769	0.15910476197799048	0.9745652716403367	1.0448043584823608	0.6666666666666666	30.0
18030	train	8.374256488910741e-06	0.8839016788048444	0.8456261655863356	0.24614793558915457	0.8505491242981187	0.6670510901345147	0.7777777777777778	9.0
18040	train	8.365090435804496e-06	0.9868159855986536	0.9318290128394862	0.17380151400963464	0.9353050431196789	1.0302188495794933	0.7777777777777778	18.0
18050	train	8.355927370978926e-06	0.9378075164677186	0.8858358667911573	0.20055664330720901	0.8898469996573015	0.9592103362083435	0.7291666666666666	48.0
18060	train	8.346767304825959e-06	0.9597276345129007	0.908235458390765	0.19181723395983377	0.9120718030699617	0.9531166288587782	0.7037037037037037	54.0
18070	train	8.337610247734144e-06	0.9054263402141846	0.8595525452114856	0.21273557096719742	0.8638072566308296	0.832381671667099	0.7333333333333333	15.0
18080	train	8.328456210088594e-06	0.6903776218548338	0.6498705238158425	0.29240598281224567	0.6557186434720874	0.6931795676549276	0.7777777777777778	9.0
18090	train	8.319305202271006e-06	0.8824815347866527	0.8444073326050883	0.24059219534198442	0.8492191765119279	0.6652471654944949	0.8888888888888888	18.0
18100	train	8.310157234659647e-06	1.043049217103283	0.993733034464523	0.1688166136542956	0.9971093667376089	0.9187970073134811	0.7407407407407407	54.0
18110	train	8.301012317629322e-06	0.6940260170869708	0.6661031801640338	0.2540418580174446	0.6711840173243827	0.45683999525176155	0.8888888888888888	9.0
18120	train	8.291870461551391e-06	0.6401188429983657	0.58501070785445	0.3190339257319768	0.5913913863690895	0.9745491325855256	0.6	15.0
18130	train	8.282731676793736e-06	1.0186970774433715	0.9729161002836328	0.17305272072553635	0.9763771546981436	0.8463984549045562	0.8	30.0
18140	train	8.273595973720751e-06	1.005288395117721	0.9400118444395295	0.18894919008016586	0.9437908282411328	1.2299513375317608	0.5185185185185185	27.0
18150	train	8.264463362693344e-06	1.0292874253429825	0.9929953560783984	0.1696606365342935	0.9963885688090842	0.6579771306779649	0.8055555555555556	36.0
18160	train	8.25533385406891e-06	0.9132206521164595	0.8706521396568635	0.20043928921222687	0.8746609254411081	0.7711945335070293	0.8666666666666667	30.0
18170	train	8.246207458201331e-06	0.8859642633792834	0.8242996458540768	0.23700949052969614	0.8290398356646707	1.138488554292255	0.5555555555555556	9.0
18180	train	8.237084185440954e-06	1.0126916420569796	0.9750760028000454	0.17576031324764094	0.9785912090649982	0.6820086598396301	0.8	15.0
18190	train	8.227964046134583e-06	0.8407277838847349	0.7868106194298774	0.24970053881406784	0.7918046302061588	0.9784630735715231	0.7222222222222222	18.0
18200	train	8.218847050625474e-06	0.8648008546240471	0.8257765367800006	0.2426686758796374	0.8306299102975934	0.6834188865290748	0.7777777777777778	18.0
18210	train	8.209733209253315e-06	1.0271576732077863	0.9812540221391783	0.16820733497540155	0.9846181688386864	0.8507900873819987	0.7333333333333333	15.0
18220	train	8.200622532354213e-06	0.9228936083097388	0.8944799012173344	0.20656357581416765	0.8986111727336178	0.48564871152242023	0.9333333333333333	15.0
18230	train	8.191515030260691e-06	1.0554824104681595	1.0169469900205714	0.14651428908109665	1.0198772758021935	0.7121026933193206	0.7666666666666667	30.0
18240	train	8.182410713301672e-06	0.9071222575667687	0.8757403922739811	0.21247838685909906	0.8799899600111631	0.5426459511121114	0.8333333333333334	18.0
18250	train	8.173309591802464e-06	0.9962666862061149	0.9596848439525094	0.1700377439459165	0.9630855988314277	0.6636217474937439	0.8666666666666667	30.0
18260	train	8.164211676084747e-06	0.8447030052411428	0.8136203175155194	0.21375731627146402	0.8178954638409487	0.5361508280038834	0.9166666666666666	12.0
18270	train	8.155116976466573e-06	0.9950315701856708	0.9355241851900513	0.19794032474358877	0.9394829916849231	1.1109715700149536	0.6333333333333333	30.0
18280	train	8.146025503262348e-06	1.0274324799265062	0.9775284703260257	0.17883852620919546	0.9811052408502097	0.9265447815259298	0.7666666666666667	30.0
18290	train	8.136937266782808e-06	0.9505408319540367	0.9068830847946351	0.1688157245516777	0.9102593992856687	0.8056286533673604	0.8	30.0
18300	train	8.127852277335027e-06	0.8648125337909217	0.80924960014064	0.2784922073284785	0.8148194442872095	0.9998617900742425	0.7777777777777778	9.0
18310	train	8.118770545222395e-06	0.9588529821658197	0.9230324565129873	0.1960575133562088	0.9269536067801114	0.6379875077141656	0.7777777777777778	9.0
18320	train	8.109692080744604e-06	0.7257159040326957	0.7032206153493873	0.23022347191969553	0.7078250847877812	0.3578163848982917	1.0	9.0
18330	train	8.100616894197646e-06	0.7714903293413151	0.7150068304412902	0.2359620382388433	0.719726071206067	1.0352851627049622	0.6666666666666666	27.0
18340	train	8.091544995873794e-06	0.9266811177585236	0.895327913491631	0.21063338468472162	0.8995405811853254	0.5428107314639621	0.8333333333333334	18.0
18350	train	8.082476396061583e-06	0.8475721034806857	0.8068349976243466	0.24784167359272638	0.8117918310962011	0.7156054476896921	0.8	15.0
18360	train	8.073411105045822e-06	0.8054669442108194	0.7520462132987963	0.21804427852233252	0.756407098869243	0.9811969068315294	0.7777777777777778	9.0
18370	train	8.064349133107557e-06	0.867755906687567	0.819456429868661	0.23952616502841315	0.8242469531692292	0.8701790703667535	0.7777777777777778	18.0
18380	train	8.055290490524071e-06	0.8574669482543762	0.8133007617031232	0.23304828008015951	0.8179617273047264	0.7901044189929962	0.8148148148148148	27.0
18390	train	8.046235187568875e-06	1.018127984036662	0.9659702843639497	0.17934070403377214	0.9695570984446251	0.9714177118407356	0.6666666666666666	9.0
18400	train	8.037183234511692e-06	0.9582542794045099	0.9229482850031344	0.19600647936264673	0.9268684145903874	0.6277172962824503	0.8333333333333334	18.0
18410	train	8.028134641618438e-06	0.9836913186278353	0.9594876593814701	0.20111683259407678	0.9635099960333516	0.4036264518896739	1.0	18.0
18420	train	8.01908941915123e-06	0.927616520575925	0.8798704620059109	0.20553840200106302	0.8839812300459322	0.8727058105998569	0.6666666666666666	9.0
18430	train	8.010047577368355e-06	0.7732433787509378	0.7149378990778901	0.27259127981960773	0.7203897246742822	1.0570730815331142	0.6666666666666666	6.0
18440	train	8.001009126524266e-06	0.9095386928428515	0.8762211611644398	0.21623351673285165	0.8805458314990968	0.5798572268750932	0.8888888888888888	9.0
18450	train	7.991974076869576e-06	0.9868343223266177	0.9377502647836049	0.191787322362264	0.9415860112308502	0.904966221915351	0.7222222222222222	18.0
18460	train	7.982942438651034e-06	0.9722896099940257	0.9144569619518501	0.19848278909921646	0.9184266177338345	1.0772598452038236	0.75	36.0
18470	train	7.973914222111522e-06	0.9004897980788383	0.8607161118486557	0.22639126082261404	0.8652439370651079	0.7049172202746073	0.8	15.0
18480	train	7.964889437490043e-06	0.9048466167165555	0.8699699242476342	0.20764312520623207	0.8741227867517588	0.614476599295934	0.8	30.0
18490	train	7.95586809502171e-06	0.8682144568763229	0.8331962770457453	0.23580763985713324	0.8379124298428879	0.6060405406686995	0.8888888888888888	18.0
18500	train	7.946850204937728e-06	0.953384943290274	0.9038708357599583	0.23684941853086153	0.9086078241305755	0.8955423831939697	0.6666666666666666	12.0
18500	val		0.9338529333889583	0.8826882255563571	0.21620462086382136	0.8870123179736334	0.9368123083064953	0.6875	192.0
18510	train	7.937835777465385e-06	0.9220278160096785	0.8865568201894476	0.18827787786722183	0.890322377746792	0.6341087652577294	0.8888888888888888	9.0
18520	train	7.928824822828047e-06	0.710896126834607	0.6445364875674803	0.32813124855359393	0.6510991125385521	1.1959402859210968	0.6666666666666666	6.0
18530	train	7.919817351245142e-06	0.9005947204363769	0.8694873810244029	0.19370415061712265	0.8733614640367454	0.54466512799263	0.8888888888888888	9.0
18540	train	7.910813372932141e-06	0.8698973261681294	0.8373958324426176	0.2265127251545588	0.8419260869457088	0.5594247844484117	0.8888888888888888	9.0
18550	train	7.901812898100561e-06	0.745573996053982	0.7086168210673812	0.30105894804000854	0.7146380000281813	0.6187199205160141	0.75	12.0
18560	train	7.892815936957937e-06	0.8429223670345073	0.7942882318577692	0.26175585637489956	0.7995233489852672	0.8679803609848022	0.6666666666666666	6.0
18570	train	7.883822499707828e-06	0.8383550916711233	0.7974269001947253	0.21677470207214355	0.8017623942361681	0.7318539486991035	0.7777777777777778	9.0
18580	train	7.874832596549793e-06	0.9909429286591804	0.960598769710057	0.17758512869477272	0.9641504722839525	0.5358491275045607	0.7777777777777778	9.0
18590	train	7.86584623767938e-06	0.8485600499784115	0.7690884724483056	0.23716222867369652	0.7738317170217796	1.4945666591326396	0.5	6.0
18600	train	7.856863433288123e-06	0.8977010649245442	0.866807480732745	0.21892101069291434	0.8711859009466033	0.5303032795588175	1.0	9.0
18610	train	7.847884193563521e-06	0.8591112713709369	0.8257293241913015	0.23583396275838217	0.8304460034464691	0.5733053584893545	0.8888888888888888	9.0
18620	train	7.83890852868903e-06	1.0137423085994106	0.9608082683460495	0.1708615136643251	0.964225498619336	0.9903361996014913	0.6527777777777778	72.0
18630	train	7.82993644884405e-06	0.8443038074595248	0.7970611714329172	0.22280036782224974	0.8015171787893622	0.8557325734032525	0.7407407407407407	54.0
18640	train	7.820967964203928e-06	0.838544397855366	0.8098275686928611	0.21283738687634468	0.814084316430388	0.4892016284995609	0.9444444444444444	18.0
18650	train	7.812003084939912e-06	1.0141329530178385	0.9701828942496455	0.1643106217185656	0.9734691066840169	0.8132769266764323	0.7666666666666667	60.0
18660	train	7.80304182121918e-06	1.012535202110639	0.9524426747575376	0.18984888245662054	0.9562396524066701	1.125910994079378	0.6111111111111112	36.0
18670	train	7.794084183204799e-06	0.9097041995497928	0.866746982502181	0.2688543771704038	0.872124070045589	0.7516025900840759	0.8333333333333334	12.0
18680	train	7.785130181055727e-06	0.8154950517541097	0.7642577769152913	0.24305874109268188	0.769118951737145	0.9275220003392961	0.6666666666666666	9.0
18690	train	7.776179824926801e-06	0.9580890246290917	0.9181089043675815	0.22298665344715118	0.9225686374365245	0.7104077438513438	0.8333333333333334	18.0
18700	train	7.76723312496872e-06	0.9974263990708309	0.9528392847996404	0.150714673101902	0.9558535782616785	0.8314564161830478	0.7222222222222222	54.0
18710	train	7.75829009132804e-06	1.0165190296985336	0.9835311669228104	0.15223894019921622	0.9865759457267947	0.5988616794347763	0.9166666666666666	24.0
18720	train	7.749350734147154e-06	0.947982586220097	0.908430198442795	0.21107523888349533	0.912651703220465	0.7066176599926419	0.7777777777777778	36.0
18730	train	7.740415063564287e-06	0.7452823591446633	0.7193774261043226	0.22809152429302534	0.7239392565901831	0.4268620510896047	0.8888888888888888	9.0
18740	train	7.731483089713485e-06	0.9287818964228143	0.8639358436967045	0.20358247558275858	0.8680074932083597	1.215488064289093	0.7333333333333333	15.0
18750	train	7.7225548227246e-06	0.8372821973170844	0.80539788240254	0.2732875347137451	0.8108636330968149	0.5283712844053904	0.8888888888888888	9.0
18760	train	7.713630272723281e-06	0.9621604586930189	0.9237591365931214	0.1885234167178472	0.9275296049274783	0.6926170753108131	0.8333333333333334	18.0
18770	train	7.70470944983096e-06	0.811899900722047	0.7593516125654581	0.2557248796025912	0.76446611015751	0.948675811290741	0.6666666666666666	6.0
18780	train	7.695792364164844e-06	0.8825323885616927	0.8270028299362066	0.22152405480543771	0.8314333110323153	1.0219815505875482	0.4444444444444444	9.0
18790	train	7.686879025837898e-06	0.992909689320894	0.9187730983798092	0.21245850374301276	0.9230222684546695	1.39774841732449	0.5555555555555556	9.0
18800	train	7.677969444958844e-06	0.9571030732304149	0.9045228429446909	0.2263486608862877	0.9090498161624166	0.961065141359965	0.6666666666666666	15.0
18810	train	7.669063631632135e-06	0.8694753260316784	0.8387313022367492	0.20748205110430717	0.8428809432588353	0.5318876554568609	0.9166666666666666	12.0
18820	train	7.660161595957955e-06	0.8498520037386422	0.8012449833439726	0.2603420192996661	0.8064518237299659	0.8680036001735263	0.7777777777777778	9.0
18830	train	7.651263348032202e-06	0.9851363270954405	0.9405827768123265	0.20511921246846518	0.9446851610616958	0.8090233206748962	0.8055555555555556	36.0
18840	train	7.642368897946479e-06	0.8429493889600999	0.7885978174101279	0.2512589568893115	0.7936229965479141	0.9865278482437134	0.6666666666666666	15.0
18850	train	7.633478255788087e-06	1.029600328267796	0.9840663718879289	0.187579907476902	0.987817970037467	0.8356471646065805	0.7058823529411765	51.0
18860	train	7.624591431639999e-06	0.8579975093154404	0.8136010278180201	0.24913518379131952	0.8185837314938466	0.7882755564318763	0.8148148148148148	27.0
18870	train	7.615708435580865e-06	0.876607585759891	0.8213604867080181	0.2379175846775373	0.8261188384015689	1.0097749471664428	0.6666666666666666	15.0
18880	train	7.606829277684989e-06	0.7277680364234667	0.6943834870043815	0.2725745514035225	0.6998349780324519	0.5586611678202947	0.8333333333333334	6.0
18890	train	7.597953968022321e-06	0.9713063274234334	0.9423688569326996	0.1937769018113613	0.9462443949689268	0.5012386490901312	0.9166666666666666	24.0
18900	train	7.58908251665846e-06	0.8097636063249263	0.7749403449579761	0.24890775481859842	0.7799185000543482	0.5969021254115634	0.7777777777777778	9.0
18910	train	7.580214933654611e-06	0.8825627064663527	0.8477428530860303	0.20288606360554695	0.8518005743581412	0.6152426421642303	0.9333333333333333	15.0
18920	train	7.5713512290676034e-06	0.9695247297621	0.9160594885186581	0.21773545195659003	0.92041419755779	0.982210644086202	0.7666666666666667	30.0
18930	train	7.562491412949864e-06	0.8825684380180436	0.8424876737271325	0.19687713061769804	0.8464252163394864	0.7228644335711444	0.8148148148148148	27.0
18940	train	7.553635495349408e-06	1.0250841360914473	0.9881521788863108	0.16224607328573862	0.9913971003520256	0.6737407147884369	0.8333333333333334	18.0
18950	train	7.544783486309834e-06	0.7775450711908635	0.71806022593174	0.28637754544615746	0.7237877768406632	1.0751458870040045	0.5555555555555556	9.0
18960	train	7.535935395870305e-06	0.8133374680345786	0.7818996927737063	0.24135408798853555	0.7867267745334771	0.532213870022032	0.8888888888888888	18.0
18970	train	7.527091234065537e-06	0.9327102207847422	0.9062311159032569	0.213319210956494	0.9104975001223867	0.44425441324710846	0.9166666666666666	12.0
18980	train	7.5182510109258015e-06	0.9669792656486038	0.9204714361215436	0.18274233241875967	0.9241262827699188	0.8570596575737	0.7666666666666667	60.0
18990	train	7.509414736476887e-06	0.935041951054251	0.8945783807806662	0.20097001641988754	0.898597781109064	0.7288833989037408	0.8888888888888888	9.0
19000	train	7.5005824207401145e-06	1.0060767603597873	0.9546819487891428	0.1978543053070704	0.9586390348952842	0.9487545092900594	0.75	24.0
19000	val		0.9336739637134672	0.8825266961046789	0.21393078526217188	0.8868053118099224	0.9373730380708972	0.6875	192.0
19010	train	7.4917540737323165e-06	1.0176833191851782	0.9504900816172368	0.16870660707354546	0.9538642137587077	1.2763821085294087	0.5833333333333334	12.0
19020	train	7.482929705465815e-06	0.6767352021203416	0.6341906761427035	0.3295074626803398	0.6407808253963103	0.7190875344806247	0.8888888888888888	9.0
19030	train	7.47410932594843e-06	0.8213476230221294	0.7877205769734882	0.25054872781038284	0.7927315515296959	0.572321429848671	1.0	6.0
19040	train	7.465292945183457e-06	0.7370242693948387	0.6874120955345668	0.27482427284121513	0.6929085809913912	0.8823137680689493	0.8333333333333334	6.0
19050	train	7.456480573169642e-06	0.9108367880204183	0.8433758207098175	0.21075978254278502	0.8475910163606732	1.2649154331949022	0.6666666666666666	9.0
19060	train	7.447672219901205e-06	0.9617594580320513	0.9078076035585236	0.20174078767498335	0.9118424193120233	0.9983407744005615	0.6470588235294118	51.0
19070	train	7.438867895367795e-06	0.8149942024695593	0.7707307445652999	0.23787410805622736	0.7754882267264245	0.7901195148626964	0.7333333333333333	15.0
19080	train	7.430067609554496e-06	0.9558013830373173	0.9086736385480714	0.2360595315694809	0.913394829179461	0.8481310771571265	0.7777777777777778	18.0
19090	train	7.421271372441812e-06	0.9365294276140789	0.8946390085713062	0.20527267704407373	0.8987444621121876	0.7556993100378249	0.75	36.0
19100	train	7.412479194005654e-06	0.8741475147205472	0.8365052987086653	0.22795929635564485	0.8410644846357782	0.6616606016953787	0.7777777777777778	9.0
19110	train	7.403691084217335e-06	0.8699437993723509	0.8277501455735853	0.25328996032476425	0.8328159447800806	0.7425570918454064	0.7777777777777778	18.0
19120	train	7.394907053043543e-06	0.8644173275101825	0.8216643078737547	0.22678626825412115	0.8262000332388371	0.7643458854269098	0.7777777777777778	27.0
19130	train	7.386127110446351e-06	1.0421768782359553	1.0096148262989713	0.18257465089360872	1.0132663193168434	0.5782111783822378	0.875	24.0
19140	train	7.3773512663831925e-06	0.9316323898727963	0.8919069782391459	0.2469236503044764	0.8968454512452354	0.6957387725512186	0.8888888888888888	9.0
19150	train	7.368579530806846e-06	0.980256365542398	0.9255465640175206	0.1715585614244143	0.9289777352460088	1.0255726059277852	0.6666666666666666	30.0
19160	train	7.359811913665438e-06	1.0446423788530166	0.9988879264307554	0.17793005580703417	1.0024465275468961	0.843917026122411	0.7666666666666667	30.0
19170	train	7.351048424902425e-06	1.0342435355455286	0.9806564632194513	0.16394351422786713	0.9839353335040086	1.0061640408304002	0.6666666666666666	72.0
19180	train	7.342289074456575e-06	1.0557795836197936	1.0116082372848463	0.13934695596496263	1.0143951764041454	0.8276881443129646	0.75	36.0
19190	train	7.333533872261966e-06	1.004857141454898	0.962070410181962	0.17543369283278784	0.9655790840386178	0.7855611483256022	0.7666666666666667	30.0
19200	train	7.324782828247978e-06	1.0180443888055537	0.9763439365125949	0.16431134069959322	0.9796301633265867	0.7682845095793406	0.8	30.0
19210	train	7.3160359523392595e-06	0.8175084352481435	0.778142083385395	0.24550270537535349	0.7830521374929021	0.6891259551048279	0.7777777777777778	18.0
19220	train	7.3072932544557476e-06	0.9405464002596003	0.9077044950034879	0.2220440680782	0.9121453763650519	0.5680204778909683	0.875	24.0
19230	train	7.29855474451263e-06	0.9248176424683193	0.8907247196119089	0.19427165885766348	0.8946101527890622	0.6041497935851415	0.8333333333333334	12.0
19240	train	7.2898204324203525e-06	1.0295720333878118	0.9763513449851591	0.17156611382961273	0.9797826672617513	0.9957873225212097	0.6111111111111112	36.0
19250	train	7.281090328084598e-06	0.8896191991763289	0.8322850870321501	0.19679920623699823	0.83622107115689	1.067962560388777	0.7777777777777778	9.0
19260	train	7.272364441406275e-06	0.9905078061854333	0.9489644290960156	0.16992250985155502	0.9523628792930467	0.7628985378477309	0.7777777777777778	9.0
19270	train	7.263642782281508e-06	0.9455644320350267	0.8968921514151927	0.2156127579510212	0.9012044065742132	0.8872005092162712	0.803921568627451	51.0
19280	train	7.254925360601632e-06	0.8430253376386484	0.7855252085945925	0.2613579531510671	0.7907523676576138	1.045459399620692	0.6666666666666666	12.0
19290	train	7.246212186253173e-06	0.9480223469560668	0.9108642851437454	0.21190408617258072	0.915102366867197	0.6583996017773946	0.7777777777777778	9.0
19300	train	7.2375032691178406e-06	1.0786003612869526	1.0367391300344015	0.12674913431207338	1.039274112720643	0.7865249713261923	0.8055555555555556	72.0
19310	train	7.228798619072507e-06	0.8490831314401176	0.8155145366035912	0.20882746328910193	0.8196910858693732	0.5878409114148881	0.8888888888888888	18.0
19320	train	7.220098245989229e-06	1.0036413207213908	0.9515663943582934	0.16546436150868735	0.9548756815884671	0.975312782658471	0.6944444444444444	72.0
19330	train	7.211402159735188e-06	0.7147495310584362	0.6579721776557952	0.27965009957551956	0.6635651796473055	1.0236870282226138	0.7777777777777778	9.0
19340	train	7.202710370172724e-06	0.8809468179422414	0.8467345747329589	0.20287985354661942	0.8507921718038912	0.6030929227670033	0.8666666666666667	15.0
19350	train	7.194022887159279e-06	0.7634162424778098	0.7283598014571754	0.20512458309531212	0.7324622931190816	0.6190789871745639	0.8888888888888888	9.0
19360	train	7.185339720547437e-06	0.8822039340105248	0.8362428687430017	0.24633473033706346	0.8411695633497429	0.8206874132156372	0.8333333333333334	6.0
19370	train	7.176660880184867e-06	1.037908442650619	0.9663844148162831	0.13713642209768295	0.9691271432582368	1.375625987847646	0.5	6.0
19380	train	7.167986375914347e-06	0.9286202442284942	0.9059952419386824	0.17934531097610792	0.9095821481582046	0.38076192140579224	1.0	9.0
19390	train	7.159316217573724e-06	0.8889380327552795	0.8590612644642829	0.20766733586788177	0.8632146111816406	0.5144684314727783	0.8888888888888888	9.0
19400	train	7.150650414995929e-06	0.983966712722051	0.932911822649043	0.22502772261699042	0.9374123771013828	0.9310867124133639	0.75	36.0
19410	train	7.141988978008941e-06	0.937668637936288	0.8836104981567864	0.2092609517276287	0.887795717191339	0.9974584148989784	0.6666666666666666	18.0
19420	train	7.133331916435796e-06	0.9024849598672849	0.8676956456966065	0.24056629836559296	0.8725069716639183	0.5995597640673319	0.8888888888888888	9.0
19430	train	7.1246792400945626e-06	0.90368288484349	0.8738339836610769	0.239694577952226	0.8786278752201214	0.5011001924673716	1.0	9.0
19440	train	7.116030958798343e-06	1.023416908695622	0.991142984394554	0.19977854937314987	0.9951385553820169	0.5655670662720998	0.8888888888888888	18.0
19450	train	7.10738708235525e-06	0.8680611230738571	0.8149498745607943	0.24603154758612314	0.8198705055125167	0.9638123512268066	0.6666666666666666	18.0
19460	train	7.098747620568398e-06	0.8157369916736247	0.7874333959419689	0.2975788389643033	0.793384972721255	0.4470403790473938	0.9166666666666666	12.0
19470	train	7.0901125832358975e-06	0.9580735287651111	0.9287150577705459	0.20775440956155458	0.932870145961777	0.5040676560666826	0.8888888888888888	18.0
19480	train	7.081481980150847e-06	0.9665568773647553	0.9422052815755612	0.19034233937660852	0.9460121283630933	0.4108949800332387	0.9444444444444444	18.0
19490	train	7.072855821101306e-06	0.9059776169658391	0.8511171587780801	0.20210327270130315	0.8551592242321062	1.0163678546746573	0.7333333333333333	15.0
19500	train	7.064234115870301e-06	0.8319063650655495	0.8046348458118981	0.25678405662377674	0.8097705269443737	0.4427167624235153	1.0	12.0
19500	val		0.9342363419221732	0.8820722160023362	0.21213232442727573	0.8863148624908818	0.9584295886258284	0.703125	192.0
19510	train	7.055616874235806e-06	1.0405801497566067	0.9990236254699392	0.15765086064736047	1.0021766426828864	0.7680701414744059	0.8333333333333334	12.0
19520	train	7.0470041059707315e-06	0.9714523695033536	0.9234304348003611	0.19342096025745073	0.9272988540055102	0.8830703099568685	0.75	12.0
19530	train	7.038395820842914e-06	0.9033574623111845	0.8554134412848912	0.20360555748144785	0.8594855524345201	0.8774381975332896	0.6666666666666666	24.0
19540	train	7.029792028615107e-06	0.8821091509120237	0.8300817282256058	0.2426788161198298	0.8349353045480024	0.943476927280426	0.7	30.0
19550	train	7.021192739044974e-06	1.017713854797216	0.9698097715154606	0.16596593707799911	0.9731290902570205	0.8916952908039093	0.7916666666666666	24.0
19560	train	7.012597961885056e-06	1.0255247001885404	0.9659278230203338	0.18151503801345825	0.9695581237806029	1.1193315281587488	0.6078431372549019	51.0
19570	train	7.004007706882795e-06	0.948417586409924	0.9056544067202783	0.1837522859374682	0.9093294524390276	0.7817626794179281	0.8888888888888888	9.0
19580	train	6.995421983780491e-06	0.9444008152128468	0.9167419557214985	0.20416447768608728	0.9208252452752202	0.4715113987525304	0.9166666666666666	12.0
19590	train	6.9868408023153116e-06	0.9342030426223533	0.8997590008238412	0.21370518952608109	0.9040331046143628	0.6033987601598104	0.7777777777777778	18.0
19600	train	6.978264172219271e-06	0.9216298138132227	0.8872279035247564	0.2161588246623675	0.8915510800180038	0.60157467590438	0.8888888888888888	9.0
19610	train	6.9696921032192284e-06	0.8117567882587788	0.78046422723104	0.27683715025583905	0.7860009702361568	0.51511636045244	0.8888888888888888	9.0
19620	train	6.961124605036855e-06	0.7746040915613642	0.7227111508116395	0.24910566955804825	0.7276932642028004	0.9382165471712748	0.5555555555555556	9.0
19630	train	6.95256168738865e-06	0.9318364197014759	0.8978329923747966	0.21601143976052603	0.9021532211700072	0.5936639706293741	0.8888888888888888	18.0
19640	train	6.944003359985914e-06	0.8788658494241628	0.8241629658461537	0.24117223670085272	0.8289864105801708	0.9975887768798404	0.6666666666666666	9.0
19650	train	6.935449632534747e-06	0.7452486655279621	0.6837607267165805	0.2736971328655879	0.6892346693738922	1.120279923081398	0.6666666666666666	6.0
19660	train	6.926900514736023e-06	1.0700773714479772	1.026027060806742	0.15878907466928163	1.0292028423001278	0.8174905829569873	0.7647058823529411	51.0
19670	train	6.9183560162854e-06	0.9838160372487468	0.9375984052033983	0.1831863597035408	0.9412621323974691	0.8510780970255534	0.8333333333333334	30.0
19680	train	6.909816146873282e-06	0.9485594049441544	0.9155152328161127	0.21414914230505624	0.9197982156622139	0.5752237856388092	0.8666666666666667	15.0
19690	train	6.901280916184834e-06	1.0098742189129124	0.9755660272177653	0.16684622690081596	0.9789029517557817	0.6194253431426154	0.8611111111111112	36.0
19700	train	6.892750333899957e-06	0.8477864940299548	0.7966339186441634	0.2836827014883359	0.8023075726739302	0.9095784271204913	0.7777777777777778	27.0
19710	train	6.884224409693282e-06	0.88710413032611	0.8388761492123848	0.2230433647831281	0.8433370165080474	0.8753422763612535	0.7777777777777778	18.0
19720	train	6.875703153234156e-06	0.9024058163282148	0.8538446638269761	0.22694003333648047	0.8583834644937057	0.8804470366901822	0.6666666666666666	9.0
19730	train	6.8671865741866326e-06	0.9969260388526433	0.9535266015675115	0.19841325034697851	0.957494866574451	0.7886234455638461	0.6666666666666666	9.0
19740	train	6.858674682209458e-06	0.9706847858936709	0.9187968684081689	0.19930662214756012	0.9227830008511201	0.9580357008510165	0.6666666666666666	9.0
19750	train	6.850167486956066e-06	0.8258578557631984	0.7772838934746001	0.22404137688378492	0.7817647210122758	0.8818626950184504	0.6666666666666666	6.0
19760	train	6.841664998074564e-06	0.914840507419406	0.8759334410344547	0.18315181136131287	0.879596477261681	0.7048806031545003	0.8	15.0
19770	train	6.833167225207723e-06	0.8349458071709577	0.7926727901353674	0.2560420135656993	0.7977936304066814	0.7430435352855258	0.7777777777777778	9.0
19780	train	6.824674177992954e-06	1.006165449475407	0.9680529440990681	0.19754252334435782	0.9720037945659552	0.6832330981890361	0.7333333333333333	15.0
19790	train	6.816185866062327e-06	0.9494335756479484	0.8904945038039269	0.23070799062649408	0.8951086636164568	1.086498240629832	0.6666666666666666	9.0
19800	train	6.807702299042525e-06	0.948917598058514	0.901798603961599	0.2042748679717382	0.9058841013210338	0.8606699347496033	0.7666666666666667	30.0
19810	train	6.799223486554863e-06	0.8559491343322622	0.8250814274473216	0.2317373032371203	0.8297161735120641	0.5246592164039612	0.8333333333333334	12.0
19820	train	6.79074943821526e-06	1.0180999266267365	0.9561128683547722	0.15172625333070755	0.9591473934213863	1.1790506641070049	0.6388888888888888	72.0
19830	train	6.7822801636342206e-06	0.8631588490952221	0.8288779087016153	0.23116447031497955	0.8335011981079149	0.5931530197461446	0.8333333333333334	12.0
19840	train	6.77381567241685e-06	0.9531059181071596	0.9256383046385921	0.21474349250396094	0.9299331744886713	0.46345487236976624	0.8888888888888888	9.0
19850	train	6.765355974162823e-06	0.8186979283031766	0.7805896983183368	0.23666848490635553	0.7853230680164639	0.667497205734253	0.8666666666666667	15.0
19860	train	6.756901078466378e-06	0.8353891038238982	0.8047058390253099	0.23126905163129172	0.8093312200579358	0.5211576753192477	0.8888888888888888	9.0
19870	train	6.748450994916311e-06	0.9801258617323493	0.9298165878834184	0.20166015873352686	0.9338497910580889	0.9255214134852091	0.6666666666666666	6.0
19880	train	6.7400057330959555e-06	0.6555046237615885	0.5765972729631406	0.2931429371237755	0.5824601317056161	1.4608898411194484	0.5	6.0
19890	train	6.731565302583175e-06	0.8814418472587262	0.8326124909334107	0.20666037375728288	0.8367456984085564	0.8939229770033967	0.7450980392156863	51.0
19900	train	6.7231297129503585e-06	0.8301653765716924	0.7726188990662382	0.2720697025458018	0.7780602931171542	1.0421016690907654	0.6296296296296297	27.0
19910	train	6.7146989737644056e-06	0.8490159029623506	0.7987734417478878	0.24684423953294754	0.8037103265385467	0.9061115284760793	0.7333333333333333	30.0
19920	train	6.706273094586711e-06	0.9671321553545332	0.9245382655551503	0.1910103956858317	0.9283584734688669	0.7754736377133263	0.7777777777777778	18.0
19930	train	6.697852084973159e-06	1.1103689894037911	1.0589534227507778	0.14012551059325537	1.061755932962643	0.9722611288229625	0.6666666666666666	30.0
19940	train	6.6894359544741145e-06	0.9522465045468433	0.8987786801622731	0.20447730645537376	0.9028682262913806	0.987565565109253	0.7333333333333333	15.0
19950	train	6.681024712634402e-06	0.949165118539171	0.9027589366912874	0.23279725822309652	0.9074148818557493	0.8350047336684333	0.7777777777777778	9.0
19960	train	6.672618368993309e-06	0.9621403930388464	0.9195547492606018	0.16632033636172613	0.9228811559878363	0.7851847410202026	0.75	24.0
19970	train	6.664216933084561e-06	0.8687662261294979	0.8113836450343049	0.22557592516144118	0.8158951635375338	1.0574212518392825	0.7254901960784313	51.0
19980	train	6.655820414436329e-06	1.0498350512172199	0.9981852954561926	0.1597015025715033	1.0013793255076227	0.9691145141919454	0.7666666666666667	30.0
19990	train	6.64742882257119e-06	0.7450727173822224	0.6974380400416353	0.2417630578080813	0.702273301197797	0.8559883236885071	0.5555555555555556	9.0
20000	train	6.639042167006149e-06	1.031506465271951	0.9860558925031038	0.1879691630601883	0.9898152757643075	0.8338237901528677	0.8333333333333334	12.0
20000	val		0.933201698935602	0.8819528617983086	0.21262617893562283	0.886205385377021	0.9399262711716195	0.6979166666666666	192.0
20010	train	6.630660457252605e-06	0.9482617024859409	0.9146775165479004	0.18724091351032257	0.9184223348181069	0.5967873533566793	0.9	30.0
20020	train	6.62228370281635e-06	0.7491751619557284	0.6893586735473483	0.27576563010613125	0.6948739861494709	1.0860235161251492	0.7037037037037037	27.0
20030	train	6.613911913197553e-06	0.7431057657805996	0.7105613076198019	0.24692735324303308	0.7154998546846625	0.5521182219187418	0.8888888888888888	9.0
20040	train	6.605545097890764e-06	0.8847399342413352	0.8429338082527723	0.1873176321387291	0.8466801608955469	0.7611954669157664	0.7333333333333333	15.0
20050	train	6.597183266384869e-06	0.9322929912955182	0.89697889477407	0.2082200547059377	0.9011432958681888	0.6229939085465891	0.8888888888888888	27.0
20060	train	6.588826428163127e-06	0.8034961386176974	0.7458672221902043	0.22619273389379183	0.7503910768680802	1.062101234992345	0.6666666666666666	6.0
20070	train	6.580474592703115e-06	0.8846898306506189	0.8400599423644256	0.24756534645954767	0.8450112492936166	0.7935716271400451	0.7333333333333333	15.0
20080	train	6.57212776947675e-06	0.9801735622880919	0.93940652143936	0.19259774684906006	0.9432584763763412	0.7383017182350159	0.7333333333333333	15.0
20090	train	6.563785967950257e-06	0.9332028743400496	0.8828699300959032	0.20173940310875574	0.8869047181580784	0.9259631236394247	0.7222222222222222	36.0
20100	train	6.555449197584164e-06	0.8756345713224546	0.8458751554459204	0.21899346138040224	0.8502550246735284	0.5075909329785241	0.8888888888888888	18.0
20110	train	6.547117467833297e-06	0.9918363791897707	0.9422716952060474	0.20251580824454626	0.9463220113709383	0.9102873563766479	0.8666666666666667	15.0
20120	train	6.538790788146766e-06	0.9556831523467962	0.9078544463902577	0.1964063619573911	0.9117825736294055	0.878011574347814	0.7916666666666666	24.0
20130	train	6.530469167967953e-06	0.8771340331318107	0.8532391938284497	0.2007408266266187	0.857254010360982	0.3976004554165734	1.0	9.0
20140	train	6.5221526167345e-06	0.950599102425585	0.894161837711609	0.21837366123994192	0.8985293109364078	1.0413958297835455	0.7222222222222222	18.0
20150	train	6.513841143878301e-06	0.9620859556587186	0.9143685227822906	0.2122147480646769	0.9186128177435842	0.8694627583026886	0.7777777777777778	18.0
20160	train	6.5055347588254945e-06	0.9153599592068369	0.8603926814365958	0.20196853950619698	0.8644320522267197	1.0185581396023433	0.8333333333333334	6.0
20170	train	6.497233470996444e-06	0.903721513648639	0.8399751631416975	0.2457833910981814	0.8448908309636611	1.176613653699557	0.5	6.0
20180	train	6.488937289805732e-06	0.8405435627238502	0.807372730179285	0.23774531235297522	0.8121276364263446	0.5683185259501139	0.9166666666666666	12.0
20190	train	6.480646224662153e-06	1.0095423077760657	0.9825757561344426	0.16357027987639108	0.9858471617319704	0.47390292088190716	0.8888888888888888	18.0
20200	train	6.4723602849687e-06	1.120029144941362	1.0920320066646656	0.1010235237578551	1.0940524771398228	0.5195333560307821	0.8888888888888888	9.0
20210	train	6.464079480122544e-06	0.8748069858290131	0.8328824070828531	0.22950062155723572	0.8374724195139979	0.7466913263003031	0.7777777777777778	9.0
20220	train	6.455803819515044e-06	0.9029492199025784	0.8678149452907079	0.21689168363809586	0.8721527789634699	0.6159288187821707	0.8888888888888888	18.0
20230	train	6.447533312531719e-06	0.8250787043273811	0.7793092192733182	0.26146891713142395	0.7845385976159467	0.8108021342286876	0.7843137254901961	51.0
20240	train	6.439267968552244e-06	0.8979219156037825	0.851407917678958	0.21733492178221545	0.8557546161146022	0.843345989783605	0.7777777777777778	9.0
20250	train	6.431007796950443e-06	0.9631677361399015	0.9327738205413103	0.2045480397840341	0.936864781336991	0.5260590960582098	0.9166666666666666	12.0
20260	train	6.422752807094262e-06	1.0049267235429793	0.9529983471117128	0.20241794611016908	0.9570467060339162	0.9576003501812617	0.6666666666666666	6.0
20270	train	6.414503008345783e-06	0.8343783966988266	0.7931664299259524	0.22044589122136435	0.7975753477503797	0.7360609789689382	0.7333333333333333	15.0
20280	train	6.406258410061194e-06	0.7968953328466813	0.7543350026146969	0.2479978253444036	0.759294959121585	0.7520074745019277	0.8333333333333334	12.0
20290	train	6.398019021590789e-06	0.9462557942154692	0.9011388711862451	0.20798004046082497	0.9052984719954617	0.8191464444001516	0.7777777777777778	9.0
20300	train	6.3897848522789516e-06	1.067943423405496	1.0160492304615256	0.1615237221121788	1.0192797049037692	0.9732743700345358	0.7083333333333334	48.0
20310	train	6.381555911464147e-06	0.8275880347674991	0.7711357645676439	0.25959304223457974	0.7763276254123355	1.0252081871032714	0.7333333333333333	15.0
20320	train	6.373332208478906e-06	0.8251650800325531	0.795654085495544	0.2351090038816134	0.8003562655731762	0.4961762891875373	0.8888888888888888	18.0
20330	train	6.365113752649823e-06	0.9562858329681252	0.9103264803158934	0.19729546705881754	0.9142723896570697	0.8402688662211101	0.8333333333333334	30.0
20340	train	6.356900553297542e-06	1.0111862918110823	0.9770998599501586	0.1734947313865026	0.9805697545778886	0.6123307446638743	0.8333333333333334	36.0
20350	train	6.348692619736752e-06	1.0438249814355869	0.9973296994147531	0.16060407956441244	1.0005417810060413	0.8656640085909102	0.7407407407407407	27.0
20360	train	6.340489961276155e-06	1.0412710350598169	0.9809073649255209	0.1420141231889526	0.9837476473893	1.1504677534103394	0.6666666666666666	51.0
20370	train	6.332292587218481e-06	0.8109994271488666	0.758108832911486	0.2832277665535609	0.7637733882425572	0.9445207781261868	0.6666666666666666	9.0
20380	train	6.3241005068604644e-06	0.9249851307004271	0.8837372893654218	0.2015789325038592	0.887768868015499	0.744325253698561	0.7777777777777778	18.0
20390	train	6.315913729492837e-06	0.9316171067479184	0.9059969525061976	0.22653529793024063	0.9105276584648024	0.42178896566232044	1.0	12.0
20400	train	6.307732264400313e-06	0.8404442699397385	0.7694859945421199	0.26407702763875324	0.7747675350948949	1.3135346968968709	0.6666666666666666	6.0
20410	train	6.299556120861591e-06	0.8746411562217187	0.8107810042801411	0.2152868745227655	0.8150867417705964	1.1910882890224457	0.8333333333333334	6.0
20420	train	6.291385308149317e-06	0.9883877892564039	0.9530616803570225	0.1968564291795095	0.9569988089406127	0.6277796063158247	0.8888888888888888	18.0
20430	train	6.283219835530109e-06	0.8100262817302277	0.7630538536583977	0.26379267250498134	0.7683297071084974	0.8339314924346076	0.7777777777777778	9.0
20440	train	6.2750597122645214e-06	1.0079177069822547	0.9607458331677248	0.1645383139451345	0.9640365994466275	0.877622150712543	0.7777777777777778	18.0
20450	train	6.266904947607039e-06	0.9917126356451947	0.9346769651494993	0.21167323738336563	0.9389104298971666	1.0560441149605646	0.6388888888888888	36.0
20460	train	6.258755550806075e-06	0.9257077395342376	0.8970585174781666	0.19759053736925125	0.9010103282255516	0.49394822617371875	0.9166666666666666	12.0
20470	train	6.250611531103953e-06	1.0011256828078363	0.9478091130821639	0.19773368537425995	0.951763786789649	0.9872379203637441	0.6481481481481481	54.0
20480	train	6.242472897736895e-06	0.7960432901343922	0.7205680306117952	0.24201886852582297	0.7254084079823117	1.4126976430416107	0.5	6.0
20490	train	6.234339659935018e-06	0.9846564396211853	0.9215015107879391	0.17427591234445572	0.9249870290348282	1.1933882117271424	0.6666666666666666	15.0
20500	train	6.226211826922318e-06	0.8035863545282925	0.7661744998472511	0.23952893167734146	0.7709650784807979	0.6524255209498935	0.8888888888888888	9.0
20500	val		0.9337391749284405	0.8816284190015868	0.2105032405312448	0.8858384838122118	0.958013822324574	0.6927083333333334	192.0
20510	train	6.218089407916665e-06	0.929701417272666	0.8862027101128642	0.20630778868993124	0.8903288658866628	0.7874510277200628	0.7777777777777778	27.0
20520	train	6.209972412129786e-06	0.8913777682472946	0.8446168594350102	0.23366078982750574	0.8492900752315603	0.8417538603146871	0.6666666666666666	9.0
20530	train	6.201860848767252e-06	1.0312778492590342	0.9757046908375839	0.18163880333304405	0.9793374669042448	1.038807647095786	0.7037037037037037	27.0
20540	train	6.193754727028483e-06	0.9203550871946008	0.8903897230397587	0.22514584412177405	0.8948926399221941	0.5092489454481337	0.8888888888888888	18.0
20550	train	6.185654056106719e-06	0.8459033159095918	0.8020814895642011	0.25005708634853363	0.8070826312911717	0.7764136923684014	0.7777777777777778	9.0
20560	train	6.177558845189028e-06	0.7776636687262056	0.7440505440874098	0.26438584675391513	0.7493382610224881	0.566508154074351	0.8518518518518519	27.0
20570	train	6.169469103456283e-06	0.7700168331135395	0.718492495259084	0.25364302347103757	0.7235653557285048	0.929029547700695	0.6862745098039216	51.0
20580	train	6.1613848400831414e-06	0.8802595073648558	0.8525413033616144	0.20431270574529967	0.8566275574765204	0.4726389977667067	0.8888888888888888	18.0
20590	train	6.153306064238063e-06	0.8912608395688774	0.8418774568378635	0.2609078288078308	0.8470956134140202	0.8833045230971442	0.7407407407407407	27.0
20600	train	6.145232785083278e-06	0.9705061386750059	0.9276020100192146	0.2059778335193793	0.9317215666896022	0.775691439708074	0.75	12.0
20610	train	6.137165011774783e-06	0.8626269148141916	0.8165026737270198	0.2346294621626536	0.8211952629702729	0.8286330368783739	0.8518518518518519	27.0
20620	train	6.129102753462335e-06	0.8545375036960887	0.8282664904759375	0.21778843303521475	0.8326222591366418	0.4383048911889394	0.8888888888888888	9.0
20630	train	6.121046019289424e-06	0.920957689127434	0.8927529671699889	0.21706275393565497	0.897094222248702	0.4772693375746409	0.9333333333333333	15.0
20640	train	6.112994818393289e-06	0.9136985700981847	0.8890380746282172	0.22719156245390573	0.8935819058772952	0.4023332844177882	1.0	12.0
20650	train	6.104949159904886e-06	0.9061854010460426	0.8823126693537814	0.2373232146104177	0.8870591336459898	0.38252534800105625	1.0	9.0
20660	train	6.096909052948887e-06	0.9434549481523228	0.8956570322168064	0.21138717730840048	0.8998847757629744	0.871403447786967	0.7333333333333333	30.0
20670	train	6.088874506643668e-06	0.9960398650172063	0.963781092291346	0.17782539750138918	0.9673376002413738	0.5740452955166498	0.7916666666666666	24.0
20680	train	6.080845530101302e-06	0.8602413162787831	0.8007356503514855	0.22463137718538442	0.8052282778951932	1.100260767671797	0.6666666666666666	9.0
20690	train	6.072822132427537e-06	0.8752172986252802	0.8479589289013244	0.23962651193141937	0.8527514591399528	0.44931678970654804	0.9444444444444444	18.0
20700	train	6.0648043227217984e-06	0.8370382557818976	0.7954954794390023	0.2749373142917951	0.8009942257248382	0.7208806011411879	0.7777777777777778	9.0
20710	train	6.0567921100771805e-06	0.9531959406892416	0.9164662477566095	0.21037734299898148	0.920673794616589	0.650442921453052	0.7777777777777778	9.0
20720	train	6.048785503580419e-06	0.9204242210536849	0.8686760855416111	0.2033784401913484	0.8727436543454381	0.9536113341649374	0.7037037037037037	27.0
20730	train	6.040784512311899e-06	0.9237776226456128	0.8857952279668877	0.1891520395874977	0.8895782687586377	0.6839870777395036	0.7777777777777778	9.0
20740	train	6.032789145345637e-06	0.9997211718463025	0.9746307061102445	0.1599039944509665	0.9778287859992638	0.43784771694077385	0.9444444444444444	18.0
20750	train	6.0247994117492625e-06	1.0194212797108047	0.9679655828895918	0.16639850536982217	0.9712935529969883	0.9625545342763265	0.6875	48.0
20760	train	6.016815320584023e-06	1.008531572801664	0.9631750711627747	0.16965049505233765	0.9665680810638214	0.8392698347568512	0.7833333333333333	60.0
20770	train	6.008836880904774e-06	0.7670626220960437	0.7284992497025946	0.23822488387425741	0.7332637473800797	0.67597749431928	0.8666666666666667	15.0
20780	train	6.000864101759952e-06	0.9589512162629915	0.92541384910287	0.2092148202160994	0.9295981455071919	0.5870614151159922	0.9166666666666666	12.0
20790	train	5.992896992191571e-06	0.8397399233260895	0.7969970298454973	0.25972649703423184	0.8021915597861818	0.7509672707981534	0.7777777777777778	9.0
20800	train	5.984935561235222e-06	0.9550131979613714	0.9065193158417157	0.19158582389354706	0.9103510323195867	0.8932433128356934	0.6666666666666666	9.0
20810	train	5.976979817920055e-06	1.0045597126708652	0.9559983267015443	0.17343096435070038	0.9594669459885583	0.9018553336461385	0.75	60.0
20820	train	5.9690297712687666e-06	0.9204644682844678	0.863827791864284	0.2087889462709427	0.8680035707897029	1.0492179498952978	0.6274509803921569	51.0
20830	train	5.961085430297596e-06	0.9398683610400458	0.9005431609691084	0.2160207207004229	0.9048635753831168	0.7000957131385803	0.8333333333333334	18.0
20840	train	5.953146804016313e-06	0.9201753087122767	0.8599126538994771	0.2281974715491136	0.8644766033304594	1.1139741076363459	0.6666666666666666	9.0
20850	train	5.945213901428194e-06	0.9078930148598041	0.8795116418219096	0.20210348814725876	0.8835537115848547	0.48678606549898784	0.8666666666666667	30.0
20860	train	5.93728673153004e-06	0.8401813562929824	0.7901778389125153	0.2504247228304545	0.7951863333691244	0.8999004584771616	0.6666666666666666	27.0
20870	train	5.929365303312141e-06	0.8122406025171551	0.7709999638488167	0.20979075009624162	0.7751957788507415	0.7408964733282725	0.8333333333333334	6.0
20880	train	5.921449625758283e-06	0.948460087680361	0.8702680333490584	0.2614529977242152	0.8754970933035428	1.4592598875363667	0.5	6.0
20890	train	5.913539707845724e-06	1.0505246020938908	1.0272812082207157	0.15400990222891173	1.030361406265294	0.403263916571935	0.9166666666666666	12.0
20900	train	5.9056355585451846e-06	0.920104039686529	0.8987822883602065	0.24252713471651077	0.9036328310545366	0.3294241726398468	1.0	12.0
20910	train	5.897737186820856e-06	0.9031569302014962	0.8664989990425562	0.23309828092654547	0.8711609646610872	0.6399193108081818	0.8888888888888888	9.0
20920	train	5.889844601630368e-06	0.7039229401150514	0.6709061661229367	0.2700132181247075	0.6763064304854309	0.5523301925924089	0.8888888888888888	9.0
20930	train	5.881957811924793e-06	0.9319081224714819	0.8770232112588257	0.2125653773546219	0.8812745188059181	1.012672073311276	0.5555555555555556	9.0
20940	train	5.874076826648626e-06	0.9324399658712875	0.9005472172472011	0.20055427898963293	0.9045583028269938	0.5576332608858744	0.8888888888888888	18.0
20950	train	5.866201654739786e-06	0.8426861852289609	0.7899375565287399	0.23178109526634216	0.7945731784340667	0.9622601358978836	0.6666666666666666	27.0
20960	train	5.858332305129586e-06	0.9672975594077117	0.9223246174080776	0.203114898254474	0.9263869153731671	0.8182128806908925	0.8666666666666667	15.0
20970	train	5.8504687867427465e-06	0.9859886899114308	0.9465460291525382	0.1797365446885427	0.950140760046309	0.7169585973024368	0.75	24.0
20980	train	5.8426111084973776e-06	0.8320701331203897	0.7919789226160168	0.2674488623936971	0.7973278998638907	0.6948446651299794	0.8	15.0
20990	train	5.834759279304957e-06	0.9712806970144765	0.9233414338903195	0.2167066658536593	0.9276755672073927	0.8721025961416738	0.7037037037037037	27.0
21000	train	5.826913308070339e-06	1.0212360544697632	0.9958114485968673	0.16920562088489532	0.9991955610145652	0.4408098691039615	0.9444444444444444	18.0
21000	val		0.9350162578323418	0.8814388022411513	0.211626691748258	0.8856713360761165	0.9868984351245066	0.6822916666666666	192.0
21010	train	5.819073203691718e-06	0.7065207487765077	0.6701446935623676	0.28136788805325824	0.6757720513234328	0.6149739490614997	0.7777777777777778	9.0
21020	train	5.811238975060651e-06	0.9287095272728596	0.8838657079659032	0.19731193284193674	0.887811946622742	0.8179516130023532	0.7777777777777778	72.0
21030	train	5.8034106310620235e-06	0.8531861066207734	0.8143222865927995	0.22167280440529188	0.8187557426809053	0.6886072787973616	0.7407407407407407	27.0
21040	train	5.7955881805740486e-06	0.8463396688472417	0.8163519037436631	0.19747933993736902	0.8203014905424104	0.5207635660966238	0.8888888888888888	9.0
21050	train	5.78777163246826e-06	0.641566100531565	0.6051365968224872	0.27399448802073795	0.610616486582902	0.6189922789732615	0.8666666666666667	15.0
21060	train	5.779960995609487e-06	0.9670538500487684	0.9272810244599858	0.2208577667673429	0.9316981797953326	0.7071134050687155	0.7777777777777778	9.0
21070	train	5.772156278855862e-06	0.9544273448444615	0.9170589637217134	0.19849546750386557	0.9210288730717907	0.6679694354534149	0.8	30.0
21080	train	5.764357491058804e-06	0.7135622880749849	0.6660724153760023	0.28867625320951146	0.6718459404401925	0.8343269526958466	0.8888888888888888	9.0
21090	train	5.756564641063007e-06	0.8470432938212773	0.8118098705087722	0.2409021407365799	0.8166279133235038	0.6083076099554697	0.8333333333333334	12.0
21100	train	5.748777737706427e-06	0.9702162590645745	0.9340476063578985	0.19227840503056845	0.9378931744585098	0.6464616921212938	0.7777777777777778	9.0
21110	train	5.740996789820285e-06	1.0179627351776086	0.9777602242743296	0.1835408036907514	0.9814310403481447	0.7306338965892791	0.8	30.0
21120	train	5.733221806229036e-06	1.0702262958425095	1.0209544604060858	0.14778484652439752	1.0239101573365739	0.9263227701187133	0.7333333333333333	15.0
21130	train	5.725452795750378e-06	0.9377658064983281	0.8680623964043451	0.2129924309750398	0.8723222450238459	1.3088712294896443	0.5555555555555556	9.0
21140	train	5.7176897671952345e-06	0.8907015531099097	0.8647153837071118	0.20700008297959963	0.8688553853667037	0.4369233548641205	0.9166666666666666	12.0
21150	train	5.709932729367743e-06	1.0023134146837442	0.9616569075277829	0.1857521372536818	0.9653719502728565	0.7388292882177565	0.8333333333333334	18.0
21160	train	5.702181691065247e-06	0.8374368436250549	0.8149693526274755	0.23605512082576752	0.8196904550439909	0.35492777162128025	1.0	9.0
21170	train	5.694436661078291e-06	0.6534953248301596	0.6074213364521116	0.30716677755117416	0.6135646720031351	0.7986130565404892	0.8333333333333334	6.0
21180	train	5.686697648190593e-06	0.9929391654068126	0.9551817197088295	0.17463514332969984	0.9586744225754235	0.6852948566277822	0.8333333333333334	18.0
21190	train	5.678964661179059e-06	1.027341182293629	0.9829711105546706	0.15654242783784866	0.9861019591114275	0.8247844636440277	0.7666666666666667	30.0
21200	train	5.671237708813761e-06	0.9108873405314479	0.859250409082273	0.23815361907084784	0.86401348146369	0.9374771813551585	0.6666666666666666	12.0
21210	train	5.6635167998579196e-06	0.9607892979840268	0.9134897438181602	0.20311487466096878	0.9175520413113796	0.8647451334529452	0.75	36.0
21220	train	5.655801943067902e-06	0.9403760699918783	0.9005933509178542	0.20621766274174055	0.904717704172689	0.7131673163837857	0.7777777777777778	9.0
21230	train	5.648093147193215e-06	0.9554508359047631	0.9299282005905634	0.19281588991483053	0.93378451838886	0.433326350318061	0.8888888888888888	18.0
21240	train	5.640390420976495e-06	0.9359626365274261	0.901433472607209	0.20639504740635553	0.9055613735553361	0.6080252594417996	0.8888888888888888	9.0
21250	train	5.632693773153486e-06	0.830879075525282	0.7932188956544579	0.2209752220660448	0.7976384000957788	0.6648135085900625	0.8666666666666667	15.0
21260	train	5.625003212453047e-06	0.9481888233176126	0.8899949327658865	0.23994127412637076	0.8947937582484139	1.0679013013839722	0.7	30.0
21270	train	5.617318747597131e-06	1.0361486758641276	1.0051395981777251	0.158201323201259	1.0083036246417503	0.5569010244475471	0.9444444444444444	18.0
21280	train	5.609640387300769e-06	0.83025372046291	0.7936508695257289	0.2579582904775937	0.7988100353352808	0.6288737025525835	0.8888888888888888	9.0
21290	train	5.601968140272084e-06	0.950583725038063	0.9086518923817987	0.2356791409353415	0.9133654752005055	0.7443649967511495	0.7777777777777778	9.0
21300	train	5.594302015212251e-06	0.8100345662007085	0.7711744092672419	0.2351860230167707	0.7758781297275773	0.6831287294626236	0.6666666666666666	12.0
21310	train	5.5866420208155136e-06	0.9486491053292068	0.8999668654788446	0.1964730421702067	0.9038963263222488	0.8950555801391602	0.7333333333333333	15.0
21320	train	5.57898816576916e-06	0.883977019269437	0.8356192658634686	0.22965882470210394	0.8402124423575107	0.8752915382385253	0.7666666666666667	30.0
21330	train	5.571340458753507e-06	0.8977163430188736	0.8494240359764603	0.21763263394435248	0.8537766886553474	0.8787930872705247	0.7777777777777778	18.0
21340	train	5.563698908441909e-06	0.9906663587721578	0.9616264273837929	0.17989796524246535	0.9652243866886422	0.5088394416703118	1.0	9.0
21350	train	5.556063523500734e-06	0.9508399436913455	0.8932116442961021	0.25635748108228046	0.8983387939177477	1.0500229954719544	0.6	15.0
21360	train	5.548434312589359e-06	0.9812524764050551	0.9245761094963724	0.18935209264357886	0.928363151349244	1.0577865011162229	0.6666666666666666	36.0
21370	train	5.540811284360158e-06	0.7593949234798238	0.6988510985488381	0.2900899549325307	0.7046528976474887	1.094840516646703	0.6666666666666666	6.0
21380	train	5.533194447458492e-06	0.9193445905133173	0.8753983106796032	0.2542385334769885	0.8804830813491429	0.7772301832834879	0.8888888888888888	9.0
21390	train	5.525583810522703e-06	0.9509839239621518	0.8973344652756411	0.1910207619269689	0.9011548805141805	0.9965808689594269	0.5	6.0
21400	train	5.5179793821840995e-06	1.0058822568138572	0.9687854527314635	0.1955099751551946	0.9726956522345674	0.663732091585795	0.8333333333333334	30.0
21410	train	5.5103811710669505e-06	0.8484472700692663	0.816375330461805	0.2777070427934329	0.8219294713176737	0.5303559750318527	0.8333333333333334	6.0
21420	train	5.502789185788475e-06	0.8793282055678951	0.8475117151180559	0.2229680928091208	0.8519710769742384	0.5471425718731351	0.8888888888888888	18.0
21430	train	5.495203434958823e-06	0.9417165578440255	0.9157684593434559	0.2178279161453247	0.9201250176663623	0.43183080355326336	0.8888888888888888	18.0
21440	train	5.487623927181086e-06	0.8635081546632098	0.8267658138898658	0.2192891761660576	0.831151597413187	0.6471311450004578	0.8888888888888888	9.0
21450	train	5.480050671051265e-06	0.8979773657300676	0.8453441141325836	0.22936478505531946	0.84993140983369	0.9609191179275512	0.7333333333333333	15.0
21460	train	5.472483675158277e-06	0.7887275488357683	0.750108705495557	0.25960973153511685	0.7553009001262593	0.6685329741901822	0.8888888888888888	9.0
21470	train	5.46492294808394e-06	1.0599693059728397	1.0224698271657877	0.14717534432808557	1.0254133340523495	0.6911194384098053	0.7666666666666667	30.0
21480	train	5.457368498402959e-06	0.9744314610882993	0.9312966334027224	0.19103949517011642	0.9351174233061247	0.7862807556434914	0.8148148148148148	27.0
21490	train	5.449820334682917e-06	0.6537202710414678	0.5993647012947085	0.3057088404893875	0.6054788781044963	0.964827858739429	0.5555555555555556	9.0
21500	train	5.442278465484274e-06	0.9035809650558718	0.8631428522903213	0.2244937246044477	0.8676327267824102	0.7189647654692332	0.8333333333333334	12.0
21500	val		0.9347796732824264	0.8812305901731595	0.2116328270456336	0.8854632467140722	0.9863285313670834	0.703125	192.0
21510	train	5.434742899360349e-06	1.0186789244693644	0.9608832020206488	0.16114295894900957	0.964106061199629	1.0914572653947052	0.5185185185185185	27.0
21520	train	5.427213644857311e-06	0.9945424726026283	0.9462888017545501	0.18460009743769965	0.9499808037033041	0.891233377986484	0.7222222222222222	18.0
21530	train	5.4196907105141765e-06	0.7618454935417737	0.7013293420649843	0.2358905871709188	0.7060471538084027	1.1159667946674205	0.6666666666666666	27.0
21540	train	5.41217410486279e-06	1.0450098801069747	1.0078367010914575	0.1556489604214827	1.0109496802998872	0.6812039961417516	0.8333333333333334	48.0
21550	train	5.404663836427813e-06	1.0346130074417752	0.9600945277865889	0.20788099616765976	0.964252147709942	1.4072171946366627	0.5	6.0
21560	train	5.397159913726728e-06	0.8443674134694088	0.8058914536385948	0.25392360985279083	0.8109699258356506	0.6679497526751624	0.7777777777777778	9.0
21570	train	5.389662345269823e-06	1.0478239076933034	1.004638864507354	0.18448124080896378	1.0083284893235334	0.789908367395401	0.8666666666666667	15.0
21580	train	5.382171139560169e-06	0.7681973882706155	0.7277973710521581	0.2509084964791934	0.732815540981742	0.7076369457774692	0.8888888888888888	9.0
21590	train	5.374686305093631e-06	0.9996590022904026	0.9392883750081058	0.1922918682297071	0.9431342123726999	1.1304957983540553	0.5686274509803921	51.0
21600	train	5.367207850358842e-06	0.77529762892841	0.7287646689903607	0.277876615524292	0.7343222013008466	0.8195085525512695	0.7777777777777778	18.0
21610	train	5.359735783837203e-06	0.8939691926509022	0.8481643819530685	0.20241484915216765	0.8522126789361119	0.8351302742958069	0.7777777777777778	9.0
21620	train	5.35227011400287e-06	1.0432560476222468	1.0021838942780483	0.16623754551013312	1.005508645188251	0.7549480486799169	0.8518518518518519	27.0
21630	train	5.344810849322741e-06	0.963916486590178	0.8952350283904527	0.23187119762102762	0.8998724523428732	1.2808806849460976	0.5490196078431373	51.0
21640	train	5.337357998256457e-06	0.9499259032474875	0.914134990738523	0.18228399008512497	0.9177806705402255	0.6429046541452408	0.9166666666666666	12.0
21650	train	5.329911569256374e-06	0.9753496618759142	0.9196150673950553	0.18544932951529822	0.9233240539853612	1.040512157811059	0.6666666666666666	54.0
21660	train	5.322471570767574e-06	0.8403889084709962	0.8028495554480235	0.24361203362544379	0.8077217961205324	0.6533422470092773	0.8518518518518519	27.0
21670	train	5.315038011227844e-06	1.041476191310359	0.9986692561738421	0.17277319356799126	1.002124720045202	0.7870294253031412	0.8888888888888888	18.0
21680	train	5.3076108990676666e-06	0.9643678886069106	0.9271071066829808	0.22915352880954742	0.9316901772591717	0.653554226954778	0.8333333333333334	30.0
21690	train	5.3001902427102164e-06	0.7487780390889269	0.6989308516393922	0.30361831684907276	0.7050032179763737	0.8754964222510656	0.6666666666666666	6.0
21700	train	5.29277605057134e-06	0.82744152451021	0.7913730998283877	0.25270578016837436	0.7964272154317551	0.6202861815690994	0.8333333333333334	12.0
21710	train	5.285368331059556e-06	0.8765460327501859	0.8382294179236656	0.22620790203412375	0.8427535759643481	0.6758491357167562	0.8	15.0
21720	train	5.277967092576045e-06	0.9765157484466617	0.947307500569832	0.2164970263838768	0.9516374410975096	0.4975661469830407	0.8888888888888888	9.0
21730	train	5.2705723435146345e-06	0.9642400276789269	0.9115479645923643	0.2116983433564504	0.9157819314594933	0.9691619243886735	0.6666666666666666	18.0
21740	train	5.263184092261792e-06	1.0386502047943509	1.0116457574302062	0.18277292201916376	1.0153012158705894	0.4669797784752316	0.8888888888888888	9.0
21750	train	5.255802347196622e-06	0.9747902151834961	0.9364790117798908	0.21991929660240808	0.9408773977119389	0.6782563494311439	0.8888888888888888	9.0
21760	train	5.248427116690837e-06	0.8951235938787669	0.8699238204926462	0.177040446549654	0.8734646294236392	0.4331792891025543	0.8888888888888888	9.0
21770	train	5.241058409108772e-06	0.8692918637542536	0.8375050654658288	0.21207236250241598	0.8417465127158771	0.5509070207675298	0.875	24.0
21780	train	5.233696232807361e-06	0.8536861244052084	0.8102181252051822	0.24520606299241385	0.8151222464650305	0.7712775588035583	0.8	15.0
21790	train	5.226340596136132e-06	0.9057495718642989	0.8523914759413431	0.22443955888350806	0.8568802671190133	0.9773860949057119	0.7037037037037037	27.0
21800	train	5.218991507437197e-06	0.9245926755774896	0.8868177458669292	0.21489024038116136	0.8911155506745524	0.669542498058743	0.8333333333333334	18.0
21810	train	5.211648975045239e-06	1.0275224607995102	0.9846823188447128	0.14854528630773225	0.9876532245708675	0.7973847245728528	0.7407407407407407	27.0
21820	train	5.2043130072875064e-06	0.7182966060106711	0.6660923901860671	0.32390938699245453	0.6725705779259162	0.9145205616950989	0.6666666666666666	9.0
21830	train	5.196983612483805e-06	0.8955166490858094	0.8570602720464563	0.21929712841908136	0.861446214614838	0.6814086894194286	0.7333333333333333	15.0
21840	train	5.189660798946481e-06	0.9457465322894791	0.8988381883584399	0.22516136864821115	0.9033414157314041	0.848102331161499	0.8	15.0
21850	train	5.182344574980427e-06	0.9480287877947748	0.9083635470996957	0.22394402076800665	0.9128424275150558	0.7037272055943807	0.7333333333333333	15.0
21860	train	5.175034948883044e-06	0.8861445092506628	0.8370222761909917	0.2203668256600698	0.841429612704193	0.8942979309293959	0.6666666666666666	9.0
21870	train	5.167731928944269e-06	1.098072645735446	1.0473185704946884	0.14660672967632613	1.0502507050882148	0.9564388129446242	0.6944444444444444	36.0
21880	train	5.160435523446537e-06	0.763696053329283	0.741610435614825	0.26325712104638416	0.7468755780357527	0.33640950587060714	1.0	9.0
21890	train	5.1531457406647855e-06	0.8194249048811743	0.7644926204763401	0.2679794803261757	0.7698522100828636	0.9914538959662119	0.7777777777777778	9.0
21900	train	5.145862588866436e-06	0.8294554006452631	0.7976815812682381	0.2577865645289421	0.802837312558817	0.5323617617289226	0.8666666666666667	15.0
21910	train	5.1385860763114025e-06	0.9746447369748048	0.9390333476733634	0.19261750082174936	0.9428856976897985	0.6351807857001269	0.8888888888888888	27.0
21920	train	5.1313162112520465e-06	0.6705766169092444	0.6461828582513386	0.2732884461681048	0.6516486271747007	0.37855979469087386	1.0	9.0
21930	train	5.124053001933212e-06	0.8972585813177442	0.8308249652689843	0.25158392389615375	0.8358566437469074	1.2280387514167361	0.4444444444444444	9.0
21940	train	5.116796456592185e-06	0.8855431878157126	0.8406723816531566	0.21126684670646986	0.844897718587286	0.8129093845685323	0.7777777777777778	9.0
21950	train	5.1095465834586955e-06	1.0091428055958238	0.9693403350905861	0.17433893928925195	0.9728271138763712	0.7263138343890508	0.8333333333333334	12.0
21960	train	5.102303390754906e-06	0.9311399990140286	0.8520919087845967	0.21766765912373862	0.8564452619670715	1.4938947409391403	0.3333333333333333	6.0
21970	train	5.095066886695409e-06	0.9244904841384306	0.8902099032601728	0.22192375361919403	0.8946483783325567	0.5968421161174774	0.8666666666666667	15.0
21980	train	5.087837079487196e-06	0.8695023606904136	0.8273708519526111	0.2716737662752469	0.832804327278116	0.7339606682459513	0.75	12.0
21990	train	5.0806139773296765e-06	1.0049796062145702	0.9629535580940451	0.17804978042840958	0.9665145537026133	0.7693010502391391	0.7777777777777778	9.0
22000	train	5.073397588414654e-06	0.9086807953117473	0.8802766814627432	0.228302463889122	0.8848427307405257	0.4767612914244334	1.0	6.0
22000	val		0.9331864119580056	0.8808743958245696	0.2118950420322931	0.8851122966652155	0.9614823058558007	0.6822916666666666	192.0
22010	train	5.0661879209263145e-06	0.9353696241360593	0.901399434594481	0.19835180044174194	0.9053664706033159	0.6000630706548691	0.9166666666666666	12.0
22020	train	5.058984983041224e-06	0.8927079909793623	0.8604415617250599	0.22034611801306406	0.8648484840853212	0.5571901378808198	0.9259259259259259	27.0
22030	train	5.051788782928315e-06	1.0721657061756416	1.0254058711327543	0.14284768824776015	1.0282628248977095	0.8780576255586412	0.8333333333333334	36.0
22040	train	5.044599328748882e-06	1.0177305970140422	0.9772598244297629	0.16035162409146628	0.9804668569115922	0.7452748020490011	0.7777777777777778	36.0
22050	train	5.037416628656563e-06	0.964874847216838	0.9164812429581417	0.19760819027821222	0.920433406763706	0.8888288090626398	0.6666666666666666	6.0
22060	train	5.0302406907973415e-06	0.9270212225821735	0.8683374290622394	0.20207596446077028	0.8723789483514548	1.0928454846143723	0.6666666666666666	6.0
22070	train	5.023071523309532e-06	0.7084555529443481	0.6726678934416565	0.26153405259052914	0.677898574493467	0.6111395690176222	0.8888888888888888	9.0
22080	train	5.0159091343237606e-06	0.8747147774672901	0.8449470681176975	0.21959465617934862	0.8493389612412845	0.5075163245201111	0.9166666666666666	12.0
22090	train	5.008753531962977e-06	0.9178600728551436	0.8892571570349954	0.21825257192055383	0.8936222084734065	0.48475728763474357	0.8888888888888888	9.0
22100	train	5.001604724342432e-06	0.8527615970969898	0.8004877531131807	0.25441867609818775	0.8055761266351444	0.9437094092369079	0.7333333333333333	15.0
22110	train	4.99446271956967e-06	0.9496672755634494	0.9007237224849437	0.19873938833673796	0.9046985102516785	0.8993753062354194	0.6666666666666666	9.0
22120	train	4.987327525744518e-06	0.9406988493832823	0.9087967078867432	0.1904512755572796	0.9126057333978888	0.5618623197078705	0.8333333333333334	12.0
22130	train	4.980199150959078e-06	1.0304939033938008	1.004064028000092	0.16908717403809229	1.007445771480854	0.460962638258934	0.9166666666666666	12.0
22140	train	4.973077603297721e-06	0.7062564838152633	0.6544347454827533	0.24184380223353705	0.659271621527424	0.939697245756785	0.8333333333333334	6.0
22150	train	4.9659628908370755e-06	1.0511396220913325	1.0193765805751875	0.16838928063710532	1.0227443661879296	0.5679051180680593	0.875	48.0
22160	train	4.958855021646016e-06	0.9631221834006811	0.9300374724980431	0.21117889881134033	0.93426105047427	0.577222658528222	0.8888888888888888	18.0
22170	train	4.951754003785659e-06	0.8995357066045979	0.8421841563103046	0.21865102152029672	0.8465571767407105	1.0595705972777472	0.6296296296296297	54.0
22180	train	4.944659845309352e-06	0.9639492824741013	0.9253108161506859	0.18757341926296553	0.9290622845359452	0.6977399587631226	0.6666666666666666	9.0
22190	train	4.937572554262652e-06	0.8997912404843952	0.8490996286237579	0.22384841491778693	0.8535765969221136	0.9242928712456314	0.7037037037037037	27.0
22200	train	4.930492138683341e-06	0.8588835200688086	0.8151660514891984	0.2757910043001175	0.8206818715752008	0.7640329698721567	0.8	15.0
22210	train	4.923418606601395e-06	0.8334481662188312	0.7981404672156778	0.23778397465745607	0.8028961467088269	0.6110403902000852	0.8888888888888888	9.0
22220	train	4.916351966038994e-06	0.9347904332742747	0.8985670678829806	0.21837625528375307	0.9029345929886556	0.637116805712382	0.8666666666666667	30.0
22230	train	4.909292225010486e-06	1.0721772442607984	1.0346132433761064	0.13795402646064758	1.0373723239053194	0.6960984071095785	0.7777777777777778	9.0
22240	train	4.902239391522407e-06	0.9548205580086252	0.9323403829770692	0.18561985592047373	0.9360527800954787	0.375355558262931	1.0	18.0
22250	train	4.895193473573455e-06	1.0080852119262522	0.9833696720925145	0.17025431928535303	0.9867747584782215	0.42620906896061367	0.9444444444444444	18.0
22260	train	4.888154479154484e-06	0.8739973674884102	0.8108538766761173	0.24938416729370752	0.8158415600219915	1.163116149328373	0.5925925925925926	27.0
22270	train	4.881122416248499e-06	0.9236749636248812	0.8722183277821606	0.21221022059520087	0.8764625321940646	0.944248628616333	0.8	15.0
22280	train	4.874097292830643e-06	0.8542994861469443	0.8241913901930824	0.2315272862712542	0.8288219359185075	0.5095510045687358	0.8666666666666667	15.0
22290	train	4.867079116868184e-06	0.9372257614316047	0.8878702465376755	0.22592341154813766	0.8923887147686383	0.8967409332593282	0.7666666666666667	30.0
22300	train	4.860067896320515e-06	0.86305196863391	0.8251028735635478	0.228954349954923	0.8296819605626463	0.6674001614252726	0.7777777777777778	18.0
22310	train	4.8530636391391405e-06	0.8986410082545826	0.8781838261419154	0.21217174579699835	0.8824272610578553	0.3242749439345466	1.0	9.0
22320	train	4.846066353267669e-06	1.0055256261760188	0.9576996083889597	0.18718271702528	0.9614432627294653	0.8816472689310709	0.7222222222222222	36.0
22330	train	4.839076046641802e-06	0.8965036944499176	0.8496247336716019	0.2214334929982821	0.8540534035315674	0.8490058183670044	0.75	36.0
22340	train	4.832092727189326e-06	0.8683126883009986	0.8444056552449778	0.21819596737623215	0.8487695745925025	0.39086227416992186	1.0	15.0
22350	train	4.825116402830097e-06	0.9821700048282997	0.931555803898499	0.1972162276506424	0.9355001284515119	0.9333975275357564	0.7666666666666667	30.0
22360	train	4.8181470814760474e-06	0.7884552791004087	0.7229933935852222	0.261241855720679	0.7282182306996358	1.2047409680154588	0.4444444444444444	9.0
22370	train	4.811184771031163e-06	1.0343343062995192	0.9865253627844965	0.15324644868572554	0.989590291758211	0.8948802908261617	0.7166666666666667	60.0
22380	train	4.804229479391476e-06	0.9194518319622789	0.8894017875548317	0.19234702736139297	0.8932487281020596	0.5240620772043864	0.9166666666666666	12.0
22390	train	4.797281214445069e-06	0.9841343317505219	0.9332189230945208	0.17426024998227754	0.9367041280941664	0.9486040731271108	0.7333333333333333	30.0
22400	train	4.790339984072037e-06	0.9867309099406699	0.9508022208606898	0.16822045731047788	0.9541666300068994	0.6512855986754099	0.7777777777777778	9.0
22410	train	4.783405796144513e-06	0.9832205489177425	0.9365033418584783	0.19077861433227858	0.9403189141451238	0.8580326954523723	0.7333333333333333	30.0
22420	train	4.776478658526635e-06	0.8746939738517275	0.8511459533671808	0.22622141055762768	0.8556703815783333	0.3804718454678853	0.8888888888888888	9.0
22430	train	4.769558579074553e-06	0.9018826502768583	0.8748101422025151	0.23245756514370441	0.8794592935053892	0.4484671354293823	0.9166666666666666	12.0
22440	train	4.762645565636408e-06	0.941158015109946	0.9095127683657902	0.19348870466152826	0.9133825424590207	0.5555094530185064	0.9166666666666666	24.0
22450	train	4.755739626052319e-06	0.9187177849830669	0.8876904698234281	0.24835599462191263	0.8926575897158664	0.5212039053440094	0.9166666666666666	12.0
22460	train	4.748840768154395e-06	0.985312565174743	0.9472703392625297	0.2016867237786452	0.9513040737381026	0.6801698287328084	0.9333333333333333	15.0
22470	train	4.741948999766709e-06	0.9338845151637731	0.9046292011414705	0.20289147148529688	0.9086870305711764	0.5039496918519338	0.9166666666666666	12.0
22480	train	4.7350643287052904e-06	1.054368991501027	1.0124245166664922	0.15604165817300478	1.0155453498299523	0.7764728334214952	0.8055555555555556	36.0
22490	train	4.728186762778128e-06	0.8419746523387882	0.8178400051548401	0.212722048163414	0.8220944461181084	0.39760412441359627	1.0	9.0
22500	train	4.721316309785138e-06	0.8866573921645085	0.8414044867261647	0.21706785509983698	0.8457458438281615	0.8182309667269388	0.8148148148148148	27.0
22500	val		0.9324861879665772	0.8807810301560143	0.2130648904816131	0.8850423279656465	0.9488772000186145	0.71875	192.0
22510	train	4.714452977518186e-06	0.9794065108886747	0.9398599977782754	0.17224701990683874	0.9433049381764123	0.7220314542452494	0.8888888888888888	18.0
22520	train	4.707596773761051e-06	0.8035888868789578	0.7598948543489679	0.23224722842375436	0.764539798917443	0.7809817592302958	0.6666666666666666	12.0
22530	train	4.7007477062894335e-06	0.8761502307533193	0.8245059577693686	0.22260396058360735	0.8289580369810408	0.9438438754455716	0.7058823529411765	51.0
22540	train	4.693905782870936e-06	0.9502222924236573	0.9164744906926272	0.18756743768850961	0.9202258394463974	0.599929059545199	0.9166666666666666	12.0
22550	train	4.687071011265066e-06	0.8857345906418963	0.8478418468457861	0.20474167416493097	0.8519366803290848	0.6759582062562307	0.8666666666666667	15.0
22560	train	4.680243399223207e-06	0.9436955161636978	0.9098237332449267	0.2199819733699163	0.914223372712325	0.5894428690274557	0.9166666666666666	24.0
22570	train	4.673422954488636e-06	0.9152149921492689	0.8841941628938867	0.189305999626716	0.8879802828864211	0.544694185256958	0.8888888888888888	18.0
22580	train	4.666609684796495e-06	0.7404230879311553	0.6945446678729313	0.2865251377224922	0.7002751706273812	0.8029583460754819	0.7777777777777778	9.0
22590	train	4.659803597873791e-06	1.002273710834688	0.9703334384090762	0.1847635991871357	0.9740287103928189	0.564900008837382	0.8666666666666667	15.0
22600	train	4.653004701439383e-06	0.7998375539917655	0.7395611969541638	0.24604474132259688	0.7444820917806158	1.1071092442229942	0.7407407407407407	27.0
22610	train	4.64621300320398e-06	0.8435496096731652	0.8100574178915648	0.25476131091515225	0.8151526441098679	0.5679393112659454	0.8333333333333334	18.0
22620	train	4.6394285108701174e-06	0.8428751265625022	0.8029639359931015	0.2515855133533478	0.8079956462601684	0.6975896060466766	0.8333333333333334	18.0
22630	train	4.632651232132164e-06	0.7354792409767412	0.6790434052675667	0.2827370340625445	0.6846981459488176	1.0156219005584717	0.6666666666666666	9.0
22640	train	4.625881174676314e-06	0.7986853309332683	0.7645586903998608	0.28056534255544346	0.7701699972509697	0.5703066736459732	0.8333333333333334	12.0
22650	train	4.619118346180568e-06	0.7631867672292333	0.7118782618431191	0.23699360092480978	0.7166181338616153	0.9313726673523585	0.6666666666666666	6.0
22660	train	4.612362754314718e-06	0.842090926974325	0.8207029542916104	0.23032183448473612	0.8253093909813052	0.3356307198603948	1.0	12.0
22670	train	4.60561440674036e-06	0.9067893789096939	0.8618192969478767	0.21676436314980188	0.8661545842108728	0.8126958939764235	0.7777777777777778	18.0
22680	train	4.598873311110873e-06	1.022980512293113	0.9722060264268843	0.1623802880446116	0.9754536321877765	0.9505376021067301	0.7222222222222222	36.0
22690	train	4.592139475071406e-06	0.8696905489938068	0.8270826942731878	0.2390144889553388	0.8318629840522946	0.7565512988302443	0.8888888888888888	9.0
22700	train	4.585412906258883e-06	1.0511341042252234	1.007284996701464	0.16258173684279123	1.01053663143832	0.8119494557380676	0.8	60.0
22710	train	4.5786936123019825e-06	0.7398298849010628	0.6868782216652395	0.27897638579209644	0.6924577493810814	0.9474427103996277	0.6666666666666666	9.0
22720	train	4.5719816008211245e-06	0.8991879192457127	0.834059584137353	0.2221362665295601	0.8385023094679442	1.2137121955553691	0.6274509803921569	51.0
22730	train	4.5652768794284824e-06	0.9425598146609702	0.9008118175889623	0.1990224023660024	0.9047922656362823	0.7553509804937575	0.7777777777777778	36.0
22740	train	4.558579455727954e-06	0.9832741436802683	0.9491772330744404	0.20135832577943802	0.9532043995900291	0.6013948818047842	0.875	24.0
22750	train	4.551889337315163e-06	1.012788685086344	0.9902172225776389	0.18279368430376053	0.9938730962637141	0.37831177645259434	1.0	9.0
22760	train	4.545206531777452e-06	0.9647218428813902	0.9214879437880537	0.20140350610017776	0.9255160139100572	0.7841165794266595	0.7777777777777778	36.0
22770	train	4.538531046693864e-06	0.9775218613050238	0.932382306988225	0.19599431132276854	0.9363021932146803	0.8243933618068695	0.7916666666666666	48.0
22780	train	4.53186288963514e-06	0.9105079122784294	0.8706898424429255	0.24078002820412317	0.8755054430070079	0.7000493854284286	0.8333333333333334	12.0
22790	train	4.5252020681637134e-06	0.8821075536886464	0.8578895355840137	0.21833646049102148	0.8622562647938341	0.3970257778962453	0.9333333333333333	15.0
22800	train	4.518548589833697e-06	0.8778102951023413	0.8390083735625049	0.2485028306643168	0.8439784301757912	0.6766372985310025	0.8333333333333334	18.0
22810	train	4.511902462190876e-06	0.903914596642942	0.858366883976925	0.22223450740178427	0.8628115741249607	0.822060450359627	0.7777777777777778	54.0
22820	train	4.505263692772701e-06	0.8382825221510043	0.7995521464504776	0.2819197078545888	0.8051905406075693	0.6618396308686998	0.7777777777777778	9.0
22830	train	4.498632289108272e-06	0.8168600774350384	0.7366798727256675	0.2265512471397718	0.7412108976684629	1.5129835953315098	0.5	6.0
22840	train	4.492008258718335e-06	0.7642562168526491	0.7356205525684198	0.23642567296822867	0.7403490660277844	0.4781430164972941	0.8888888888888888	9.0
22850	train	4.485391609115287e-06	0.9175102372736463	0.8883508549734018	0.18771269172430038	0.8921051088078878	0.5081025693151686	0.9444444444444444	18.0
22860	train	4.478782347803139e-06	0.980385913231726	0.9113331400143658	0.20165927708148956	0.9153663255559956	1.3003917535146077	0.5555555555555556	9.0
22870	train	4.472180482277534e-06	0.9665575669936867	0.9121883155139815	0.19174173722664514	0.9160231502585144	1.0106883347034454	0.6296296296296297	27.0
22880	train	4.465586020025714e-06	0.8668598581753607	0.8398181587112382	0.21499226366480192	0.8441180039845343	0.4548370838165283	1.0	9.0
22890	train	4.458998968526539e-06	0.9491930179765661	0.9189487265518148	0.19345482687155405	0.9228178230892459	0.527503897746404	0.9166666666666666	12.0
22900	train	4.452419335250457e-06	0.9700890646579976	0.9314349544995144	0.1952593388656775	0.935340141276828	0.6949784676233928	0.8	15.0
22910	train	4.4458471276595035e-06	0.8744035378963982	0.838098510639989	0.23172694196303686	0.8427330494792497	0.6334097683429718	0.9166666666666666	12.0
22920	train	4.4392823532072984e-06	1.0623570298457452	1.0067050684076633	0.17732619990905127	1.0102515924058444	1.0421087487980172	0.6481481481481481	54.0
22930	train	4.432725019339018e-06	0.8496112544093045	0.802211776326449	0.26924704139431316	0.8075967171543352	0.8402907450993856	0.8888888888888888	9.0
22940	train	4.426175133491413e-06	0.7927197664982667	0.7382288518223422	0.2337533930937449	0.7429039196842171	0.9963169362809923	0.6666666666666666	9.0
22950	train	4.419632703092784e-06	1.0253879310568914	0.9825901860873644	0.1749586413304011	0.9860893589139724	0.785971442858378	0.7777777777777778	36.0
22960	train	4.413097735562973e-06	0.9249072060717914	0.8954013443225397	0.21678567677736282	0.899737057858087	0.5034029642740886	0.8666666666666667	15.0
22970	train	4.406570238313361e-06	0.9774098940186617	0.9531192618311694	0.1766115582237641	0.9566514929956447	0.41516802046034074	0.9444444444444444	18.0
22980	train	4.4000502187468595e-06	0.826541440298741	0.7956520147726783	0.2440573200583458	0.8005331611738452	0.5201655824979147	0.8333333333333334	12.0
22990	train	4.39353768425789e-06	1.0403616667464581	0.9898275433158087	0.17785074561834335	0.9933845582281755	0.9395421703656515	0.7333333333333333	60.0
23000	train	4.387032642232396e-06	1.032939633009864	0.9845234807610839	0.1689441129565239	0.9879023630202144	0.9007453997929891	0.6666666666666666	30.0
23000	val		0.9326391881581171	0.8806018515426152	0.21048072377674706	0.8848114660181501	0.9565544427993397	0.671875	192.0
23010	train	4.380535100047817e-06	0.8544457588350833	0.8308769180631699	0.25500810146331787	0.8359770800924362	0.3693735748529434	0.9166666666666666	12.0
23020	train	4.37404506507309e-06	1.0621219099274517	1.0301641858413393	0.1615439715484778	1.0333950652723087	0.5745368931028578	0.8888888888888888	9.0
23030	train	4.367562544668638e-06	0.9794338018953928	0.9399393128613758	0.1743092934290568	0.943425498729957	0.7201660633087158	0.8	30.0
23040	train	4.36108754618636e-06	1.0135060555846187	0.9581804426676281	0.14702297995487848	0.9611209022667258	1.04770306635786	0.7222222222222222	54.0
23050	train	4.35462007696962e-06	0.9067735773052158	0.8764088933642091	0.20850696538885435	0.8805790326719862	0.5238908926645914	0.8888888888888888	9.0
23060	train	4.348160144353254e-06	0.9085283087181325	0.8558943010357296	0.25532744576533634	0.8610008499510363	0.9505491753419241	0.6	15.0
23070	train	4.341707755663542e-06	0.8803958855397095	0.8527843674017247	0.26875999569892883	0.8581595673157033	0.4447263644801246	0.9444444444444444	18.0
23080	train	4.3352629182182145e-06	0.866077361561665	0.8448363577072578	0.2245136722922325	0.8493266311531025	0.33501460817125106	1.0	18.0
23090	train	4.328825639326428e-06	0.9740054294701117	0.9395943979656396	0.2144616593917211	0.9438836311534741	0.6024359663327535	0.8888888888888888	9.0
23100	train	4.322395926288777e-06	0.8950725310195492	0.8695123658560058	0.22834743311007819	0.8740793145182073	0.41986433002683854	1.0	18.0
23110	train	4.3159737863972706e-06	0.8126998387057573	0.7508723506608597	0.29764864842096966	0.756825323629279	1.1174903015295665	0.6666666666666666	6.0
23120	train	4.3095592269353305e-06	0.9357743566761542	0.891324762191719	0.21211508413155875	0.8955670638743501	0.8041458560360802	0.7407407407407407	54.0
23130	train	4.303152255177779e-06	0.8459791858704107	0.8054718995304124	0.2234379599491755	0.8099406587293959	0.7207705428202947	0.6666666666666666	6.0
23140	train	4.2967528783908435e-06	0.990450241399619	0.929544504756212	0.20209074641267458	0.9335863196844655	1.1372784343030717	0.7037037037037037	27.0
23150	train	4.290361103832117e-06	1.0222395806788478	0.9749459780533188	0.15449379881223044	0.9780358540295635	0.8840745329856873	0.7333333333333333	30.0
23160	train	4.283976938750591e-06	0.8663357886356324	0.8427233821334651	0.26620832085609436	0.848047548550587	0.3657648017009099	0.9166666666666666	12.0
23170	train	4.277600390386616e-06	0.9825001674981741	0.9283855515064625	0.18222354725003242	0.9320300224514632	1.0094029009342194	0.6666666666666666	6.0
23180	train	4.27123146597191e-06	0.806712882193784	0.786421489589274	0.21314169466495514	0.7906843234825731	0.3205711742242177	1.0	12.0
23190	train	4.264870172729542e-06	0.919976522982441	0.8829853854348156	0.20691769570112228	0.887123739348838	0.6570556726720598	0.7777777777777778	18.0
23200	train	4.258516517873923e-06	0.9623848335638368	0.9279809719903879	0.17463470002015433	0.931473665990791	0.618223351460916	0.8518518518518519	54.0
23210	train	4.252170508610807e-06	0.8564843166279874	0.8241996395496609	0.23579503347476324	0.8289155402191561	0.5513755281766256	0.8888888888888888	9.0
23220	train	4.245832152137276e-06	0.9439525007408527	0.911308354846471	0.22077900047103563	0.9157239348558917	0.5645713176992204	0.8888888888888888	9.0
23230	train	4.23950145564173e-06	0.812395533294895	0.780324590583396	0.21395905936757723	0.7846037717707476	0.5558352304829491	0.9444444444444444	18.0
23240	train	4.233178426303882e-06	0.9215284724912668	0.8818162988505388	0.22551272809505463	0.8863265534124399	0.7040383815765381	0.8333333333333334	18.0
23250	train	4.226863071294754e-06	0.8329566005679604	0.8015127954197562	0.26583339522282284	0.8068294633242127	0.5225427448749542	0.8333333333333334	12.0
23260	train	4.220555397776659e-06	0.9668178739946698	0.9154531631670012	0.2038175861040751	0.9195295148890827	0.9457671821117402	0.7	30.0
23270	train	4.214255412903202e-06	0.7871116861313165	0.7327806349441285	0.24500408271948496	0.7376807165985182	0.9886193906559664	0.6274509803921569	51.0
23280	train	4.207963123819267e-06	0.9942531565519781	0.9474333350938061	0.1885019913315773	0.9512033749204377	0.8609956326308074	0.7037037037037037	54.0
23290	train	4.201678537661011e-06	0.939855461893199	0.9109847913957816	0.18545053899288177	0.9146938021756392	0.5032331943511963	0.8888888888888888	18.0
23300	train	4.195401661555852e-06	0.9603276395240866	0.9074067246329451	0.20744070038199425	0.911555538640585	0.9754420176700309	0.6851851851851852	54.0
23310	train	4.189132502622466e-06	1.0572543896948579	1.0352432791109167	0.1394252429405848	1.0380317839697284	0.3844521145025889	0.8888888888888888	9.0
23320	train	4.182871067970778e-06	0.9170912717672082	0.864219979262014	0.22720465312401453	0.8687640723244943	0.9665439888542774	0.7058823529411765	51.0
23330	train	4.17661736470195e-06	0.8670131794565424	0.8290652947412768	0.22136449068784714	0.8334925845550337	0.6704118980301751	0.8611111111111112	36.0
23340	train	4.17037139990838e-06	0.8404139287232512	0.8043748539645625	0.24569636831680933	0.8092887813308988	0.6225029478470484	0.875	24.0
23350	train	4.1641331806736895e-06	1.015963200339408	0.9763726062911066	0.18952811136841774	0.980163168518475	0.7160006364186605	0.7777777777777778	36.0
23360	train	4.157902714072706e-06	1.0119268465532865	0.962172697256241	0.16480827890336514	0.9654688628343083	0.9291596743795607	0.7407407407407407	27.0
23370	train	4.151680007171477e-06	0.9874349882863456	0.9426731332801276	0.2043799857298533	0.9467607329947246	0.8134851058324178	0.8	30.0
23380	train	4.145465067027242e-06	0.8446504754355945	0.8080323803952731	0.23316349337498346	0.8126956502627728	0.6390965034564337	0.8333333333333334	12.0
23390	train	4.1392579006884375e-06	0.9163717876014822	0.8576924576167643	0.22790363927682242	0.8622505304023007	1.082425143983629	0.7777777777777778	9.0
23400	train	4.1330585151946785e-06	0.8328375465342138	0.8083378919629985	0.25542764862378436	0.8134464449354742	0.3878220319747925	1.0	6.0
23410	train	4.126866917576763e-06	0.8887555485301175	0.8357776188629272	0.23299319545427957	0.8404374827720128	0.9663613151620936	0.7222222222222222	54.0
23420	train	4.120683114856645e-06	0.9046787118109273	0.863028133894888	0.21863873799641928	0.8674009086548163	0.7455560631222196	0.6666666666666666	18.0
23430	train	4.114507114047448e-06	0.7186952486637643	0.6786173504428809	0.28812116136153537	0.6843797736701116	0.6863094998730553	0.7777777777777778	9.0
23440	train	4.108338922153445e-06	1.00686652542003	0.9612228799157473	0.18208515209456286	0.9648645829576386	0.8400388492478265	0.6666666666666666	9.0
23450	train	4.102178546170049e-06	0.9180823102456366	0.8954288715649348	0.19379318753878275	0.8993047353157104	0.3755514985985226	0.9444444444444444	18.0
23460	train	4.096025993083816e-06	0.9692199690687989	0.9299214601068034	0.21875757227341333	0.9342966115522717	0.6984671503305435	0.75	12.0
23470	train	4.089881269872423e-06	1.0829873697623051	1.036230557577256	0.14354943484067917	1.0391015462740696	0.8777164697647095	0.8	15.0
23480	train	4.083744383504672e-06	0.9622781173106809	0.8746788585898061	0.19932223359743753	0.8786653032617548	1.6722562809785206	0.3333333333333333	6.0
23490	train	4.077615340940472e-06	1.0565781214011893	1.0063914165017636	0.15762824565172195	1.009543981414798	0.9406827997278284	0.7222222222222222	54.0
23500	train	4.071494149130843e-06	0.7752398345015064	0.7508467921258623	0.23973847180604935	0.7556415615619833	0.39196545879046124	1.0	6.0
23500	val		0.9313939884429131	0.8804284276650685	0.21444212059113554	0.8847172700768912	0.9335343673204383	0.6927083333333334	192.0
23510	train	4.0653808150178974e-06	0.9701771146539352	0.9414151215040188	0.1851099133491516	0.9451173197710019	0.501195897658666	0.9444444444444444	18.0
23520	train	4.0592753455348345e-06	0.8718039625822597	0.8326983657915485	0.24099245170752207	0.837518214825699	0.6857149551312128	0.8333333333333334	24.0
23530	train	4.0531777476059355e-06	0.9134129900626038	0.8815765093656077	0.19672207782665888	0.8855109509221409	0.5580407828092575	0.9166666666666666	12.0
23540	train	4.047088028146556e-06	1.0082016902005708	0.964377412163233	0.17094970991214117	0.9677964063614759	0.8081056767818975	0.803921568627451	51.0
23550	train	4.041006194063118e-06	0.7902955960307252	0.7587067319526007	0.23897574096918106	0.7634862467719844	0.5361869851748149	0.8666666666666667	15.0
23560	train	4.034932252253093e-06	1.0273107597726783	0.9944706959896485	0.19487185838321844	0.9983681331573129	0.5788525323073069	0.8666666666666667	15.0
23570	train	4.028866209605015e-06	0.9176145006807379	0.8822485790244472	0.21371177832285562	0.8865228145909043	0.6218337217966715	0.8	15.0
23580	train	4.022808072998442e-06	0.9355956352464823	0.8751222752245731	0.2442915141582489	0.8800081055077381	1.111750594774882	0.6666666666666666	15.0
23590	train	4.016757849303981e-06	0.9335834257829013	0.9045550797907335	0.21344392746686935	0.9088239583400709	0.4951893488566081	0.9444444444444444	18.0
23600	train	4.0107155453832565e-06	0.7295898229463761	0.6828044183138873	0.2695564602812131	0.6881955475195115	0.8278855085372925	0.8333333333333334	6.0
23610	train	4.004681168088915e-06	0.8674559514355845	0.842090422126868	0.22006631394227347	0.8464917484057135	0.41928406059741974	1.0	12.0
23620	train	3.998654724264614e-06	0.9406782666054821	0.9084101048318005	0.1856014480193456	0.9121221337921874	0.5711226562658945	0.8333333333333334	24.0
23630	train	3.992636220745007e-06	0.9147817809658851	0.8768653966596662	0.20463270445664725	0.8809580507487992	0.6764746043417189	0.8888888888888888	18.0
23640	train	3.986625664355747e-06	0.9837066446886146	0.9351559457824313	0.17295561730861664	0.9386150581286037	0.9018317312002182	0.7083333333333334	24.0
23650	train	3.980623061913477e-06	0.8559440343457226	0.8169279308495685	0.2605484301845233	0.8221388994532589	0.6761026978492737	0.7777777777777778	9.0
23660	train	3.974628420225814e-06	0.6911944091256216	0.6470256007233349	0.26174692685405415	0.652260539260416	0.778677397304111	0.8888888888888888	9.0
23670	train	3.96864174609135e-06	1.050035948911801	1.0023397934531122	0.17099454253911972	1.0057596843038945	0.8855252921581268	0.7333333333333333	15.0
23680	train	3.96266304629964e-06	0.8722286595240896	0.8295121798004373	0.1932933640976747	0.8333780470823908	0.7770122488339742	0.7777777777777778	54.0
23690	train	3.956692327631192e-06	0.7234282544535962	0.6636630272152589	0.27309513837099075	0.6691249299826788	1.0860664894183476	0.6666666666666666	6.0
23700	train	3.95072959685747e-06	0.973658574509094	0.926191233323374	0.20332758873701096	0.9302577850981143	0.8680157882195932	0.7777777777777778	27.0
23710	train	3.94477486074087e-06	0.9945521881452082	0.9539548222493011	0.17633611957232156	0.9574815446407475	0.7414128700892131	0.8	15.0
23720	train	3.93882812603473e-06	0.9084428180511627	0.8719010532984303	0.1865816687544187	0.8756326866735187	0.6562026275528802	0.8055555555555556	36.0
23730	train	3.932889399483304e-06	1.062682020405842	1.0424337750655874	0.1287709412475427	1.0450091938905384	0.3534565303060744	1.0	9.0
23740	train	3.9269586878217715e-06	0.9546829566465966	0.9214865569380076	0.19877449174722037	0.9254620467729521	0.5844181974728903	0.7777777777777778	9.0
23750	train	3.921035997776218e-06	0.9258911816296707	0.8948592798760596	0.19699148585398993	0.8987991095931395	0.5418414407306247	0.7777777777777778	9.0
23760	train	3.915121336063634e-06	0.9417406052436433	0.9156396225676936	0.20173445095618567	0.9196743115868173	0.4413258731365204	0.9166666666666666	12.0
23770	train	3.909214709391905e-06	0.8418892865192518	0.8200977718642974	0.22843941549460092	0.8246665601741895	0.3444545269012451	1.0	12.0
23780	train	3.903316124459805e-06	0.9656033790746552	0.9193693883607013	0.17313583319385847	0.9228321050245785	0.855425481001536	0.7333333333333333	15.0
23790	train	3.89742558795698e-06	0.8943584698298467	0.8486816779632264	0.2326860229174296	0.8533353984215749	0.8204614281654358	0.7333333333333333	15.0
23800	train	3.891543106563957e-06	0.8849382595078623	0.8404703516618883	0.24292751650015512	0.8453289019918915	0.7921871503194173	0.7333333333333333	15.0
23810	train	3.885668686952124e-06	0.8988768628488069	0.8490147655208989	0.19806880876421928	0.8529761416961833	0.9180144230524699	0.7333333333333333	30.0
23820	train	3.8798023357837285e-06	0.813675060450142	0.779191661241093	0.23697766413291296	0.7839312145237513	0.5948769185278151	0.8888888888888888	9.0
23830	train	3.873944059711863e-06	0.944664990869551	0.8926635590313212	0.20722350478172302	0.8968080291269557	0.9571392348519078	0.7222222222222222	54.0
23840	train	3.868093865380467e-06	0.9218115376723393	0.8979196986101652	0.1952471174299717	0.9018246409587646	0.39973793427149457	0.9444444444444444	18.0
23850	train	3.8622517594243104e-06	1.0148117794939406	0.9738832329228713	0.18762338409821191	0.9776357006048355	0.7435215777821012	0.8333333333333334	18.0
23860	train	3.856417748468991e-06	0.9507976243545496	0.9168828724473599	0.18739027778307596	0.9206306780030215	0.6033389270305634	0.8	15.0
23870	train	3.850591839130926e-06	0.7968964985682588	0.7665234287752729	0.2502591734131177	0.7715286122435353	0.5073577264944712	0.8888888888888888	18.0
23880	train	3.8447740380173465e-06	1.0096386579029628	0.964157954638488	0.18730155875285467	0.9679039858135451	0.8346934417883555	0.75	24.0
23890	train	3.838964351726286e-06	0.7383571321219711	0.6891700954686113	0.2637908011674881	0.6944459114919611	0.8782244126001993	0.7777777777777778	9.0
23900	train	3.833162786846576e-06	0.944453737282527	0.8934009371387686	0.19742183511455855	0.8973493738410597	0.9420872688293457	0.6666666666666666	15.0
23910	train	3.827369349957835e-06	0.9989717536589312	0.9607877165993857	0.18812603006760278	0.9645502372007377	0.6884303291638693	0.875	24.0
23920	train	3.8215840476304655e-06	0.9281822326040717	0.8976826037003826	0.1929245392481486	0.9015410944853455	0.5328227623745247	0.8888888888888888	27.0
23930	train	3.815806886425646e-06	0.9692020253643818	0.9423157721564599	0.16438176979621252	0.9456034075523841	0.47197235623995465	0.9444444444444444	18.0
23940	train	3.8100378728953207e-06	1.0367138518140682	0.9753729996467488	0.19516927376389503	0.9792763851220267	1.1487493338408294	0.6296296296296297	27.0
23950	train	3.8042770135821896e-06	1.0104992569282765	0.9641369471081543	0.1875025282303492	0.9678869976727613	0.8522451851103041	0.7407407407407407	27.0
23960	train	3.798524315019709e-06	0.9697829722502813	0.9182029737640991	0.21048827469348907	0.9224127392579689	0.9474046598462498	0.7450980392156863	51.0
23970	train	3.792779783732081e-06	0.9380759739749783	0.8827458874838041	0.22011091684301695	0.8871481058206645	1.0185573630862765	0.7222222222222222	18.0
23980	train	3.787043426234242e-06	1.0094046198113633	0.9740604454147028	0.177849393337965	0.9776174332814621	0.6357437305980258	0.8333333333333334	18.0
23990	train	3.7813152490318623e-06	0.9758265754682675	0.9290332227385231	0.20800175766150156	0.9331932578917531	0.852666351530287	0.6666666666666666	9.0
24000	train	3.7755952586213286e-06	0.9144346192932798	0.8578690337677805	0.20454362655679384	0.8619599062989163	1.0494942598872714	0.6666666666666666	27.0
24000	val		0.9308913347785724	0.8802634552491536	0.2123361536225854	0.8845101783216053	0.9276231291393439	0.6927083333333334	192.0
24010	train	3.769883461489748e-06	0.9508368113502987	0.8667122276986766	0.22433353712161383	0.8711988984411089	1.5927582581837971	0.5	6.0
24020	train	3.7641798641149344e-06	0.9181112092541214	0.8832814413116928	0.1954798847436905	0.8871910390065666	0.6184034049510956	0.9166666666666666	12.0
24030	train	3.7584844729654025e-06	0.9211246203015632	0.8951442161497526	0.2342473864555359	0.8998291638788634	0.4259091284539964	0.8888888888888888	9.0
24040	train	3.752797294500359e-06	0.9923305400035091	0.9355355857135165	0.1718575730919838	0.9389727371753561	1.0671560565630596	0.6	60.0
24050	train	3.747118335169699e-06	1.0366297860011584	0.9979550320968158	0.16714314619700113	1.0012978950207558	0.7066378196080526	0.8055555555555556	36.0
24060	train	3.741447601413991e-06	0.8754692603651748	0.8256675767902599	0.23072781910498938	0.8302821331723597	0.9037425438563029	0.8	15.0
24070	train	3.7357850996644793e-06	0.8761453641669014	0.8489839561746576	0.22390466555953026	0.8534620494858483	0.45366629362106325	0.9333333333333333	15.0
24080	train	3.7301308363430692e-06	0.8953778207264793	0.8138920708211713	0.2166535146534443	0.8182251411142402	1.5430535922447841	0.3333333333333333	6.0
24090	train	3.7244848178623324e-06	0.8938614813274712	0.8435846053514121	0.22550504157940546	0.8480947061830002	0.9153355028894212	0.7777777777777778	9.0
24100	train	3.7188470506254738e-06	0.9106907257978972	0.879169843946383	0.21628942837317786	0.8834956325138466	0.5439018656810125	0.8333333333333334	12.0
24110	train	3.713217541026352e-06	0.8847503469677622	0.8573135228827783	0.21088378007213274	0.861531198484221	0.46438296967082554	0.8888888888888888	9.0
24120	train	3.7075962954494565e-06	0.8558642361987697	0.8260607522903946	0.20242975279688835	0.8301093473463323	0.5150977770487467	0.8888888888888888	9.0
24130	train	3.701983320269907e-06	0.6559216396508122	0.6192714881066651	0.31547341247399646	0.6255809563561451	0.6068136658933427	0.8888888888888888	9.0
24140	train	3.69637862185344e-06	0.9569645340167607	0.9231838919145987	0.18343775222698847	0.9268526469591385	0.6022377411524454	0.8333333333333334	18.0
24150	train	3.690782206556411e-06	0.9164560292029598	0.8567983304574308	0.2245124119023482	0.8612885786954778	1.103349010149638	0.6666666666666666	9.0
24160	train	3.685194080725773e-06	0.8417665648780387	0.8014918857387822	0.2386805402735869	0.806265496544254	0.7100213666756948	0.8333333333333334	6.0
24170	train	3.6796142506990852e-06	1.006880425573632	0.9559569241549355	0.1859848846991857	0.9596766218489192	0.9440760744942559	0.75	36.0
24180	train	3.6740427228044938e-06	0.7573714849232679	0.7284176569394647	0.2650839040676753	0.7337193350208182	0.4730429980489943	0.8888888888888888	9.0
24190	train	3.6684795033607335e-06	0.701166332579528	0.6684450802871333	0.28800399601459503	0.6742051602074253	0.5392234474420547	0.9166666666666666	12.0
24200	train	3.662924598677113e-06	0.9086860245522944	0.8892357040501722	0.23837680369615555	0.8940032401240953	0.29365568856398266	1.0	12.0
24210	train	3.657378015053515e-06	0.7951839638140948	0.7303724306461367	0.21878421182433763	0.7347481148826234	1.20871697862943	0.5	6.0
24220	train	3.65183975878038e-06	1.001169089049333	0.937541930222276	0.17557293425003687	0.9410533889072767	1.2023140028411268	0.5882352941176471	51.0
24230	train	3.6463098361387065e-06	1.0130542589930713	0.9745652064639349	0.1518403800825278	0.9776020140655854	0.7090448985497156	0.8333333333333334	24.0
24240	train	3.640788253400043e-06	0.9497976084595947	0.8979339827642867	0.219358096520106	0.9023211446946888	0.9495292752981186	0.75	24.0
24250	train	3.6352750168264786e-06	0.9871191330589072	0.9350588546200477	0.2067683314283689	0.9391942212486151	0.9584982362058427	0.7777777777777778	9.0
24260	train	3.629770132670641e-06	0.9584842205255532	0.9383864555715822	0.20205141976475716	0.9424274839668774	0.3211347311735153	1.0	12.0
24270	train	3.6242736071756745e-06	0.8894869815514863	0.8414719146695118	0.23327289273341498	0.8461373725241801	0.8669921805461248	0.8333333333333334	6.0
24280	train	3.6187854465752543e-06	0.8282239843002126	0.7837224067258668	0.25605521723628044	0.7888435110705924	0.7876094645924039	0.8888888888888888	9.0
24290	train	3.613305657093564e-06	0.872781668848343	0.8257170967226696	0.20690380781888962	0.8298551728790474	0.8585299193859101	0.8333333333333334	30.0
24300	train	3.607834244945297e-06	0.9518472231488855	0.9065443155589245	0.1675705648958683	0.9098957268568418	0.8390299258408723	0.7407407407407407	27.0
24310	train	3.602371216335645e-06	1.0281395410967367	0.9744526019913451	0.18083775167663893	0.9780693570248779	1.0014036814371745	0.7333333333333333	15.0
24320	train	3.5969165774602855e-06	0.8209469735620512	0.7850421368080469	0.2521365284919739	0.7900848673778864	0.6172421236832937	0.8	15.0
24330	train	3.5914703345053886e-06	0.8740869368310995	0.8161669513778118	0.26672883828481037	0.821501528143508	1.051708173751831	0.7333333333333333	15.0
24340	train	3.586032493647599e-06	0.7178052459419342	0.6844464938601427	0.26608576873938244	0.6897682092349303	0.5607407341400782	0.8333333333333334	12.0
24350	train	3.5806030610540344e-06	0.953112960371076	0.9185866831865896	0.23033285637696585	0.9231933403141289	0.5983924011389414	0.8666666666666667	15.0
24360	train	3.575182042882276e-06	0.9140453682537788	0.8936486257393408	0.21161392952005068	0.8978809043297418	0.32328927848074174	1.0	9.0
24370	train	3.569769445280362e-06	0.8944895359441413	0.8724058940325948	0.22110838815569878	0.8768280617957088	0.35322948296864826	1.0	12.0
24380	train	3.564365274386777e-06	0.9875064162353195	0.9409990035268516	0.16866216311852136	0.944372246789222	0.8626833889219496	0.6666666666666666	36.0
24390	train	3.5589695363304553e-06	0.9117511990620275	0.8843142631438288	0.22219297041495642	0.8887581225521279	0.45986153019799125	0.9444444444444444	18.0
24400	train	3.5535822372307635e-06	0.8597709352358791	0.8352416147375715	0.22523614267508188	0.8397463375910732	0.40049195289611816	0.8888888888888888	9.0
24410	train	3.548203383197498e-06	0.946750459898365	0.8987974182140687	0.21228808288772902	0.9030431798718233	0.8741456005308363	0.7222222222222222	18.0
24420	train	3.5428329803308807e-06	0.9669366342955976	0.9194185398155599	0.1908396234114965	0.9232353322837898	0.8740260402361552	0.7222222222222222	36.0
24430	train	3.537471034721541e-06	1.0097408198276456	0.9800106236132612	0.1804545894265175	0.9836197154017915	0.522422088517083	0.9444444444444444	36.0
24440	train	3.532117552450524e-06	0.7549952538828741	0.7023660485963713	0.2941189805666606	0.7082484282077045	0.9349365135033926	0.6666666666666666	6.0
24450	train	3.526772539589276e-06	0.9564228814820364	0.9159472102734693	0.21235943088928858	0.920194398891255	0.7245696518156264	0.8333333333333334	18.0
24460	train	3.5214360021996353e-06	1.0100704227751829	0.9718429495923722	0.17960772663354874	0.9754351041250431	0.692706373002794	0.7777777777777778	9.0
24470	train	3.516107946333829e-06	0.9960109032122824	0.9493801406699949	0.14811663950483003	0.9523424734600915	0.8733685950438181	0.6333333333333333	30.0
24480	train	3.5107883780344678e-06	0.8801268541537889	0.8354225064042378	0.23710475116968155	0.8401646014276314	0.7992450545231501	0.7083333333333334	24.0
24490	train	3.50547730333453e-06	1.0344627475645198	0.992106567860251	0.16563326368729273	0.9954192331339968	0.7808702886104584	0.8	30.0
24500	train	3.5001747282573644e-06	1.0661388458206462	1.0216733005377097	0.16701402887701988	1.02501358111525	0.8225052941079233	0.7450980392156863	51.0
24500	val		0.9316512671594207	0.8805681424360047	0.2136627879369447	0.8848413981947436	0.9361973792935411	0.71875	192.0
24510	train	3.4948806588166873e-06	0.9446227955143169	0.8938963568418627	0.22110345462958017	0.8983184259344543	0.9260873915972533	0.7407407407407407	54.0
24520	train	3.4895951010165607e-06	1.031841100448468	0.989460275912383	0.15045418590307236	0.9924693596304444	0.7874348163604736	0.7916666666666666	48.0
24530	train	3.4843180608513923e-06	0.967726274463201	0.9265826611421153	0.17044800333678722	0.929991621208851	0.7546930650870005	0.8666666666666667	15.0
24540	train	3.479049544305935e-06	0.9886466028069378	0.9583306210843975	0.18114406615495682	0.9619535024074967	0.5338620079888238	0.8888888888888888	18.0
24550	train	3.4737895573552717e-06	0.7768222392861286	0.7403454655174652	0.27301444858312607	0.7458057544891277	0.6203296959400177	0.8666666666666667	15.0
24560	train	3.468538105964815e-06	0.9485406666214645	0.9116592873350163	0.19905127584934235	0.9156403128520032	0.6580070753892263	0.875	24.0
24570	train	3.463295196090293e-06	1.0384314112885626	0.991158746831003	0.1863249664505323	0.9948852461600136	0.8709233025709788	0.8	15.0
24580	train	3.4580608336777535e-06	0.9406138795022887	0.9071019069838578	0.20156226679682732	0.9111331523197944	0.5896145436498854	0.8888888888888888	9.0
24590	train	3.4528350246635396e-06	1.0084226509586904	0.966230901991917	0.179276871184508	0.9698164394156071	0.7721242308616638	0.8	15.0
24600	train	3.4476177749743023e-06	1.1226009479360213	1.0695478465376782	0.11690958154698212	1.071886038168618	1.0142981953480665	0.7058823529411765	51.0
24610	train	3.4424090905269862e-06	0.6799639957547255	0.6050833624998796	0.35355790207783383	0.6121545205414363	1.3561895042657852	0.5	6.0
24620	train	3.437208977228815e-06	0.9796598156255264	0.9452700745607527	0.1864643730223179	0.948999362021199	0.6132090720865462	0.8611111111111112	36.0
24630	train	3.4320174409773e-06	0.8675291231237399	0.8235982903994115	0.2982759289443493	0.8295638089782984	0.7593062829088282	0.7777777777777778	27.0
24640	train	3.42683448766022e-06	1.0614275242671174	0.9994867343490126	0.17729293803373972	1.0030325931096873	1.1678986231486002	0.6333333333333333	30.0
24650	train	3.4216601231556187e-06	0.9420607260709959	0.8929180257448842	0.21578462049365044	0.8972337181547573	0.8965401583247714	0.6666666666666666	9.0
24660	train	3.416494353331801e-06	0.9353888365298942	0.9070423479050831	0.21080601960420609	0.9112584682971672	0.482607364654541	0.9444444444444444	18.0
24670	train	3.411337184047328e-06	0.931524316880535	0.9000201088985778	0.21455371379852295	0.9043111831745482	0.5442626741197374	0.8888888888888888	9.0
24680	train	3.4061886211510004e-06	0.748727161995614	0.6916684270521446	0.2754221111536026	0.6971768692752166	1.0310058544079463	0.5	6.0
24690	train	3.4010486704818663e-06	0.7605992172540104	0.7160053992649789	0.31944356858730316	0.7223942706367249	0.7640989323457082	0.7777777777777778	9.0
24700	train	3.3959173378691965e-06	0.7116967022470153	0.6829293302001075	0.2806646314760049	0.6885426228296276	0.46308158834775287	0.9166666666666666	12.0
24710	train	3.3907946291324917e-06	0.8411721019454912	0.8049527246264732	0.2498058353861173	0.8099488413341955	0.624465212225914	0.8333333333333334	12.0
24720	train	3.3856805500814808e-06	0.7078311619398189	0.6773513593511971	0.2910291478037834	0.6831719423072727	0.4931843926509221	1.0	6.0
24730	train	3.3805751065160934e-06	0.9939925772844259	0.9734869746763015	0.18651393304268518	0.9772172533371553	0.33550647894541424	1.0	18.0
24740	train	3.3754783042264756e-06	0.9535656063675773	0.9289739894456226	0.2425721436738968	0.9338254323191005	0.394803480969535	1.0	9.0
24750	train	3.3703901489929617e-06	1.0063130187152098	0.9879104257656406	0.1676260338475307	0.9912629464425912	0.30100144545237223	1.0	15.0
24760	train	3.36531064658609e-06	0.9326481633406496	0.8917008214713747	0.2215111032128334	0.8961310435356314	0.7303423961003621	0.8333333333333334	30.0
24770	train	3.3602398027665807e-06	0.7161113827905431	0.6899481683619858	0.2619241749246915	0.6951866518604797	0.4184946186012692	0.8888888888888888	9.0
24780	train	3.3551776232853352e-06	0.8286346051271922	0.8024534786915944	0.22226978341738382	0.8068988743599421	0.4347146153450012	0.9166666666666666	12.0
24790	train	3.35012411388343e-06	0.890474044125739	0.8605884326412909	0.215239850183328	0.8648932296449575	0.5116162896156311	0.875	24.0
24800	train	3.3450792802921033e-06	1.0071951440118694	0.9783275375905578	0.1415779491265615	0.981159096573089	0.5207209487756094	0.8888888888888888	9.0
24810	train	3.3400431282327604e-06	0.9460818462862137	0.9171623225056691	0.18844757601618767	0.9209312740259928	0.5030114452044169	0.8888888888888888	9.0
24820	train	3.3350156634169583e-06	0.7887762182403454	0.7439056341971277	0.24500362326701483	0.748805706662468	0.7994102315575469	0.7450980392156863	51.0
24830	train	3.3299968915463995e-06	1.007525136043791	0.9531544204422142	0.1940848951538404	0.957036118345291	1.0097803539699979	0.6944444444444444	36.0
24840	train	3.3249868183129323e-06	0.8705307051347647	0.837453620961006	0.23898298044999441	0.8422332805700058	0.5659484912951788	0.9166666666666666	12.0
24850	train	3.319985449398538e-06	0.8700771483724101	0.8293166961217705	0.23169881105422974	0.8339506723428551	0.7225295205911001	0.7777777777777778	9.0
24860	train	3.3149927904753226e-06	0.997644471096484	0.9720205897763253	0.2015077273050944	0.9760507443224272	0.431874535481135	0.9333333333333333	15.0
24870	train	3.3100088472055174e-06	0.9568057294927399	0.9141259061565139	0.1906894731024901	0.9179396956185637	0.7773206774835233	0.7777777777777778	54.0
24880	train	3.3050336252414696e-06	0.8045103497444971	0.7690499897936367	0.2416941076517105	0.773883871946671	0.6125295559565226	0.8888888888888888	18.0
24890	train	3.3000671302256347e-06	0.8200854061072872	0.7793523031333227	0.22298439592123032	0.7838119910517474	0.7254683011107974	0.7777777777777778	9.0
24900	train	3.2951093677905695e-06	0.9245918033806875	0.8915919230005868	0.21126524110635123	0.8958172278227138	0.575491511159473	0.8888888888888888	18.0
24910	train	3.290160343558933e-06	0.5973022324306627	0.5661857253276169	0.2807573800285657	0.5718008729281883	0.5100271900494894	0.8888888888888888	9.0
24920	train	3.285220063143461e-06	0.9262758493355755	0.8666345479230262	0.2407408313204845	0.8714493645494359	1.096529695722792	0.5555555555555556	9.0
24930	train	3.2802885321469882e-06	0.7439994035141049	0.7118856746431567	0.3084954097867012	0.7180555828388907	0.5188764135042826	1.0	12.0
24940	train	3.2753657561624176e-06	0.9889807658099565	0.9300265187862654	0.19937333278357983	0.934013985441937	1.099335607360391	0.6078431372549019	51.0
24950	train	3.2704517407727263e-06	1.1033290978654273	1.0442125454512619	0.1404696193834146	1.04702193783893	1.1261432005299463	0.5972222222222222	72.0
24960	train	3.2655464915509514e-06	1.0282564764340847	0.9712071587761371	0.17058280607064566	0.97461881489755	1.0727532307306926	0.6296296296296297	27.0
24970	train	3.2606500140601932e-06	0.9284713855195132	0.8944075575335466	0.1921410138408343	0.8982503778103633	0.6044201541829992	0.8518518518518519	27.0
24980	train	3.255762313853602e-06	0.9627100005378472	0.9430271354198602	0.166216928511858	0.9463514739900973	0.32717053095499676	1.0	9.0
24990	train	3.250883396474374e-06	0.9808870091915275	0.9390626117854352	0.2174272562066714	0.9434111569095686	0.7495170456391794	0.7407407407407407	27.0
25000	train	3.2460132674557443e-06	0.9822972747416626	0.938977635294	0.20088345060745874	0.9429953043061492	0.7860394087102678	0.7777777777777778	18.0
25000	val		0.9320750478045428	0.8802033576552898	0.2135222678300206	0.8844738030118902	0.9520248958530525	0.671875	192.0
25010	train	1.560585003068386e-05	0.8376751512444498	0.7826940176957	0.25008369858066243	0.7876956916673132	0.9995891915427314	0.6666666666666666	9.0
25020	train	1.5602589048648448e-05	0.7456940508382877	0.7060405170666536	0.2958841510117054	0.7119582000868877	0.6747170150279999	0.8666666666666667	15.0
25030	train	1.5599327248168238e-05	0.9467635063236746	0.9123137246185666	0.23518051020801067	0.9170173348227268	0.5949234300189548	0.8888888888888888	9.0
25040	train	1.559606462982325e-05	0.967954599471532	0.9181525491293695	0.21701386322577795	0.9224928263938851	0.9092354615529378	0.6666666666666666	15.0
25050	train	1.5592801194193654e-05	0.8963213862540197	0.8745758338499604	0.19716729472080866	0.8785191797443765	0.35604413019286263	1.0	18.0
25060	train	1.558953694185976e-05	0.8485637330440934	0.7996237849952369	0.23301805555820465	0.804284146106401	0.8855917387538486	0.7407407407407407	27.0
25070	train	1.558627187340203e-05	0.8807446499701129	0.8367654622133361	0.24258502076069513	0.84161716262855	0.7825497468312581	0.7666666666666667	30.0
25080	train	1.558300598940106e-05	0.9894702638598399	0.9299900819770611	0.19386726369460425	0.9338674272509532	1.1120567321777344	0.6111111111111112	18.0
25090	train	1.5579739290437605e-05	0.8730897060780055	0.8310297521202094	0.22932967295249304	0.8356163455792592	0.7494672099749248	0.8	15.0
25100	train	1.5576471777092562e-05	0.6862807843763288	0.6518844591010269	0.2955575150748094	0.657795609402523	0.5697034994761149	0.7777777777777778	9.0
25110	train	1.5573203449946958e-05	1.0255092466033937	0.9668898595943161	0.17372934644420943	0.9703644465232002	1.1028960016038682	0.6527777777777778	72.0
25120	train	1.5569934309581985e-05	0.9322654006483808	0.8943025523691696	0.17980463802814484	0.8978986451297325	0.6873351103729672	0.8888888888888888	18.0
25130	train	1.5566664356578963e-05	0.9420991207497381	0.9056122220642431	0.2066158913075924	0.9097445398903949	0.6470916171868643	0.8888888888888888	9.0
25140	train	1.5563393591519372e-05	1.0162541575872266	0.9710304473979636	0.16262706369161606	0.974282988671796	0.8394233783086141	0.7222222222222222	72.0
25150	train	1.5560122014984823e-05	0.8193660661339927	0.770856867210087	0.1943913847208023	0.774744694904503	0.8924274245897929	0.6666666666666666	12.0
25160	train	1.5556849627557075e-05	0.9920403964379225	0.9564904208870855	0.18248659620682398	0.960140152811222	0.6380048725340102	0.8888888888888888	27.0
25170	train	1.5553576429818037e-05	0.9593165737997272	0.9240489683161953	0.1931509425242742	0.9279119871666808	0.6280917326609293	0.9166666666666666	12.0
25180	train	1.5550302422349755e-05	0.9414168957313568	0.8767801179043235	0.23200522363185883	0.8814202223769607	1.1999334670879223	0.5925925925925926	27.0
25190	train	1.5547027605734422e-05	0.9820134414665584	0.9308269752991879	0.19218876212835312	0.934670750541755	0.9468538184960683	0.7333333333333333	15.0
25200	train	1.554375198055438e-05	0.8348972029660237	0.7979593677495015	0.23158886035283408	0.8025911449565581	0.6461211601893108	0.8	15.0
25210	train	1.55404755473921e-05	0.8730320005695684	0.8083190169513884	0.2300711398323377	0.8129204397480352	1.202231216430664	0.6666666666666666	15.0
25220	train	1.5537198306830213e-05	0.9567584086269847	0.9121169754178039	0.21272207548220953	0.9163714169274481	0.8077398339907328	0.7222222222222222	18.0
25230	train	1.5533920259451486e-05	1.0053206623758344	0.94685775415753	0.1811437581976255	0.9504806293214826	1.0968006610870362	0.6333333333333333	30.0
25240	train	1.553064140583883e-05	0.9202304914330698	0.8890885388588167	0.19866026441256204	0.893061744147068	0.5433749457200369	0.8666666666666667	30.0
25250	train	1.5527361746575297e-05	1.0075585700078873	0.9651756870005594	0.19134533777832985	0.9690025937561261	0.7711195250352224	0.8333333333333334	18.0
25260	train	1.552408128224409e-05	0.8389724122079756	0.7660706334901399	0.2936847408612569	0.771944328307365	1.340561678012212	0.5	6.0
25270	train	1.5520800013428544e-05	0.7183410210967837	0.683982220529925	0.2721329753597577	0.6894248800371201	0.5783228211932712	1.0	9.0
25280	train	1.5517517940712147e-05	0.9252651003257235	0.8695459564284285	0.2029276266694069	0.8736045089618166	1.0332118272781372	0.5833333333333334	36.0
25290	train	1.551423506467852e-05	0.8995899531851546	0.839990414507886	0.23736942311127981	0.8447378029701116	1.0970430043008592	0.6296296296296297	27.0
25300	train	1.5510951385911443e-05	0.9904631240050783	0.9405522040904354	0.185028242568175	0.9442527689417989	0.9242071012655894	0.6666666666666666	18.0
25310	train	1.5507666904994823e-05	1.0335205643032588	0.9984448752084968	0.14061714398364225	1.0012572180881696	0.6452669243017832	0.7333333333333333	15.0
25320	train	1.5504381622512714e-05	0.8396924498747018	0.7627911630590982	0.25906722868482274	0.7679725076327947	1.4343988448381424	0.5	6.0
25330	train	1.5501095539049314e-05	0.9752900587763768	0.9365750805781663	0.19232377906640372	0.9404215561594944	0.6973700523376465	0.8333333333333334	18.0
25340	train	1.549780865518897e-05	0.9749238947391933	0.920992003566069	0.18352534621953964	0.9246625104904598	1.0052276849746704	0.6666666666666666	27.0
25350	train	1.5494520971516155e-05	0.8997674161242533	0.8645651959426291	0.18455255031585693	0.8682562469489463	0.6302233835061392	0.8888888888888888	36.0
25360	train	1.54912324886155e-05	0.8700544938876206	0.8136484327846739	0.24723527332146963	0.8185931382511034	1.029227112730344	0.6666666666666666	6.0
25370	train	1.5487943207071765e-05	0.8278086916498281	0.7574060856360797	0.24823714544375738	0.7623708285449549	1.3087572620974646	0.6666666666666666	9.0
25380	train	1.548465312746987e-05	0.7415326012152434	0.7115793188887836	0.25410694380601245	0.7166614577649039	0.4974228690067927	0.9166666666666666	12.0
25390	train	1.548136225039486e-05	0.8647185012823744	0.8395996625847024	0.19596110781033835	0.8435188847409092	0.4239923308293025	0.9166666666666666	12.0
25400	train	1.547807057643192e-05	0.9540955776492833	0.9091316519035312	0.22205409904321036	0.9135727338843954	0.8104568752977583	0.8333333333333334	18.0
25410	train	1.5474778106166398e-05	1.083575953628786	1.0248233280690189	0.15249636645118395	1.0278732553980425	1.1140539646148682	0.6666666666666666	9.0
25420	train	1.547148484018376e-05	0.8957085259377677	0.8578182117759902	0.20367799202601114	0.8618917716165104	0.6763350864251455	0.8	30.0
25430	train	1.5468190779069624e-05	0.917481270233995	0.8609670741361442	0.2592018743356069	0.8661511116228563	1.0266031722227733	0.6666666666666666	6.0
25440	train	1.546489592340976e-05	0.7705005186074654	0.7086341200875255	0.24542725086212158	0.7135426651047679	1.1391570700539484	0.6666666666666666	9.0
25450	train	1.5461600273790052e-05	1.002921112568093	0.9408552806403033	0.18384182328979173	0.9445321171060992	1.1677799092398748	0.5277777777777778	36.0
25460	train	1.5458303830796554e-05	0.8101668720782411	0.785574039416076	0.26451887873311836	0.7908644169907383	0.38604910175005597	1.0	9.0
25470	train	1.5455006595015445e-05	0.8438191076184243	0.8131265745128125	0.2132162551085154	0.8173908996149828	0.5285641600688299	0.9166666666666666	12.0
25480	train	1.5451708567033042e-05	0.9085838722173322	0.8598725170626191	0.19436893984675407	0.8637598958595543	0.8964795271555582	0.8888888888888888	9.0
25490	train	1.544840974743582e-05	0.8220866960812875	0.7589736907213199	0.2486475259065628	0.7639466412394512	1.162801096836726	0.5	6.0
25500	train	1.5445110136810373e-05	0.9691858163921508	0.9035926843797306	0.1947461465994517	0.9074876073117196	1.233964181608624	0.6666666666666666	9.0
25500	val		0.9351187084576081	0.8812652710405021	0.21104826495268655	0.8854862363395558	0.9926494423610469	0.6822916666666666	192.0
25510	train	1.5441809735743453e-05	0.8129147797182648	0.7864991443874553	0.29078346242507297	0.7923148136359567	0.41199932164616054	1.0	9.0
25520	train	1.543850854482195e-05	0.9585981383367604	0.900653214896145	0.19192390392223993	0.9044916929745899	1.0821289072434108	0.5	6.0
25530	train	1.5435206564632878e-05	0.9315744271702665	0.9016899150438208	0.21471584339936575	0.9059842319118081	0.5118039051691691	0.9166666666666666	12.0
25540	train	1.5431903795763414e-05	0.9620515856784589	0.9256294869027543	0.21021744112173715	0.929833835725189	0.6443549990653992	0.8666666666666667	15.0
25550	train	1.5428600238800865e-05	0.9180557048023364	0.8909296953877431	0.1909329816699028	0.8947483550211411	0.46614699562390643	0.9333333333333333	15.0
25560	train	1.5425295894332676e-05	0.8684404412592327	0.8091272991582628	0.23592512806256613	0.813845801719514	1.0918927907943725	0.6333333333333333	30.0
25570	train	1.5421990762946437e-05	0.8620017476339712	0.7783631367941275	0.25163863599300385	0.7833959095139875	1.5721167623996735	0.3333333333333333	6.0
25580	train	1.541868484522987e-05	0.8422471755664351	0.7941832552274866	0.23255866765975952	0.7988344285806818	0.8682549397150675	0.8	15.0
25590	train	1.5415378141770847e-05	0.9878206640180061	0.9596156299640181	0.18372243891159692	0.96329007874225	0.4906117055151198	0.9444444444444444	18.0
25600	train	1.5412070653157374e-05	1.0210858637066664	0.9896930913599313	0.16317719469467798	0.9929566352538249	0.5625845690568289	0.9166666666666666	12.0
25610	train	1.5408762379977594e-05	0.9477251787025598	0.8986090263017881	0.19509390369057655	0.9025109043755996	0.9042854865392049	0.8666666666666667	15.0
25620	train	1.5405453322819796e-05	0.8134298737074924	0.7825313985158331	0.21254767353336015	0.7867823519865003	0.5329504344198439	0.8888888888888888	9.0
25630	train	1.540214348227241e-05	0.9619115054803595	0.9145367433244161	0.1783000541230043	0.9181027444068762	0.8761752214696672	0.7407407407407407	27.0
25640	train	1.539883285892399e-05	1.027559776674888	0.9834928649625992	0.16048131013909975	0.9867024911653812	0.8171457101901373	0.7916666666666666	48.0
25650	train	1.539552145336325e-05	0.9671059378133051	0.9309356793657773	0.19515612348914146	0.9348388018355601	0.6453427195549011	0.8666666666666667	15.0
25660	train	1.539220926617903e-05	0.8877932537790774	0.843912625050873	0.22550522536039352	0.848422729558081	0.7874104844199287	0.7777777777777778	18.0
25670	train	1.538889629796031e-05	0.9759091371590988	0.9295788325165804	0.20815514028072357	0.9337419353221948	0.8433440367380778	0.75	60.0
25680	train	1.5385582549296212e-05	1.0425282876918422	1.002765062258943	0.15546178569396338	1.0058742979728224	0.7330797943803999	0.8333333333333334	18.0
25690	train	1.5382268020775996e-05	0.933246255814311	0.8770841968549064	0.22310592979192734	0.8815463154507449	1.0339988072713215	0.6666666666666666	60.0
25700	train	1.5378952712989063e-05	1.0144142477137277	0.989588941874348	0.17612321178118387	0.9931114061099716	0.426056832075119	0.8888888888888888	18.0
25710	train	1.5375636626524946e-05	1.0398512003042275	0.9977678744711453	0.19667699684699377	1.0017014144080851	0.7629957179228465	0.8666666666666667	15.0
25720	train	1.537231976197332e-05	0.9270157958100312	0.8823046101162904	0.2227593312660853	0.8867597967416121	0.8051199813683828	0.7222222222222222	18.0
25730	train	1.5369002119924002e-05	1.0177165179659529	0.981364668554028	0.19136586661140123	0.9851919858862561	0.6504906415939331	0.8333333333333334	36.0
25740	train	1.536568370096694e-05	0.9653685579163509	0.922850580460099	0.2207199732462565	0.9272649799250242	0.762071559826533	0.8333333333333334	18.0
25750	train	1.536236450569223e-05	0.8810849118946174	0.831852145092505	0.23915708934267363	0.8366352868793585	0.8889925003051757	0.7333333333333333	15.0
25760	train	1.5359044534690097e-05	0.9521778155135399	0.9137193921970612	0.19694626331329346	0.917658317463327	0.6903899610042572	0.8333333333333334	18.0
25770	train	1.5355723788550908e-05	0.986693265028944	0.9144265287831265	0.17956956972678503	0.9180179201776622	1.373506897025638	0.5555555555555556	18.0
25780	train	1.5352402267865165e-05	0.870845670513575	0.849038590428496	0.20445539678136507	0.8531276983641234	0.3543594429890315	1.0	12.0
25790	train	1.5349079973223514e-05	0.7948146063413689	0.7751905433992349	0.23546978334585825	0.7798999390661521	0.2982933455043369	1.0	9.0
25800	train	1.5345756905216726e-05	0.9693671994304988	0.9368636010318663	0.21316584448019663	0.9411269179214702	0.5648056301805708	0.8888888888888888	18.0
25810	train	1.5342433064435725e-05	0.9917495716212831	0.9491894018748046	0.1714299072821935	0.9526180000204485	0.7826314320166906	0.7083333333333334	24.0
25820	train	1.5339108451471565e-05	0.9296236558564185	0.8924267680420821	0.22205946097771326	0.8968679572616364	0.6551139718956418	0.8333333333333334	18.0
25830	train	1.5335783066915437e-05	0.9600270536221522	0.9254777114931866	0.20490513245264688	0.9295758141422396	0.609024789598253	0.8888888888888888	18.0
25840	train	1.533245691135867e-05	0.9446504970707597	0.8678459061667093	0.23213581989208856	0.8724886225645511	1.4432374901241727	0.4444444444444444	9.0
25850	train	1.5329129985392728e-05	0.928121493056654	0.8976722924115649	0.21931880339980125	0.902058668479561	0.5212564915418625	0.9166666666666666	12.0
25860	train	1.5325802289609215e-05	0.7099372841434993	0.6698401975980055	0.25846606741348904	0.6750095189462753	0.6985553039444817	0.7777777777777778	9.0
25870	train	1.5322473824599873e-05	0.9588064205469635	0.9147550312252787	0.18159185474117598	0.9183868683201022	0.8083910445372263	0.7777777777777778	9.0
25880	train	1.5319144590956575e-05	0.954676106754178	0.9324702539376758	0.19425305724143982	0.9363553150825046	0.3664158334334691	1.0	12.0
25890	train	1.5315814589271336e-05	0.9481661282535291	0.8858696464753049	0.21279921879371008	0.890125630851179	1.1608099480470022	0.5	30.0
25900	train	1.5312483820136307e-05	0.9460966362503158	0.9047581021931754	0.20220584670702615	0.908802219127316	0.7458883424599966	0.7777777777777778	9.0
25910	train	1.5309152284143773e-05	0.8458212343759631	0.7805989950527268	0.22534097482760748	0.785105814549279	1.2143083965336834	0.6666666666666666	27.0
25920	train	1.5305819981886156e-05	0.9276718907723147	0.8807443678510739	0.19654596162339052	0.8846752870835417	0.8599320737754598	0.7450980392156863	51.0
25930	train	1.5302486913956014e-05	0.7476075855178109	0.7029066270870439	0.30928706626097363	0.7090923684122633	0.7703043421109518	0.7777777777777778	9.0
25940	train	1.5299153080946045e-05	0.9529215414362073	0.9021194855850304	0.20826060573259988	0.9062846976996825	0.9327368747304987	0.7407407407407407	27.0
