step	split	lr	loss	mlm_loss	rc_loss	selection_loss	region_loss	region_acc	region_valid_count
10	train	1e-06	1.5510924203055247	1.433466945375715	0.33437066418784006	1.4401543481009347	2.218761137553624	0.11428571598870414	5.0
20	train	2e-06	1.385733723640442	1.291652628353664	0.11895952160869326	1.2940318073545185	1.8340385471071516	0.28571428997176035	5.0
30	train	3e-06	1.369792171886989	1.2770214591707503	0.047950046935251775	1.2779804468154907	1.8362340075629096	0.314285723226411	5.0
40	train	4e-06	1.3567695106778828	1.2670997551509313	0.027205156162381172	1.267643826348441	1.7825135162898473	0.3714285790920258	5.0
50	train	5e-06	1.361533147948129	1.2658676419939314	0.018180420356137414	1.266231264386858	1.9060379096439908	0.28571429210049765	5.0
60	train	6e-06	1.3449943576540266	1.2564988476889474	0.017264797485300475	1.2568441459110804	1.7630037920815604	0.2285714319774083	5.0
70	train	7e-06	1.3562894718987601	1.2656090600149972	0.01565483451953956	1.265922154699053	1.80734692301069	0.28571429210049765	5.0
80	train	8e-06	1.3517544269561765	1.255092297281538	0.01325937600008079	1.2553574868610926	1.9279383931841167	0.22857143197740828	5.0
90	train	9e-06	1.3574150800704958	1.2592704977308002	0.012798001457537924	1.2595264571053642	1.9577726125717163	0.25714286097458433	5.0
100	train	1e-05	1.350213135991778	1.2627199377332416	0.010561743884214334	1.262931159564427	1.7456393412181312	0.3714285790920258	5.0
110	train	1.1000000000000001e-05	1.3595528091703142	1.2640399762562344	0.009886028644229685	1.2642377274377006	1.9063017538615634	0.2571428609745843	5.0
120	train	1.2e-05	1.3399408204214915	1.252412029675075	0.00965592504612037	1.2526051146643502	1.7467139448438371	0.28571429210049765	5.0
130	train	1.3000000000000001e-05	1.340536253792899	1.2546526874814714	0.01002421522779124	1.2548531634466988	1.7136615003858293	0.3714285812207631	5.0
140	train	1.4e-05	1.3519257307052612	1.260347127914429	0.0097700638164367	1.2605425119400024	1.8276642560958862	0.20000000298023227	5.0
150	train	1.5e-05	1.3351535626820157	1.2513648101261683	0.014952472810234343	1.2516638551439558	1.6697942870003837	0.28571429210049765	5.0
160	train	1.6e-05	1.3553048712866649	1.2571142060416083	0.007233880127647092	1.257258892059326	1.960919908114842	0.34285714796611244	5.0
170	train	1.7e-05	1.3499540090560913	1.2563285997935705	0.016756517280425345	1.2566637311662947	1.8658051320484708	0.11428571598870414	5.0
180	train	1.8e-05	1.3404055493218558	1.2513193913868497	0.016361691323774203	1.251646637916565	1.7751785176140922	0.34285715009484974	5.0
190	train	1.9e-05	1.3500118425914218	1.2584585632596696	0.0061185055944536415	1.258580940110343	1.828617640904018	0.25714286097458433	5.0
200	train	2e-05	1.3550578355789185	1.2608982154301236	0.011899624152907304	1.2611362082617623	1.878431933266776	0.2571428652320589	5.0
210	train	2.1000000000000002e-05	1.3530364888054984	1.2586045946393696	0.0060220554337969846	1.2587250300816126	1.886229259627206	0.22857143197740828	5.0
220	train	2.2000000000000003e-05	1.3601027556828091	1.2696551254817419	0.006567630185080426	1.2697864941188268	1.806324907711574	0.28571428997176035	5.0
230	train	2.3e-05	1.348218287740435	1.2584963185446603	0.005736517387309245	1.2586110319410053	1.7921452522277832	0.28571429210049765	5.0
240	train	2.4e-05	1.3430967160633631	1.2527085031781877	0.005586038609700544	1.2528202363422938	1.8055293049131123	0.25714286097458433	5.0
250	train	2.5e-05	1.3445231233324324	1.2531922033854892	0.007958044963223594	1.253351364816938	1.8234350681304932	0.3142857189689364	5.0
260	train	2.6000000000000002e-05	1.3481535400663105	1.2603989498955863	0.006675651097404106	1.2605324813297816	1.7524210384913854	0.4285714370863779	5.0
270	train	2.7e-05	1.3537521192005704	1.257090926170349	0.005884186431233372	1.2572085857391357	1.9308705329895022	0.14285714498588017	5.0
280	train	2.8e-05	1.336147700037275	1.2512998921530587	0.00725685924823795	1.2514450209481376	1.6940537691116333	0.40000001021793913	5.0
290	train	2.9e-05	1.343891109739031	1.2564092704227992	0.004842872664864575	1.2565061194556102	1.7477000781467982	0.40000000808920183	5.0
300	train	3e-05	1.3507389681679862	1.2540852001735143	0.007373568269291093	1.2542326620646886	1.9301259347370694	0.22857143197740828	5.0
310	train	3.1e-05	1.3450373922075542	1.25145959854126	0.004193772561848164	1.2515434537615096	1.8698787859507968	0.3428571522235871	5.0
320	train	3.2e-05	1.332195452281407	1.2464985166277205	0.004872176929243973	1.2465959446770802	1.7119897774287633	0.3714285854782377	5.0
330	train	3.3e-05	1.3406567573547363	1.2562157426561629	0.0047902173495718405	1.2563115698950629	1.6869036981037686	0.34285714796611244	5.0
340	train	3.4e-05	1.3530649968555997	1.255407214164734	0.005179138854146004	1.255510790007455	1.9510841199329922	0.25714286097458433	5.0
350	train	3.5000000000000004e-05	1.3484434229987008	1.2557309695652552	0.00423009813364063	1.255815557071141	1.8525574207305908	0.28571428997176035	5.0
360	train	3.6e-05	1.3479479721614294	1.257270302091326	0.004450312083853142	1.2573593173708233	1.8117729595729284	0.17142857398305622	5.0
370	train	3.7000000000000005e-05	1.342036076954433	1.2521627800805228	0.0038260521832853556	1.252239295414516	1.7959359203066148	0.34285715009484974	5.0
380	train	3.8e-05	1.3438719851630079	1.2534139496939523	0.0037907319076891455	1.2534897668021066	1.8076442650386266	0.37142857909202576	5.0
390	train	3.9e-05	1.3428366524832591	1.2584442581449238	0.006689055224082299	1.2585780279976981	1.685172200202942	0.4000000102179392	5.0
400	train	4e-05	1.3477009194237846	1.2601288727351598	0.0035606476677847764	1.2602000747408186	1.750016689300537	0.34285714796611244	5.0
410	train	4.1e-05	1.3306165933609007	1.2534449441092357	0.0032587279565632343	1.2535101345607214	1.5421292781829834	0.6857142959322249	5.0
420	train	4.2000000000000004e-05	1.3477413313729423	1.2594860110964092	0.003861884952389768	1.2595632416861398	1.7635618448257446	0.314285716840199	5.0
430	train	4.3e-05	1.3437130110604423	1.2596669537680487	0.0035139674853001323	1.2597372361591883	1.6795152936662947	0.3714285812207631	5.0
440	train	4.4000000000000006e-05	1.3509863444737027	1.2620879922594341	0.002810994628816843	1.2621441909245081	1.776843105043684	0.25714286097458433	5.0
450	train	4.5e-05	1.3414932659694125	1.2487982000623432	0.003961600363254547	1.2488774061203005	1.8523169926234653	0.314285723226411	5.0
460	train	4.6e-05	1.348777413368225	1.2520435197012767	0.00815835501998663	1.2522066831588745	1.9314149618148801	0.14285714498588017	5.0
470	train	4.7e-05	1.3483365944453645	1.2565038544791085	0.004396401412252868	1.2565917628152028	1.8348963601248607	0.2285714341061456	5.0
480	train	4.8e-05	1.3563652890069144	1.2532432419913155	0.0038088494579174687	1.253319433757237	2.0609176499503	0.20000000298023224	5.0
490	train	4.9000000000000005e-05	1.3496680430003576	1.2581116812569753	0.00701862879629646	1.258252075740269	1.828319481440953	0.28571429210049765	5.0
500	train	5e-05	1.3490664958953857	1.2557757241385323	0.007567784815494503	1.2559270688465665	1.8627886090959822	0.17142857398305622	5.0
510	train	5.1000000000000006e-05	1.3384477070399692	1.2466757808412825	0.00530498375051788	1.246781894138881	1.8333163261413574	0.34285715222358704	5.0
520	train	5.2000000000000004e-05	1.3580562216894967	1.2479268823351177	0.002959232178649732	1.2479860782623293	2.201403089932033	0.20000000298023224	5.0
530	train	5.300000000000001e-05	1.3346870797021049	1.2436009475163052	0.0069048128622983184	1.2437390429633004	1.8189604452678136	0.31428572109767366	5.0
540	train	5.4e-05	1.3471023525510515	1.259764347757612	0.00275907146611384	1.2598195246287753	1.7456560475485667	0.28571428997176035	5.0
550	train	5.5e-05	1.330899919782366	1.243635194642203	0.002750881282346589	1.2436902012143816	1.7441948311669488	0.25714286310332163	5.0
560	train	5.6e-05	1.3454189130238126	1.2523896864482333	0.0028425732161849737	1.252446532249451	1.8594475984573366	0.4000000080892018	5.0
570	train	5.7e-05	1.3437355416161674	1.2544690540858676	0.004037049133330583	1.2545497928346907	1.78371490750994	0.25714286097458433	5.0
580	train	5.8e-05	1.3393569844109672	1.24830881186894	0.0025646802304046495	1.2483601059232439	1.8199377741132463	0.25714286097458433	5.0
590	train	5.9000000000000004e-05	1.3379225560597012	1.2512613705226354	0.0025545773761613028	1.2513124602181571	1.7322018487112865	0.40000001021793913	5.0
600	train	6e-05	1.3426084348133631	1.2518303905214583	0.006233767007610627	1.2519550664084298	1.8130675894873483	0.28571429210049765	5.0
610	train	6.1000000000000005e-05	1.337181840624128	1.2481758764811923	0.0038971859363040756	1.2482538223266602	1.7785602126802718	0.34285715222358704	5.0
620	train	6.2e-05	1.3378832851137434	1.2547967774527413	0.003294450962649924	1.2548626491001675	1.6604129246303012	0.28571429210049765	5.0
630	train	6.3e-05	1.3406576769692558	1.2484402826854162	0.0028285707480141093	1.2484968730381556	1.843215891293117	0.28571428997176035	5.0
640	train	6.4e-05	1.336702959878104	1.2462743520736694	0.004627051962805646	1.2463668925421578	1.8067219257354736	0.28571428997176035	5.0
650	train	6.500000000000001e-05	1.3380039419446672	1.2507779598236084	0.0031918387061783244	1.2508417878832137	1.7432430131094796	0.37142857909202576	5.0
660	train	6.6e-05	1.343468461717878	1.253564613206046	0.0032528061087110215	1.2536296503884452	1.7967761414391656	0.3714285812207631	5.0
670	train	6.7e-05	1.3306310006550381	1.2453302315303256	0.002627847616427711	1.245382802827018	1.7049632923943656	0.285714294229235	5.0
680	train	6.8e-05	1.3363378047943117	1.2533021824700492	0.010050016189260142	1.2535031693322318	1.6566924367632183	0.4571428682122912	5.0
690	train	6.900000000000001e-05	1.3372311081205095	1.2449736595153809	0.0033397063546414885	1.2450404678072249	1.8438129254749842	0.28571428997176035	5.0
700	train	7.000000000000001e-05	1.343990411077227	1.2562786170414515	0.00343025299454374	1.256347213472639	1.7528635433741977	0.28571428997176035	5.0
710	train	7.1e-05	1.3394062859671456	1.2497422013963972	0.0053170302084514075	1.2498485701424733	1.791154316493443	0.25714286310332163	5.0
720	train	7.2e-05	1.3381267615727017	1.251719900539943	0.005258582199790648	1.2518250771931239	1.726033891950335	0.2857142921004977	5.0
730	train	7.300000000000001e-05	1.3384803874152047	1.2460746254239763	0.00596697728282639	1.2461939539228166	1.8457285846982687	0.17142857398305622	5.0
740	train	7.400000000000001e-05	1.3228771686553955	1.2427316393171037	0.004674487747251988	1.2428251334599085	1.6010403292519706	0.4000000059604645	5.0
750	train	7.5e-05	1.3342727763312203	1.2475226095744543	0.0038645300748092787	1.24759989125388	1.7334573609488348	0.34285715009484974	5.0
760	train	7.6e-05	1.330073288508824	1.2415577002934046	0.003560735544721995	1.2416289022990636	1.7688878434044975	0.08571428699152811	5.0
770	train	7.7e-05	1.340282848903111	1.248919112341745	0.006529065048588173	1.2490496976034984	1.824662787573678	0.3142857189689364	5.0
780	train	7.8e-05	1.3295474903924123	1.2467711312430243	0.005692861575101103	1.2468850101743425	1.653249297823225	0.34285715435232433	5.0
790	train	7.9e-05	1.3272815431867326	1.2350303615842546	0.005476212661181177	1.235139880861555	1.842833195413862	0.2857142921004977	5.0
800	train	8e-05	1.323359591620309	1.2410746812820435	0.008275448477693965	1.241240177835737	1.6423883949007307	0.20000000510896956	5.0
810	train	8.1e-05	1.3344134092330933	1.248695032937186	0.005949298651622875	1.2488140378679549	1.7119873762130737	0.3428571500948498	5.0
820	train	8.2e-05	1.3244266169411796	1.242836253983634	0.013585477003029416	1.2431079830442158	1.626372797148568	0.42857143921511515	5.0
830	train	8.3e-05	1.3353659766060966	1.2493897506168912	0.011113100685179234	1.2496120078223092	1.7150796822139196	0.3428571500948498	5.0
840	train	8.400000000000001e-05	1.3277869054249354	1.2411449636731828	0.0077591577677854455	1.2413001571382796	1.7297345570155551	0.37142857909202576	5.0
850	train	8.5e-05	1.3288771765572684	1.2382487569536482	0.005987039168498346	1.2383685111999512	1.8101737328938077	0.25714286310332163	5.0
860	train	8.6e-05	1.340855257851737	1.2528926304408483	0.007979257231844322	1.2530522176197596	1.756060242652893	0.28571429210049765	5.0
870	train	8.700000000000001e-05	1.3319721051624844	1.2374426977975028	0.011825464399797576	1.237679191998073	1.8858585698263988	0.2285714341061456	5.0
880	train	8.800000000000001e-05	1.3374182667051042	1.2514798300606864	0.007976761952574763	1.2516393661499023	1.7155779259545463	0.4571428660835539	5.0
890	train	8.900000000000001e-05	1.3354273693902152	1.2512434720993044	0.0075591216529054305	1.2513946635382518	1.680653657232012	0.34285714796611244	5.0
900	train	9e-05	1.338334628513881	1.2531898873192924	0.009555973112583162	1.2533809798104423	1.6990728718893868	0.45714286821229116	5.0
910	train	9.1e-05	1.3489842074257987	1.250482371875218	0.006277499720454216	1.250607933316912	1.9675254481179372	0.22857143410614564	5.0
920	train	9.2e-05	1.3317740985325404	1.2419290202004571	0.008368801192513535	1.2420964070728846	1.7935538802828108	0.22857143197740828	5.0
930	train	9.3e-05	1.3385663884026666	1.2545771769114902	0.009401595752154077	1.2547652210508073	1.6760235854557584	0.3714285790920258	5.0
940	train	9.4e-05	1.3240381649562292	1.2353578805923462	0.011445355867700917	1.235586796488081	1.7690274545124598	0.42857143708637785	5.0
950	train	9.5e-05	1.3408426897866386	1.2442677531923565	0.007208035726632391	1.2444118942533222	1.928616029875619	0.22857143197740828	5.0
960	train	9.6e-05	1.322988816670009	1.242114271436419	0.011069564947060176	1.2423356430871146	1.6130636078970773	0.45714286821229116	5.0
970	train	9.7e-05	1.3345643963132585	1.2372935158865792	0.009876367103840622	1.2374910456793649	1.9414668253489904	0.11428571598870414	5.0
980	train	9.800000000000001e-05	1.336245366505214	1.237877130508423	0.015165568196347779	1.2381804500307356	1.9612985679081507	0.2285714341061456	5.0
990	train	9.900000000000001e-05	1.3258535180773052	1.2415597609111242	0.016268557203667502	1.2418851341520036	1.6793677977153232	0.40000001021793913	5.0
1000	train	0.0001	1.3292948518480574	1.2418831075940815	0.014620059435921056	1.242175510951451	1.742386783872332	0.37142857909202576	5.0
1000	val		1.323820237070322	1.2372974921017885	0.014610001089749858	1.237589681521058	1.7246110830456018	0.34375	1.0
1010	train	9.99999907510999e-05	1.325184464454651	1.2344095839394464	0.011667956598103045	1.2346429427464802	1.8108305268817477	0.25000000000000006	4.000000000000001
1020	train	9.99999630044034e-05	1.33576590485043	1.2402892377641466	0.016031991379956402	1.240609884262085	1.9031202925576103	0.3055555555555556	4.000000000000001
1030	train	9.999991675992191e-05	1.3456615606943767	1.2420362763934665	0.011830528473688495	1.2422728803422718	2.067774189843072	0.19444444444444442	4.000000000000001
1040	train	9.999985201767443e-05	1.3352810011969671	1.2415560086568198	0.011895251667333972	1.2417939106623332	1.869742035865784	0.3055555555555556	4.000000000000001
1050	train	9.999976877768759e-05	1.3374342918395996	1.2378097110324435	0.011793382051918242	1.2380455732345583	1.9877743853463066	0.19444444444444448	4.000000000000001
1060	train	9.999966703999557e-05	1.3252968390782673	1.2392186058892145	0.012888260910080537	1.239476376109653	1.7164093653361001	0.2777777777777778	4.000000000000001
1070	train	9.999954680464024e-05	1.3406190342373319	1.2445900042851765	0.021163354317347213	1.245013263490465	1.9121155341466267	0.2777777777777778	4.000000000000001
1080	train	9.9999408071671e-05	1.3211702638202245	1.2364249361885917	0.014922583061787818	1.2367233965131972	1.6889377037684126	0.4166666666666667	4.000000000000001
1090	train	9.999925084114486e-05	1.322768568992615	1.236809664302402	0.012835877740548717	1.2370663748847113	1.7140438821580675	0.3055555555555556	4.000000000000001
1100	train	9.999907511312648e-05	1.33390916718377	1.2424885829289753	0.01605782544033395	1.2428097460005016	1.8219881057739258	0.25	4.000000000000001
1110	train	9.999888088768808e-05	1.3338682783974543	1.2454876104990644	0.012721662823524741	1.2457420296139188	1.7625247769885595	0.3333333333333333	4.000000000000001
1120	train	9.999866816490951e-05	1.3214739163716633	1.2347338332070243	0.012798938693271743	1.2349898152881198	1.729682034916348	0.38888888888888895	4.000000000000001
1130	train	9.99984369448782e-05	1.335568348566691	1.239794347021315	0.014689198902083766	1.240088144938151	1.9096044037077162	0.1388888888888889	4.000000000000001
1140	train	9.99981872276892e-05	1.3263211250305176	1.2355098989274766	0.016015367168519232	1.2358302010430229	1.8098191022872925	0.3055555555555555	4.000000000000001
1150	train	9.999791901344516e-05	1.320687572161357	1.2335977421866524	0.014449010810090434	1.2338867319954767	1.7360165516535442	0.25	4.000000000000001
1160	train	9.999763230225636e-05	1.3081149260203044	1.2227495776282415	0.015601954215930566	1.223061614566379	1.7010663880242245	0.4166666666666667	4.000000000000001
1170	train	9.99973270942406e-05	1.3360125753614636	1.2394878731833563	0.016466361780961353	1.2398171954684787	1.923907955487569	0.19444444444444442	4.000000000000001
1180	train	9.999700338952336e-05	1.3098047971725464	1.2262499729792278	0.021207762675152883	1.226674106385973	1.6626139349407618	0.38888888888888895	4.000000000000001
1190	train	9.999666118823774e-05	1.3349620898564656	1.2387577427758112	0.016836742663549054	1.2390944692823622	1.917352583673265	0.3055555555555556	4.000000000000001
1200	train	9.999630049052437e-05	1.3136472966935897	1.2293010817633736	0.01971332480510076	1.229695373111301	1.679038789537218	0.33333333333333337	4.000000000000001
1210	train	9.999592129653153e-05	1.3133464124467638	1.2354663610458376	0.015995795735054545	1.2357862657970853	1.5512028402752347	0.38888888888888884	4.000000000000001
1220	train	9.999552360641508e-05	1.3251617087258232	1.235820121235318	0.024718188784188695	1.2363144821590848	1.7769445975621543	0.25	4.000000000000001
1230	train	9.999510742033851e-05	1.3108114798863728	1.2325593100653756	0.015644203457567427	1.2328721947140164	1.5587859286202321	0.5277777777777779	4.000000000000001
1240	train	9.99946727384729e-05	1.3130965762668187	1.2260122034284806	0.017694104462862015	1.2263660828272502	1.7346098290549383	0.33333333333333326	4.000000000000001
1250	train	9.999421956099691e-05	1.322072174814012	1.2308702203962538	0.015892958578964077	1.2311880853441026	1.8176819483439128	0.27777777777777773	4.000000000000001
1260	train	9.999374788809685e-05	1.3155537181430392	1.2276765637927585	0.018933836370706558	1.2280552254782782	1.749969747331407	0.2777777777777778	4.000000000000001
1270	train	9.999325771996659e-05	1.3078450494342382	1.2194954819149442	0.01795131423407131	1.2198545270495944	1.759810553656684	0.3055555555555556	4.000000000000001
1280	train	9.999274905680763e-05	1.3161407974031234	1.2334112326304119	0.02501313781572713	1.2339114877912734	1.6445862584643895	0.3888888888888889	4.000000000000001
1290	train	9.999222189882904e-05	1.3061774174372356	1.228177282545302	0.01465956007854806	1.2284704711702132	1.5541387134128146	0.4722222222222222	4.000000000000001
1300	train	9.999167624624756e-05	1.3101776838302612	1.224619494544135	0.022078723543220095	1.2250610722435844	1.7023320860332913	0.38888888888888884	4.000000000000001
1310	train	9.999111209928744e-05	1.3157802555296156	1.2232212755415175	0.021553060246838465	1.2236523363325331	1.842557920349969	0.2222222222222222	4.000000000000001
1320	train	9.999052945818061e-05	1.3081792063183255	1.2263496319452925	0.020586968916985724	1.2267614073223538	1.6283559401830034	0.38888888888888884	4.000000000000001
1330	train	9.998992832316656e-05	1.3142134348551435	1.2325819598303902	0.022412686712212034	1.2330302000045776	1.6236645380655923	0.38888888888888884	4.000000000000001
1340	train	9.998930869449238e-05	1.2837190628051758	1.2032711903254192	0.024465978766481083	1.2037605179680717	1.5991706715689764	0.4166666666666667	4.000000000000001
1350	train	9.99886705724128e-05	1.284486307038201	1.2090934382544625	0.024626212815443676	1.2095859713024564	1.4980065160327487	0.4444444444444445	4.000000000000001
1360	train	9.998801395719012e-05	1.3083520465426974	1.2221660614013672	0.027938386218415365	1.2227248085869684	1.7125449445512562	0.2777777777777778	4.000000000000001
1370	train	9.998733884909424e-05	1.3067515558666654	1.2177655167049835	0.029702949648102127	1.2183595763312447	1.7678392993079293	0.3055555555555555	4.000000000000001
1380	train	9.99866452484027e-05	1.2898690435621474	1.2122832139333086	0.02097027003765106	1.2127026319503784	1.5433283249537149	0.4444444444444445	4.000000000000001
1390	train	9.998593315540058e-05	1.3084005514780679	1.222214208708869	0.02842459724181229	1.2227826913197837	1.7123573621114097	0.33333333333333337	4.000000000000001
1400	train	9.99852025703806e-05	1.316329730881585	1.2255467706256444	0.045775584876537316	1.2264622847239177	1.7973485390345254	0.2777777777777778	4.000000000000001
1410	train	9.998445349364309e-05	1.2980051967832775	1.2101697524388633	0.027156400597757764	1.2107128832075333	1.7458465099334717	0.4444444444444444	4.000000000000001
1420	train	9.998368592549596e-05	1.2867726087570188	1.2024015188217163	0.019448476015693616	1.2027904854880438	1.6796425183614097	0.3055555555555556	4.000000000000001
1430	train	9.998289986625472e-05	1.3122873836093478	1.2266018523110283	0.024381055393152766	1.2270894580417206	1.7039589219623141	0.3611111111111111	4.000000000000001
1440	train	9.998209531624251e-05	1.3106758991877239	1.2270787954330444	0.018340498208999634	1.227445615662469	1.6646057764689128	0.2222222222222222	4.000000000000001
1450	train	9.998127227579004e-05	1.3064224587546454	1.218585146798028	0.021789385212792292	1.2190209229787192	1.7480305698182848	0.36111111111111116	4.000000000000001
1460	train	9.998043074523561e-05	1.3207665549384224	1.2334528234269884	0.028779025293058817	1.2340284056133695	1.7347633043924968	0.3055555555555556	4.000000000000001
1470	train	9.997957072492516e-05	1.2959787315792508	1.2085713942845662	0.024236506678991843	1.2090561125013561	1.7384525140126545	0.25	4.000000000000001
1480	train	9.997869221521223e-05	1.3016866577996147	1.2163422637515597	0.02645063317484326	1.2168712483512032	1.6963084141413367	0.2777777777777778	4.000000000000001
1490	train	9.997779521645793e-05	1.2876660161548192	1.2044895225101047	0.026860715407464236	1.2050267325507271	1.652785533004337	0.33333333333333337	4.000000000000001
1500	train	9.997687972903096e-05	1.297520955403646	1.2087147368325126	0.03442669163147609	1.2094032764434814	1.762353512975905	0.25	4.000000000000001
1510	train	9.997594575330766e-05	1.2913177278306749	1.2004973623487685	0.029385676400529012	1.2010850773917308	1.8046533399158056	0.27777777777777773	4.000000000000001
1520	train	9.997499328967195e-05	1.2979861365424263	1.219732191827562	0.02160264344678985	1.2201642592748008	1.5564375585979886	0.47222222222222215	4.000000000000001
1530	train	9.997402233851536e-05	1.2894982231987846	1.2019054227405124	0.030682774260640144	1.20251907242669	1.73958330684238	0.3055555555555556	4.000000000000001
1540	train	9.9973032900237e-05	1.272372669643826	1.1817809343338013	0.03286592558854156	1.1824382543563845	1.7986885574128895	0.36111111111111116	4.000000000000001
1550	train	9.997202497524359e-05	1.298845609029134	1.2080859210756092	0.028518351622753672	1.2086562580532498	1.8037868738174436	0.41666666666666663	4.000000000000001
1560	train	9.997099856394947e-05	1.291132198439704	1.2014430363972983	0.041955828666687005	1.2022821373409696	1.7770011557473078	0.3055555555555556	4.000000000000001
1570	train	9.996995366677653e-05	1.2962615092595418	1.2016540368398032	0.0387539884282483	1.2024291223949857	1.8766477240456476	0.22222222222222224	4.000000000000001
1580	train	9.99688902841543e-05	1.2919681204689875	1.2043032513724434	0.03208578274481826	1.2049449682235718	1.740463005171882	0.27777777777777773	4.000000000000001
1590	train	9.996780841651991e-05	1.2881912920210095	1.1966903209686282	0.03575109835300181	1.19740535153283	1.815718730290731	0.33333333333333337	4.000000000000001
1600	train	9.996670806431805e-05	1.297691649860806	1.2029753658506603	0.02881571753985352	1.2035517030292089	1.8827992545233831	0.3055555555555555	4.000000000000001
1610	train	9.996558922800105e-05	1.2720306581921048	1.1908890671200223	0.04171145334839821	1.191723280482822	1.6061476469039917	0.3055555555555556	4.000000000000001
1620	train	9.996445190802881e-05	1.282284829351637	1.189253913031684	0.04309661665724383	1.1901158359315658	1.843380292256673	0.24999999999999997	4.000000000000001
1630	train	9.996329610486886e-05	1.245021422704061	1.1510070032543605	0.04775485541257593	1.1519621080822415	1.861186279190911	0.22222222222222227	4.000000000000001
1640	train	9.996212181899629e-05	1.2876952621671889	1.2010462681452432	0.05031435108847089	1.2020525534947712	1.7128541866938272	0.2777777777777778	4.000000000000001
1650	train	9.99609290508938e-05	1.2729276683595445	1.1887675391303165	0.03718612508641349	1.1895112593968709	1.6683283646901448	0.3333333333333333	4.000000000000001
1660	train	9.995971780105171e-05	1.284549805853102	1.1950602266523571	0.03861044285198052	1.1958324246936374	1.774347398016188	0.3055555555555556	4.000000000000001
1670	train	9.995848806996791e-05	1.2363372378879123	1.1478143930435178	0.051096450744403735	1.1488363279236689	1.7500178416570027	0.36111111111111116	4.000000000000001
1680	train	9.995723985814789e-05	1.3049253490236068	1.2207241588168676	0.026337361998028226	1.221250918176439	1.6734886434343124	0.36111111111111116	4.000000000000001
1690	train	9.995597316610474e-05	1.2983369032541912	1.2111964225769043	0.041278142482042306	1.2120219866434734	1.7262981865141125	0.38888888888888884	4.000000000000001
1700	train	9.995468799435917e-05	1.2598513762156167	1.1689887973997328	0.05190563719305727	1.1700269248750474	1.7964890003204343	0.2777777777777778	4.000000000000001
1710	train	9.995338434343944e-05	1.2979695399602251	1.2077573670281305	0.028409435931179262	1.2083255582385592	1.792879594696893	0.2777777777777778	4.000000000000001
1720	train	9.995206221388146e-05	1.2768732574250963	1.18838361899058	0.044223447019855186	1.189268085691664	1.752103474405077	0.3611111111111111	4.000000000000001
1730	train	9.995072160622867e-05	1.302016364203559	1.2147423028945923	0.024537311039037172	1.2152330610487196	1.7356662352879841	0.36111111111111105	4.000000000000001
1740	train	9.994936252103218e-05	1.2222651773028905	1.1396545105510287	0.061217212428649276	1.1408788760503132	1.6277258263693917	0.38888888888888884	4.000000000000001
1750	train	9.994798495885064e-05	1.2677361302905614	1.178564959102207	0.05306088262134128	1.1796261933114796	1.7621984879175825	0.2777777777777778	4.000000000000001
1760	train	9.994658892025032e-05	1.272101468510098	1.18910362985399	0.04697978186110655	1.1900432109832761	1.641165190272861	0.38888888888888895	4.000000000000001
1770	train	9.994517440580508e-05	1.2481936083899603	1.1595396002133684	0.09184827655553818	1.1613765623834398	1.7363412777582805	0.33333333333333337	4.000000000000001
1780	train	9.994374141609635e-05	1.2754619518915813	1.1775514947043528	0.04602139277590646	1.1784719361199274	1.939800288942125	0.25	4.000000000000001
1790	train	9.994228995171322e-05	1.2764975097444322	1.1871624787648518	0.09948914498090745	1.189152267244127	1.7469044393963284	0.19444444444444445	4.000000000000001
1800	train	9.99408200132523e-05	1.2804014682769775	1.1911653545167713	0.04339336955712902	1.192033224635654	1.767364978790283	0.38888888888888884	4.000000000000001
1810	train	9.993933160131784e-05	1.2958196931415134	1.2110527488920422	0.028248798723022144	1.2116177214516535	1.6840393675698175	0.4444444444444444	4.000000000000001
1820	train	9.993782471652167e-05	1.2663454479641385	1.1758363909191556	0.05734233578874005	1.1769832372665405	1.7872442404429116	0.3055555555555555	4.000000000000001
1830	train	9.993629935948319e-05	1.240581790606181	1.1589837935235763	0.058117234044604824	1.1601461503240795	1.608713083797031	0.3055555555555556	4.000000000000001
1840	train	9.993475553082945e-05	1.3085913790596857	1.2127893765767415	0.03375446403192149	1.2134644720289443	1.9025382465786405	0.2777777777777778	4.000000000000001
1850	train	9.993319323119504e-05	1.2720862494574652	1.1809271044201322	0.05691653531458643	1.1820654206805759	1.8004169331656563	0.33333333333333337	4.000000000000001
1860	train	9.993161246122218e-05	1.283895757463243	1.2061423990461564	0.0321873076674011	1.2067861424552069	1.5421929094526503	0.47222222222222227	4.000000000000001
1870	train	9.993001322156063e-05	1.275508099132114	1.1917038361231487	0.04282612995141082	1.1925603813595242	1.65895414352417	0.3611111111111111	4.000000000000001
1880	train	9.992839551286781e-05	1.2678647306230333	1.1823966370688546	0.049783496807018913	1.1833922995461357	1.6894484493467545	0.41666666666666663	4.000000000000001
1890	train	9.992675933580869e-05	1.2958639065424602	1.2130853202607896	0.031647555323110685	1.213718268606398	1.6429129309124415	0.5	4.000000000000001
1900	train	9.992510469105585e-05	1.2541703648037381	1.1697416967815821	0.05521469170020687	1.1708459854125977	1.666487601068285	0.36111111111111105	4.000000000000001
1910	train	9.992343157928942e-05	1.2787902752558393	1.2003317144181993	0.03962102180553807	1.2011241383022733	1.55332264635298	0.3611111111111111	4.000000000000001
1920	train	9.992174000119718e-05	1.2882766193813748	1.2062533166673448	0.04094924239648713	1.2070722977320354	1.624086168077257	0.38888888888888884	4.000000000000001
1930	train	9.992002995747448e-05	1.2538879182603624	1.167721794711219	0.05399630591273308	1.1688017050425212	1.7017244630389745	0.3888888888888889	4.000000000000001
1940	train	9.991830144882424e-05	1.2671737141079373	1.178429775767856	0.05198768236570887	1.1794695324367948	1.7540836996502347	0.3055555555555556	4.000000000000001
1950	train	9.991655447595698e-05	1.2411244312922158	1.1560159193144903	0.0796633909145991	1.1576091845830283	1.6703046957651777	0.3055555555555556	4.000000000000001
1960	train	9.991478903959083e-05	1.212810946835412	1.1291818751229181	0.08620857074856758	1.1309060388141208	1.6380982928805883	0.4722222222222222	4.000000000000001
1970	train	9.991300514045148e-05	1.2560355265935264	1.1590042379167345	0.05860552171038257	1.1601763566335044	1.9171835846371121	0.22222222222222227	4.000000000000001
1980	train	9.991120277927223e-05	1.2056847413380942	1.1092447307374744	0.119026444438431	1.1116252740224204	1.881189492013719	0.3055555555555555	4.000000000000001
1990	train	9.990938195679396e-05	1.2296950419743855	1.144415431552463	0.07226645449797313	1.14586075146993	1.6766857041252985	0.3055555555555556	4.000000000000001
2000	train	9.990754267376514e-05	1.2368782891167533	1.1509972678290472	0.07446478514207733	1.1524865627288818	1.687834792666965	0.3333333333333333	4.000000000000001
2000	val		1.2675664015114307	1.1879575103521347	0.053304560322430916	1.1890236027538776	1.5708561204373837	0.40625	1.0
2010	train	9.990568493094184e-05	1.2541786697175767	1.1799803707334733	0.05459896744125419	1.1810723410712347	1.4621263874901667	0.4444444444444444	4.000000000000001
2020	train	9.99038087290877e-05	1.2254830731285944	1.1447001894315085	0.07016202414201365	1.146103428469764	1.5875929858949447	0.3611111111111111	4.000000000000001
2030	train	9.990191406897395e-05	1.2256408731142678	1.142139130168491	0.1033549178391695	1.1442062258720398	1.6286930772993302	0.41666666666666674	4.000000000000001
2040	train	9.990000095137943e-05	1.2446791860792372	1.161347945531209	0.06748191805349457	1.1626975933710733	1.6396321720547145	0.3055555555555556	4.000000000000001
2050	train	9.989806937709052e-05	1.2170899973975289	1.1410721407996283	0.10292904782626362	1.1431307395299275	1.4791852633158367	0.3888888888888889	4.000000000000001
2060	train	9.989611934690127e-05	1.1821420921219719	1.1015432278315227	0.11058355536725785	1.1037548912896051	1.5677439239290025	0.3888888888888889	4.000000000000001
2070	train	9.989415086161322e-05	1.2139319380124407	1.1257987949583266	0.0893001121779283	1.1275847951571147	1.7269430425431995	0.4444444444444444	4.000000000000001
2080	train	9.989216392203553e-05	1.2533830404281616	1.1772584517796836	0.05733160467611418	1.1784050994449191	1.499558952119615	0.38888888888888884	4.000000000000001
2090	train	9.989015852898499e-05	1.2725146412849426	1.1774151921272278	0.0571292249692811	1.1785577866766186	1.879137145148383	0.33333333333333337	4.000000000000001
2100	train	9.988813468328593e-05	1.2381412982940674	1.144555237558153	0.08638955425057146	1.1462830238872102	1.8371651702457004	0.16666666666666669	4.000000000000001
2110	train	9.988609238577027e-05	1.1895816657278273	1.1059420373704698	0.07515620750685532	1.107445153925154	1.6427300108803642	0.3611111111111111	4.000000000000001
2120	train	9.988403163727754e-05	1.269955899980333	1.1773456467522516	0.042182208349307374	1.1781892908944023	1.8353321684731378	0.2222222222222222	4.000000000000001
2130	train	9.988195243865481e-05	1.2307851314544676	1.1394242180718317	0.10249526343411869	1.1414741145239937	1.7862203651004367	0.33333333333333337	4.000000000000001
2140	train	9.987985479075677e-05	1.1944145494037204	1.1109463704956903	0.09063713625073433	1.112759126557244	1.6331085231569078	0.4444444444444444	4.000000000000001
2150	train	9.987773869444569e-05	1.222803725136651	1.1409072611067028	0.07628541005154452	1.142432987689972	1.6074148681428695	0.47222222222222227	4.000000000000001
2160	train	9.987560415059141e-05	1.236018909348382	1.150711072815789	0.08534359704289173	1.152417951160007	1.6720191505220199	0.4444444444444445	4.000000000000001
2170	train	9.987345116007138e-05	1.164219405916002	1.0765605635113187	0.12150765086213748	1.0789907177289326	1.7045735385682848	0.3888888888888889	4.000000000000001
2180	train	9.987127972377059e-05	1.2370916472540963	1.1464983224868774	0.07146723257998626	1.1479276683595445	1.7832797898186579	0.25	4.000000000000001
2190	train	9.986908984258162e-05	1.2613849242528279	1.1717688507503934	0.061897782401906125	1.1730067994859483	1.767562601301405	0.3611111111111111	4.000000000000001
2200	train	9.98668815174047e-05	1.255107773674859	1.172862900627984	0.06137444368667072	1.1740903854370115	1.620348122384813	0.38888888888888884	4.000000000000001
2210	train	9.986465474914754e-05	1.255225592189365	1.16589664750629	0.0722459511210521	1.1673415833049352	1.7576799392700193	0.3055555555555555	4.000000000000001
2220	train	9.98624095387255e-05	1.1611093613836498	1.0747372905413308	0.13353421580460337	1.0774079759915671	1.674027270740933	0.2777777777777778	4.000000000000001
2230	train	9.98601458870615e-05	1.2226317723592122	1.1352353758282132	0.08321545231673454	1.1368996964560616	1.7146414385901558	0.22222222222222227	4.000000000000001
2240	train	9.985786379508604e-05	1.2442152367697823	1.1606441669993932	0.08752888958487245	1.1623947487937079	1.6364094946119518	0.36111111111111105	4.000000000000001
2250	train	9.98555632637372e-05	1.1835617489284938	1.1014103028509352	0.13265239405963156	1.104063351949056	1.5899677011701796	0.33333333333333337	4.000000000000001
2260	train	9.985324429396067e-05	1.2322008212407431	1.1487152443991766	0.08250322896573278	1.1503653062714472	1.6367101934221058	0.36111111111111116	4.000000000000001
2270	train	9.985090688670964e-05	1.2288111448287964	1.1475538081592984	0.07504176203575398	1.1490546200010512	1.5951303641001384	0.3888888888888889	4.000000000000001
2280	train	9.984855104294497e-05	1.2134041521284313	1.1311024957233005	0.0957459757725398	1.1330174141459994	1.6077349583307903	0.4444444444444444	4.000000000000001
2290	train	9.984617676363504e-05	1.2532356845008004	1.1634736127323573	0.0705215082400375	1.164884044064416	1.7670324775907729	0.38888888888888895	4.000000000000001
2300	train	9.984378404975582e-05	1.1805041631062825	1.100588003794352	0.12256963468260236	1.1030393971337211	1.5492954651514688	0.33333333333333337	4.000000000000001
2310	train	9.984137290229088e-05	1.2383938100602891	1.1435286270247564	0.08430936332378124	1.1452148159344993	1.8635796308517456	0.25000000000000006	4.000000000000001
2320	train	9.983894332223137e-05	1.1948307752609253	1.104099604818556	0.1056678555905819	1.1062129735946655	1.7723562717437744	0.3055555555555556	4.000000000000001
2330	train	9.983649531057594e-05	1.2375639412138195	1.149313767751058	0.07136814751558834	1.1507411400477092	1.7364560233222113	0.2777777777777778	4.000000000000001
2340	train	9.983402886833094e-05	1.2304443187183804	1.141710705227322	0.09948394551045364	1.143700381120046	1.7348787387212117	0.3055555555555556	4.000000000000001
2350	train	9.983154399651018e-05	1.1639909678035312	1.0608653293715582	0.12568769190046522	1.063379075792101	2.0122380124198065	0.19444444444444442	4.000000000000001
2360	train	9.982904069613512e-05	1.2524600161446466	1.1701577636930678	0.06536826988061269	1.1714651319715712	1.619897815916273	0.41666666666666663	4.000000000000001
2370	train	9.982651896823479e-05	1.2689711120393543	1.1858795616361828	0.055577753318680666	1.186991122033861	1.6395995616912842	0.38888888888888884	4.000000000000001
2380	train	9.982397881384574e-05	1.1877048876550462	1.1079101231363084	0.10956852469179365	1.1101015011469522	1.5520677831437852	0.38888888888888884	4.000000000000001
2390	train	9.982142023401214e-05	1.2360595067342122	1.150742040740119	0.07575580250057909	1.1522571643193564	1.6760470867156985	0.22222222222222227	4.000000000000001
2400	train	9.981884322978577e-05	1.2293984625074597	1.152647720442878	0.07391761098470953	1.1541260613335504	1.5054478380415175	0.3333333333333333	4.000000000000001
2410	train	9.981624780222588e-05	1.2406093544430201	1.1531141334109836	0.07879142959912619	1.154689967632294	1.7183872593773737	0.3055555555555556	4.000000000000001
2420	train	9.981363395239938e-05	1.2706222931543985	1.1889760626686943	0.04137015570369031	1.189803467856513	1.6163760158750744	0.36111111111111116	4.000000000000001
2430	train	9.981100168138073e-05	1.254943357573615	1.1683805651134915	0.05597592579821745	1.1695000860426161	1.7088650067647297	0.3055555555555556	4.000000000000001
2440	train	9.980835099025192e-05	1.219647553231981	1.1397059427367318	0.06167334794170326	1.1409394145011902	1.5741629070705836	0.5000000000000001	4.000000000000001
2450	train	9.98056818801026e-05	1.2768428193198307	1.1951527330610487	0.05376167119377189	1.1962279743618434	1.6122969124052262	0.2777777777777778	4.000000000000001
2460	train	9.98029943520299e-05	1.2463327248891194	1.164471255408393	0.06894829993446669	1.16585021548801	1.6096501085493298	0.38888888888888884	4.000000000000001
2470	train	9.98002884071386e-05	1.2520854340659247	1.166200213962131	0.06290856293506093	1.16745838854048	1.6925408840179443	0.25	4.000000000000001
2480	train	9.9797564046541e-05	1.1570226616329617	1.0824661586019728	0.11253790019287002	1.0847169293297663	1.4461142619450889	0.4444444444444444	4.000000000000001
2490	train	9.979482127135695e-05	1.2217572662565441	1.138797130849626	0.07313801472385723	1.1402598818143206	1.6299479007720947	0.3055555555555556	4.000000000000001
2500	train	9.979206008271392e-05	1.2337189515431721	1.1435306469599407	0.10187858053379588	1.1455682118733725	1.7630146344502766	0.2777777777777778	4.000000000000001
2510	train	9.978928048174695e-05	1.2698571417066786	1.186302661895752	0.057086899048752256	1.1874444087346394	1.648254540231493	0.3611111111111111	4.000000000000001
2520	train	9.97864824695986e-05	1.291669699880812	1.19444653722975	0.045556579613023326	1.1953576803207397	1.926240086555481	0.1388888888888889	4.000000000000001
2530	train	9.978366604741904e-05	1.2172345452838473	1.1400132377942402	0.08763955264455742	1.141766024960412	1.5093703402413263	0.38888888888888884	4.000000000000001
2540	train	9.978083121636601e-05	1.2143598066435919	1.129521952735053	0.09699558797809812	1.1314618719948661	1.6579589313930936	0.3055555555555556	4.000000000000001
2550	train	9.977797797760479e-05	1.2040824360317655	1.12672354777654	0.09419324435293674	1.1286073989338345	1.5095005167855158	0.36111111111111105	4.000000000000001
2560	train	9.97751063323082e-05	1.2220227718353271	1.1469711860020955	0.07163343702753384	1.148403843243917	1.472378757264879	0.4722222222222222	4.000000000000001
2570	train	9.977221628165673e-05	1.2304766575495403	1.136763075987498	0.08900599885318014	1.1385432150628831	1.838668770260281	0.2222222222222222	4.000000000000001
2580	train	9.976930782683835e-05	1.2447691096199882	1.146568841404385	0.07564164884388447	1.1480816668934293	1.9337487485673692	0.22222222222222224	4.000000000000001
2590	train	9.976638096904859e-05	1.2485596471362643	1.1688408851623533	0.051224378661976926	1.169865369796753	1.5738854673173694	0.4166666666666667	4.000000000000001
2600	train	9.976343570949058e-05	1.2218345006306968	1.1339345508151584	0.10131029867463641	1.1359607643551297	1.717474248674181	0.3055555555555555	4.000000000000001
2610	train	9.976047204937503e-05	1.2348353465398154	1.1547609567642212	0.08956295458806886	1.156552208794488	1.5656629535886977	0.33333333333333337	4.000000000000001
2620	train	9.975748998992017e-05	1.1845276686880324	1.0924661888016596	0.1025680127657122	1.094517555501726	1.8002022504806519	0.3055555555555556	4.000000000000001
2630	train	9.975448953235181e-05	1.2223940955268013	1.145271632406447	0.0816594118045436	1.1469048261642456	1.5097849766413372	0.41666666666666663	4.000000000000001
2640	train	9.975147067790331e-05	1.2599776983261108	1.1822251743740504	0.05998685728344653	1.1834249099095662	1.5310562319225736	0.44444444444444453	4.000000000000001
2650	train	9.974843342781565e-05	1.213644418451521	1.1310850646760728	0.09075287398364809	1.1329001386960347	1.6148855686187744	0.3888888888888889	4.000000000000001
2660	train	9.974537778333729e-05	1.2189388275146484	1.133263481987847	0.06771441114445527	1.1346177922354803	1.686420334710015	0.33333333333333337	4.000000000000001
2670	train	9.97423037457243e-05	1.241205003526476	1.1566660404205322	0.06355719889203706	1.1579371955659652	1.6653560664918687	0.3888888888888889	4.000000000000001
2680	train	9.973921131624032e-05	1.1280599766307406	1.0442222158114116	0.17262551105684706	1.0476747420099046	1.6077047189076743	0.47222222222222227	4.000000000000001
2690	train	9.973610049615652e-05	1.211544560061561	1.1372206475999622	0.09713494777679443	1.1391633616553414	1.4476236634784274	0.5277777777777779	4.000000000000001
2700	train	9.973297128675162e-05	1.225890987449222	1.1321707897716098	0.08417807271083196	1.1338543494542441	1.8407327466540864	0.25	4.000000000000001
2710	train	9.972982368931194e-05	1.2287161747614541	1.143401066462199	0.10006141103804111	1.1454022857877946	1.6662775807910495	0.22222222222222224	4.000000000000001
2720	train	9.972665770513134e-05	1.2620677285724218	1.1783879730436537	0.07100264438324506	1.1798080338372123	1.6451938682132297	0.3333333333333333	4.000000000000001
2730	train	9.972347333551122e-05	1.211866921848721	1.1290521687931485	0.0782102919701073	1.1306163867314656	1.6250104506810503	0.3888888888888889	4.000000000000001
2740	train	9.972027058176057e-05	1.158291048473782	1.0782932109302945	0.11346751472188368	1.0805625650617812	1.5545696682400174	0.38888888888888895	4.000000000000001
2750	train	9.971704944519592e-05	1.2004234592119853	1.1113886104689703	0.1128327879640791	1.1136452754338584	1.7355638609992132	0.3055555555555556	4.000000000000001
2760	train	9.971380992714136e-05	1.1344282031059263	1.0525040957662795	0.15225488568345705	1.0555491977267795	1.577580134073893	0.33333333333333337	4.000000000000001
2770	train	9.971055202892852e-05	1.1883290674951341	1.1015464067459106	0.10670676310029295	1.1036805510520935	1.6929702758789065	0.22222222222222227	4.000000000000001
2780	train	9.97072757518966e-05	1.251535971959432	1.1682947079340615	0.06671121426754527	1.1696289115481906	1.638141711552938	0.3333333333333333	4.000000000000001
2790	train	9.970398109739236e-05	1.2407850954267714	1.1566465960608587	0.0720949015683598	1.1580884986453588	1.6539317766825359	0.3055555555555555	4.000000000000001
2800	train	9.970066806677013e-05	1.2017856107817755	1.122429735130734	0.10437712052630053	1.1245172818501792	1.5453667243321738	0.47222222222222227	4.000000000000001
2810	train	9.969733666139172e-05	1.2028037177191842	1.123003217909071	0.09234677420722114	1.1248501539230347	1.5590711567136977	0.4722222222222223	4.000000000000001
2820	train	9.969398688262659e-05	1.2099002798398335	1.1201588180330064	0.09406000748276712	1.1220400068495007	1.757205605506897	0.3055555555555556	4.000000000000001
2830	train	9.969061873185169e-05	1.2574873235490587	1.1790245241589017	0.04584465382827653	1.1799414290322197	1.550917638672723	0.41666666666666674	4.000000000000001
2840	train	9.968723221045153e-05	1.218578577041626	1.1366199387444391	0.08492149909337361	1.1383183797200522	1.605203668276469	0.41666666666666663	4.000000000000001
2850	train	9.96838273198182e-05	1.250875618722704	1.167193055152893	0.07478462035457294	1.168688734372457	1.6437375942866006	0.38888888888888895	4.000000000000001
2860	train	9.968040406135132e-05	1.2173779540591771	1.1345955795711942	0.0910280661450492	1.1364161438412137	1.619235952695211	0.3333333333333333	4.000000000000001
2870	train	9.967696243645806e-05	1.2274633910920887	1.1446684334013197	0.0825388953089714	1.1463192171520658	1.6228833066092598	0.4166666666666667	4.000000000000001
2880	train	9.967350244655313e-05	1.1938230064180162	1.1087698207961187	0.11105701244539685	1.1109909613927207	1.6566405826144748	0.25	4.000000000000001
2890	train	9.96700240930588e-05	1.214941700299581	1.1271657347679138	0.08525235433545378	1.1288707653681436	1.7214184469646878	0.33333333333333337	4.000000000000001
2900	train	9.966652737740493e-05	1.2358810769187079	1.1510638727082145	0.07420736923813821	1.1525480217403836	1.6666612227757769	0.36111111111111116	4.000000000000001
2910	train	9.966301230102885e-05	1.2680267625384862	1.183452076382107	0.044807838069068066	1.1843482388390436	1.6735708051257663	0.3055555555555556	4.000000000000001
2920	train	9.965947886537546e-05	1.2634329001108806	1.176395508978102	0.06588613676528136	1.177713221973843	1.7143934302859838	0.33333333333333337	4.000000000000001
2930	train	9.965592707189726e-05	1.145178688897027	1.0592337316936917	0.12355045581029521	1.0617047548294067	1.6694784959157307	0.33333333333333337	4.000000000000001
2940	train	9.965235692205424e-05	1.1546540922588773	1.056062122186025	0.12185714145501454	1.0584992700152929	1.923096418380737	0.19444444444444442	4.000000000000001
2950	train	9.964876841731396e-05	1.2302940289179485	1.1437720192803276	0.07525966626902421	1.1452771955066257	1.7003363503350153	0.33333333333333337	4.000000000000001
2960	train	9.964516155915151e-05	1.2538265917036269	1.1792532867855496	0.059029375513394676	1.1804338826073542	1.4678540097342596	0.5277777777777778	4.000000000000001
2970	train	9.964153634904953e-05	1.1905427243974471	1.1055045525232952	0.11237370284895104	1.1077520317501492	1.6558136145273843	0.24999999999999997	4.000000000000001
2980	train	9.963789278849824e-05	1.215749210781521	1.1327735185623167	0.09262370318174362	1.1346259779400296	1.62246474954817	0.33333333333333337	4.000000000000001
2990	train	9.963423087899533e-05	1.1885704199473064	1.1107043160332575	0.11035512967242134	1.1129114230473838	1.5131796995798747	0.41666666666666663	4.000000000000001
3000	train	9.963055062204608e-05	1.1469625234603882	1.059401081668006	0.12107128173940711	1.0618224872483146	1.7028009891510008	0.36111111111111105	4.000000000000001
3000	val		1.234778709243983	1.1577293393202126	0.06909325016022194	1.1591112008318305	1.5133501011878252	0.46875	1.0
3010	train	9.962685201916331e-05	1.2574223544862535	1.1754515038596258	0.06673757731914519	1.1767862637837727	1.6127216286129422	0.4722222222222222	4.000000000000001
3020	train	9.96231350718674e-05	1.184198750389947	1.101548386944665	0.10141421109437944	1.1035766800244649	1.6124418311648898	0.36111111111111116	4.000000000000001
3030	train	9.961939978168621e-05	1.1763689716657004	1.0898408757315743	0.12361883082323602	1.0923132631513808	1.6811147133509319	0.33333333333333337	4.000000000000001
3040	train	9.96156461501552e-05	1.2091487778557672	1.130421969625685	0.12317849281761382	1.1328855289353266	1.5252650181452434	0.33333333333333337	4.000000000000001
3050	train	9.961187417881733e-05	1.1773308051957025	1.089914176199171	0.10360481362375948	1.0919862786928813	1.706890516810947	0.3611111111111111	4.000000000000001
3060	train	9.960808386922313e-05	1.151392267809974	1.0710002846188018	0.15467210859060287	1.074093719323476	1.5459712611304388	0.44444444444444453	4.000000000000001
3070	train	9.960427522293064e-05	1.1910399132304723	1.1110960907406278	0.10490563760201138	1.1131941808594599	1.5569149255752561	0.5	4.000000000000001
3080	train	9.960044824150546e-05	1.2289461692174277	1.1461976766586304	0.08260595239698888	1.147849784957038	1.6219277116987438	0.3888888888888889	4.000000000000001
3090	train	9.959660292652072e-05	1.1683089004622564	1.0798293815718756	0.11562881142728859	1.082141962316301	1.7233390543195937	0.4166666666666667	4.000000000000001
3100	train	9.959273927955708e-05	1.2398505078421698	1.1576959821912978	0.07948542469077641	1.1592856910493639	1.611296315987905	0.4722222222222222	4.000000000000001
3110	train	9.958885730220271e-05	1.117797679371304	1.0320883128378124	0.12726489040586683	1.0346336099836562	1.6632812288072374	0.41666666666666674	4.000000000000001
3120	train	9.95849569960534e-05	1.1802288956112332	1.0915306607882183	0.11192366729180017	1.0937691330909731	1.7291953033871124	0.3333333333333333	4.000000000000001
3130	train	9.958103836271239e-05	1.2251209947797987	1.1410436431566875	0.09402424738638931	1.1429241233401828	1.6439375480016072	0.3055555555555556	4.000000000000001
3140	train	9.957710140379046e-05	1.1728544765048556	1.0905509524875217	0.10805644343296687	1.0927120645840962	1.6028486490249632	0.2777777777777778	4.000000000000001
3150	train	9.957314612090597e-05	1.1980053385098774	1.118885291947259	0.10891659888956283	1.1210636231634352	1.538834638065762	0.4444444444444444	4.000000000000001
3160	train	9.956917251568481e-05	1.2175107267167833	1.1384271913104587	0.07428338771892919	1.1399128701951768	1.5519569714864094	0.41666666666666663	4.000000000000001
3170	train	9.956518058976034e-05	1.221162782775031	1.1389855345090232	0.0965685426361031	1.1409169303046331	1.6049169169531932	0.36111111111111116	4.000000000000001
3180	train	9.956117034477349e-05	1.2121603621376884	1.1214903328153825	0.09401349102457364	1.1233706010712516	1.7757951815923056	0.3055555555555556	4.000000000000001
3190	train	9.955714178237274e-05	1.1461192568143208	1.0490083230866327	0.14880875332487956	1.0519845088322957	1.8826946682400174	0.16666666666666669	4.000000000000001
3200	train	9.955309490421409e-05	1.2259655528598363	1.1401062938902113	0.09216582775115967	1.1419496271345349	1.6803183290693493	0.33333333333333337	4.000000000000001
3210	train	9.954902971196103e-05	1.188468098640442	1.1088843279414708	0.09694209570686024	1.1108231676949394	1.5528986586464775	0.38888888888888895	4.000000000000001
3220	train	9.954494620728462e-05	1.1716798146565752	1.091800120141771	0.11274366991387473	1.094054996967316	1.5524964465035334	0.36111111111111116	4.000000000000001
3230	train	9.954084439186344e-05	1.1651874714427524	1.0913105871942308	0.11563267848557895	1.0936232341660392	1.4312848647435508	0.5277777777777778	4.000000000000001
3240	train	9.953672426738357e-05	1.1813397937350802	1.09424799018436	0.14228690084483886	1.0970937477217781	1.6849213971032038	0.3055555555555556	4.000000000000001
3250	train	9.953258583553867e-05	1.1733717852168613	1.094443533155653	0.12028333751691712	1.0968491898642645	1.5304516951243081	0.36111111111111116	4.000000000000001
3260	train	9.952842909802987e-05	1.18041471640269	1.0992652508947585	0.09564257309668595	1.1011781030231051	1.5847322344779968	0.33333333333333337	4.000000000000001
3270	train	9.952425405656584e-05	1.249956448872884	1.1585891710387335	0.07631694318519698	1.160115526782142	1.7968183888329399	0.25000000000000006	4.000000000000001
3280	train	9.952006071286282e-05	1.2304749091466267	1.1444352202945287	0.08432597956723636	1.1461217403411865	1.687063627772861	0.3055555555555556	4.000000000000001
3290	train	9.951584906864449e-05	1.2167518138885498	1.1351435714297824	0.09486235885156524	1.1370408137639365	1.5942200554741754	0.38888888888888895	4.000000000000001
3300	train	9.951161912564213e-05	1.1921291881137424	1.1065693298975625	0.1035898412681288	1.1086411343680487	1.6697614325417411	0.4722222222222222	4.000000000000001
3310	train	9.95073708855945e-05	1.1538546350267198	1.0723409122890897	0.10755762540631825	1.0744920505417714	1.5872515837351482	0.2777777777777778	4.000000000000001
3320	train	9.950310435024788e-05	1.2437932358847723	1.1494086649682786	0.09682985726330016	1.1513452529907227	1.8489598830540974	0.22222222222222224	4.000000000000001
3330	train	9.94988195213561e-05	1.1108130349053276	1.024272448486752	0.17134015469087496	1.0276992519696555	1.6622759766048856	0.3611111111111111	4.000000000000001
3340	train	9.949451640068048e-05	1.1766134235594006	1.0968800253338284	0.11582432397537763	1.0991965134938557	1.5483382675382824	0.41666666666666674	4.000000000000001
3350	train	9.949019498998986e-05	1.2036558389663696	1.1139214038848877	0.1009876959853702	1.1159411470095317	1.7542937729093764	0.2777777777777778	4.000000000000001
3360	train	9.948585529106065e-05	1.1542070905367532	1.0738367438316345	0.13820744450721476	1.0766008893648784	1.5521236128277247	0.3611111111111111	4.000000000000001
3370	train	9.948149730567668e-05	1.1188913517528112	1.0300048854615953	0.15510429069399834	1.033106976085239	1.715687765015496	0.3055555555555556	4.000000000000001
3380	train	9.947712103562939e-05	1.1921669443448386	1.1039543350537617	0.10236056355966461	1.1060015492969089	1.7233080201678805	0.33333333333333337	4.000000000000001
3390	train	9.947272648271769e-05	1.11468411816491	1.0243080457051594	0.1415984162853824	1.0271400213241577	1.7508820162879097	0.41666666666666663	4.000000000000001
3400	train	9.946831364874801e-05	1.1548198991351657	1.0699406067530313	0.11170075895885626	1.0721746020846896	1.6529055833816528	0.4444444444444445	4.000000000000001
3410	train	9.946388253553431e-05	1.220701985889011	1.1394950615035162	0.07110721886985832	1.1409172150823803	1.595695310168796	0.4444444444444444	4.000000000000001
3420	train	9.945943314489805e-05	1.1560252043935988	1.0745849543147616	0.10286568250093193	1.076642268233829	1.5876588821411133	0.49999999999999994	4.000000000000001
3430	train	9.94549654786682e-05	1.172428978814019	1.0863890051841736	0.10163770077957048	1.0884217686123319	1.6801440053515964	0.5277777777777778	4.000000000000001
3440	train	9.945047953868124e-05	1.17238269911872	1.0939273635546367	0.11321168806817797	1.0961915983094108	1.5238219102223716	0.4444444444444444	4.000000000000001
3450	train	9.94459753267812e-05	1.1942778362168207	1.1073923707008362	0.10747702378365728	1.1095419261190627	1.6947187847561305	0.25	4.000000000000001
3460	train	9.944145284481957e-05	1.2068306936158073	1.1212664047876992	0.10544069525268342	1.123375223742591	1.6691095829010005	0.19444444444444442	4.000000000000001
3470	train	9.943691209465538e-05	1.2355072630776298	1.1598213844829135	0.06411783314413494	1.1611037585470412	1.4880696270200942	0.3888888888888889	4.000000000000001
3480	train	9.943235307815515e-05	1.2216477394104004	1.1338898605770535	0.0971168608715137	1.1358322170045643	1.7163108852174545	0.3055555555555555	4.000000000000001
3490	train	9.942777579719293e-05	1.169045521153344	1.087889942857954	0.11473746390806304	1.0901846885681152	1.577216651704576	0.5833333333333334	4.000000000000001
3500	train	9.942318025365026e-05	1.1208586162990992	1.036445313029819	0.1562806429962317	1.0395709408654106	1.6257533099916246	0.49999999999999994	4.000000000000001
3510	train	9.94185664494162e-05	1.2348465124766033	1.1486318045192294	0.06992156845000055	1.150030235449473	1.696325461069743	0.3333333333333333	4.000000000000001
3520	train	9.94139343863873e-05	1.1943244205580816	1.1064921220143638	0.08968207571241593	1.1082857582304213	1.7207736174265542	0.36111111111111116	4.000000000000001
3530	train	9.940928406646766e-05	1.1394944257206385	1.0554509891404045	0.12839803306592834	1.0580189559194777	1.6295092238320246	0.36111111111111116	4.000000000000001
3540	train	9.94046154915688e-05	1.241379393471612	1.156680319044325	0.0825289005620612	1.1583308842447066	1.6609700388378565	0.3055555555555556	4.000000000000001
3550	train	9.939992866360984e-05	1.2543142371707492	1.1681927707460191	0.05361718125641346	1.1692651245329115	1.7009819481107922	0.3055555555555555	4.000000000000001
3560	train	9.939522358451732e-05	1.1420681807729933	1.0561068521605597	0.1341216154396534	1.0587892863485548	1.6655777030520968	0.2777777777777778	4.000000000000001
3570	train	9.939050025622536e-05	1.22760628329383	1.1455699337853327	0.06412338237795565	1.146852407190535	1.6150770054923165	0.38888888888888895	4.000000000000001
3580	train	9.938575868067549e-05	1.2153152757220798	1.1349924802780151	0.08308945099512736	1.1366542710198297	1.5732204384273951	0.38888888888888895	4.000000000000001
3590	train	9.938099885981684e-05	1.1901149352391562	1.110727892981635	0.10979581293132569	1.1129238274362352	1.5438220699628196	0.5555555555555556	4.000000000000001
3600	train	9.937622079560597e-05	1.1868957148657904	1.1003010206752353	0.13992277532815933	1.1030994719929166	1.6759253607855902	0.3888888888888889	4.000000000000001
3610	train	9.937142449000698e-05	1.1798679033915203	1.085132314099206	0.1184090864327219	1.0875005059772067	1.8473477231131659	0.22222222222222227	4.000000000000001
3620	train	9.936660994499143e-05	1.2250857750574746	1.1425117320484586	0.07053469080064032	1.1439224481582642	1.6232662068472967	0.36111111111111116	4.000000000000001
3630	train	9.936177716253841e-05	1.1814314723014832	1.091386702325609	0.09759768947131103	1.0933386418554518	1.7618566751480103	0.2222222222222222	4.000000000000001
3640	train	9.935692614463448e-05	1.2586527797910902	1.1746812529034085	0.05917889604138003	1.1758648422029285	1.655758606062995	0.33333333333333337	4.000000000000001
3650	train	9.935205689327372e-05	1.1827788352966309	1.0903108053737216	0.11701255022651619	1.092651042673323	1.8025560776392617	0.27777777777777773	4.000000000000001
3660	train	9.93471694104577e-05	1.15677191151513	1.075814167658488	0.12914573773741722	1.0783970885806613	1.5674967235989041	0.44444444444444453	4.000000000000001
3670	train	9.934226369819548e-05	1.1846213605668807	1.1011916663911607	0.10679193379150496	1.1033275061183505	1.6258773406346638	0.36111111111111105	4.000000000000001
3680	train	9.93373397585036e-05	1.1758615175882974	1.0874450935257804	0.11463989979690975	1.089737898773617	1.7224725352393255	0.3055555555555556	4.000000000000001
3690	train	9.933239759340612e-05	1.1425051225556269	1.0668271316422357	0.12027314263913366	1.0692325962914362	1.4654506113794117	0.4166666666666667	4.000000000000001
3700	train	9.932743720493456e-05	1.1619273225466409	1.0768477386898463	0.12111451062891218	1.0792700317170885	1.6531459358003404	0.36111111111111116	4.000000000000001
3710	train	9.932245859512796e-05	1.1289629605081346	1.0444653100437589	0.13352539017796516	1.0471357968118455	1.636543181207445	0.3888888888888889	4.000000000000001
3720	train	9.931746176603284e-05	1.1460461947653027	1.0450284679730732	0.15584223965803784	1.0481453074349296	1.9580178790622287	0.27777777777777785	4.000000000000001
3730	train	9.931244671970321e-05	1.1820997529559665	1.0941489670011733	0.12309947444332969	1.0966109567218356	1.7097756597730849	0.38888888888888884	4.000000000000001
3740	train	9.930741345820055e-05	1.1999787754482694	1.118306623564826	0.09544680950542292	1.1202155616548326	1.5952644215689764	0.4722222222222222	4.000000000000001
3750	train	9.930236198359386e-05	1.1672691305478413	1.0876324905289545	0.11725792205995984	1.089977655145857	1.54582941532135	0.36111111111111116	4.000000000000001
3760	train	9.929729229795961e-05	1.2373508877224393	1.154776480462816	0.068746040471726	1.1561514006720648	1.623989317152235	0.5	4.000000000000001
3770	train	9.929220440338174e-05	1.0766438643137615	0.9984030259980095	0.1550371915929847	1.0015037722057767	1.5028017693095737	0.49999999999999994	4.000000000000001
3780	train	9.928709830195172e-05	1.1950710614522297	1.1133602791362338	0.09678981867101456	1.1152960658073425	1.5955000453525117	0.4166666666666667	4.000000000000001
3790	train	9.928197399576845e-05	1.1763252152336967	1.084943367375268	0.14979295060038567	1.0879392226537068	1.7677199443181355	0.25	4.000000000000001
3800	train	9.927683148693835e-05	1.2095080614089966	1.118232250213623	0.09729845159583624	1.1201782359017267	1.7865962849722967	0.22222222222222224	4.000000000000001
3810	train	9.92716707775753e-05	1.0922914147377014	1.0099432402186923	0.16611347595850623	1.0132655170228746	1.5805179278055828	0.38888888888888884	4.000000000000001
3820	train	9.926649186980068e-05	1.1788338157865734	1.0879730648464627	0.120362791336245	1.0903803242577448	1.769070068995158	0.33333333333333337	4.000000000000001
3830	train	9.926129476574335e-05	1.1332208977805243	1.0527533094088235	0.11230401280853484	1.0549994177288478	1.5644298526975844	0.3611111111111111	4.000000000000001
3840	train	9.925607946753963e-05	1.1781820853551226	1.0934308369954426	0.11660945249928369	1.0957630475362141	1.6483808755874638	0.27777777777777773	4.000000000000001
3850	train	9.925084597733334e-05	1.1898208326763577	1.1006133556365965	0.11026188834673831	1.10281859503852	1.7400444878472223	0.3055555555555556	4.000000000000001
3860	train	9.924559429727577e-05	1.1411560773849487	1.055812332365248	0.1263186550802655	1.0583386884795294	1.6563476324081419	0.22222222222222224	4.000000000000001
3870	train	9.924032442952569e-05	1.1738693780369227	1.0903066330485873	0.12357114172644085	1.0927780667940776	1.621826145384047	0.44444444444444453	4.000000000000001
3880	train	9.923503637624934e-05	1.188056700759464	1.107321388191647	0.10793809841076533	1.1094801558388603	1.5715308719211154	0.33333333333333337	4.000000000000001
3890	train	9.922973013962043e-05	1.2284347746107316	1.1438753207524617	0.07732452369398542	1.1454218096203272	1.6602592998080783	0.4444444444444444	4.000000000000001
3900	train	9.922440572182018e-05	1.138725201288859	1.0551375415590076	0.15479210308856434	1.058233380317688	1.6098361280229354	0.41666666666666663	4.000000000000001
3910	train	9.921906312503723e-05	1.2309145265155368	1.144771118958791	0.08533940919571453	1.1464779112074108	1.6887323061625161	0.36111111111111116	4.000000000000001
3920	train	9.921370235146773e-05	1.1927024523417156	1.1006079779730902	0.12110688330398664	1.1030301120546129	1.7934469249513414	0.25	4.000000000000001
3930	train	9.920832340331529e-05	1.159689042303297	1.0745480921533372	0.10784819142685996	1.076705065038469	1.6596799426608615	0.3055555555555556	4.000000000000001
3940	train	9.9202926282791e-05	1.1820745335684881	1.0840866830613878	0.13023148228724798	1.0866913265652127	1.9076644049750433	0.2222222222222222	4.000000000000001
3950	train	9.919751099211339e-05	1.169143928421868	1.08370617363188	0.12335671587950653	1.0861733158429465	1.6594121721055772	0.33333333333333337	4.000000000000001
3960	train	9.919207753350851e-05	1.1393716202841864	1.060646480984158	0.11273164674639702	1.0629011127683852	1.529410004615784	0.47222222222222227	4.000000000000001
3970	train	9.918662590920983e-05	1.073777847819858	0.9836039410697089	0.16740861535072327	0.9869521194034152	1.7365148729748199	0.41666666666666674	4.000000000000001
3980	train	9.918115612145832e-05	1.240447375509474	1.1563395924038355	0.05756318734751807	1.1574908759858873	1.6591300699445934	0.2777777777777778	4.000000000000001
3990	train	9.91756681725024e-05	1.241337736447652	1.1506918271382651	0.07207290041777822	1.1521332926220365	1.784088995721605	0.3055555555555556	4.000000000000001
4000	train	9.917016206459795e-05	1.147716310289171	1.059573451677958	0.13619910925626755	1.0622974303033617	1.7083775069978502	0.38888888888888884	4.000000000000001
4000	val		1.2234310391359031	1.1450426783412695	0.08969551691552624	1.1468365881592035	1.5318890986964107	0.375	1.0
4010	train	9.916463780000832e-05	1.1548911995357938	1.071401039759318	0.13724853760666317	1.074145992596944	1.614904205004374	0.2777777777777778	4.000000000000001
4020	train	9.915909538100434e-05	1.1861872143215606	1.1001933084593878	0.10715315573745303	1.102336366971334	1.6770166556040447	0.3055555555555556	4.000000000000001
4030	train	9.915353480986429e-05	1.1682841049300299	1.0864030453893874	0.1218166020181444	1.0888393852445815	1.5888943009906342	0.3055555555555556	4.000000000000001
4040	train	9.91479560888739e-05	1.2138438092337713	1.1350797017415366	0.10268256813287735	1.1371333599090576	1.534209132194519	0.4166666666666667	4.000000000000001
4050	train	9.914235922032637e-05	1.1670915815565324	1.0887427263789706	0.12262393037478131	1.0911952124701607	1.5179268916447959	0.5	4.000000000000001
4060	train	9.913674420652238e-05	1.0883058773146737	1.0089752872784932	0.1514194481488731	1.0120036668247647	1.5260439713795981	0.5	4.000000000000001
4070	train	9.913111104977003e-05	1.207457701365153	1.1215338839424982	0.11515832444032033	1.1238370603985257	1.6724128458234997	0.36111111111111116	4.000000000000001
4080	train	9.912545975238491e-05	1.125979529486762	1.0400341881646051	0.14094173701273072	1.0428530308935378	1.6625302102830677	0.36111111111111116	4.000000000000001
4090	train	9.911979031669005e-05	1.1686779393090143	1.0849226183361478	0.12601723935869005	1.0874429411358304	1.6247000296910603	0.3055555555555556	4.000000000000001
4100	train	9.911410274501593e-05	1.1205795274840462	1.0333232283592224	0.14764216086930698	1.0362760623296101	1.6860692236158583	0.3333333333333333	4.000000000000001
4110	train	9.910839703970052e-05	1.2074569861094155	1.1129427154858906	0.08956740258468522	1.1147340602344937	1.8544588221444023	0.25	4.000000000000001
4120	train	9.91026732030892e-05	1.2270037200715807	1.1436448627048068	0.08098037209775713	1.1452644666035972	1.6347845925225155	0.36111111111111116	4.000000000000001
4130	train	9.909693123753483e-05	1.17844162384669	1.0916959113544888	0.1193926054984331	1.0940837793880038	1.687156571282281	0.33333333333333326	4.000000000000001
4140	train	9.90911711453977e-05	1.19480965534846	1.1127203504244487	0.09751312248408794	1.1146706210242376	1.6027808454301624	0.33333333333333337	4.000000000000001
4150	train	9.90853929290456e-05	1.1199987398253548	1.0371476875411139	0.15087463292810652	1.0401651793056064	1.596671157413059	0.41666666666666674	4.000000000000001
4160	train	9.907959659085372e-05	1.2077563736173842	1.1211241549915736	0.10178525580300224	1.1231598390473259	1.691930916574266	0.36111111111111116	4.000000000000001
4170	train	9.907378213320471e-05	1.1152282887034946	1.0300573309262595	0.1801547366711828	1.0336604118347168	1.6313569280836315	0.2777777777777778	4.000000000000001
4180	train	9.906794955848866e-05	1.2221899959776137	1.1271253029505413	0.10194815736677912	1.129164245393541	1.8605150514178805	0.2222222222222222	4.000000000000001
4190	train	9.906209886910317e-05	1.1529129478666518	1.0682273705800376	0.1262367003493839	1.0707521107461717	1.6432167291641233	0.38888888888888895	4.000000000000001
4200	train	9.905623006745319e-05	1.2010130749808419	1.1173827250798543	0.09275723683337371	1.1192378666665819	1.6355042192671032	0.4444444444444445	4.000000000000001
4210	train	9.905034315595117e-05	1.149708502822452	1.0699721574783325	0.14359411348899206	1.0728440350956387	1.537289155854119	0.44444444444444453	4.000000000000001
4220	train	9.904443813701702e-05	1.1516206330723233	1.0637655523088243	0.12760085695319703	1.0663175516658359	1.7060616413752239	0.36111111111111116	4.000000000000001
4230	train	9.903851501307804e-05	1.1290487514601812	1.0408164593908522	0.1527794198029571	1.0438720451460943	1.7035341792636447	0.2777777777777778	4.000000000000001
4240	train	9.903257378656904e-05	1.1734966569476657	1.095253911283281	0.10575064023335776	1.097368922498491	1.52255470222897	0.33333333333333337	4.000000000000001
4250	train	9.902661445993219e-05	1.1765442159440782	1.0906032588746812	0.11444653984573153	1.0928921898206074	1.6730406549241805	0.36111111111111116	4.000000000000001
4260	train	9.902063703561718e-05	1.1848829454845853	1.0969110594855414	0.11507851464880837	1.0992126332388985	1.7134060462315874	0.2777777777777778	4.000000000000001
4270	train	9.901464151608109e-05	1.1810570822821722	1.1036738355954487	0.11145439909564127	1.105902910232544	1.5030838913387723	0.5	4.000000000000001
4280	train	9.900862790378845e-05	1.180579874250624	1.0961717632081776	0.11240904985202683	1.0984199378225536	1.6431981457604303	0.33333333333333337	4.000000000000001
4290	train	9.900259620121122e-05	1.2268170118331911	1.1398657030529447	0.07575266435742378	1.1413807604047987	1.708724684185452	0.3055555555555556	4.000000000000001
4300	train	9.899654641082883e-05	1.1272842619154189	1.042134530014462	0.15376998028821415	1.0452099243799844	1.641486830181546	0.3611111111111111	4.000000000000001
4310	train	9.899047853512808e-05	1.1801637212435405	1.0912793344921536	0.12268435955047607	1.0937330391671922	1.7286132574081419	0.36111111111111116	4.000000000000001
4320	train	9.898439257660329e-05	1.2007712523142497	1.1158062484529285	0.10330779767698711	1.1178724103503754	1.657976773050096	0.3055555555555556	4.000000000000001
4330	train	9.897828853775615e-05	1.1070452200041876	1.0207608739535015	0.14998050034046173	1.0237604843245611	1.665694687101576	0.4444444444444444	4.000000000000001
4340	train	9.897216642109579e-05	1.1283347474204168	1.0409774250454373	0.15706042614248064	1.0441186428070068	1.6843222644593983	0.33333333333333337	4.000000000000001
4350	train	9.896602622913879e-05	1.196153548028734	1.1150141159693403	0.07204404783745606	1.1164549854066637	1.593970881568061	0.4166666666666667	4.000000000000001
4360	train	9.895986796440914e-05	1.1777044799592762	1.099180711640252	0.11609320094188053	1.1015025774637857	1.5240381360054016	0.3888888888888889	4.000000000000001
4370	train	9.89536916294383e-05	1.1441411707136364	1.0588435067070856	0.1357307181590133	1.0615581207805211	1.6516609059439764	0.3611111111111111	4.000000000000001
4380	train	9.894749722676509e-05	1.2455713484022353	1.1574598683251276	0.06888454552325937	1.1588375435935128	1.7346756723192	0.2777777777777778	4.000000000000001
4390	train	9.894128475893582e-05	1.221265024609036	1.1357766389846802	0.07712352068887816	1.1373191277186074	1.6789178450902305	0.36111111111111116	4.000000000000001
4400	train	9.893505422850419e-05	1.0785671207639906	0.9921605388323467	0.14792265991369885	0.9951189822620816	1.6689623329374526	0.41666666666666663	4.000000000000001
4410	train	9.892880563803134e-05	1.0835875074068706	1.0078374213642542	0.18654756537742084	1.0115683674812317	1.4403824143939548	0.47222222222222215	4.000000000000001
4420	train	9.892253899008583e-05	1.1386166082488167	1.05129298236635	0.1451464866598447	1.0541959338717992	1.6884137656953602	0.25	4.000000000000001
4430	train	9.891625428724365e-05	1.167062494489882	1.0807874070273507	0.1380024953848786	1.0835474530855815	1.6703008479542203	0.38888888888888895	4.000000000000001
4440	train	9.890995153208817e-05	1.169326298766666	1.0774759385320876	0.0956563978559441	1.0793890555699666	1.7987443606058757	0.3055555555555556	4.000000000000001
4450	train	9.890363072721026e-05	1.1762108670340645	1.077952457798852	0.12245237165027194	1.0804014801979065	1.9161876837412515	0.25	4.000000000000001
4460	train	9.889729187520812e-05	1.218462758594089	1.1296293404367235	0.07357345231705241	1.13110081354777	1.7472385035620794	0.4444444444444444	4.000000000000001
4470	train	9.889093497868746e-05	1.1207617587513394	1.0364757246441312	0.15716982218954298	1.0396191146638658	1.6228530804316201	0.36111111111111116	4.000000000000001
4480	train	9.888456004026133e-05	1.0587851603825889	0.9762182037035625	0.18024537712335587	0.9798231058650547	1.5792410771052043	0.41666666666666663	4.000000000000001
4490	train	9.887816706255022e-05	1.23503843943278	1.1488118833965728	0.07695524353120062	1.150350981288486	1.6937492158677845	0.3055555555555556	4.000000000000001
4500	train	9.887175604818206e-05	1.1838246716393364	1.1027354796727498	0.09851181072493395	1.1047056979603238	1.5823799901538425	0.36111111111111116	4.000000000000001
4510	train	9.886532699979219e-05	1.1275971134503682	1.0369724101490445	0.13938549202349454	1.0397601260079279	1.7567398283216689	0.3055555555555555	4.000000000000001
4520	train	9.88588799200233e-05	1.1291552782058716	1.0473856859736972	0.12967783792151344	1.049979249636332	1.5835208760367498	0.44444444444444453	4.000000000000001
4530	train	9.885241481152559e-05	1.1193930837843153	1.0402294198671975	0.13931476324796677	1.0430157118373447	1.5275475581487021	0.44444444444444453	4.000000000000001
4540	train	9.884593167695659e-05	1.1835534705056086	1.1055023670196533	0.10503843468096521	1.1076031525929768	1.519006523821089	0.36111111111111116	4.000000000000001
4550	train	9.883943051898127e-05	1.147360470559862	1.059778306219313	0.10180013502637544	1.0618143015437655	1.7109234995312161	0.3055555555555556	4.000000000000001
4560	train	9.883291134027205e-05	1.1428069008721244	1.0646596087349787	0.1412666440010071	1.0674849351247153	1.5064390632841322	0.5555555555555556	4.000000000000001
4570	train	9.882637414350869e-05	1.1798205773035686	1.0959869623184204	0.10300789732072088	1.098047117392222	1.6354693571726482	0.2777777777777778	4.000000000000001
4580	train	9.881981893137838e-05	1.2021276023652818	1.1200896369086373	0.0820098469654719	1.1217298309008281	1.6079551113976374	0.41666666666666674	4.000000000000001
4590	train	9.881324570657571e-05	1.0728351473808289	0.9872468643718296	0.16207140394383007	0.990488290786743	1.6469369729359944	0.2777777777777778	4.000000000000001
4600	train	9.880665447180272e-05	1.1243985560205247	1.0452898740768433	0.15780177381303576	1.048445913526747	1.5190530220667524	0.2777777777777778	4.000000000000001
4610	train	9.880004522976879e-05	1.1815906763076782	1.0957817633946736	0.07509033795860079	1.0972835752699108	1.6861420737372506	0.3611111111111111	4.000000000000001
4620	train	9.879341798319074e-05	1.1219394869274564	1.0452564027574325	0.1212196374932925	1.0476808018154569	1.4851740598678589	0.5	4.000000000000001
4630	train	9.878677273479278e-05	1.203386187553406	1.12851834959454	0.07583139215906462	1.1300349632898967	1.467024710443285	0.4166666666666667	4.000000000000001
4640	train	9.878010948730652e-05	1.1388801005151539	1.0554638107617695	0.14282253301805922	1.0583202640215554	1.61119712723626	0.5277777777777778	4.000000000000001
4650	train	9.877342824347097e-05	1.13053908612993	1.0377900534205966	0.14892854914069176	1.0407686365975273	1.795409361521403	0.2777777777777778	4.000000000000001
4660	train	9.876672900603254e-05	1.1769687599605985	1.0943485697110495	0.09366487835844359	1.096221884091695	1.6149374908871121	0.3888888888888889	4.000000000000001
4670	train	9.876001177774504e-05	1.1590759754180908	1.0781269139713712	0.11791637332903016	1.0804852379692924	1.5718144973119097	0.36111111111111116	4.000000000000001
4680	train	9.875327656136964e-05	1.1422815322875977	1.0624676611688402	0.12771166033214995	1.0650219056341383	1.545192360877991	0.44444444444444453	4.000000000000001
4690	train	9.874652335967495e-05	1.1650807129012213	1.0765297280417547	0.11515563974777857	1.078832851515876	1.7249573469161987	0.3055555555555556	4.000000000000001
4700	train	9.873975217543696e-05	1.1409621040026348	1.0514085292816164	0.1383914810915788	1.0541763570573595	1.735715044869317	0.22222222222222224	4.000000000000001
4710	train	9.873296301143904e-05	1.1725516120592754	1.0859445995754666	0.09685107444723447	1.0878816180759006	1.6933996280034385	0.36111111111111116	4.000000000000001
4720	train	9.872615587047198e-05	1.177914606200324	1.1052660942077637	0.09494643120302093	1.1071650253401863	1.414991749657525	0.5555555555555556	4.000000000000001
4730	train	9.871933075533392e-05	1.1460813482602437	1.0635408163070679	0.1381568784515063	1.066303941938612	1.5955480999416773	0.3055555555555556	4.000000000000001
4740	train	9.87124876688304e-05	1.1887599759631686	1.1074376768536036	0.10539412912395266	1.1095455355114408	1.5842889282438488	0.41666666666666674	4.000000000000001
4750	train	9.870562661377439e-05	1.1254969371689691	1.0492409202787611	0.10860025510191917	1.0514129201571145	1.4816801283094618	0.41666666666666674	4.000000000000001
4760	train	9.869874759298614e-05	1.1693376236491733	1.0806618001725938	0.12207302326957384	1.0831032461590235	1.7246876425213284	0.2777777777777778	4.000000000000001
4770	train	9.869185060929344e-05	1.1576026413175795	1.0727094345622592	0.13736622594296932	1.0754567583401997	1.642917580074734	0.44444444444444453	4.000000000000001
4780	train	9.868493566553132e-05	1.2125919659932456	1.1316876278983223	0.07635319025980102	1.1332146856519911	1.5875457061661613	0.38888888888888895	4.000000000000001
4790	train	9.867800276454228e-05	1.1874107254876032	1.0969985259903803	0.10560299083590509	1.099110590087043	1.7660023901197643	0.3055555555555556	4.000000000000001
4800	train	9.867105190917617e-05	1.171585864490933	1.0923401448461745	0.1306478331486384	1.094953093263838	1.5326551198959353	0.47222222222222227	4.000000000000001
4810	train	9.866408310229022e-05	1.234937773810493	1.1596373187171092	0.06538719435532889	1.160945071114434	1.4798540804121227	0.5833333333333334	4.000000000000001
4820	train	9.865709634674903e-05	1.141203330622779	1.0552436576949227	0.15348556596371862	1.058313382996453	1.6577992969089084	0.3333333333333333	4.000000000000001
4830	train	9.86500916454246e-05	1.0353162288665771	0.9487524959776137	0.20065144532256654	0.9527655177646213	1.6510145399305556	0.2777777777777778	4.000000000000001
4840	train	9.864306900119633e-05	1.138274868329366	1.0555588470564947	0.11850306433108117	1.0579288999239602	1.6069196330176458	0.33333333333333337	4.000000000000001
4850	train	9.863602841695092e-05	1.0448783172501457	0.9634573724534777	0.18297194399767452	0.9671168194876778	1.5552300214767458	0.4166666666666667	4.000000000000001
4860	train	9.86289698955825e-05	1.1136806077427335	1.0295330021116469	0.15744201632009613	1.0326818426450095	1.6199753284454346	0.25000000000000006	4.000000000000001
4870	train	9.862189343999258e-05	1.1552974383036296	1.052459908856286	0.14162342829836738	1.0552923679351807	2.000101500087314	0.2777777777777778	4.000000000000001
4880	train	9.861479905308999e-05	1.2216680712170072	1.1274787187576294	0.07718286394245094	1.1290223730934992	1.85291416115231	0.16666666666666669	4.000000000000001
4890	train	9.860768673779101e-05	1.1861261328061423	1.0950754351086087	0.09605463304453427	1.0969965325461493	1.7825915945900812	0.36111111111111116	4.000000000000001
4900	train	9.860055649701919e-05	1.1835279067357378	1.1008514364560447	0.1277647192279498	1.103406720691257	1.6024235486984253	0.36111111111111116	4.000000000000001
4910	train	9.859340833370555e-05	1.2105264398786757	1.127366820971171	0.09282806308733091	1.1292233599556818	1.6260617441601224	0.33333333333333337	4.000000000000001
4920	train	9.858624225078841e-05	1.135041356086731	1.0465616120232477	0.1304860893223021	1.0491713152991402	1.717400590578715	0.41666666666666674	4.000000000000001
4930	train	9.857905825121347e-05	1.2241966989305282	1.1287748548719618	0.08329795714881685	1.1304408046934342	1.8751177655325995	0.2222222222222222	4.000000000000001
4940	train	9.85718563379338e-05	1.1257639858457777	1.0406430959701538	0.14756290283468035	1.0435943669743009	1.6433919270833335	0.4444444444444444	4.000000000000001
4950	train	9.856463651390987e-05	1.1504545609156291	1.0667018691698709	0.13893178974588713	1.0694804986317954	1.6194815900590684	0.2777777777777778	4.000000000000001
4960	train	9.855739878210942e-05	1.1804925600687661	1.0962492492463853	0.1051701634294457	1.0983526508013408	1.6427983707851834	0.3055555555555556	4.000000000000001
4970	train	9.855014314550766e-05	1.1903704802195234	1.1123147408167522	0.09763813349935745	1.1142674949434068	1.5220594406127927	0.49999999999999994	4.000000000000001
4980	train	9.854286960708707e-05	1.2084981865353055	1.1227675014071996	0.08197388756606314	1.1244069735209146	1.6818242867787678	0.16666666666666669	4.000000000000001
4990	train	9.853557816983755e-05	1.1788026491800943	1.099491861131456	0.10058971804877123	1.1015036503473918	1.5459801620907254	0.36111111111111116	4.000000000000001
5000	train	9.852826883675633e-05	1.1237725880410936	1.0471977790196736	0.15115952202015454	1.050220966339111	1.4710324870215523	0.47222222222222215	4.000000000000001
5000	val		1.2107474631629884	1.1335085975006223	0.09424268084694631	1.1353934509679675	1.50708026625216	0.40625	1.0
5010	train	9.8520941610848e-05	1.1500746607780457	1.0633334517478943	0.13246680692666107	1.065982785489824	1.6818374660280015	0.3611111111111111	4.000000000000001
5020	train	9.851359649512449e-05	1.1537685063150194	1.0662087003389993	0.12412954080435964	1.0686913000212774	1.7015438609653049	0.36111111111111116	4.000000000000001
5030	train	9.850623349260511e-05	1.0624610980351765	0.985193755891588	0.1822804113229116	0.9888393614027235	1.4724345869488187	0.47222222222222227	4.000000000000001
5040	train	9.849885260631654e-05	1.1152030229568481	1.0200810763570998	0.16607487739788163	1.0234025783008998	1.8360087871551514	0.27777777777777773	4.000000000000001
5050	train	9.849145383929274e-05	1.0734797914822896	0.990162471930186	0.1548093499408828	0.9932586352030437	1.604423191812303	0.5277777777777778	4.000000000000001
5060	train	9.848403719457508e-05	1.1777076654964023	1.1002624167336357	0.11202481637398404	1.102502922217051	1.5040953424241805	0.4444444444444445	4.000000000000001
5070	train	9.847660267521228e-05	1.111600915590922	1.0432388914955988	0.13941477197739816	1.0460271901554532	1.3114746146731904	0.6666666666666667	4.000000000000001
5080	train	9.846915028426036e-05	1.0926519234975178	1.0179237988260057	0.1707122309340371	1.0213380588425531	1.426277266608344	0.5833333333333334	4.000000000000001
5090	train	9.846168002478273e-05	1.133308145734999	1.0482442643907335	0.1425784784886572	1.0510958433151243	1.644246021906535	0.38888888888888895	4.000000000000001
5100	train	9.845419189985015e-05	1.1657637887530856	1.0827857785754733	0.12639703725775084	1.0853136976559958	1.609001378218333	0.4166666666666667	4.000000000000001
5110	train	9.844668591254069e-05	1.1488650838534036	1.062432434823778	0.13483005141218504	1.065129041671753	1.6747209363513522	0.36111111111111116	4.000000000000001
5120	train	9.843916206593975e-05	1.1668766339619956	1.0903503100077312	0.10770508605572912	1.0925044218699138	1.487444175614251	0.5000000000000001	4.000000000000001
5130	train	9.843162036314015e-05	1.1736400392320423	1.0865081018871732	0.11359609415133794	1.0887800057729087	1.6972008546193438	0.25	4.000000000000001
5140	train	9.842406080724196e-05	1.1394744051827324	1.0490563842985365	0.13741915569537214	1.0518047743373447	1.7533923652437	0.2777777777777778	4.000000000000001
5150	train	9.841648340135265e-05	1.1774552530712552	1.0983785920672946	0.12017443486385876	1.1007820632722642	1.5334642993079293	0.41666666666666674	4.000000000000001
5160	train	9.840888814858701e-05	1.1942149930530124	1.1104302538765802	0.10049613358245954	1.1124401556120977	1.6354964839087591	0.33333333333333337	4.000000000000001
5170	train	9.840127505206712e-05	1.2096466223398843	1.1342025995254517	0.06595656441317664	1.1355217364099288	1.4824978113174438	0.5	4.000000000000001
5180	train	9.839364411492248e-05	1.1857052445411682	1.0970574220021567	0.11143519915640354	1.099286119143168	1.728382322523329	0.36111111111111116	4.000000000000001
5190	train	9.838599534028986e-05	1.1364259190029569	1.0565608541170757	0.12761870109372667	1.0591132243474324	1.5462541580200195	0.4722222222222222	4.000000000000001
5200	train	9.83783287313134e-05	1.086090001795027	1.0060778657595315	0.14163269847631454	1.0089105168978372	1.5435895654890273	0.41666666666666663	4.000000000000001
5210	train	9.837064429114453e-05	1.181389159626431	1.1044370863172743	0.07730447625120482	1.1059831778208415	1.5081194109386868	0.4166666666666666	4.000000000000001
5220	train	9.836294202294205e-05	1.2111606068081326	1.1282739639282227	0.09687439228097597	1.1302114460203383	1.6189832554923163	0.38888888888888895	4.000000000000001
5230	train	9.835522192987208e-05	1.2199934456083508	1.131033036443922	0.08273546832303207	1.1326877607239618	1.7461138566335044	0.41666666666666663	4.000000000000001
5240	train	9.834748401510802e-05	1.18168224228753	1.102107458644443	0.1121270830432574	1.1043500039312575	1.5466447406344943	0.41666666666666663	4.000000000000001
5250	train	9.833972828183067e-05	1.14654940366745	1.0634375678168404	0.12722422927618027	1.0659820569886103	1.6113467084036932	0.38888888888888895	4.000000000000001
5260	train	9.833195473322811e-05	1.1669885449939306	1.0863449772198994	0.1342399170001348	1.0890297955936854	1.5591750144958496	0.36111111111111116	4.000000000000001
5270	train	9.832416337249575e-05	1.1789221167564392	1.0869157314300537	0.1007558550271723	1.0889308386378818	1.7998255756166246	0.22222222222222227	4.000000000000001
5280	train	9.831635420283633e-05	1.2170699702368843	1.139357010523478	0.08080606038371721	1.140973130861918	1.521936959690518	0.47222222222222227	4.000000000000001
5290	train	9.830852722745989e-05	1.15757237540351	1.070373038450877	0.1401198108990987	1.0731754236751132	1.6879386769400702	0.2777777777777778	4.000000000000001
5300	train	9.83006824495838e-05	1.2443986203935413	1.1634423865212336	0.06888765634761918	1.1648201280170016	1.591569781303406	0.2777777777777778	4.000000000000001
5310	train	9.829281987243278e-05	1.1627433300018308	1.0839034252696567	0.11477512783474393	1.0861989127265081	1.5308880408604937	0.33333333333333337	4.000000000000001
5320	train	9.828493949923882e-05	1.1949614683787027	1.1175860166549683	0.1020375792351034	1.119626760482788	1.5066940718226964	0.36111111111111116	4.000000000000001
5330	train	9.827704133324125e-05	1.1449041366577146	1.061216155687968	0.12263460291756524	1.0636688470840454	1.6247054338455198	0.4444444444444444	4.000000000000001
5340	train	9.826912537768671e-05	1.173154870669047	1.0801856848928664	0.1238202303647995	1.0826620989375644	1.8098555008570352	0.3055555555555556	4.000000000000001
5350	train	9.826119163582913e-05	1.2147502104441323	1.1327932145860458	0.0907843288862043	1.1346088978979323	1.6028258270687528	0.33333333333333337	4.000000000000001
5360	train	9.825324011092979e-05	1.178928150071038	1.0875464810265436	0.10975797515776423	1.0897416472434998	1.783730109532674	0.38888888888888895	4.000000000000001
5370	train	9.824527080625727e-05	1.106344978014628	1.0242910053994922	0.1674676790005631	1.0276403692033556	1.5740923881530762	0.36111111111111116	4.000000000000001
5380	train	9.823728372508743e-05	1.2062375479274325	1.113843513859643	0.11014528903696273	1.1160464353031583	1.803822490904066	0.2777777777777778	4.000000000000001
5390	train	9.822927887070346e-05	1.109346906344096	1.0298898087607489	0.1535638831555843	1.0329610837830436	1.5277165174484253	0.4166666666666667	4.000000000000001
5400	train	9.822125624639587e-05	1.166774140463935	1.0788852241304185	0.10551543616586262	1.0809955265786912	1.7155722512139213	0.33333333333333337	4.000000000000001
5410	train	9.821321585546244e-05	1.1854623821046617	1.089606569872962	0.1096228700545099	1.0917990075217354	1.8732677565680609	0.2777777777777778	4.000000000000001
5420	train	9.820515770120829e-05	1.1141219271553886	1.0285548700226679	0.1255657399694125	1.0310661925209894	1.6611149311065672	0.4444444444444444	4.000000000000001
5430	train	9.81970817869458e-05	1.1147465176052518	1.0295188625653584	0.16084341911806	1.0327357252438865	1.6402157545089724	0.38888888888888895	4.000000000000001
5440	train	9.818898811599467e-05	1.2283936076694064	1.1428194708294337	0.07321708276867867	1.1442838377422757	1.6821955442428589	0.33333333333333337	4.000000000000001
5450	train	9.818087669168194e-05	1.190453714794583	1.107487724887	0.08971144258975983	1.109281963772244	1.6234351529015436	0.38888888888888895	4.000000000000001
5460	train	9.817274751734187e-05	1.0784493618541293	0.9951663547092013	0.17545152952273688	0.9986753794882033	1.5954799122280543	0.4444444444444444	4.000000000000001
5470	train	9.816460059631609e-05	1.1029552552435131	1.0233222842216492	0.15473209445675212	1.0264169110192194	1.5307671229044595	0.36111111111111116	4.000000000000001
5480	train	9.815643593195346e-05	1.227240350511339	1.1395530502001443	0.07032482077678044	1.1409595741166008	1.7256153557035658	0.3055555555555556	4.000000000000001
5490	train	9.814825352761018e-05	1.1838518910937839	1.1012959016693962	0.1017892708381017	1.103331678443485	1.610404226515028	0.2777777777777778	4.000000000000001
5500	train	9.814005338664973e-05	1.2143563561969333	1.1286428372065225	0.08751627430319786	1.13039317395952	1.679263883166843	0.25000000000000006	4.000000000000001
5510	train	9.813183551244288e-05	1.2475061416625974	1.1613784763548112	0.07224299675888486	1.1628233326805963	1.693656192885505	0.36111111111111116	4.000000000000001
5520	train	9.812359990836767e-05	1.104865332444509	1.0247575044631956	0.1463760193437338	1.0276850130822923	1.5436066256629095	0.36111111111111116	4.000000000000001
5530	train	9.811534657780948e-05	1.2062269316779244	1.1255453030268352	0.10227326220936245	1.1275907489988537	1.5727236800723605	0.5277777777777778	4.000000000000001
5540	train	9.81070755241609e-05	1.1568723453415763	1.0756367312537298	0.12706162283817926	1.0781779554155138	1.5738877985212538	0.38888888888888884	4.000000000000001
5550	train	9.809878675082187e-05	1.1552862789895797	1.0738070805867512	0.11176878669195704	1.076042460070716	1.5848764181137087	0.5	4.000000000000001
5560	train	9.80904802611996e-05	1.188896351390415	1.101427396138509	0.10637095446387927	1.1035548117425709	1.706830468442705	0.38888888888888895	4.000000000000001
5570	train	9.808215605870856e-05	1.1642114652527702	1.085238907072279	0.09969984574450386	1.087232914235857	1.5395708878835044	0.38888888888888884	4.000000000000001
5580	train	9.807381414677053e-05	1.1280311743418376	1.0464927620357938	0.1201117978327804	1.0488950014114382	1.582723339398702	0.3055555555555556	4.000000000000001
5590	train	9.806545452881452e-05	1.1739505529403687	1.0915568735864427	0.10952912933296627	1.0937474701139664	1.6040616432825723	0.2777777777777778	4.000000000000001
5600	train	9.80570772082769e-05	1.0443278087510004	0.9540583557552761	0.1737083006236288	0.9575325184398228	1.7359056870142615	0.3055555555555556	4.000000000000001
5610	train	9.804868218860123e-05	1.194806006219652	1.1199365788035922	0.08109292801883486	1.1215584344334073	1.4649514423476326	0.5277777777777778	4.000000000000001
5620	train	9.804026947323843e-05	1.1621537076102362	1.0853196250067818	0.10791783117585713	1.0874779886669583	1.4935143656200833	0.4722222222222222	4.000000000000001
5630	train	9.80318390656466e-05	1.2252670261594987	1.1374243762758045	0.08008279692795543	1.1390260259310405	1.7248201502694025	0.25000000000000006	4.000000000000001
5640	train	9.802339096929118e-05	1.1884781254662409	1.1031228635046217	0.09239959261483616	1.1049708724021912	1.6701450612809925	0.33333333333333337	4.000000000000001
5650	train	9.80149251876449e-05	1.1312153670522902	1.046359207895067	0.12718985560867518	1.048903014924791	1.6462471617592707	0.4166666666666667	4.000000000000001
5660	train	9.800644172418766e-05	1.1758812997076247	1.0856758356094358	0.11215949679414433	1.0879190233018663	1.7592455148696897	0.2777777777777778	4.000000000000001
5670	train	9.799794058240674e-05	1.172582487265269	1.0846054951349895	0.11619465839531687	1.086929374270969	1.7130626307593455	0.33333333333333337	4.000000000000001
5680	train	9.79894217657966e-05	1.0900131066640217	1.0058662162886725	0.15453077749245697	1.0089568230840895	1.6211254994074504	0.27777777777777785	4.000000000000001
5690	train	9.798088527785904e-05	1.1206463310453627	1.0413174894120958	0.14618563486470115	1.0442411965794032	1.5281025038825138	0.4444444444444444	4.000000000000001
5700	train	9.797233112210307e-05	1.1006761325730219	1.0175845887925892	0.16193514607018894	1.0208232866393194	1.5970571173561943	0.25	4.000000000000001
5710	train	9.796375930204498e-05	1.1497068007787068	1.060756590631273	0.1435553232828776	1.0636276867654588	1.7215819888644746	0.4166666666666667	4.000000000000001
5720	train	9.795516982120833e-05	1.138210548294915	1.0573229988416037	0.13399729381004968	1.0600029362572563	1.5641523665852015	0.38888888888888884	4.000000000000001
5730	train	9.794656268312393e-05	1.1305999888314142	1.0454603963428073	0.1439736518594954	1.0483398636182149	1.6452024115456476	0.41666666666666674	4.000000000000001
5740	train	9.793793789132983e-05	1.1079149776034884	1.031752155886756	0.11583768493599361	1.0340689023335774	1.4769217040803697	0.5277777777777778	4.000000000000001
5750	train	9.792929544937138e-05	1.200201736556159	1.1103882524702284	0.09485476008719869	1.112285355726878	1.7583278814951577	0.3611111111111111	4.000000000000001
5760	train	9.792063536080115e-05	1.162355661392212	1.0855305923355951	0.09405967262056139	1.087411774529351	1.4988776710298326	0.5833333333333334	4.000000000000001
5770	train	9.791195762917898e-05	1.115024162663354	1.0435540278752644	0.14122468357284862	1.0463785197999744	1.3729127645492554	0.5277777777777778	4.000000000000001
5780	train	9.790326225807195e-05	1.103000435564253	1.0187680853737726	0.1678736462361283	1.0221255487865872	1.6174974971347384	0.25	4.000000000000001
5790	train	9.78945492510544e-05	1.1517629093594022	1.0632685157987805	0.12757709539598888	1.065820058186849	1.7188569174872506	0.3055555555555556	4.000000000000001
5800	train	9.788581861170792e-05	1.1189749307102628	1.0389847622977362	0.14357603713870049	1.0418562822871738	1.5423727300431995	0.41666666666666663	4.000000000000001
5810	train	9.787707034362136e-05	1.1869207753075495	1.0871764620145161	0.1389475166797638	1.0899554093678792	1.939307411511739	0.25	4.000000000000001
5820	train	9.786830445039078e-05	1.1403654548856947	1.0571893387370639	0.14625397738483215	1.0601144234339397	1.6050207747353449	0.25	4.000000000000001
5830	train	9.785952093561952e-05	1.0305387775103252	0.9516993098788791	0.17929560484157672	0.9552852246496413	1.5050711101955838	0.41666666666666663	4.000000000000001
5840	train	9.785071980291816e-05	1.1136025918854608	1.0316451721721225	0.15047271052996314	1.034654630555047	1.5789589219623141	0.3888888888888889	4.000000000000001
5850	train	9.78419010559045e-05	1.1196839213371275	1.0363495349884033	0.13239382869667476	1.038997424973382	1.6137299935022988	0.5	4.000000000000001
5860	train	9.783306469820359e-05	1.1225680973794727	1.0422107246186998	0.12157461212741004	1.0446422033839755	1.5585177739461262	0.38888888888888895	4.000000000000001
5870	train	9.782421073344773e-05	1.1875587569342718	1.0915578802426655	0.10901173452536266	1.0937381121847365	1.876412894990709	0.3888888888888889	4.000000000000001
5880	train	9.781533916527644e-05	1.1568025350570679	1.0766747064060636	0.1106163544787301	1.078887038760715	1.5583100451363456	0.5277777777777778	4.000000000000001
5890	train	9.78064499973365e-05	1.2173890405231054	1.127431141005622	0.10452455613348219	1.1295216348436143	1.757348186439938	0.4166666666666667	4.000000000000001
5900	train	9.779754323328192e-05	1.1865926384925842	1.1061683297157288	0.08808581117126678	1.1079300443331401	1.573252214325799	0.38888888888888884	4.000000000000001
5910	train	9.77886188767739e-05	1.116060150994195	1.0298186275694106	0.1551436028546757	1.0329215062989128	1.6627728011873033	0.3055555555555556	4.000000000000001
5920	train	9.777967693148095e-05	1.2101194461186726	1.1261088715659247	0.08933954975671239	1.1278956598705716	1.6444762150446577	0.33333333333333337	4.000000000000001
5930	train	9.777071740107872e-05	1.1638698180516562	1.0821993549664815	0.09448310650057264	1.084089007642534	1.595616274409824	0.3055555555555556	4.000000000000001
5940	train	9.776174028925019e-05	1.139603402879503	1.0601178606351216	0.12922378732926315	1.0627023379007974	1.5380215909745956	0.4722222222222222	4.000000000000001
5950	train	9.775274559968545e-05	1.1576481660207114	1.0770373609330919	0.10382352562414277	1.079113827811347	1.5706872012880113	0.3611111111111111	4.000000000000001
5960	train	9.774373333608191e-05	1.1826117038726804	1.0949251121944852	0.11338482507401043	1.0971928106413946	1.7083782487445407	0.36111111111111116	4.000000000000001
5970	train	9.773470350214419e-05	1.0816889935069613	0.9995599653985766	0.15426024773882496	1.002645174662272	1.5808764033847382	0.4166666666666667	4.000000000000001
5980	train	9.772565610158408e-05	1.1755026843812733	1.0887740320629544	0.1144388976196448	1.0910628173086379	1.688797420925564	0.3055555555555556	4.000000000000001
5990	train	9.771659113812062e-05	1.195571912659539	1.1037111745940313	0.10492778859204714	1.1058097415500217	1.7952434619267779	0.36111111111111116	4.000000000000001
6000	train	9.770750861548009e-05	1.149092223909166	1.0692928036053977	0.13468448279632464	1.0719864898257785	1.5421146088176303	0.4444444444444445	4.000000000000001
6000	val		1.199523011688143	1.123346446081996	0.09524040247197263	1.1252512568607926	1.4854350108653307	0.40625	1.0
6010	train	9.769840853739598e-05	1.0756731828053794	0.9826941556400721	0.1844929030372037	0.9863840209113228	1.7857828537623088	0.3055555555555556	4.000000000000001
6020	train	9.768929090760899e-05	1.179138958454132	1.1050109664599101	0.08736990205943586	1.106758389208052	1.4476112657123141	0.38888888888888884	4.000000000000001
6030	train	9.768015572986702e-05	1.118282503551907	1.0335486465030246	0.12408287243710625	1.0360302925109863	1.6450442870457966	0.2777777777777778	4.000000000000001
6040	train	9.767100300792519e-05	1.1340797675980463	1.049110405974918	0.12174003902408811	1.0515452093548243	1.650691350301107	0.3611111111111111	4.000000000000001
6050	train	9.766183274554585e-05	1.19285288784239	1.1083194812138875	0.10583710132373705	1.1104362209637961	1.6483336024814181	0.4722222222222222	4.000000000000001
6060	train	9.765264494649856e-05	1.097353822655148	1.0133560564782884	0.18541056000524098	1.017064266734653	1.6057911051644218	0.41666666666666663	4.000000000000001
6070	train	9.764343961456005e-05	1.1438771221372817	1.0573764906989205	0.1446927794151836	1.0602703425619335	1.6721353795793323	0.36111111111111116	4.000000000000001
6080	train	9.76342167535143e-05	1.1196692122353447	1.02649900648329	0.16268661783801186	1.0297527313232422	1.7983297374513412	0.2777777777777778	4.000000000000001
6090	train	9.762497636715248e-05	1.141819927427504	1.056131442387899	0.12953018562661278	1.0587220456865098	1.6619574361377292	0.38888888888888895	4.000000000000001
6100	train	9.761571845927296e-05	1.218511382738749	1.135530021455553	0.07754817749891016	1.137080987294515	1.6286078294118245	0.3055555555555556	4.000000000000001
6110	train	9.760644303368132e-05	1.0840608610047233	1.0019138587845697	0.143658390475644	1.0047870410813227	1.5854763189951582	0.4444444444444444	4.000000000000001
6120	train	9.759715009419034e-05	1.1326295004950628	1.0470697482426963	0.12093959748744965	1.0494885444641113	1.6628192928102281	0.33333333333333337	4.000000000000001
6130	train	9.758783964461997e-05	1.1287942131360371	1.0391924248801339	0.14343172849880323	1.0420610573556688	1.7346632877985637	0.33333333333333337	4.000000000000001
6140	train	9.757851168879743e-05	1.1165350278218589	1.0438455873065524	0.1459615420964029	1.0467648108800254	1.3954046964645386	0.4722222222222222	4.000000000000001
6150	train	9.756916623055707e-05	1.1156763831774394	1.0332069926791723	0.14971933348311317	1.0362013777097066	1.5894999901453652	0.3611111111111111	4.000000000000001
6160	train	9.755980327374043e-05	1.1608052651087444	1.0818539460500083	0.12594544308053124	1.0843728582064311	1.5286481380462646	0.4166666666666667	4.000000000000001
6170	train	9.75504228221963e-05	1.1275227732128568	1.042219665315416	0.15149085016714203	1.0452494819959004	1.6454655594295926	0.38888888888888895	4.000000000000001
6180	train	9.75410248797806e-05	1.214900334676107	1.1267892519632974	0.08563239292965995	1.1285019053353202	1.727968454360962	0.33333333333333337	4.000000000000001
6190	train	9.753160945035651e-05	1.1586218939887152	1.0690325697263081	0.13438193851874933	1.0717202027638755	1.7380339966879952	0.3055555555555556	4.000000000000001
6200	train	9.752217653779432e-05	1.1488451427883573	1.0672283636199102	0.15071091097262174	1.0702425638834634	1.572051723798116	0.49999999999999994	4.000000000000001
6210	train	9.751272614597157e-05	1.0926921500100029	1.0084517796834311	0.15119531005620954	1.0114756888813443	1.6243287987179225	0.41666666666666674	4.000000000000001
6220	train	9.750325827877294e-05	1.1640628708733451	1.0842961337831285	0.1300523645348019	1.086897181140052	1.543313609229194	0.4444444444444444	4.000000000000001
6230	train	9.749377294009032e-05	1.159890353679657	1.0743982659445868	0.11651755414075321	1.076728622118632	1.663234750429789	0.36111111111111105	4.000000000000001
6240	train	9.748427013382277e-05	1.0737755563524034	0.9952594770325555	0.14817265090015197	0.9982229272524515	1.511052946249644	0.49999999999999994	4.000000000000001
6250	train	9.747474986387654e-05	1.1449100242720711	1.0622166991233823	0.11883881025844151	1.064593493938446	1.6063305536905923	0.41666666666666663	4.000000000000001
6260	train	9.746521213416505e-05	1.148517198032803	1.06298119492001	0.12955788315998182	1.065572334660424	1.658896976047092	0.38888888888888884	4.000000000000001
6270	train	9.745565694860892e-05	1.0411389999919467	0.9595413737826876	0.174635556836923	0.9630340867572361	1.5620981189939713	0.3055555555555556	4.000000000000001
6280	train	9.74460843111359e-05	1.1114497913254633	1.0230224662356906	0.1339303491016229	1.02570108572642	1.7149739000532365	0.3055555555555556	4.000000000000001
6290	train	9.743649422568095e-05	1.2685223288006253	1.1787493493821886	0.06763791375690036	1.1801021099090576	1.7684042851130166	0.2777777777777778	4.000000000000001
6300	train	9.742688669618619e-05	1.1753401358922324	1.1006075938542685	0.10237632650468084	1.102655099497901	1.45370086034139	0.5277777777777778	4.000000000000001
6310	train	9.74172617266009e-05	1.1031848390897114	1.0155445734659831	0.16654398333695197	1.018875459829966	1.6861876381768117	0.3055555555555556	4.000000000000001
6320	train	9.740761932088158e-05	1.1649725966983373	1.0878100792566936	0.11256061659918892	1.0900612672170003	1.498226695590549	0.33333333333333337	4.000000000000001
6330	train	9.739795948299181e-05	1.1076668434672885	1.0215128593974645	0.1579643032617039	1.0246721506118774	1.659894267717997	0.33333333333333337	4.000000000000001
6340	train	9.73882822169024e-05	1.183968550629086	1.0950910647710164	0.0974072598748737	1.0970392028490703	1.7385865847269695	0.2777777777777778	4.000000000000001
6350	train	9.737858752659134e-05	1.149566113948822	1.057490434911516	0.1331828696032365	1.060154100259145	1.788240154584249	0.3055555555555556	4.000000000000001
6360	train	9.736887541604373e-05	1.1301193634668985	1.0431837836901348	0.13173307809564802	1.0458184480667114	1.686018082830641	0.3333333333333333	4.000000000000001
6370	train	9.735914588925182e-05	1.137340936395857	1.0538164907031589	0.129723919969466	1.056410955058204	1.6185996399985418	0.3055555555555556	4.000000000000001
6380	train	9.73493989502151e-05	1.150295787387424	1.0606116851170857	0.12294245925214556	1.0630705422825284	1.7445048491160073	0.3055555555555556	4.000000000000001
6390	train	9.733963460294015e-05	1.1405106054411993	1.054396477010515	0.10637362052996954	1.0565239455964832	1.6797331968943279	0.3333333333333333	4.000000000000001
6400	train	9.732985285144072e-05	1.1526861720614963	1.0719338589244418	0.10982548569639525	1.0741303629345365	1.5711161692937214	0.5277777777777778	4.000000000000001
6410	train	9.732005369973771e-05	1.1917143132951526	1.1078925530115764	0.10097184114985996	1.1099119981129966	1.6360459725062053	0.44444444444444453	4.000000000000001
6420	train	9.731023715185921e-05	1.1314878596199882	1.0482161707348294	0.1380172934797075	1.050976534684499	1.6102267371283638	0.38888888888888884	4.000000000000001
6430	train	9.73004032118404e-05	1.0825320018662346	0.9977152215109931	0.1590569963057836	1.0008963545163472	1.6327124966515434	0.36111111111111116	4.000000000000001
6440	train	9.729055188372366e-05	1.1316422820091248	1.0451495117611356	0.13953984652956325	1.0479403138160706	1.674039642016093	0.2777777777777778	4.000000000000001
6450	train	9.72806831715585e-05	1.2352833482954237	1.1464104453722634	0.10451619906557931	1.1485007868872747	1.7356514930725098	0.36111111111111116	4.000000000000001
6460	train	9.727079707940157e-05	1.0897340443399217	1.009294483396742	0.18744646426704192	1.013043416870965	1.5338122844696045	0.38888888888888884	4.000000000000001
6470	train	9.726089361131666e-05	1.110089076889886	1.0312384102079604	0.16527622027529612	1.0345439381069608	1.5109026034673054	0.44444444444444453	4.000000000000001
6480	train	9.725097277137472e-05	1.2159856028027005	1.1373285055160525	0.07331865073906052	1.1387948791186016	1.5438143014907837	0.4722222222222223	4.000000000000001
6490	train	9.724103456365383e-05	1.120034721162584	1.0252933237287734	0.16337328073051238	1.0285607841279771	1.8294789923561945	0.3333333333333333	4.000000000000001
6500	train	9.723107899223921e-05	1.1662025120523243	1.085041794512007	0.11394454373253715	1.0873206787639194	1.57763671875	0.3055555555555556	4.000000000000001
6510	train	9.722110606122325e-05	1.1318373812569513	1.0408802098698087	0.14203838838471305	1.043720973862542	1.7623278697331746	0.1111111111111111	4.000000000000001
6520	train	9.72111157747054e-05	1.1443563434812758	1.0515402820375233	0.161563949038585	1.0547715425491333	1.7916957537333174	0.25	4.000000000000001
6530	train	9.720110813679232e-05	1.0744841761059232	0.9809709721141392	0.18752609276109272	0.9847214884228176	1.7952535417344837	0.33333333333333337	4.000000000000001
6540	train	9.719108315159773e-05	1.1388067139519584	1.0566443337334526	0.1379556366138988	1.0594034526083205	1.5880649884541829	0.4722222222222222	4.000000000000001
6550	train	9.718104082324259e-05	1.2146876785490246	1.1254237492879233	0.09396973335080677	1.127303143342336	1.7476910485161676	0.33333333333333326	4.000000000000001
6560	train	9.717098115585485e-05	1.1365382406446667	1.053239603837331	0.1376192391746574	1.0559919873873393	1.6109251048829818	0.41666666666666674	4.000000000000001
6570	train	9.716090415356972e-05	1.138054238425361	1.0538628300031028	0.14626696043544346	1.0567881531185574	1.625321626663208	0.3611111111111111	4.000000000000001
6580	train	9.715080982052945e-05	1.1331715848710802	1.040225757492913	0.1418433292872376	1.0430626339382594	1.8021785948011608	0.25	4.000000000000001
6590	train	9.714069816088342e-05	1.12397034962972	1.0443840093082852	0.12313109512130418	1.0468466414345636	1.5424742566214669	0.4444444444444444	4.000000000000001
6600	train	9.713056917878818e-05	1.0788342886500888	1.0006838573349848	0.14495734580689007	1.003583014011383	1.5050254000557794	0.5	4.000000000000001
6610	train	9.712042287840736e-05	1.1025336782137554	1.0226057767868044	0.15639322582218382	1.0257336497306824	1.5360002782609727	0.41666666666666674	4.000000000000001
6620	train	9.711025926391171e-05	1.1695808437135484	1.081716861989763	0.11896081765492757	1.084096074104309	1.7096950213114421	0.41666666666666674	4.000000000000001
6630	train	9.710007833947914e-05	1.1852833297517567	1.103383865621355	0.10753550132115682	1.1055345733960469	1.5949749416775174	0.38888888888888895	4.000000000000001
6640	train	9.708988010929463e-05	1.2202111350165472	1.1311332715882196	0.07037998115022978	1.132540868388282	1.7534055180019803	0.3055555555555556	4.000000000000001
6650	train	9.707966457755026e-05	1.112944973839654	1.0247003767225478	0.1337628517713812	1.0273756318622165	1.7113870249854193	0.33333333333333337	4.000000000000001
6660	train	9.706943174844528e-05	1.083744552400377	1.003041512436337	0.16878932466109595	1.0064173075887892	1.5465447902679446	0.4166666666666667	4.000000000000001
6670	train	9.7059181626186e-05	1.1421471304363675	1.0578281614515517	0.12880621229608855	1.060404267576006	1.6348570585250852	0.36111111111111116	4.000000000000001
6680	train	9.704891421498587e-05	1.1640224589241874	1.0771407617463007	0.10888230800628662	1.0793184174431696	1.6940809223386977	0.41666666666666663	4.000000000000001
6690	train	9.703862951906544e-05	1.172813806268904	1.0888542003101773	0.12595182905594507	1.0913732184304132	1.6288116772969565	0.36111111111111116	4.000000000000001
6700	train	9.702832754265235e-05	1.165244738260905	1.075448883904351	0.12716683083110386	1.0779922273423936	1.7450504832797582	0.2777777777777778	4.000000000000001
6710	train	9.701800828998136e-05	1.0999870432747734	1.0204235712687173	0.16000609720746675	1.0236236850420635	1.5272670057084823	0.38888888888888884	4.000000000000001
6720	train	9.700767176529431e-05	1.146406087610457	1.068571925163269	0.12876507557100722	1.0711472166909113	1.5051773190498352	0.4444444444444444	4.000000000000001
6730	train	9.699731797284018e-05	1.1778590149349637	1.0944456723001268	0.11810868647363451	1.096807837486267	1.6210232178370156	0.3888888888888889	4.000000000000001
6740	train	9.6986946916875e-05	1.1058801412582397	1.0075490673383078	0.13375738677051333	1.0102242165141635	1.9131184418996177	0.2222222222222222	4.000000000000001
6750	train	9.697655860166193e-05	1.14393636253145	1.0585092107454934	0.1325693428516388	1.0611605909135606	1.6555152204301624	0.2777777777777778	4.000000000000001
6760	train	9.696615303147121e-05	1.179440610938602	1.0939939286973743	0.09989485144615175	1.0959918234083386	1.6689755386776395	0.4444444444444445	4.000000000000001
6770	train	9.695573021058018e-05	1.1123327281739976	1.0267181330256991	0.15823268393675488	1.029882788658142	1.6489986181259157	0.38888888888888895	4.000000000000001
6780	train	9.694529014327326e-05	1.2204506728384228	1.1370233164893255	0.08339846527410878	1.138691286245982	1.6351879967583551	0.33333333333333337	4.000000000000001
6790	train	9.693483283384197e-05	1.1316961116260953	1.0437887377209132	0.12998084682557318	1.0463883611891005	1.7061553796132405	0.27777777777777773	4.000000000000001
6800	train	9.692435828658494e-05	1.1205793221791585	1.0441411998536851	0.13852376242478687	1.0469116634792752	1.473353001806471	0.5	4.000000000000001
6810	train	9.691386650580783e-05	1.171647138065762	1.0780141419834561	0.12276358447141118	1.0804694096247356	1.8235552708307905	0.36111111111111116	4.000000000000001
6820	train	9.690335749582342e-05	1.2459629906548395	1.158050709300571	0.07205377560522822	1.1594917906655207	1.7294239468044703	0.22222222222222224	4.000000000000001
6830	train	9.689283126095159e-05	1.2053140931659276	1.1262506180339389	0.08761546864277786	1.1280029349856908	1.5462231503592596	0.3888888888888889	4.000000000000001
6840	train	9.688228780551924e-05	1.123643007543352	1.0475101404719882	0.12171899692879783	1.0499445332421198	1.473969128396776	0.5555555555555555	4.000000000000001
6850	train	9.687172713386041e-05	1.1801155010859172	1.0980138315094843	0.12531345337629318	1.1005200743675234	1.5919084681404962	0.38888888888888884	4.000000000000001
6860	train	9.686114925031619e-05	1.144213835398356	1.0538310408592224	0.13909600343969133	1.056612961822086	1.752017431788974	0.25000000000000006	4.000000000000001
6870	train	9.685055415923475e-05	1.1041010088390775	1.0119352804289923	0.15911774171723259	1.0151176253954568	1.7796672979990638	0.19444444444444448	4.000000000000001
6880	train	9.683994186497131e-05	1.1213350031110976	1.0322434902191162	0.15220142238669923	1.0352875192960103	1.7209495041105483	0.3055555555555555	4.000000000000001
6890	train	9.682931237188823e-05	1.1944062179989285	1.1189857125282288	0.10117402548591296	1.1210091776318019	1.4679408272107444	0.49999999999999994	4.000000000000001
6900	train	9.681866568435484e-05	1.1207432879341974	1.0314486755265129	0.14422208153539234	1.0343331231011283	1.7282032304339938	0.24999999999999997	4.000000000000001
6910	train	9.680800180674763e-05	1.1316153407096863	1.0451862547132704	0.1546795674496227	1.0482798549864027	1.6667092906104193	0.38888888888888895	4.000000000000001
6920	train	9.67973207434501e-05	1.122356719440884	1.0404334664344788	0.1255425252020359	1.0429443253411186	1.588247881995307	0.4444444444444444	4.000000000000001
6930	train	9.678662249885284e-05	1.0916128357251484	1.002392696009742	0.14347616997030044	1.0052622159322104	1.7270119720035129	0.38888888888888895	4.000000000000001
6940	train	9.677590707735349e-05	1.190267072783576	1.1054406232304044	0.11464561356438531	1.1077335344420538	1.6506704092025757	0.3888888888888889	4.000000000000001
6950	train	9.676517448335676e-05	1.0519749720891314	0.9745248556137085	0.181291823171907	0.9781507121192082	1.4764849609798854	0.41666666666666663	4.000000000000001
6960	train	9.675442472127439e-05	1.1064227090941534	1.0146573318375482	0.12693200012048086	1.0171959863768683	1.7845342622862923	0.3055555555555556	4.000000000000001
6970	train	9.674365779552524e-05	1.1429595947265625	1.0574146641625297	0.13033726231919396	1.0600214136971369	1.6587634682655337	0.2777777777777778	4.000000000000001
6980	train	9.673287371053516e-05	1.1805329852634008	1.0947670737902322	0.10920482915308741	1.0969511734114754	1.6716362502839832	0.38888888888888895	4.000000000000001
6990	train	9.672207247073708e-05	1.0011375215318468	0.9120213124487135	0.20894378216730222	0.9162001940939162	1.698746734195285	0.41666666666666674	4.000000000000001
7000	train	9.671125408057098e-05	1.188578870561388	1.1072733733389113	0.10392566190825571	1.1093518667750888	1.5845400757259793	0.3888888888888889	4.000000000000001
7000	val		1.188572674524039	1.1128457724116743	0.10227184204268269	1.1148912133648992	1.4736292902380228	0.4375	1.0
7010	train	9.670041854448392e-05	1.1113903919855752	1.0325484739409554	0.16066915955808428	1.0357618663046095	1.5125705003738403	0.36111111111111116	4.000000000000001
7020	train	9.668956586692994e-05	1.14075153403812	1.058213512102763	0.13206855207681653	1.0608548654450312	1.5979337162441676	0.2777777777777778	4.000000000000001
7030	train	9.66786960523702e-05	1.1052605311075845	1.0293822089831035	0.1358333689471086	1.032098862859938	1.4632331927617392	0.44444444444444453	4.000000000000001
7040	train	9.666780910527284e-05	1.1467594636811151	1.054729832543267	0.13046829940544236	1.057339198059506	1.7884052329593234	0.44444444444444453	4.000000000000001
7050	train	9.66569050301131e-05	1.19188035859002	1.1117731928825378	0.09584574235810174	1.1136900981267293	1.5638051562839084	0.41666666666666674	4.000000000000001
7060	train	9.664598383137322e-05	1.1648532152175903	1.0751829279793634	0.10344804285301101	1.0772519177860684	1.7520259618759153	0.19444444444444445	4.000000000000001
7070	train	9.663504551354248e-05	1.0871383614010282	1.0058748126029966	0.14328568511539036	1.0087405112054613	1.567957096629673	0.4166666666666667	4.000000000000001
7080	train	9.662409008111724e-05	1.1784031788508096	1.0956100622812905	0.12439472062720193	1.0980979402860005	1.606104267968072	0.4444444444444445	4.000000000000001
7090	train	9.661311753860083e-05	1.0778698722521463	0.991608480612437	0.15558137165175542	0.9947201146019831	1.6629952457216053	0.2777777777777778	4.000000000000001
7100	train	9.660212789050367e-05	1.1667462057537503	1.0912046432495117	0.10499515011906622	1.0933045546213787	1.4688329299290974	0.38888888888888884	4.000000000000001
7110	train	9.65911211413432e-05	1.2185201644897459	1.1367566055721707	0.08674246445298193	1.138491498099433	1.6005735132429335	0.4444444444444445	4.000000000000001
7120	train	9.658009729564385e-05	1.1651346683502197	1.0834117001957364	0.09790951758623123	1.085369891590542	1.5952954159842598	0.3055555555555556	4.000000000000001
7130	train	9.65690563579371e-05	1.1155024634467232	1.029040343231625	0.14368048558632535	1.031913936138153	1.6717711422178478	0.2777777777777778	4.000000000000001
7140	train	9.655799833276152e-05	1.194629881117079	1.1127510997984145	0.09233681195312077	1.1145978305074904	1.6006409459643898	0.36111111111111116	4.000000000000001
7150	train	9.654692322466258e-05	1.2291367848714192	1.1396187543869019	0.09825950571232371	1.1415839592615762	1.751056326760186	0.2777777777777778	4.000000000000001
7160	train	9.653583103819289e-05	1.1050234900580513	1.0253330800268385	0.15360192292266422	1.0284051299095154	1.5323668320973711	0.4166666666666667	4.000000000000001
7170	train	9.652472177791199e-05	1.1830593215094671	1.1047650575637817	0.10107572128375371	1.1067865689595542	1.525454918543498	0.41666666666666663	4.000000000000001
7180	train	9.65135954483865e-05	1.1210594044791329	1.0320814847946167	0.14701870332161585	1.035021854771508	1.7207511266072593	0.2777777777777778	4.000000000000001
7190	train	9.650245205419001e-05	1.1295980744891696	1.052882863415612	0.12450845456785628	1.0553730196423001	1.4845012823740642	0.5555555555555556	4.000000000000001
7200	train	9.649129159990318e-05	1.10813922352261	1.018288751443227	0.1558157263530625	1.0214050610860188	1.734683460659451	0.3055555555555556	4.000000000000001
7210	train	9.648011409011363e-05	1.1918763584560819	1.111699965265062	0.0884741453660859	1.1134694284862943	1.5681385066774158	0.3888888888888889	4.000000000000001
7220	train	9.646891952941601e-05	1.1387274861335754	1.0592491494284737	0.12894376284546322	1.0618280172348022	1.5379890468385484	0.38888888888888895	4.000000000000001
7230	train	9.645770792241202e-05	1.1339327891667683	1.0500461326705084	0.12233087503247791	1.0524927576382956	1.628800842497084	0.25	4.000000000000001
7240	train	9.644647927371028e-05	1.0605541931258307	0.9770329594612122	0.17888446607523495	0.9806106620364718	1.5988707409964669	0.41666666666666674	4.000000000000001
7250	train	9.643523358792647e-05	1.076094879044427	0.9856257769796585	0.1644796017143461	0.9889153838157654	1.7435895734363132	0.25	4.000000000000001
7260	train	9.64239708696833e-05	1.0848470793830023	0.9983003735542296	0.16122158947918147	1.0015247993999057	1.6664457586076524	0.3611111111111111	4.000000000000001
7270	train	9.64126911236104e-05	1.0975418421957228	1.0112550059954326	0.15137267071339816	1.0142824517356026	1.6651878224478829	0.41666666666666674	4.000000000000001
7280	train	9.640139435434448e-05	1.1221264600753784	1.0192743274900646	0.15670936554670337	1.0224085119035509	1.9943591488732233	0.25000000000000006	4.000000000000001
7290	train	9.639008056652923e-05	1.0488042831420898	0.9563815395037334	0.18168591583768526	0.9600152638223436	1.7757804526223078	0.22222222222222224	4.000000000000001
7300	train	9.637874976481529e-05	1.1074216829405892	1.0283967190318635	0.1565926724837886	1.03152859210968	1.5178617901272242	0.5	4.000000000000001
7310	train	9.636740195386033e-05	1.173670729001363	1.0864387816852992	0.10018532640404171	1.088442497783237	1.7045650349722967	0.3055555555555556	4.000000000000001
7320	train	9.6356037138329e-05	1.2120317882961698	1.1230508883794148	0.10113008982605404	1.125073492527008	1.7391663392384846	0.3055555555555555	4.000000000000001
7330	train	9.634465532289297e-05	1.0862622790866427	0.9980880750550165	0.15273026997844377	1.0011427005132039	1.7023910019132829	0.3055555555555556	4.000000000000001
7340	train	9.633325651223085e-05	1.1064108279016283	1.0210059020254347	0.1606564103729195	1.0242190228568184	1.6438360214233398	0.41666666666666663	4.000000000000001
7350	train	9.632184071102827e-05	1.1178963581720989	1.0414224796824987	0.12126543207301034	1.043847792678409	1.480970965491401	0.33333333333333337	4.000000000000001
7360	train	9.631040792397784e-05	1.156785461637709	1.0769136945406594	0.11989048702849284	1.0793115099271138	1.54947915342119	0.33333333333333337	4.000000000000001
7370	train	9.629895815577916e-05	1.1408591005537243	1.0655633674727545	0.10973040262858072	1.0677579508887396	1.4620233376820881	0.44444444444444453	4.000000000000001
7380	train	9.628749141113876e-05	1.239147014088101	1.164138913154602	0.06994046105278863	1.1655377282036676	1.4721857574250965	0.44444444444444453	4.000000000000001
7390	train	9.62760076947702e-05	1.1246162123150296	1.047793772485521	0.12652457505464554	1.050324261188507	1.4858390490214028	0.38888888888888884	4.000000000000001
7400	train	9.626450701139404e-05	1.187425308757358	1.1048548486497667	0.0991411962442928	1.1068376567628648	1.6117528412077164	0.38888888888888895	4.000000000000001
7410	train	9.625298936573773e-05	1.0935146742396886	1.009319027264913	0.1566509695516692	1.0124520460764568	1.6212525897555883	0.36111111111111116	4.000000000000001
7420	train	9.624145476253574e-05	1.1720355881585016	1.0840789543257818	0.13327346328232023	1.0867444210582309	1.705823275778029	0.33333333333333337	4.000000000000001
7430	train	9.622990320652952e-05	1.0676566627290514	0.9863525165451899	0.14922500401735306	0.9893370204501682	1.566392673386468	0.36111111111111105	4.000000000000001
7440	train	9.62183347024675e-05	1.053268916077084	0.9693283041318259	0.18272819370031357	0.9729828635851542	1.6057206524742973	0.3888888888888889	4.000000000000001
7450	train	9.620674925510503e-05	1.059702906343672	0.970758040746053	0.16022566995686954	0.9739625387721592	1.7148072984483507	0.3888888888888889	4.000000000000001
7460	train	9.619514686920446e-05	1.1204122900962832	1.0422720048162673	0.15437361598014832	1.0453594856792026	1.5010563532511392	0.44444444444444453	4.000000000000001
7470	train	9.618352754953507e-05	1.1705605387687683	1.0900437699423897	0.11445502854055829	1.0923328730795117	1.5645531018575034	0.36111111111111116	4.000000000000001
7480	train	9.617189130087317e-05	1.0388187170028687	0.9564623634020487	0.1693255032102267	0.959848874145084	1.5793968174192639	0.3055555555555556	4.000000000000001
7490	train	9.616023812800192e-05	1.1480650239520602	1.0636626349555123	0.12688836869266298	1.0662004086706374	1.6372922791375055	0.33333333333333337	4.000000000000001
7500	train	9.614856803571157e-05	1.1653304696083069	1.0758903622627258	0.1239408552646637	1.0783692002296446	1.739225188891093	0.3055555555555556	4.000000000000001
7510	train	9.61368810287992e-05	1.141022721926371	1.0534358223279316	0.12168341295586692	1.0558694932195876	1.703064481417338	0.25	4.000000000000001
7520	train	9.612517711206891e-05	1.0646243029170566	0.9882671700583564	0.14208408776256773	0.9911088413662379	1.4703093767166135	0.5	4.000000000000001
7530	train	9.611345629033176e-05	1.1655392514334786	1.085049569606781	0.13906124151415294	1.0878308018048606	1.5541689925723605	0.33333333333333337	4.000000000000001
7540	train	9.61017185684057e-05	1.0533222357432048	0.9726733101738824	0.1626411196258333	0.9759261276986865	1.547922068172031	0.4999999999999999	4.000000000000001
7550	train	9.60899639511157e-05	1.2106573714150322	1.1296561757723493	0.08209242464767562	1.131298005580902	1.5871876213285658	0.3055555555555555	4.000000000000001
7560	train	9.607819244329361e-05	1.0947272777557373	1.0144018994437323	0.134395819157362	1.017089823881785	1.5527490907245214	0.38888888888888884	4.000000000000001
7570	train	9.60664040497783e-05	1.041527185175154	0.9635539121097988	0.16686344602041775	0.9668911563025581	1.4927206701702542	0.5	4.000000000000001
7580	train	9.605459877541545e-05	1.178593244817522	1.087284829881456	0.11327206302020287	1.0895502832200792	1.7808593379126656	0.3333333333333333	4.000000000000001
7590	train	9.604277662505784e-05	1.195569164223141	1.1166431638929581	0.09469066477484173	1.1185370087623596	1.5406428310606215	0.4444444444444444	4.000000000000001
7600	train	9.603093760356506e-05	1.0531075133217704	0.9662612411710951	0.2193472815884484	0.970648189385732	1.6491861873202853	0.41666666666666674	4.000000000000001
7610	train	9.601908171580372e-05	1.187812328338623	1.1039852897326152	0.09694604203104973	1.10592422220442	1.6377619107564292	0.38888888888888884	4.000000000000001
7620	train	9.600720896664732e-05	1.0829136768976848	0.9954479138056437	0.1505514279835754	0.9984589484002856	1.6890942123201158	0.3333333333333333	4.000000000000001
7630	train	9.599531936097628e-05	1.1547325452168782	1.074033670955234	0.11050790093011327	1.0762438244289823	1.5697745879491172	0.41666666666666674	4.000000000000001
7640	train	9.598341290367798e-05	1.113572445180681	1.028706583711836	0.14628880015677875	1.0316323505507574	1.6388020515441895	0.33333333333333337	4.000000000000001
7650	train	9.597148959964672e-05	1.1612464057074652	1.0724402334955003	0.13844928310977087	1.0752092401186626	1.720743007130093	0.3055555555555556	4.000000000000001
7660	train	9.595954945378371e-05	1.1626009543736777	1.0771412253379822	0.12401539749569362	1.0796215401755438	1.6595881515079078	0.38888888888888895	4.000000000000001
7670	train	9.594759247099709e-05	1.0870953765180378	0.9954350160227882	0.15381193574931887	0.9985112647215526	1.771681984265645	0.2777777777777778	4.000000000000001
7680	train	9.593561865620195e-05	1.1120232343673706	1.0268512500656974	0.14854435705476338	1.0298221243752372	1.6440220144059923	0.36111111111111116	4.000000000000001
7690	train	9.592362801432024e-05	1.0095731483565438	0.9190091556972928	0.1864554617140028	0.9227382474475437	1.7366978062523737	0.36111111111111116	4.000000000000001
7700	train	9.591162055028088e-05	0.9960372712877061	0.9131283561388651	0.18956690861119166	0.9169196883837382	1.582351711061266	0.41666666666666674	4.000000000000001
7710	train	9.589959626901967e-05	1.1861381398306952	1.092782073550754	0.10522987114058602	1.0948866738213432	1.8250290420320299	0.19444444444444448	4.000000000000001
7720	train	9.588755517547936e-05	1.1075464818212721	1.0217815173996818	0.13787171824110878	1.0245389474762812	1.6601507928636337	0.33333333333333337	4.000000000000001
7730	train	9.587549727460956e-05	1.1378548608885872	1.0679358773761325	0.13729003568490347	1.0706816646787858	1.3434639904234142	0.4722222222222222	4.000000000000001
7740	train	9.586342257136684e-05	1.1495094034406874	1.065554824140337	0.10160455542306104	1.0675869319174025	1.6384494039747453	0.4166666666666667	4.000000000000001
7750	train	9.585133107071464e-05	1.1134849190711975	1.0335539645618863	0.12402600381109449	1.0360344847043355	1.5490086873372397	0.36111111111111116	4.000000000000001
7760	train	9.583922277762335e-05	1.140571693579356	1.0527453422546387	0.12510086761580574	1.0552473598056369	1.7064863840738933	0.3055555555555556	4.000000000000001
7770	train	9.582709769707019e-05	1.0890996985965307	1.005708310339186	0.14729573784603012	1.0086542235480414	1.608909567197164	0.19444444444444448	4.000000000000001
7780	train	9.581495583403933e-05	1.1471478939056396	1.061807009908888	0.11523108929395676	1.0641116367446053	1.6607251167297363	0.2777777777777778	4.000000000000001
7790	train	9.580279719352186e-05	1.181303686565823	1.0969008803367615	0.1092014325161775	1.0990849137306211	1.6443754434585571	0.38888888888888884	4.000000000000001
7800	train	9.579062178051572e-05	1.1838398509555392	1.1020214160283406	0.10345160588622093	1.1040904323259988	1.5949884918000965	0.3055555555555556	4.000000000000001
7810	train	9.577842960002575e-05	1.1649463839001126	1.0810687475734286	0.11329533780614535	1.0833346380127802	1.6322350634468925	0.33333333333333337	4.000000000000001
7820	train	9.576622065706372e-05	1.0744150280952454	0.9891262120670743	0.15298359096050262	0.9921858641836379	1.6445831722683377	0.22222222222222227	4.000000000000001
7830	train	9.575399495664826e-05	1.1344717807239957	1.0512007342444527	0.14113020069069332	1.054023332066006	1.608968840705024	0.41666666666666674	4.000000000000001
7840	train	9.574175250380486e-05	1.1613444089889526	1.08192867702908	0.10954483970999718	1.0841195848253038	1.5444963773091633	0.3611111111111111	4.000000000000001
7850	train	9.572949330356598e-05	1.1964652803209093	1.1071471836831834	0.10116485878825188	1.1091704898410373	1.7458960480160184	0.2777777777777778	4.000000000000001
7860	train	9.571721736097089e-05	1.1000500056478713	1.0179533428615997	0.1634244918823242	1.0212218364079793	1.5765632655885486	0.4722222222222222	4.000000000000001
7870	train	9.570492468106576e-05	1.1022697819603815	1.019366913371616	0.16242146326435938	1.0226153598891363	1.5930884679158528	0.47222222222222215	4.000000000000001
7880	train	9.569261526890365e-05	1.1213298969798617	1.0432663692368402	0.1606360524892807	1.0464790927039251	1.4970160325368245	0.38888888888888884	4.000000000000001
7890	train	9.568028912954449e-05	1.0785783330599465	0.9933792153994243	0.15920107149415544	0.9965632226732042	1.6403025653627186	0.3055555555555556	4.000000000000001
7900	train	9.566794626805511e-05	1.092367172241211	1.0143308308389452	0.1386520407266087	1.0171038839552138	1.5052656730016072	0.38888888888888895	4.000000000000001
7910	train	9.565558668950917e-05	1.112217042181227	1.039456632402208	0.11386246999932662	1.0417338874604967	1.4096632533603244	0.4999999999999999	4.000000000000001
7920	train	9.564321039898725e-05	1.1752861340840657	1.0892222788598802	0.09310485339827007	1.0910843676990931	1.6840356985727944	0.25	4.000000000000001
7930	train	9.563081740157675e-05	1.1718392769495645	1.0838193032476637	0.11457261360353894	1.086110770702362	1.7145701381895275	0.3888888888888889	4.000000000000001
7940	train	9.5618407702372e-05	1.1462150149875217	1.0619680020544264	0.11565886023971769	1.0642811920907764	1.6386764976713395	0.38888888888888895	4.000000000000001
7950	train	9.560598130647411e-05	1.1274124582608542	1.044516060087416	0.13615516076485315	1.0472391578886244	1.6034660074445937	0.36111111111111116	4.000000000000001
7960	train	9.559353821899115e-05	1.186263614230686	1.1105153891775341	0.09862952886356248	1.112487985028161	1.4755122926500108	0.3611111111111111	4.000000000000001
7970	train	9.558107844503796e-05	1.160633166631063	1.0846531457371182	0.10342562571167946	1.0867216851976182	1.4782296154234147	0.44444444444444453	4.000000000000001
7980	train	9.556860198973632e-05	1.1485129329893322	1.0696843266487122	0.12671993962592548	1.0722187161445618	1.5258842839135063	0.38888888888888895	4.000000000000001
7990	train	9.55561088582148e-05	1.1847626633114283	1.098815679550171	0.10025910246703361	1.1008208592732747	1.678836464881897	0.2777777777777778	4.000000000000001
8000	train	9.554359905560886e-05	1.1480198370085823	1.0586657457881503	0.12455192373858558	1.0611567894617715	1.7372612290912206	0.2222222222222222	4.000000000000001
8000	val		1.1774426540359855	1.101869396865368	0.10379522715811618	1.103945299051702	1.4699471378698945	0.453125	1.0
8010	train	9.553107258706082e-05	1.0835740500026279	1.0034898983107672	0.15933643612596726	1.006676607661777	1.5379494958453712	0.4444444444444445	4.000000000000001
8020	train	9.551852945771984e-05	1.1533695393138461	1.0728522208001878	0.13197539953721893	1.0754917330212062	1.5575559404161243	0.41666666666666663	4.000000000000001
8030	train	9.550596967274191e-05	1.173245006137424	1.0915631254514058	0.12310926326447062	1.0940252939860027	1.5843943489922416	0.36111111111111116	4.000000000000001
8040	train	9.54933932372899e-05	1.0472445090611777	0.9640407032436795	0.14420242235064504	0.9669247335857816	1.6063957081900704	0.36111111111111105	4.000000000000001
8050	train	9.548080015653351e-05	1.1194702982902527	1.047079602877299	0.13757548232873285	1.049831125471327	1.392783522605896	0.38888888888888895	4.000000000000001
8060	train	9.546819043564924e-05	1.0855090551906161	0.9919965200954013	0.18130163186126286	0.9956225487920973	1.797729836569892	0.33333333333333337	4.000000000000001
8070	train	9.545556407982052e-05	1.1334572633107505	1.053365217314826	0.1352659927474128	1.0560705463091533	1.5477341148588393	0.36111111111111105	4.000000000000001
8080	train	9.544292109423753e-05	1.1065215667088828	1.0240376657909815	0.14212040396200287	1.0268800722228157	1.5928299824396772	0.3611111111111111	4.000000000000001
8090	train	9.543026148409735e-05	1.1351397567325168	1.0536859763993158	0.1287381715244717	1.0562607447306316	1.5775801605648463	0.44444444444444453	4.000000000000001
8100	train	9.541758525460385e-05	1.145519236723582	1.0672803786065843	0.12000699920786752	1.069680525196923	1.5167743762334187	0.33333333333333337	4.000000000000001
8110	train	9.540489241096778e-05	1.1353355248769126	1.0494388275676303	0.14275750600629383	1.0522939695252311	1.6608312924702964	0.3888888888888889	4.000000000000001
8120	train	9.539218295840666e-05	1.0907736950450473	1.0076490243275962	0.15933173646529517	1.0108356608284845	1.5987607108222113	0.41666666666666674	4.000000000000001
8130	train	9.537945690214486e-05	1.148346887694465	1.064989553557502	0.12408859448300467	1.0674713253974915	1.6175114578670924	0.38888888888888884	4.000000000000001
8140	train	9.53667142474136e-05	1.138049297862583	1.056552787621816	0.13839984436829886	1.0593207942114935	1.574570178985596	0.3055555555555556	4.000000000000001
8150	train	9.535395499945089e-05	1.141967535018921	1.060557398531172	0.13581433147191999	1.0632736881573994	1.5738769239849513	0.41666666666666663	4.000000000000001
8160	train	9.534117916350159e-05	1.1248570481936138	1.0472628739145067	0.12177553110652499	1.0496983925501506	1.5031730201509264	0.5277777777777778	4.000000000000001
8170	train	9.532838674481734e-05	1.1032178733083937	1.0266301764382257	0.13725806027650833	1.0293753345807393	1.4768507944213016	0.5833333333333334	4.000000000000001
8180	train	9.531557774865666e-05	1.094396948814392	1.011379165781869	0.15442104389270145	1.0144675970077515	1.5985870493782892	0.33333333333333337	4.000000000000001
8190	train	9.53027521802848e-05	1.149841957622104	1.0661223530769348	0.11285001039505005	1.068379369046953	1.6292519039577908	0.4444444444444445	4.000000000000001
8200	train	9.52899100449739e-05	1.1178682910071478	1.0348686509662204	0.15115001011225915	1.037891666094462	1.5995326174630058	0.44444444444444453	4.000000000000001
8210	train	9.527705134800285e-05	1.1513514849874709	1.0728497703870137	0.11216961178514692	1.07509317000707	1.5251666174994574	0.3888888888888889	4.000000000000001
8220	train	9.52641760946574e-05	1.0915471315383911	1.0069676968786452	0.15232037670082516	1.0100140902731154	1.630660957760281	0.4166666666666667	4.000000000000001
8230	train	9.525128429023007e-05	1.083250602086385	0.9979449643029107	0.14295074219504994	1.0008039673169453	1.648932761616177	0.33333333333333337	4.000000000000001
8240	train	9.523837594002017e-05	1.0897583497895134	1.0084982646836174	0.14404197492533258	1.0113791161113317	1.567584315935771	0.38888888888888895	4.000000000000001
8250	train	9.522545104933388e-05	1.0867781440416973	1.0069758494695027	0.13851865049865514	1.0097462269994948	1.5406381554073758	0.4722222222222222	4.000000000000001
8260	train	9.52125096234841e-05	1.082134981950124	1.0011651780870223	0.1775445110268063	1.0047160784403484	1.5483777655495539	0.4722222222222222	4.000000000000001
8270	train	9.51995516677906e-05	1.1430066691504583	1.0614685085084703	0.12198401821984184	1.0639081729782953	1.5819699896706476	0.44444444444444453	4.000000000000001
8280	train	9.518657718757986e-05	1.1834193733003404	1.107653088039822	0.10138508139385118	1.109680804941389	1.474771327442593	0.5	4.000000000000001
8290	train	9.517358618818521e-05	1.0986137191454568	1.0129547582732306	0.13561964945660696	1.0156671404838562	1.6589316394593978	0.3055555555555556	4.000000000000001
8300	train	9.516057867494678e-05	1.1025412612491183	1.0240219367874992	0.15406300293074712	1.0271032121446397	1.5087607171800403	0.41666666666666674	4.000000000000001
8310	train	9.514755465321142e-05	1.164030823442671	1.0801301068729825	0.14111953642633226	1.0829524927669103	1.6215664943059287	0.33333333333333337	4.000000000000001
8320	train	9.513451412833288e-05	1.1098111006948683	1.031368825170729	0.1450213554004828	1.034269266658359	1.5108367204666138	0.4444444444444444	4.000000000000001
8330	train	9.51214571056716e-05	1.1234346297052171	1.031264987256792	0.15004036906692717	1.0342657897207472	1.7833767069710627	0.25	4.000000000000001
8340	train	9.510838359059482e-05	1.115778340233697	1.0345840520328946	0.1286063041124079	1.0371561845143638	1.5724430878957114	0.41666666666666674	4.000000000000001
8350	train	9.509529358847655e-05	1.1356170574824014	1.0618408521016438	0.13792217978172833	1.0645993087026808	1.4203550815582275	0.5	4.000000000000001
8360	train	9.508218710469763e-05	1.092841837141249	1.0057195822397869	0.13974032302697498	1.0085143778059218	1.6865489880243936	0.2777777777777778	4.000000000000001
8370	train	9.506906414464564e-05	1.1935058103667364	1.1041617393493652	0.09976430361469585	1.1061570114559598	1.7469756868150499	0.33333333333333337	4.000000000000001
8380	train	9.505592471371492e-05	1.126650631427765	1.052787913216485	0.13333649767769706	1.055454644891951	1.423919571770562	0.5277777777777778	4.000000000000001
8390	train	9.504276881730657e-05	1.0710057616233828	0.9783238636122811	0.15214760228991506	0.9813668065600926	1.7927792337205675	0.3055555555555556	4.000000000000001
8400	train	9.502959646082854e-05	1.0636944903267753	0.981860809855991	0.1647483164237605	0.9851557811101277	1.5707743962605791	0.5277777777777779	4.000000000000001
8410	train	9.501640764969544e-05	1.1217589245902166	1.0372111201286316	0.12317124630014102	1.039674546983507	1.6416876051161025	0.36111111111111116	4.000000000000001
8420	train	9.50032023893287e-05	1.1706832051277158	1.0903607341978285	0.12236629178126654	1.092808041307661	1.5575032366646662	0.3888888888888889	4.000000000000001
8430	train	9.498998068515652e-05	1.155724909570482	1.0707396335071988	0.12651036058863002	1.073269824186961	1.6491017076704237	0.3333333333333333	4.000000000000001
8440	train	9.497674254261383e-05	1.1366607083214655	1.0541903906398349	0.105928639570872	1.0563089648882549	1.6070350805918374	0.2777777777777778	4.000000000000001
8450	train	9.496348796714234e-05	1.121862702899509	1.0343603425555759	0.1366073563694954	1.037092493640052	1.6954039335250854	0.44444444444444453	4.000000000000001
8460	train	9.495021696419049e-05	1.1739610897170174	1.0864693588680692	0.11693127867248321	1.0888079868422615	1.7030622164408367	0.3611111111111111	4.000000000000001
8470	train	9.49369295392135e-05	1.0571867227554321	0.9715010854932997	0.16197035213311514	0.974740485350291	1.6489249732759264	0.3055555555555556	4.000000000000001
8480	train	9.492362569767333e-05	1.1056044366624618	1.0135968327522278	0.1384611630605327	1.0163660513030157	1.7847679456075034	0.2777777777777778	4.000000000000001
8490	train	9.491030544503867e-05	1.0739460719956293	0.9904288517104255	0.13798771053552628	0.9931885864999559	1.6151498556137085	0.3055555555555556	4.000000000000001
8500	train	9.489696878678501e-05	1.181151827176412	1.1022442910406325	0.09553932274381319	1.1041550702518887	1.5399352047178478	0.41666666666666674	4.000000000000001
8510	train	9.48836157283945e-05	1.0892535977893407	1.0028347108099194	0.13808832069238025	1.005596485402849	1.6731421682569714	0.44444444444444453	4.000000000000001
8520	train	9.487024627535612e-05	1.0764900512165494	0.9989326331350538	0.14927201221386593	1.001918070846134	1.4914395676718817	0.38888888888888884	4.000000000000001
8530	train	9.485686043316551e-05	1.1583701372146604	1.0727104279730055	0.11026976257562637	1.0749158329433866	1.6690863105985854	0.36111111111111105	4.000000000000001
8540	train	9.484345820732511e-05	1.147260798348321	1.0632702642016942	0.10650757824381192	1.0654004216194153	1.6372077597512136	0.33333333333333337	4.000000000000001
8550	train	9.483003960334405e-05	1.1453414890501235	1.0529718862639532	0.14040979287690586	1.0557800796296863	1.7912279499901667	0.19444444444444442	4.000000000000001
8560	train	9.481660462673824e-05	1.0446660651101007	0.9656431277592976	0.1645464648803075	0.9689340723885428	1.5146398941675825	0.4722222222222222	4.000000000000001
8570	train	9.480315328303026e-05	1.0034962958759732	0.9102536406781938	0.21293945113817853	0.9145124389065636	1.779677391052246	0.2777777777777778	4.000000000000001
8580	train	9.478968557774945e-05	1.133617599805196	1.0471306178304882	0.12038183005319703	1.0495382414923775	1.681587126519945	0.2777777777777778	4.000000000000001
8590	train	9.477620151643192e-05	1.13966264989641	1.067142619027032	0.12578879420955977	1.06965837876002	1.400085237291124	0.5	4.000000000000001
8600	train	9.476270110462039e-05	1.08914672003852	1.006614671813117	0.13294259127643374	1.009273522429996	1.5974640051523843	0.3055555555555555	4.000000000000001
8610	train	9.474918434786442e-05	1.0742654535505505	0.9895030988587274	0.15878559731774858	0.9926788210868834	1.6317328347100148	0.3333333333333333	4.000000000000001
8620	train	9.473565125172022e-05	1.1709145108858745	1.0881587200694616	0.10865636914968492	1.0903318524360657	1.6116528378592598	0.2777777777777778	4.000000000000001
8630	train	9.472210182175074e-05	1.1031028297212389	1.0229576494958665	0.14239551002780598	1.0258055528004963	1.5459453132417469	0.38888888888888895	4.000000000000001
8640	train	9.470853606352564e-05	1.128382835123274	1.0448536078135173	0.11815913518269858	1.0472167862786188	1.6233212285571625	0.2777777777777778	4.000000000000001
8650	train	9.469495398262128e-05	1.1027840442127652	1.0269398358133106	0.1506004821923044	1.029951850573222	1.4566444820827908	0.5	4.000000000000001
8660	train	9.468135558462075e-05	1.1333202719688416	1.0517756011750963	0.12290244425336519	1.0542336569892035	1.5817324452930024	0.44444444444444453	4.000000000000001
8670	train	9.466774087511384e-05	1.036534799469842	0.9536740912331475	0.17583798699908784	0.9571908579932318	1.586879160669115	0.5277777777777778	4.000000000000001
8680	train	9.465410985969703e-05	1.1257722708914015	1.0420260164472792	0.13088644006186062	1.0446437663502164	1.6225701967875164	0.4166666666666667	4.000000000000001
8690	train	9.464046254397353e-05	1.1774467560980055	1.1042271388901606	0.09945380853282083	1.1062162121136982	1.4246109061770968	0.5277777777777777	4.000000000000001
8700	train	9.462679893355321e-05	1.1721026632520888	1.0967681341701083	0.1027037509613567	1.0988221897019281	1.4656094710032144	0.4444444444444444	4.000000000000001
8710	train	9.46131190340527e-05	1.066169129477607	0.9882694946395026	0.1483550195892652	0.9912366138564217	1.498650617069668	0.5	4.000000000000001
8720	train	9.459942285109528e-05	1.1405044860310025	1.0626138647397358	0.10959307187133367	1.0648057063420615	1.5139756864971583	0.38888888888888895	4.000000000000001
8730	train	9.458571039031092e-05	1.1563471688164604	1.073260532485114	0.11222385180493194	1.075505018234253	1.6168433560265434	0.3611111111111111	4.000000000000001
8740	train	9.457198165733628e-05	1.0502419537968106	0.9667334026760523	0.17357777928312618	0.9702049560017055	1.6007401413387723	0.41666666666666674	4.000000000000001
8750	train	9.455823665781478e-05	1.1069360441631741	1.0107089281082153	0.13501487175623575	1.013409223821428	1.870536459816827	0.3055555555555556	4.000000000000001
8760	train	9.454447539739642e-05	1.1318716936641269	1.0553427603509693	0.12397530757718617	1.057822260591719	1.4809887607892354	0.5	4.000000000000001
8770	train	9.453069788173794e-05	1.0537390112876892	0.9714323745833503	0.17498216446903017	0.9749320215649075	1.5761400858561199	0.47222222222222227	4.000000000000001
8780	train	9.451690411650279e-05	1.0994996428489685	1.0149820115831165	0.1536308717396524	1.0180546177758112	1.6289000246259904	0.38888888888888895	4.000000000000001
8790	train	9.450309410736102e-05	1.01476827594969	0.9239803022808498	0.19497217569086286	0.9278797507286072	1.7377704514397512	0.2777777777777778	4.000000000000001
8800	train	9.448926785998945e-05	1.026547458436754	0.9465691844622295	0.1887283656332228	0.9503437611791822	1.5240737994511921	0.44444444444444453	4.000000000000001
8810	train	9.447542538007146e-05	1.0772248572773404	0.9923302200105455	0.18916338599390456	0.9961134857601589	1.6222276157803008	0.38888888888888884	4.000000000000001
8820	train	9.446156667329725e-05	1.0906670027308993	1.004444142182668	0.15267443243000242	1.0074976285298665	1.6633874045477972	0.4444444444444444	4.000000000000001
8830	train	9.444769174536357e-05	1.1122852034038966	1.0243083900875516	0.1280225482251909	1.0268688400586445	1.708327094713847	0.3333333333333333	4.000000000000001
8840	train	9.443380060197386e-05	1.0904389421145122	1.011341664526198	0.15184311072031656	1.0143785278002422	1.5212084054946897	0.41666666666666674	4.000000000000001
8850	train	9.441989324883829e-05	1.0975560016102262	1.022940946949853	0.14463252905342314	1.0258336000972323	1.4344478183322482	0.4722222222222222	4.000000000000001
8860	train	9.440596969167363e-05	1.1816590627034507	1.1053201291296215	0.0939069241285324	1.107198264863756	1.489215917057461	0.36111111111111116	4.000000000000001
8870	train	9.43920299362033e-05	1.1092025968763561	1.028580539756351	0.1382155989607175	1.0313448641035292	1.5571544700198703	0.4722222222222222	4.000000000000001
8880	train	9.437807398815745e-05	1.1620814005533853	1.0908899241023593	0.11301672872569826	1.0931502779324849	1.3786225451363456	0.5000000000000001	4.000000000000001
8890	train	9.436410185327281e-05	1.0583574374516806	0.9791907999250623	0.17153641912672257	0.9826215240690442	1.5147181749343872	0.38888888888888895	4.000000000000001
8900	train	9.435011353729281e-05	1.1040822201304965	1.0140916307767232	0.1468138587143686	1.0170279012786017	1.7410869201024373	0.24999999999999997	4.000000000000001
8910	train	9.433610904596753e-05	1.1243565215004814	1.0360246499379477	0.12067769633399116	1.038438207573361	1.7183662917878892	0.25	4.000000000000001
8920	train	9.432208838505367e-05	1.100365314218733	1.0123909579383004	0.1495276383227772	1.0153815216488309	1.6996760368347168	0.3611111111111111	4.000000000000001
8930	train	9.43080515603146e-05	1.0761354631847806	0.9942074749204848	0.14539430911342305	0.9971153603659735	1.5804020563761396	0.3888888888888889	4.000000000000001
8940	train	9.429399857752031e-05	1.128416809770796	1.0421100192599826	0.15392185830407673	1.0451884468396506	1.6645673645867243	0.3055555555555556	4.000000000000001
8950	train	9.42799294424475e-05	1.1806646188100178	1.0964053008291457	0.1252300673060947	1.0989099078708224	1.6350942055384319	0.4166666666666667	4.000000000000001
8960	train	9.426584416087942e-05	1.0729203422864277	0.9773277772797478	0.1695467755198479	0.9807187186347113	1.8440324995252824	0.2777777777777778	4.000000000000001
8970	train	9.4251742738606e-05	1.0551638205846152	0.96835677491294	0.19340436905622482	0.9722248580720689	1.6587789720959136	0.33333333333333337	4.000000000000001
8980	train	9.423762518142381e-05	1.141339043776194	1.0602758725484211	0.13095597136351797	1.0628949933581882	1.5688809686236913	0.38888888888888884	4.000000000000001
8990	train	9.422349149513604e-05	1.1127029789818659	1.0375175939665902	0.11928694860802756	1.0399033228556316	1.455993440416124	0.3611111111111111	4.000000000000001
9000	train	9.420934168555252e-05	1.114288197623359	1.030838131904602	0.14027337936891449	1.0336435967021518	1.6128921376334298	0.33333333333333337	4.000000000000001
9000	val		1.1704762843437493	1.0938182529062033	0.10984673642087728	1.0960151990875602	1.4892216054722667	0.46875	1.0
9010	train	9.41951757584897e-05	1.1463905506663852	1.0567918618520102	0.12588332945273983	1.0593095421791077	1.7416201432545977	0.19444444444444448	4.000000000000001
9020	train	9.418099371977065e-05	1.1047490504052904	1.0218779113557603	0.13797181927495533	1.0246373547448053	1.602233648300171	0.3055555555555555	4.000000000000001
9030	train	9.416679557522509e-05	1.1444889108339944	1.0616361101468406	0.1377121785448657	1.0643903546863132	1.601971705754598	0.4999999999999999	4.000000000000001
9040	train	9.415258133068933e-05	1.1416904727617898	1.061278349823422	0.12040171772241592	1.0636863840950859	1.5600818130705092	0.33333333333333337	4.000000000000001
9050	train	9.41383509920063e-05	1.0154852271080017	0.926398409737481	0.18846275988552302	0.9301676816410487	1.7063507106569078	0.3888888888888889	4.000000000000001
9060	train	9.412410456502555e-05	1.0989748901791043	1.0159283214145236	0.16534967141018975	1.0192353129386902	1.5947912004258897	0.44444444444444453	4.000000000000001
9070	train	9.410984205560328e-05	1.0773125290870667	0.9872883160909016	0.15052450448274612	0.9902988076210022	1.7402746544943914	0.27777777777777773	4.000000000000001
9080	train	9.409556346960225e-05	1.119660410616133	1.040100978480445	0.11962929864724478	1.042493548658159	1.5433376365237765	0.3611111111111111	4.000000000000001
9090	train	9.408126881289182e-05	1.1391609907150269	1.058436433474223	0.15465986149178612	1.06152962313758	1.5526274045308432	0.4722222222222222	4.000000000000001
9100	train	9.406695809134804e-05	1.084873616695404	1.001922885576884	0.14233356051974824	1.0047695636749268	1.6020809941821628	0.38888888888888884	4.000000000000001
9110	train	9.405263131085346e-05	1.1163319812880623	1.0429703858163621	0.10910246976547772	1.0451524323887296	1.4235909183820088	0.41666666666666663	4.000000000000001
9120	train	9.403828847729729e-05	1.1599081887139213	1.080869158109029	0.1072169186340438	1.0830134948094687	1.5378937125205994	0.5	4.000000000000001
9130	train	9.402392959657534e-05	1.0808127323786416	1.0020642148123848	0.15273706201050016	1.0051189462343852	1.5138756963941786	0.3611111111111111	4.000000000000001
9140	train	9.400955467459e-05	1.1120888259675767	1.0224989387724135	0.12882935793863404	1.025075528356764	1.740266097916497	0.4722222222222222	4.000000000000001
9150	train	9.399516371725024e-05	1.0830084019237094	0.9962393509017096	0.1608091319600741	0.99945553806093	1.6710573037465413	0.3055555555555556	4.000000000000001
9160	train	9.398075673047167e-05	1.0804883241653442	0.9996723267767165	0.14756295416090226	1.0026235779126484	1.557294766108195	0.2777777777777778	4.000000000000001
9170	train	9.396633372017643e-05	1.1512960063086615	1.0648121502664356	0.11497235794862112	1.0671115848753188	1.683688282966614	0.2777777777777778	4.000000000000001
9180	train	9.395189469229327e-05	1.0485360423723855	0.9673864907688564	0.16652333901988134	0.9707169599003262	1.556381728914049	0.41666666666666663	4.000000000000001
9190	train	9.393743965275758e-05	1.1183013319969177	1.034357574250963	0.13770508517821628	1.0371116598447165	1.6237936152352228	0.2777777777777778	4.000000000000001
9200	train	9.392296860751121e-05	1.0845309694608054	0.9932178722487557	0.14514754133092034	0.996120830376943	1.7682028346591525	0.3055555555555556	4.000000000000001
9210	train	9.390848156250272e-05	1.0256930457221138	0.9416508409712049	0.2024665806028578	0.9457001487414042	1.5998581515418158	0.3055555555555556	4.000000000000001
9220	train	9.389397852368714e-05	1.1161364515622458	1.029583368036482	0.16422718432214523	1.0328679151005216	1.6653707424799602	0.3333333333333333	4.000000000000001
9230	train	9.387945949702616e-05	1.1248680154482524	1.04273702038659	0.13217791583802962	1.0453805791007147	1.5897483560774062	0.3888888888888889	4.000000000000001
9240	train	9.386492448848798e-05	1.0652518802218967	0.9773608181211684	0.1415934492316511	0.980192694399092	1.7011834780375161	0.3055555555555556	4.000000000000001
9250	train	9.38503735040474e-05	1.1645171244939165	1.0713790390226576	0.11545713659789827	1.073688182565901	1.816578361723158	0.2777777777777778	4.000000000000001
9260	train	9.383580654968576e-05	1.0882731411192152	1.0070769786834717	0.176637030310101	1.0106097194883557	1.5532683398988514	0.4166666666666667	4.000000000000001
9270	train	9.382122363139103e-05	1.0940877000490825	1.0162625312805176	0.14570903529723486	1.0191767149501376	1.4982196622424655	0.5277777777777777	4.000000000000001
9280	train	9.380662475515766e-05	1.0789311793115406	0.9938780864079794	0.17027959393130407	0.9972836905055575	1.632949286037021	0.38888888888888884	4.000000000000001
9290	train	9.379200992698671e-05	1.1024304164780512	1.0182720224062602	0.1258781353632609	1.020789603392283	1.6328163279427423	0.38888888888888895	4.000000000000001
9300	train	9.377737915288578e-05	1.1089212894439697	1.0289727581871881	0.13830170035362244	1.0317387779553733	1.5436500045988295	0.3055555555555555	4.000000000000001
9310	train	9.376273243886904e-05	1.1367378897137113	1.052320076359643	0.14306693896651268	1.0551814370685155	1.6311290793948703	0.25	4.000000000000001
9320	train	9.374806979095716e-05	1.1127576099501717	1.0239326490296259	0.15645209203163782	1.0270616875754464	1.713918341530694	0.3055555555555556	4.000000000000001
9330	train	9.373339121517747e-05	1.1431415014796786	1.06594760550393	0.1331318550639682	1.068610237704383	1.4906249708599515	0.36111111111111116	4.000000000000001
9340	train	9.371869671756371e-05	1.0938256051805284	1.0077872210078769	0.15763480299048954	1.0109399225976732	1.6577132542928064	0.33333333333333337	4.000000000000001
9350	train	9.370398630415629e-05	1.099577460024092	1.0247567097345989	0.15375470535622704	1.0278318193223743	1.4349128405253093	0.4444444444444445	4.000000000000001
9360	train	9.368925998100205e-05	1.14771212471856	1.0672236879666646	0.11802302880419625	1.0695841709772744	1.5625589158799913	0.41666666666666663	4.000000000000001
9370	train	9.367451775415448e-05	1.1133648951848347	1.0192533797687955	0.15023069704572362	1.0222579770618014	1.8221384949154324	0.3055555555555556	4.000000000000001
9380	train	9.365975962967351e-05	1.1876776218414307	1.1042290263705785	0.11552783515718248	1.1065396004252965	1.622760852177938	0.38888888888888895	4.000000000000001
9390	train	9.364498561362567e-05	1.1730215681923761	1.0899080369207592	0.11142348829242918	1.0921365022659302	1.6177013450198703	0.33333333333333337	4.000000000000001
9400	train	9.363019571208397e-05	1.1298667523596022	1.0550937255223591	0.11899286053246923	1.0574735734197829	1.447863154941135	0.4444444444444444	4.000000000000001
9410	train	9.361538993112803e-05	1.1537649035453796	1.0643188423580594	0.12854357726044124	1.0668897032737732	1.7375038862228394	0.3055555555555556	4.000000000000001
9420	train	9.36005682768439e-05	1.0824296606911554	0.9870486656824748	0.14980031384362116	0.9900446865293714	1.8477000395456946	0.2222222222222222	4.000000000000001
9430	train	9.358573075532423e-05	1.1769936084747314	1.0992207129796345	0.10840127865473428	1.101388759083218	1.5120969348483615	0.38888888888888884	4.000000000000001
9440	train	9.357087737266817e-05	1.1557934019300673	1.077257679568397	0.11177498350540796	1.0794931848843894	1.5260044203864203	0.38888888888888895	4.000000000000001
9450	train	9.355600813498136e-05	1.079052488009135	1.0028753214412265	0.14778322767880225	1.0058309833208718	1.4644298288557265	0.41666666666666663	4.000000000000001
9460	train	9.3541123048376e-05	1.1333755519655018	1.0406538248062134	0.13772782435019812	1.0434083806143866	1.7993434932496815	0.25	4.000000000000001
9470	train	9.352622211897077e-05	1.212029192182753	1.1287190450562372	0.07836153689357969	1.1302862763404846	1.6348586214913263	0.5277777777777778	4.000000000000001
9480	train	9.35113053528909e-05	1.039763238694933	0.9410634438196818	0.18101446827252704	0.9446837306022643	1.901590387026469	0.19444444444444448	4.000000000000001
9490	train	9.34963727562681e-05	1.128807418876224	1.0432751708560521	0.15328843808836407	1.0463409423828125	1.6493295563591848	0.36111111111111116	4.000000000000001
9500	train	9.348142433524059e-05	1.1445950203471713	1.0690091451009116	0.11031635436746808	1.0712154507637024	1.4675912857055664	0.4722222222222222	4.000000000000001
9510	train	9.34664600959531e-05	1.141139268875122	1.054509460926056	0.12236908160977894	1.05695684088601	1.6836487452189126	0.2777777777777778	4.000000000000001
9520	train	9.345148004455688e-05	1.0744728379779391	0.9965308176146612	0.14542148055301773	0.9994392593701681	1.5006719827651978	0.4166666666666667	4.000000000000001
9530	train	9.343648418720963e-05	1.0535072088241577	0.9714356197251214	0.16324312902159163	0.9747004906336467	1.5761346419652302	0.3055555555555556	4.000000000000001
9540	train	9.342147253007563e-05	1.1367902093463471	1.0597449806001453	0.13999657622641987	1.0625448955429924	1.4849062893125748	0.3333333333333333	4.000000000000001
9550	train	9.340644507932556e-05	1.1721428036689758	1.0945425033569336	0.10145441442728043	1.096571597788069	1.51142422358195	0.4722222222222223	4.000000000000001
9560	train	9.339140184113667e-05	1.1534241040547688	1.0754564272032843	0.10220467506183518	1.0775005155139499	1.5184717178344727	0.4166666666666667	4.000000000000001
9570	train	9.337634282169266e-05	1.1448607246081035	1.0602225992414687	0.12756523034638828	1.0627738899654813	1.6417363749610054	0.3888888888888889	4.000000000000001
9580	train	9.33612680271837e-05	1.186016175482008	1.0986932781007555	0.10385341776741877	1.1007703476481967	1.7049168480767145	0.19444444444444445	4.000000000000001
9590	train	9.334617746380649e-05	1.174817548857795	1.0924433271090188	0.11414579384856754	1.094726244608561	1.601825992266337	0.36111111111111116	4.000000000000001
9600	train	9.33310711377642e-05	1.1504794160525005	1.072477247979906	0.11646404862403871	1.0748065180248683	1.513457934061686	0.38888888888888895	4.000000000000001
9610	train	9.331594905526643e-05	1.0676589343282912	0.9848200877507526	0.1647575356894069	0.9881152378188239	1.5908737712436252	0.36111111111111116	4.000000000000001
9620	train	9.330081122252934e-05	1.093737456533644	1.0226514670583937	0.14240470156073573	1.0254995690451727	1.3647575245963202	0.4166666666666667	4.000000000000001
9630	train	9.328565764577551e-05	1.1751869122187297	1.0874438153372872	0.11142792759670152	1.0896723601553175	1.7102911207411022	0.3055555555555556	4.000000000000001
9640	train	9.327048833123399e-05	1.0741500589582658	0.987400081422594	0.18744955046309364	0.9911490745014615	1.6600198215908475	0.4722222222222222	4.000000000000001
9650	train	9.325530328514033e-05	1.1763220893012152	1.1006834374533758	0.1007453194922871	1.102698352601793	1.4724748664432101	0.5833333333333333	4.000000000000001
9660	train	9.324010251373651e-05	1.2189843257268271	1.1358220312330458	0.09561769912640253	1.137734399901496	1.6249984237882826	0.2777777777777778	4.000000000000001
9670	train	9.322488602327099e-05	1.0662442247072856	0.9879767696062725	0.14153841758767766	0.99080753326416	1.5087339878082275	0.47222222222222227	4.000000000000001
9680	train	9.320965381999872e-05	1.0454331967565749	0.9591189159287348	0.16067240552769765	0.9623323745197718	1.6620162857903373	0.41666666666666663	4.000000000000001
9690	train	9.319440591018107e-05	1.0915056996875339	1.0068486995167203	0.153762801653809	1.0099239415592618	1.6316351625654433	0.4444444444444444	4.000000000000001
9700	train	9.317914230008587e-05	1.1304672161738076	1.0388614667786493	0.141500748693943	1.0416914886898465	1.7755145894156563	0.3055555555555555	4.000000000000001
9710	train	9.316386299598743e-05	1.0321340892050002	0.9526807400915358	0.18787116226222783	0.9564381705390084	1.5139183203379314	0.36111111111111116	4.000000000000001
9720	train	9.314856800416648e-05	1.1061506734953985	1.0281107955508761	0.12958304211497307	1.0307024651103547	1.5089641941918268	0.38888888888888884	4.000000000000001
9730	train	9.313325733091022e-05	1.1664737926589117	1.078135934140947	0.10526194009515974	1.0802411768171525	1.7246519724527993	0.3055555555555556	4.000000000000001
9740	train	9.31179309825123e-05	1.190130591392517	1.1104662285910711	0.10167442427741158	1.1124997271431818	1.5526173114776611	0.41666666666666663	4.000000000000001
9750	train	9.31025889652728e-05	1.15813101000256	1.0745906962288752	0.1292140810853905	1.07717498143514	1.6191204521391125	0.41666666666666663	4.000000000000001
9760	train	9.308723128549821e-05	1.0732663869857788	0.9919368161095513	0.1473277285695076	0.9948833717240227	1.5676602654986909	0.3611111111111111	4.000000000000001
9770	train	9.307185794950155e-05	1.0958529048495822	1.0099126961496139	0.13301656974686515	1.0125730236371357	1.6655978494220312	0.4722222222222222	4.000000000000001
9780	train	9.305646896360216e-05	1.132787267367045	1.051218695110745	0.12464535029398069	1.0537115865283542	1.5815134710735743	0.3611111111111111	4.000000000000001
9790	train	9.304106433412591e-05	1.078590280479855	1.0012613071335688	0.18112083441681331	1.0048837198151483	1.4741311470667522	0.38888888888888895	4.000000000000001
9800	train	9.302564406740507e-05	1.2027847501966686	1.1193840503692627	0.0839762580063608	1.1210635635587904	1.6344237989849515	0.3055555555555556	4.000000000000001
9810	train	9.301020816977827e-05	1.089712811840905	1.0058599246872797	0.15064366161823273	1.0088728136486476	1.6167999241087172	0.25	4.000000000000001
9820	train	9.299475664759068e-05	1.1456159684393141	1.0709652834468417	0.10926321811146207	1.073150548670027	1.4493086073133679	0.5	4.000000000000001
9830	train	9.297928950719383e-05	1.0616413222418892	0.9797627594735887	0.16528738869561088	0.9830685191684297	1.5714564654562209	0.44444444444444453	4.000000000000001
9840	train	9.296380675494566e-05	1.0369420846303306	0.9550632966889274	0.1754677395025889	0.9585726393593682	1.5673889782693653	0.47222222222222215	4.000000000000001
9850	train	9.294830839721054e-05	1.1339438888761733	1.0523163477579753	0.15257426599661508	1.0553678274154663	1.571521520614624	0.33333333333333337	4.000000000000001
9860	train	9.293279444035928e-05	1.1907619900173612	1.1016009383731418	0.10168105156885254	1.1036345495118034	1.7425486246744792	0.41666666666666663	4.000000000000001
9870	train	9.291726489076906e-05	1.1097098588943481	1.0207926299836898	0.1336296151081721	1.0234652227825587	1.7248930136362715	0.3055555555555555	4.000000000000001
9880	train	9.290171975482353e-05	1.1268356442451477	1.0428841378953722	0.12697920699914295	1.0454237394862704	1.628238148159451	0.2777777777777778	4.000000000000001
9890	train	9.288615903891266e-05	1.1360544363657632	1.050049192375607	0.12926487707429463	1.0526344776153564	1.668399241235521	0.2777777777777778	4.000000000000001
9900	train	9.28705827494329e-05	1.1109724243481955	1.0315324200524225	0.14633345603942868	1.0344590942064922	1.5302671856350367	0.38888888888888895	4.000000000000001
9910	train	9.285499089278707e-05	1.161567211151123	1.0718700952000089	0.1347770161098904	1.0745656424098544	1.7400309112336902	0.44444444444444453	4.000000000000001
9920	train	9.283938347538439e-05	1.062575552198622	0.9715732667181227	0.17457648449473911	0.9750648074679904	1.7502150403128731	0.38888888888888884	4.000000000000001
9930	train	9.282376050364048e-05	1.0721729728910658	0.9812581539154054	0.1757600787613127	0.9847733643319871	1.747992197672526	0.2777777777777778	4.000000000000001
9940	train	9.280812198397736e-05	1.0821620557043288	0.9943451550271776	0.16059545013639662	0.9975570572747124	1.6920999288558962	0.36111111111111116	4.000000000000001
9950	train	9.279246792282343e-05	1.1296674145592585	1.0433590412139893	0.14071093830797407	1.0461732546488445	1.6698835028542411	0.36111111111111116	4.000000000000001
9960	train	9.277679832661348e-05	1.028936015235053	0.9274730549918282	0.21786712855100632	0.9318303995662265	1.9421123001310558	0.16666666666666669	4.000000000000001
9970	train	9.27611132017887e-05	1.093549132347107	1.0138318472438388	0.16312887892127037	1.0170944200621712	1.5290945768356325	0.5277777777777777	4.000000000000001
9980	train	9.274541255479663e-05	1.1097479595078363	1.01460689968533	0.14921886059972977	1.0175912777582805	1.8431338204277887	0.3055555555555556	4.000000000000001
9990	train	9.272969639209125e-05	1.097269746992323	1.0221342113282945	0.15766761700312298	1.0252875420782301	1.4396437406539917	0.41666666666666663	4.000000000000001
10000	train	9.271396472013283e-05	1.1333733664618597	1.0502778622839184	0.14485549761189354	1.053174959288703	1.6039682361814713	0.3888888888888889	4.000000000000001
10000	val		1.164727773051709	1.0873382147401571	0.11965868703555316	1.0897313877940178	1.4999276017770171	0.453125	1.0
10010	train	9.269821754538812e-05	1.0174432198206582	0.9315075940555996	0.18063832902246052	0.9351203640302023	1.6464572217729359	0.36111111111111116	4.000000000000001
10020	train	9.268245487433014e-05	1.1024619870715673	1.021288209491306	0.15693053437603843	1.0244268046485054	1.5607033967971804	0.36111111111111116	4.000000000000001
10030	train	9.266667671343836e-05	1.0824892918268838	0.9937832686636182	0.15820068700446022	0.9969472686449687	1.7108405828475954	0.33333333333333337	4.000000000000001
10040	train	9.26508830691986e-05	1.0984956158532038	1.0143140686882868	0.1652822159230709	1.0176197025511	1.6175183984968395	0.2222222222222222	4.000000000000001
10050	train	9.263507394810298e-05	1.1040057275030348	1.0330631732940674	0.1289174026913113	1.0356415377722847	1.3672835959328546	0.5	4.000000000000001
10060	train	9.261924935665008e-05	1.0434006320105658	0.9575570027033489	0.1633123978972435	0.9608232577641804	1.6515477630827162	0.25	4.000000000000001
10070	train	9.260340930134476e-05	1.1188317404852974	1.0396286182933385	0.13679137991534338	1.0423644582430522	1.5293456978268094	0.5	4.000000000000001
10080	train	9.258755378869829e-05	1.1445810397466023	1.0626040829552543	0.1348211425873968	1.06530053085751	1.5856103764639957	0.41666666666666663	4.000000000000001
10090	train	9.257168282522825e-05	1.1106552481651306	1.0294690595732794	0.15322655273808372	1.032533586025238	1.5624333222707114	0.3611111111111111	4.000000000000001
10100	train	9.255579641745862e-05	1.1290108495288425	1.0414908197191026	0.14759936514827943	1.0444428192244635	1.691360486878289	0.33333333333333337	4.000000000000001
10110	train	9.253989457191969e-05	1.064424501525031	0.9818536572986178	0.14749265296591652	0.9848035176595051	1.5924199819564817	0.4166666666666667	4.000000000000001
10120	train	9.252397729514811e-05	1.130696760283576	1.0441126690970528	0.14672876563337117	1.0470472441779244	1.6729906267589993	0.3333333333333333	4.000000000000001
10130	train	9.250804459368685e-05	1.1949374543295967	1.1040296223428516	0.09331677647100556	1.10589595635732	1.7808298799726698	0.36111111111111116	4.000000000000001
10140	train	9.249209647408528e-05	1.1505190134048462	1.0609779291682773	0.13289176507128608	1.0636357731289334	1.737665057182312	0.36111111111111116	4.000000000000001
10150	train	9.247613294289904e-05	1.1488634016778736	1.0670244230164423	0.1146245590514607	1.0693169037501018	1.5909295744366114	0.38888888888888884	4.000000000000001
10160	train	9.246015400669015e-05	1.1256792677773368	1.0466873513327706	0.14316384784049457	1.0495506193902757	1.5225733121236165	0.36111111111111116	4.000000000000001
10170	train	9.244415967202693e-05	1.0692827039294772	0.9815920988718669	0.1646535119248761	0.9848851561546327	1.6879510482152305	0.3055555555555556	4.000000000000001
10180	train	9.242814994548407e-05	1.168409208456675	1.0864944325553045	0.1173469978902075	1.0888413786888123	1.5913566086027358	0.41666666666666663	4.000000000000001
10190	train	9.241212483364255e-05	1.1249465346336365	1.0417594247394137	0.13526272194253072	1.044464687506358	1.6096369160546198	0.2777777777777778	4.000000000000001
10200	train	9.239608434308968e-05	1.0848179459571838	1.0028898252381218	0.17687021982338694	1.0064272218280368	1.5678144958284166	0.3055555555555556	4.000000000000001
10210	train	9.238002848041913e-05	1.1274552080366347	1.0453649560610454	0.1313024668229951	1.0479910042550828	1.5892841551038954	0.3888888888888889	4.000000000000001
10220	train	9.236395725223082e-05	1.1459138128492568	1.0662629803021748	0.12829001703196102	1.0688287814458213	1.5417007605234783	0.41666666666666674	4.000000000000001
10230	train	9.234787066513106e-05	0.9875019921196831	0.9131091270181869	0.2093985519475407	0.9172971016830869	1.4040976497862072	0.5555555555555556	4.000000000000001
10240	train	9.233176872573241e-05	1.0600548916392856	0.983734044763777	0.16564387745327416	0.9870469437705147	1.4601585600111218	0.47222222222222215	4.000000000000001
10250	train	9.231565144065378e-05	1.064716140429179	0.9806988173060947	0.18320776522159576	0.9843629598617554	1.6070634126663208	0.33333333333333337	4.000000000000001
10260	train	9.229951881652039e-05	1.0789025492138333	1.0013993779818215	0.1639159984058804	1.0046777062945895	1.4844966464572482	0.2777777777777778	4.000000000000001
10270	train	9.228337085996372e-05	1.1586454709370932	1.0723002685440912	0.12204129745562872	1.07474109199312	1.6780877709388733	0.3888888888888889	4.000000000000001
10280	train	9.226720757762163e-05	1.120561911000146	1.0364960233370464	0.1544222484032313	1.0395844711197746	1.6195490492714777	0.41666666666666674	4.000000000000001
10290	train	9.22510289761382e-05	1.1626222266091242	1.0727381110191345	0.12545890774991778	1.0752472745047676	1.7474989228778415	0.33333333333333337	4.000000000000001
10300	train	9.223483506216384e-05	1.1015322075949774	1.0190191732512581	0.15105220675468445	1.0220402081807454	1.5898398558298745	0.36111111111111116	4.000000000000001
10310	train	9.221862584235528e-05	1.1233737866083782	1.0368356704711914	0.15990591877036625	1.0400337908003066	1.666799955897861	0.4722222222222222	4.000000000000001
10320	train	9.220240132337551e-05	1.1497225364049275	1.0709481570455763	0.10804447821444937	1.0731090505917869	1.532269212934706	0.5277777777777777	4.000000000000001
10330	train	9.218616151189381e-05	1.0159269173940022	0.926283511850569	0.20942764480908715	0.9304720626937018	1.7090975046157837	0.2222222222222222	4.000000000000001
10340	train	9.216990641458575e-05	0.9702227645450168	0.8830216791894702	0.21959436850415337	0.8874135679668851	1.6561840772628784	0.3333333333333333	4.000000000000001
10350	train	9.215363603813321e-05	1.038127839565277	0.9560347861713834	0.15263944284783468	0.9590875837537977	1.5808050764931576	0.2777777777777778	4.000000000000001
10360	train	9.213735038922431e-05	1.0466291242175632	0.957497775554657	0.2053302236729198	0.9616043965021769	1.700494633780585	0.33333333333333337	4.000000000000001
10370	train	9.212104947455345e-05	1.1427031026946175	1.0641671154234145	0.10023032625516257	1.0661717388365004	1.530627621544732	0.36111111111111116	4.000000000000001
10380	train	9.210473330082134e-05	1.1703789565298295	1.0829725530412462	0.12230282442437279	1.0854186018308003	1.699207093980577	0.3611111111111111	4.000000000000001
10390	train	9.208840187473494e-05	1.0546636515193515	0.9846570425563388	0.14173467953999835	0.9874917202525668	1.343438400162591	0.5	4.000000000000001
10400	train	9.207205520300747e-05	1.1313436627388	1.0508312649197047	0.1176890776389175	1.0531850523418849	1.5631723470158045	0.41666666666666663	4.000000000000001
10410	train	9.205569329235846e-05	1.1623975965711804	1.0758026374710932	0.13109408857093918	1.0784245133399963	1.6794619427786932	0.41666666666666663	4.000000000000001
10420	train	9.203931614951364e-05	1.0979058610068426	1.004743887318505	0.13918527298503452	1.007527596420712	1.8075652254952324	0.2777777777777778	4.000000000000001
10430	train	9.202292378120505e-05	1.0711358322037592	0.9932593901952108	0.15023352040184867	0.9962640537155999	1.4974357154634266	0.38888888888888895	4.000000000000001
10440	train	9.200651619417098e-05	1.2062839534547596	1.1175599031978183	0.10032931963602702	1.119566480318705	1.7343494097391763	0.25	4.000000000000001
10450	train	9.199009339515595e-05	1.1051812436845567	1.0271672738922966	0.11401235891713037	1.029447529051039	1.5146740012698698	0.4722222222222222	4.000000000000001
10460	train	9.197365539091077e-05	1.1561263667212591	1.0802243749300637	0.13296992373135355	1.0828837951024373	1.4648514721128674	0.4444444444444445	4.000000000000001
10470	train	9.195720218819247e-05	1.0906072060267131	1.0123072266578674	0.15869565887583628	1.015481134255727	1.502521210246616	0.4444444444444444	4.000000000000001
10480	train	9.194073379376435e-05	1.0550123916731942	0.9764007197486031	0.1506973711980714	0.9794146551026237	1.5119551022847493	0.41666666666666674	4.000000000000001
10490	train	9.192425021439594e-05	1.1161763270696003	1.0363755424817402	0.1554193529817793	1.039483944574992	1.5338479280471804	0.4722222222222222	4.000000000000001
10500	train	9.190775145686302e-05	1.0040936668713887	0.9184147781795926	0.19853115661276713	0.9223854078186882	1.63416494263543	0.33333333333333337	4.000000000000001
10510	train	9.18912375279476e-05	1.0931151376830206	1.005719072288937	0.12764884241753155	1.0082720584339566	1.6968617836634319	0.41666666666666674	4.000000000000001
10520	train	9.187470843443794e-05	1.1062564717398748	1.0169473157988653	0.1555977165699005	1.020059261057112	1.7239443593555026	0.4166666666666667	4.000000000000001
10530	train	9.185816418312852e-05	1.0332349273893568	0.9517680803934734	0.18598960629767844	0.9554878738191394	1.5549409257041085	0.41666666666666674	4.000000000000001
10540	train	9.184160478082006e-05	1.1547060277726915	1.0760809911621942	0.12519724253151152	1.0785849359300401	1.5224221282535129	0.3611111111111111	4.000000000000001
10550	train	9.182503023431949e-05	1.1712634430991278	1.090096433957418	0.1276269211537308	1.0926489763789706	1.5722896125581531	0.4166666666666667	4.000000000000001
10560	train	9.180844055044003e-05	1.051680730448829	0.9727152188618978	0.1510665971371863	0.9757365451918707	1.518883678648207	0.41666666666666663	4.000000000000001
10570	train	9.179183573600101e-05	1.138048489888509	1.0625785920355053	0.12282796286874345	1.0650351511107552	1.4602670802010431	0.33333333333333337	4.000000000000001
10580	train	9.177521579782806e-05	1.1427344613605075	1.062366955810123	0.11804775272806486	1.0647279222806294	1.5601306358973186	0.41666666666666674	4.000000000000001
10590	train	9.175858074275304e-05	1.0903003083335028	1.0017059842745464	0.16019379678699705	1.0049098531405132	1.7078093820148044	0.36111111111111116	4.000000000000001
10600	train	9.174193057761394e-05	1.1367937790022955	1.0528902212778728	0.1453756925960382	1.0557977623409696	1.6199202934900918	0.33333333333333337	4.000000000000001
10610	train	9.172526530925508e-05	1.180896454387241	1.0939312643475003	0.11704389626781148	1.0962721241845026	1.6924866437911987	0.2777777777777778	4.000000000000001
10620	train	9.170858494452685e-05	1.1029689974255033	1.0105438033739726	0.13775305118825698	1.0132988757557337	1.793401969803704	0.33333333333333337	4.000000000000001
10630	train	9.169188949028598e-05	1.0931238929430642	1.0123386051919725	0.1375340513057179	1.0150892800754971	1.560692548751831	0.47222222222222227	4.000000000000001
10640	train	9.167517895339531e-05	1.0812449322806463	0.9992482993337843	0.1788327685660786	1.0028249621391299	1.5683996280034385	0.44444444444444436	4.000000000000001
10650	train	9.16584533407239e-05	1.0593534840477836	0.9766048789024353	0.18309662656651604	0.9802668028407627	1.5817336373858981	0.4166666666666667	4.000000000000001
10660	train	9.164171265914704e-05	1.0975715716679892	1.0120679073863559	0.15194151550531387	1.015106711122725	1.649296998977661	0.3611111111111111	4.000000000000001
10670	train	9.16249569155462e-05	1.0962562428580391	1.0138143234782748	0.16170078764359158	1.0170483456717598	1.5841579503483243	0.2777777777777778	4.000000000000001
10680	train	9.160818611680898e-05	1.043941080570221	0.9612515436278448	0.17213538289070127	0.9646942615509032	1.58493611547682	0.4444444444444445	4.000000000000001
10690	train	9.15914002698293e-05	1.0767429537243314	0.9971292681164211	0.16022636741399765	1.0003337926334805	1.5281830893622503	0.4444444444444445	4.000000000000001
10700	train	9.157459938150713e-05	0.9697415166431003	0.8831044667296939	0.19151328504085544	0.8869347274303436	1.6561356518003676	0.33333333333333337	4.000000000000001
10710	train	9.15577834587487e-05	1.1547920174068875	1.0724614593717787	0.11938326805830002	1.0748491154776678	1.5988583167394002	0.38888888888888884	4.000000000000001
10720	train	9.15409525084664e-05	1.1180083751678467	1.0449505315886602	0.13985231725705996	1.0477475788858202	1.4052160580952964	0.4166666666666667	4.000000000000001
10730	train	9.15241065375788e-05	1.1444394257333546	1.0661634140544467	0.13232198109229407	1.068809853659736	1.5125914282268946	0.5555555555555557	4.000000000000001
10740	train	9.150724555301061e-05	1.1448291209008958	1.0676207078827753	0.10915921628475189	1.0698038935661316	1.5005045202043323	0.4444444444444444	4.000000000000001
10750	train	9.149036956169279e-05	1.1426363786061606	1.0580302211973402	0.1279976318279902	1.0605901744630604	1.6409241755803428	0.33333333333333337	4.000000000000001
10760	train	9.147347857056242e-05	1.0455598831176758	0.9606010913848876	0.17473702794975704	0.9640958507855734	1.6292805936601427	0.25	4.000000000000001
10770	train	9.145657258656272e-05	1.0767150984870064	0.9928046133783128	0.14003309317760998	0.9956052766905892	1.622196634610494	0.3333333333333333	4.000000000000001
10780	train	9.143965161664312e-05	1.0685304138395522	0.9858016967773438	0.15772720012399888	0.9889562328656514	1.5914837254418268	0.4166666666666667	4.000000000000001
10790	train	9.142271566775918e-05	1.0885648793644376	1.0099951823552449	0.14910500827762815	1.0129772888289557	1.5117520623736913	0.36111111111111116	4.000000000000001
10800	train	9.140576474687264e-05	1.1215067240926957	1.0364892350302801	0.1221278202202585	1.038931793636746	1.6514985164006553	0.3055555555555556	4.000000000000001
10810	train	9.138879886095138e-05	1.0633597373962402	0.9791573550966053	0.1517624333500862	0.9821926024225024	1.6233425405290394	0.3611111111111111	4.000000000000001
10820	train	9.137181801696943e-05	1.1028971208466423	1.0233424570825367	0.12334005617433122	1.0258092549112108	1.541757345199585	0.44444444444444453	4.000000000000001
10830	train	9.135482222190698e-05	1.0903194414244757	1.0177573760350547	0.14394532061285445	1.0206362936231825	1.3936627639664543	0.4444444444444444	4.000000000000001
10840	train	9.133781148275034e-05	1.0910541547669304	1.0100040170881484	0.1617861994438701	1.0132397479481168	1.556288335058424	0.5	4.000000000000001
10850	train	9.132078580649202e-05	1.101260436905755	1.0169215732150607	0.15176579687330458	1.019956886768341	1.626071075598399	0.2777777777777778	4.000000000000001
10860	train	9.130374520013061e-05	1.147194200091892	1.065082722240024	0.14009185052580303	1.0678845312860277	1.5861932304170394	0.3055555555555556	4.000000000000001
10870	train	9.128668967067084e-05	1.035913387934367	0.9545007348060608	0.17440183543496662	0.9579887655046251	1.5584921969307792	0.38888888888888895	4.000000000000001
10880	train	9.126961922512363e-05	1.0687753094567194	0.9877152178022597	0.1413885520564185	0.9905429747369555	1.5646464692221749	0.3055555555555556	4.000000000000001
10890	train	9.125253387050598e-05	1.1515489154391818	1.0707184738583035	0.11223502871063021	1.0729631649123297	1.571715301937527	0.36111111111111105	4.000000000000001
10900	train	9.123543361384103e-05	1.1888801654179892	1.1135983069737752	0.0945318154990673	1.115488953060574	1.467824551794264	0.4999999999999999	4.000000000000001
10910	train	9.121831846215806e-05	1.1681501335567899	1.0977222058508131	0.09278160581986107	1.0995778573883905	1.371445596218109	0.5277777777777777	4.000000000000001
10920	train	9.120118842249245e-05	1.1484791835149126	1.0664455625745983	0.11836090352800156	1.068812780910068	1.593328363365597	0.4166666666666667	4.000000000000001
10930	train	9.118404350188571e-05	1.1129623187912836	1.0402114590009053	0.14345887303352356	1.0430806477864585	1.3976337379879422	0.5833333333333334	4.000000000000001
10940	train	9.11668837073855e-05	1.1042401790618896	1.0220759113629658	0.1458101189798779	1.0249921215905085	1.584960911009047	0.3055555555555555	4.000000000000001
10950	train	9.114970904604553e-05	1.062429712878333	0.97728697458903	0.17952429006497064	0.9808774656719631	1.6310453547371757	0.36111111111111116	4.000000000000001
10960	train	9.113251952492566e-05	1.0654189984003701	0.9867719478077359	0.16133420707450974	0.9899986253844367	1.5084077186054654	0.36111111111111116	4.000000000000001
10970	train	9.111531515109185e-05	1.1040787034564548	1.020604431629181	0.13040128929747474	1.0232124593522813	1.617325054274665	0.3888888888888889	4.000000000000001
10980	train	9.10980959316162e-05	1.1895695328712463	1.1083409786224365	0.10547126167350344	1.1104504201147292	1.5823823346032038	0.41666666666666663	4.000000000000001
10990	train	9.108086187357684e-05	1.087237536907196	1.0101869636111789	0.13361009293132356	1.0128591590457492	1.4875674247741697	0.5	4.000000000000001
11000	train	9.106361298405805e-05	1.07516258292728	0.9946722719404433	0.15743056270811293	0.9978208873007033	1.5468338860405817	0.3055555555555556	4.000000000000001
11000	val		1.1644778391346335	1.084066275972873	0.11427075756364502	1.08635168755427	1.5625230865553021	0.421875	1.0
11010	train	9.104634927015022e-05	1.1663986179563735	1.0903590189086068	0.1132581565115187	1.092624180846744	1.475489033593072	0.38888888888888884	4.000000000000001
11020	train	9.102907073894978e-05	1.1203178498480053	1.0405828886561923	0.12595030955142447	1.0431019133991666	1.544318861431546	0.4722222222222223	4.000000000000001
11030	train	9.101177739755932e-05	1.0574404862191942	0.9680135316318934	0.155424608124627	0.9711220330662196	1.7263695001602173	0.36111111111111105	4.000000000000001
11040	train	9.099446925308744e-05	1.1599787539905972	1.0821985602378845	0.10544043365452024	1.084307352701823	1.5134281052483451	0.38888888888888895	4.000000000000001
11050	train	9.097714631264887e-05	1.1072221398353574	1.0282295876079137	0.14747216800848642	1.0311790307362876	1.520861976676517	0.4444444444444444	4.000000000000001
11060	train	9.095980858336444e-05	1.0004187292522855	0.9188345405790541	0.1948272246453497	0.9227310882674323	1.5537527402242024	0.36111111111111116	4.000000000000001
11070	train	9.094245607236101e-05	1.1345763206481934	1.048882696363661	0.1155250941713651	1.0511931975682576	1.6676625940534804	0.4166666666666667	4.000000000000001
11080	train	9.092508878677157e-05	1.056670712100135	0.9755385120709738	0.16000833155380356	0.9787386920717027	1.5586402151319718	0.3055555555555556	4.000000000000001
11090	train	9.090770673373513e-05	1.1831007401148481	1.0955862866507635	0.11360152396890852	1.0978583031230502	1.7048487133449979	0.36111111111111105	4.000000000000001
11100	train	9.08903099203968e-05	1.092973682615492	1.0104717744721305	0.1324154966407352	1.013120088312361	1.5970718595716686	0.4166666666666667	4.000000000000001
11110	train	9.087289835390778e-05	1.1564412911732993	1.0677258637216356	0.12507863922251594	1.0702274441719055	1.7242768473095365	0.44444444444444453	4.000000000000001
11120	train	9.085547204142526e-05	1.070509566201104	0.9845802850193448	0.20469769835472107	0.9886742565366956	1.6367062992519803	0.3611111111111111	4.000000000000001
11130	train	9.083803099011258e-05	1.0947368741035461	1.0137127505408392	0.15331614762544632	1.0167790916230945	1.559155649609036	0.36111111111111116	4.000000000000001
11140	train	9.082057520713906e-05	1.1113228069411385	1.030042144987318	0.15312897165616354	1.0331047309769525	1.5643616583612232	0.3888888888888889	4.000000000000001
11150	train	9.080310469968015e-05	1.1329423718982272	1.0518214768833585	0.1495015041695701	1.0548115306430392	1.5626170105404324	0.33333333333333337	4.000000000000001
11160	train	9.07856194749173e-05	1.1147224307060242	1.0351619521776834	0.14171283526553047	1.0379961993959215	1.534524930848016	0.4722222222222222	4.000000000000001
11170	train	9.076811954003802e-05	1.1422794063886006	1.0664354364077249	0.1262400998837418	1.068960256046719	1.466382967101203	0.4722222222222222	4.000000000000001
11180	train	9.075060490223588e-05	1.024738589922587	0.9567138685120476	0.15998359479837948	0.9599135518074036	1.2965006430943808	0.5555555555555556	4.000000000000001
11190	train	9.073307556871047e-05	1.0124947958522372	0.9321489996380277	0.2106693850623237	0.9363623791270785	1.5226484802034164	0.38888888888888895	4.000000000000001
11200	train	9.071553154666747e-05	1.126468519369761	1.0457200143072338	0.12559642477167976	1.0482319593429565	1.5647313263681197	0.41666666666666663	4.000000000000001
11210	train	9.069797284331853e-05	1.1024190452363756	1.017988920211792	0.13930314199792015	1.0207749803860984	1.6328814956876965	0.38888888888888895	4.000000000000001
11220	train	9.068039946588139e-05	1.1053641438484192	1.025425871213277	0.14119017206960255	1.0282496743732028	1.542289005385505	0.3055555555555556	4.000000000000001
11230	train	9.06628114215798e-05	1.0993908047676089	1.0207686622937522	0.14895954728126526	1.0237478613853455	1.5128588279088337	0.41666666666666674	4.000000000000001
11240	train	9.064520871764352e-05	1.139330075846778	1.0530747175216675	0.13672836166289118	1.0558093057738411	1.6704151630401614	0.3611111111111111	4.000000000000001
11250	train	9.062759136130839e-05	0.9826660090022619	0.9005214903089735	0.21997881101237401	0.904921081331041	1.5548982620239258	0.4444444444444444	4.000000000000001
11260	train	9.060995935981622e-05	1.101151896847619	1.0250897937350802	0.1504238032632404	1.0280982785754733	1.461072325706482	0.5277777777777777	4.000000000000001
11270	train	9.059231272041486e-05	1.1350276403956945	1.0573940806918674	0.12386948698096803	1.0598714682790968	1.5031234158409967	0.41666666666666674	4.000000000000001
11280	train	9.05746514503582e-05	1.157365686363644	1.07484550608529	0.11198756471276283	1.0770852367083232	1.6056089798609416	0.3333333333333333	4.000000000000001
11290	train	9.055697555690607e-05	1.159465259975857	1.0752651823891535	0.13391375376118556	1.0779434574974907	1.6304361621538799	0.41666666666666663	4.000000000000001
11300	train	9.05392850473244e-05	1.1172072423828971	1.0344299773375194	0.1419455367657873	1.037268900209003	1.5987668699688384	0.3055555555555556	4.000000000000001
11310	train	9.052157992888509e-05	1.1302147507667544	1.0552833610110812	0.13378467824723986	1.0579590598742168	1.4451140562693279	0.3333333333333333	4.000000000000001
11320	train	9.050386020886605e-05	1.0904242131445143	1.0071758230527241	0.14586875670486024	1.0100931988822088	1.6066204574373033	0.38888888888888884	4.000000000000001
11330	train	9.048612589455115e-05	1.1224199202325609	1.034784045484331	0.15450359301434624	1.0378741224606831	1.690915611055162	0.33333333333333337	4.000000000000001
11340	train	9.046837699323034e-05	1.140253225962321	1.0528509351942275	0.12070921353167957	1.0552651153670418	1.699762079450819	0.3055555555555556	4.000000000000001
11350	train	9.045061351219952e-05	1.0823473930358887	1.0119448304176328	0.15318488702178001	1.0150085422727797	1.3467765318022833	0.5277777777777779	4.000000000000001
11360	train	9.043283545876054e-05	0.9918835759162903	0.9201239744822185	0.19204198237922454	0.9239648116959466	1.358375151952108	0.5277777777777778	4.000000000000001
11370	train	9.041504284022133e-05	1.0922889841927421	1.0065662264823914	0.14525371707148022	1.0094712972640993	1.656353818045722	0.25	4.000000000000001
11380	train	9.039723566389576e-05	1.0483460161421034	0.966482785012987	0.15062263442410362	0.9694952368736267	1.5770158900154962	0.36111111111111116	4.000000000000001
11390	train	9.037941393710368e-05	1.0947808689541287	1.0193054609828525	0.14669613788525263	1.02223938703537	1.4508292939927843	0.5	4.000000000000001
11400	train	9.036157766717092e-05	1.0609432723787096	0.9713538024160596	0.18052322003576493	0.9749642544322543	1.7195800542831423	0.33333333333333337	4.000000000000001
11410	train	9.03437268614293e-05	1.1016652716530695	1.0177272425757515	0.1744185114900271	1.0212156375249226	1.6089928679996066	0.38888888888888884	4.000000000000001
11420	train	9.032586152721662e-05	1.1344068050384521	1.0476522114541795	0.12508594161934322	1.0501539243592157	1.6850577592849731	0.4722222222222222	4.000000000000001
11430	train	9.030798167187664e-05	1.0697219106886122	0.9824302858776518	0.17129281577136782	0.9858561423089769	1.6773154271973505	0.3055555555555556	4.000000000000001
11440	train	9.02900873027591e-05	1.130848811732398	1.0432076586617365	0.1274843807849619	1.0457573533058167	1.7018290890587697	0.25	4.000000000000001
11450	train	9.027217842721969e-05	1.1313011050224304	1.0502682261996799	0.1370372776356008	1.0530089603530035	1.5658427609337702	0.3055555555555556	4.000000000000001
11460	train	9.025425505262006e-05	1.1995759010314941	1.1018393834431965	0.10438672453165054	1.1039271023538375	1.912975867589315	0.3055555555555555	4.000000000000001
11470	train	9.023631718632787e-05	1.1350852648417153	1.0574302011066012	0.1295518254240354	1.0600212415059407	1.5012803475062053	0.4166666666666667	4.000000000000001
11480	train	9.021836483571666e-05	1.1706899139616223	1.091584516896142	0.11620438761181301	1.0939086079597473	1.5356259081098766	0.36111111111111116	4.000000000000001
11490	train	9.0200398008166e-05	1.045150273376041	0.965871274471283	0.14789718141158423	0.9688292145729065	1.5264214277267456	0.41666666666666663	4.000000000000001
11500	train	9.018241671106135e-05	1.062197075949775	0.9739481475618151	0.17412801790568566	0.9774307145012749	1.6953272157245212	0.38888888888888895	4.000000000000001
11510	train	9.016442095179413e-05	1.1792388889524672	1.0918516847822402	0.11596348550584581	1.0941709478696187	1.7013586627112494	0.33333333333333337	4.000000000000001
11520	train	9.014641073776176e-05	0.9926147593392266	0.910372859901852	0.19111574689547223	0.9141951865620085	1.568391137652927	0.2777777777777778	4.000000000000001
11530	train	9.01283860763675e-05	1.1178546481662326	1.0305530428886414	0.14331263427933058	1.0334193110466003	1.6887067423926458	0.22222222222222224	4.000000000000001
11540	train	9.011034697502066e-05	1.1491973731252882	1.0641221404075623	0.11209541310866675	1.0663640697797139	1.656666186120775	0.27777777777777785	4.000000000000001
11550	train	9.00922934411364e-05	1.1155670483907065	1.0332158141665988	0.12100263850556478	1.0356358687082927	1.5986234744389853	0.3333333333333333	4.000000000000001
11560	train	9.007422548213587e-05	1.0359867347611322	0.9621346129311455	0.15423799885643855	0.965219365225898	1.4153475231594508	0.5277777777777778	4.000000000000001
11570	train	9.00561431054461e-05	1.004296084245046	0.9225407110320197	0.20229516923427582	0.9265866213374666	1.5541891256968179	0.38888888888888895	4.000000000000001
11580	train	9.00380463185001e-05	1.1890122758017645	1.0986823505825467	0.10931000899937417	1.1008685694800484	1.7628743251164753	0.3055555555555555	4.000000000000001
11590	train	9.001993512873675e-05	1.1184449195861816	1.0319805476400588	0.14490250705016983	1.0348786049418979	1.6713262531492445	0.38888888888888884	4.000000000000001
11600	train	9.000180954360088e-05	1.1574999027782016	1.0724239945411682	0.11801150399777624	1.0747842126422458	1.6543138954374523	0.3055555555555556	4.000000000000001
11610	train	8.998366957054325e-05	1.154563460085127	1.0579092237684462	0.1293695668379466	1.0604965885480244	1.8813374969694348	0.2777777777777778	4.000000000000001
11620	train	8.996551521702052e-05	1.0767078730795117	0.9903092583020527	0.1648962853683366	0.9936071832974751	1.6620139943228827	0.3055555555555556	4.000000000000001
11630	train	8.994734649049524e-05	1.1062552995151944	1.0240865018632679	0.15801685386233857	1.027246846093072	1.5801687637964885	0.3611111111111111	4.000000000000001
11640	train	8.99291633984359e-05	1.0604527592658997	0.9761348499192131	0.18031205899185604	0.9797411031193204	1.6142333481046889	0.44444444444444453	4.000000000000001
11650	train	8.991096594831687e-05	1.1112189425362482	1.0353561043739319	0.11836699727508757	1.037723461786906	1.469909429550171	0.4444444444444444	4.000000000000001
11660	train	8.989275414761843e-05	1.1547020210160148	1.075801498360104	0.14222777924603885	1.0786460439364114	1.521119303173489	0.4444444444444445	4.000000000000001
11670	train	8.987452800382678e-05	1.0646262500021193	0.9875183701515198	0.17063111025426123	0.9909309943517051	1.4739052189721003	0.4444444444444444	4.000000000000001
11680	train	8.985628752443399e-05	1.1070672737227545	1.0252233544985454	0.14910421106550428	1.028205434481303	1.5772367318471274	0.38888888888888895	4.000000000000001
11690	train	8.983803271693806e-05	1.0432931979497275	0.9618542061911688	0.1829296143518554	0.9655127988921272	1.5556074645784166	0.38888888888888884	4.000000000000001
11700	train	8.98197635888428e-05	1.122716936800215	1.0476576420995924	0.11122550525599055	1.0498821536699932	1.4566956361134846	0.5000000000000001	4.000000000000001
11710	train	8.9801480147658e-05	1.1443209052085876	1.063024640083313	0.1152836920486556	1.065330313311683	1.5798114935557048	0.33333333333333326	4.000000000000001
11720	train	8.978318240089928e-05	1.1377856665187411	1.0628186795446608	0.11923013048039544	1.0652032825681899	1.45164774523841	0.4722222222222222	4.000000000000001
11730	train	8.976487035608815e-05	1.0575793054368763	0.9791974822680154	0.13825701591041353	0.9819626013437909	1.5123341017299228	0.4444444444444444	4.000000000000001
11740	train	8.9746544020752e-05	1.073707772625817	0.998491194513109	0.16596921367777717	1.0018105705579121	1.4379440546035767	0.4444444444444444	4.000000000000001
11750	train	8.972820340242409e-05	1.1449853181838991	1.059613671567705	0.12823690060112214	1.0621783932050068	1.6561384201049802	0.41666666666666674	4.000000000000001
11760	train	8.970984850864356e-05	1.095271713203854	1.0152883463435702	0.1582261464662022	1.0184528761439853	1.5363769398795233	0.4722222222222223	4.000000000000001
11770	train	8.969147934695542e-05	1.0817646847830877	0.9949954946835835	0.1673944261338976	0.9983433816168044	1.66842602358924	0.3611111111111111	4.000000000000001
11780	train	8.967309592491052e-05	1.0946574674712286	1.0116653773519728	0.1497882625295056	1.0146611465348137	1.5999263789918685	0.33333333333333337	4.000000000000001
11790	train	8.96546982500656e-05	1.0721831851535373	0.9990804725223117	0.13715883841117224	1.001823643843333	1.407190865940518	0.47222222222222227	4.000000000000001
11800	train	8.963628632998328e-05	1.1718901793162029	1.0930184655719333	0.11195140414767794	1.0952575008074443	1.5326535900433857	0.4722222222222222	4.000000000000001
11810	train	8.961786017223195e-05	1.1893713341818917	1.1065365605884128	0.11833671811554168	1.108903295463986	1.6093602312935724	0.4444444444444445	4.000000000000001
11820	train	8.959941978438594e-05	1.1158566276232402	1.0302315950393677	0.1436248314049509	1.0331040951940749	1.6550502247280545	0.33333333333333337	4.000000000000001
11830	train	8.95809651740254e-05	1.0955083171526592	1.0097498297691345	0.1666919059223599	1.0130836632516649	1.6484932634565563	0.3333333333333333	4.000000000000001
11840	train	8.956249634873632e-05	1.0028241475423176	0.9304663274023267	0.1757674084769355	0.9339816768964132	1.3768492539723713	0.5277777777777778	4.000000000000001
11850	train	8.95440133161105e-05	1.1626978052986994	1.0789576371510825	0.1371957113345464	1.081701550218794	1.6199249691433377	0.33333333333333337	4.000000000000001
11860	train	8.952551608374568e-05	1.1174510783619351	1.0342314905590482	0.13559900638129976	1.0369434820281134	1.6101519531673854	0.3333333333333333	4.000000000000001
11870	train	8.950700465924532e-05	1.1651618083318074	1.082295623090532	0.11696900096204545	1.0846349861886768	1.6105367475085788	0.19444444444444448	4.000000000000001
11880	train	8.94884790502188e-05	1.0849969850646124	1.0088089770740933	0.17764721065759656	1.0123619238535562	1.4527010255389743	0.4444444444444444	4.000000000000001
11890	train	8.946993926428127e-05	1.102116949028439	1.0189890464146933	0.1571880839765072	1.0221328006850348	1.599682993359036	0.36111111111111105	4.000000000000001
11900	train	8.945138530905377e-05	1.1040781405236986	1.0275321337911818	0.1519980339540376	1.0305720832612781	1.4701210392846003	0.41666666666666674	4.000000000000001
11910	train	8.943281719216311e-05	1.1418436765670776	1.0643521348635354	0.12313872327407199	1.066814919312795	1.5005750523673165	0.4999999999999999	4.000000000000001
11920	train	8.941423492124193e-05	1.069304625193278	0.9756549530559117	0.16799032770925099	0.9790147609180874	1.8057973517311943	0.2777777777777778	4.000000000000001
11930	train	8.939563850392872e-05	1.1098196374045477	1.0273665653334723	0.1461640592250559	1.0302898354000516	1.5905962785085042	0.33333333333333337	4.000000000000001
11940	train	8.937702794786777e-05	1.0808939139048257	0.9947618842124938	0.1507835653093126	0.9977775547239515	1.6623271306355794	0.44444444444444453	4.000000000000001
11950	train	8.935840326070916e-05	1.068823496500651	0.9837124811278449	0.15045537385675645	0.9867215752601624	1.6420386367373996	0.41666666666666663	4.000000000000001
11960	train	8.933976445010878e-05	1.1014626026153564	1.0283549361758761	0.1644871938559744	1.0316446622212727	1.3963588078816733	0.4444444444444444	4.000000000000001
11970	train	8.932111152372838e-05	1.057989173465305	0.9779675404230754	0.16843973265753853	0.9813363287183973	1.5330566167831419	0.38888888888888884	4.000000000000001
11980	train	8.930244448923544e-05	1.1351905663808188	1.0531256331337824	0.13873230748706392	1.0559002823299832	1.5858057339986165	0.3888888888888889	4.000000000000001
11990	train	8.92837633543033e-05	1.1072369019190471	1.0254786014556885	0.11881885305047034	1.0278549790382385	1.587638305293189	0.4166666666666667	4.000000000000001
12000	train	8.926506812661105e-05	1.072018153137631	0.9876053002145555	0.17256857620345223	0.9910566674338447	1.619229753812154	0.33333333333333337	4.000000000000001
12000	val		1.1573340212926269	1.0795610167551786	0.12058118099230342	1.0819726397749037	1.507227623835206	0.484375	1.0
12010	train	8.92463588138436e-05	1.1303649346033733	1.0448389384481642	0.1404186449944973	1.0476473304960463	1.6543518834643895	0.41666666666666663	4.000000000000001
12020	train	8.922763542369164e-05	1.0289922157923381	0.9463843703269958	0.18266607200105983	0.9500376847055223	1.5790906879636974	0.4444444444444444	4.000000000000001
12030	train	8.920889796385165e-05	1.103925731447008	1.0175622502962747	0.1661786345971955	1.0208858251571655	1.6607979403601751	0.4166666666666667	4.000000000000001
12040	train	8.91901464420259e-05	1.06538407670127	0.9824883341789246	0.17218640612231362	0.9859320720036824	1.5890400012334187	0.44444444444444453	4.000000000000001
12050	train	8.917138086592241e-05	1.0741124881638422	1.0024697780609129	0.16444942437940174	1.0057587756050959	1.367074343893263	0.5555555555555556	4.000000000000001
12060	train	8.9152601243255e-05	1.0375936163796318	0.9531051317850748	0.18639205396175385	0.9568329784605238	1.615212678909302	0.38888888888888884	4.000000000000001
12070	train	8.913380758174329e-05	1.1671453714370728	1.0829550094074671	0.1063799953295125	1.0850825905799866	1.6412558489375642	0.36111111111111116	4.000000000000001
12080	train	8.911499988911264e-05	1.0791792405976188	1.0060407519340515	0.1321263499557972	1.0086832708782618	1.4099190764957004	0.4722222222222222	4.000000000000001
12090	train	8.909617817309415e-05	1.030800415409936	0.9468456837866043	0.18007669266727236	0.9504472215970358	1.6070637967851427	0.33333333333333337	4.000000000000001
12100	train	8.907734244142475e-05	1.0570709970262315	0.9871091246604917	0.152263762222396	0.9901544054349264	1.3383319642808702	0.5555555555555556	4.000000000000001
12110	train	8.905849270184708e-05	1.1007371346155803	1.0199642711215549	0.12994591229491764	1.022563185956743	1.5634788804584079	0.3055555555555555	4.000000000000001
12120	train	8.903962896210958e-05	1.0875399046474032	1.0059275494681463	0.1485711820423603	1.0088989602194893	1.5728189945220947	0.4722222222222222	4.000000000000001
12130	train	8.902075122996637e-05	1.0626298718982272	0.9876019822226629	0.17301610112190247	0.9910622901386685	1.4313515027364097	0.38888888888888884	4.000000000000001
12140	train	8.900185951317743e-05	1.0793125761879814	1.0025987956258984	0.14522579560677212	1.0055033100975883	1.4761850171618993	0.3611111111111111	4.000000000000001
12150	train	8.89829538195084e-05	1.0988078316052754	1.0170041124025981	0.16997707469595802	1.0204036699401007	1.5680834452311199	0.38888888888888895	4.000000000000001
12160	train	8.89640341567307e-05	1.0320615139272478	0.9539553622404734	0.19477649943696126	0.9578508900271523	1.48421221309238	0.5	4.000000000000001
12170	train	8.89451005326215e-05	1.1774253182941012	1.0949015021324158	0.12008443474769594	1.0973031984435189	1.6024425824483235	0.3611111111111111	4.000000000000001
12180	train	8.89261529549637e-05	1.0972541703118217	1.0202968385484483	0.1329906831185023	1.0229566494623819	1.4859506421618993	0.41666666666666663	4.000000000000001
12190	train	8.89071914315459e-05	1.106247345606486	1.021184073554145	0.14251912385225296	1.024034467008379	1.6442572408252292	0.41666666666666674	4.000000000000001
12200	train	8.88882159701625e-05	1.0856044822269015	1.0053385628594294	0.15279733844929272	1.0083945128652783	1.5441995196872287	0.4444444444444445	4.000000000000001
12210	train	8.886922657861357e-05	1.148068176375495	1.0751763714684381	0.11154490543736353	1.0774072806040444	1.413218034638299	0.4722222222222223	4.000000000000001
12220	train	8.885022326470496e-05	1.1711724532975092	1.0920129550827875	0.11476372844643062	1.094308223989275	1.537284519937303	0.4444444444444444	4.000000000000001
12230	train	8.88312060362482e-05	1.1267232828670077	1.0532777044508193	0.13788180467155245	1.0560353265868292	1.4137586951255798	0.5555555555555556	4.000000000000001
12240	train	8.881217490106057e-05	1.0581635700331795	0.9747787912686666	0.13110244356923634	0.9774008459515041	1.6152545081244576	0.4444444444444444	4.000000000000001
12250	train	8.8793129866965e-05	1.0037774112489488	0.914468718899621	0.18401247014602023	0.9181489745775859	1.7125689586003623	0.36111111111111105	4.000000000000001
12260	train	8.877407094179026e-05	1.0413840545548332	0.9671336544884577	0.1512616930736436	0.9701588948567709	1.4245031740930345	0.41666666666666674	4.000000000000001
12270	train	8.875499813337069e-05	1.1143720149993896	1.0363268057505288	0.1069769457810455	1.0384663277202182	1.518113652865092	0.5	4.000000000000001
12280	train	8.873591144954642e-05	1.0924885074297586	1.0186439487669203	0.13451601730452645	1.0213342706362407	1.4230848285886977	0.4722222222222222	4.000000000000001
12290	train	8.871681089816328e-05	1.001615994506412	0.9145387344890171	0.2008140997754203	0.9185550212860107	1.661219212743971	0.2222222222222222	4.000000000000001
12300	train	8.869769648707278e-05	1.135397175947825	1.0500816967752247	0.12468683554066554	1.0525754491488137	1.6564344300164118	0.33333333333333337	4.000000000000001
12310	train	8.867856822413212e-05	1.0755179590649075	0.9913099540604485	0.16396073665883806	0.994589196311103	1.6185752285851374	0.38888888888888895	4.000000000000001
12320	train	8.86594261172042e-05	1.0866239004664953	1.003833081987169	0.14937937590810987	1.0068206787109375	1.5960642629199557	0.33333333333333337	4.000000000000001
12330	train	8.864027017415766e-05	1.1250999702347648	1.048198037677341	0.13449136830038494	1.0508878827095032	1.4842416577868993	0.38888888888888895	4.000000000000001
12340	train	8.862110040286674e-05	1.1150686873330011	1.0318021575609841	0.13704667819870844	1.0345430837737188	1.6105120182037354	0.3055555555555556	4.000000000000001
12350	train	8.860191681121142e-05	1.0355166263050504	0.9438502920998468	0.18123309479819405	0.9474749498897128	1.7608336077796087	0.2777777777777778	4.000000000000001
12360	train	8.858271940707737e-05	1.0967179404364693	1.0193109048737419	0.14467883689535987	1.0222044785817466	1.4902691973580253	0.4722222222222222	4.000000000000001
12370	train	8.856350819835589e-05	1.1662964688407051	1.091823981867896	0.09783764017952812	1.0937807361284893	1.4503146674897935	0.47222222222222227	4.000000000000001
12380	train	8.854428319294399e-05	1.0553064346313477	0.9719268480936686	0.16425481024715635	0.975211931599511	1.601889941427443	0.27777777777777773	4.000000000000001
12390	train	8.852504439874435e-05	1.0414935482872858	0.966683480474684	0.17495402859316933	0.9701825579007467	1.4262195428212483	0.4722222222222222	4.000000000000001
12400	train	8.850579182366532e-05	1.1047631833288405	1.0285648902257283	0.16534611210227013	1.0318718221452499	1.4578272236718075	0.5277777777777779	4.000000000000001
12410	train	8.84865254756209e-05	1.162173198329078	1.0803362594710457	0.12094406949149236	1.0827551417880588	1.588361064592997	0.36111111111111116	4.000000000000001
12420	train	8.846724536253073e-05	1.17475782500373	1.1009209685855441	0.12635425933533245	1.1034480399555628	1.426195873154534	0.4444444444444444	4.000000000000001
12430	train	8.844795149232017e-05	1.1525318158997429	1.0757901271184285	0.12156508531835343	1.0782214204470317	1.4862079620361328	0.33333333333333337	4.000000000000001
12440	train	8.842864387292019e-05	0.9996024105283948	0.916233029630449	0.19966586182514823	0.9202263487709893	1.5875209040111966	0.33333333333333337	4.000000000000001
12450	train	8.840932251226743e-05	1.0943232708507113	1.0102113087972007	0.1684444426662392	1.013580196433597	1.6148611704508462	0.41666666666666663	4.000000000000001
12460	train	8.838998741830417e-05	1.1109324163860745	1.03046715259552	0.1386755663487646	1.0332406693034701	1.5538349681430392	0.38888888888888895	4.000000000000001
12470	train	8.837063859897833e-05	1.094198511706458	1.0099102523591783	0.14715561187929577	1.0128533707724676	1.6269027127159967	0.38888888888888884	4.000000000000001
12480	train	8.835127606224347e-05	1.098204169008467	1.0219111045201619	0.14257516298029158	1.0247626172171698	1.4688313669628568	0.38888888888888884	4.000000000000001
12490	train	8.833189981605883e-05	1.1132528318299189	1.0220651825269063	0.14382474372784299	1.024941669570075	1.7662229273054333	0.24999999999999997	4.000000000000001
12500	train	8.83125098683892e-05	1.186815765168932	1.105465915468004	0.09134922549128532	1.1072929037941828	1.5904575851228502	0.4444444444444444	4.000000000000001
12510	train	8.82931062272051e-05	1.0474202897813583	0.9589426385031806	0.19043452789386114	0.9627513488133748	1.6933790842692056	0.25000000000000006	4.000000000000001
12520	train	8.827368890048264e-05	1.1219103336334229	1.040123873286777	0.1449632462528017	1.043023149172465	1.5777436229917738	0.41666666666666663	4.000000000000001
12530	train	8.825425789620351e-05	1.0918872555096943	1.0094248387548659	0.16682451797856224	1.0127613345781963	1.582517941792806	0.27777777777777773	4.000000000000001
12540	train	8.823481322235509e-05	1.1349139478471544	1.0626844896210565	0.13592737168073654	1.0654030508465238	1.390218092335595	0.6111111111111112	4.000000000000001
12550	train	8.821535488693034e-05	1.1147607035107083	1.0318037006590102	0.13690991989440388	1.0345419115490384	1.604375892215305	0.33333333333333337	4.000000000000001
12560	train	8.819588289792784e-05	1.1483129130469432	1.071622888247172	0.11943320681651434	1.074011544386546	1.4860271877712674	0.4444444444444445	4.000000000000001
12570	train	8.817639726335182e-05	1.0127929912673101	0.9297989805539448	0.160691373464134	0.9330128033955892	1.5956039163801405	0.3888888888888889	4.000000000000001
12580	train	8.815689799121204e-05	1.0441415905952454	0.9594994253582425	0.17331940929094952	0.9629657997025384	1.6235153807534113	0.33333333333333337	4.000000000000001
12590	train	8.813738508952396e-05	0.9581945074929131	0.8683086368772718	0.22268574602074095	0.8727623489167955	1.7086431450313992	0.25	4.000000000000001
12600	train	8.811785856630858e-05	1.1217735674646165	1.0461164911588032	0.16074425313207838	1.049331373638577	1.4488443930943806	0.5000000000000001	4.000000000000001
12610	train	8.80983184295925e-05	1.0786761376592848	0.9984642995728388	0.14703432387775844	1.0014049741956923	1.545423322253757	0.4444444444444445	4.000000000000001
12620	train	8.807876468740795e-05	1.0898306502236261	1.0105682876374986	0.15941300160355037	1.0137565467092726	1.5214820040596857	0.44444444444444453	4.000000000000001
12630	train	8.805919734779274e-05	1.1156208846304152	1.0370710624588861	0.13231992473204932	1.0397174490822685	1.5180686844719784	0.47222222222222215	4.000000000000001
12640	train	8.803961641879025e-05	1.024054381582472	0.9416669209798177	0.19231054435173672	0.9455131424797905	1.570824768808153	0.36111111111111116	4.000000000000001
12650	train	8.802002190844947e-05	1.0467604398727417	0.9624136156506007	0.16113445286949477	0.9656363096502092	1.6224826176961262	0.3055555555555556	4.000000000000001
12660	train	8.800041382482496e-05	1.074556099043952	0.9810621870888603	0.17773996459113228	0.9846169816123115	1.798782361878289	0.3055555555555556	4.000000000000001
12670	train	8.798079217597686e-05	1.0867969526184929	1.0068790250354342	0.15596393247445425	1.0099983082877266	1.5359727276696098	0.41666666666666674	4.000000000000001
12680	train	8.79611569699709e-05	1.137495928340488	1.0671885874536302	0.12153932452201843	1.0696193642086453	1.3575311501820884	0.5277777777777778	4.000000000000001
12690	train	8.794150821487835e-05	1.0990166266759236	1.0042624539799159	0.1614599832230144	1.0074916415744357	1.830499728520711	0.19444444444444448	4.000000000000001
12700	train	8.792184591877607e-05	1.1325691673490736	1.055547383096483	0.1120085877676805	1.0577875706884596	1.495631774266561	0.5277777777777778	4.000000000000001
12710	train	8.790217008974651e-05	1.1412748363282945	1.0564262535836961	0.14089927656782997	1.059244235356649	1.6406118075052898	0.3055555555555556	4.000000000000001
12720	train	8.788248073587764e-05	1.1262693670060901	1.0334131254090202	0.14135024448235828	1.0362401207288108	1.800585124227736	0.22222222222222227	4.000000000000001
12730	train	8.786277786526304e-05	1.1056413782967462	1.0267965197563171	0.14634653677543005	1.0297234588199191	1.5183585749732122	0.44444444444444453	4.000000000000001
12740	train	8.784306148600179e-05	1.1193015509181552	1.0377829472223918	0.1482688689397441	1.040748331281874	1.5710643000072904	0.41666666666666674	4.000000000000001
12750	train	8.782333160619854e-05	1.110934442943997	1.025336821873983	0.12525526434183118	1.0278418991300795	1.661850889523824	0.33333333333333337	4.000000000000001
12760	train	8.780358823396352e-05	1.1178294552697077	1.0428002145555286	0.12938769989543492	1.045387970076667	1.4488296641243827	0.4722222222222222	4.000000000000001
12770	train	8.778383137741248e-05	1.028150882985857	0.9436212115817599	0.19072084046072432	0.9474356306923759	1.6143050723605685	0.33333333333333337	4.000000000000001
12780	train	8.776406104466673e-05	1.1239561835924785	1.041299137804243	0.11434266302320693	1.043586015701294	1.6074032518598769	0.4722222222222222	4.000000000000001
12790	train	8.774427724385306e-05	1.0816467338138156	0.9979132215181987	0.15975974624355632	1.0011084013515048	1.6107669803831315	0.36111111111111116	4.000000000000001
12800	train	8.772447998310388e-05	1.1099957029024758	1.0375274618466694	0.1349409959382481	1.0402262806892395	1.3953884177737765	0.5	4.000000000000001
12810	train	8.77046692705571e-05	1.0962445206112332	1.014382667011685	0.15790700332985982	1.0175407992468941	1.57407455974155	0.36111111111111116	4.000000000000001
12820	train	8.768484511435615e-05	1.067554043398963	0.991537246439192	0.1759743673933877	0.9950567285219828	1.4499461121029324	0.49999999999999994	4.000000000000001
12830	train	8.766500752264999e-05	1.0771079460779827	1.0028363135125902	0.16706083301040858	1.0061775181028578	1.418608519766066	0.41666666666666663	4.000000000000001
12840	train	8.764515650359309e-05	1.0964683095614116	1.0020075837771099	0.17027334206634098	1.005413035551707	1.8211053080028958	0.36111111111111116	4.000000000000001
12850	train	8.762529206534548e-05	1.1009968717892966	1.0193725294537015	0.1275594602856371	1.021923714213901	1.5814631250169542	0.36111111111111116	4.000000000000001
12860	train	8.760541421607265e-05	1.0418846077389188	0.957889841662513	0.15477358053127924	0.9609853161705865	1.6179858048756917	0.33333333333333337	4.000000000000001
12870	train	8.758552296394566e-05	1.0912817120552063	1.0095891224013436	0.17212838182846704	1.013031694624159	1.5650002691480849	0.41666666666666663	4.000000000000001
12880	train	8.756561831714104e-05	1.1077976094351876	1.026320907804701	0.1353262960910797	1.0290274288919237	1.5754037830564709	0.3055555555555556	4.000000000000001
12890	train	8.754570028384085e-05	1.0461817185084024	0.9633677535586886	0.15171430342727238	0.9664020472102695	1.5955938498179116	0.38888888888888884	4.000000000000001
12900	train	8.752576887223262e-05	1.1299288007948132	1.0465564396646287	0.14596338073412576	1.0494757095972698	1.6090618636873035	0.41666666666666674	4.000000000000001
12910	train	8.750582409050941e-05	1.0945129924350314	1.0121296445528667	0.172090797788567	1.0155714551607766	1.5788310501310563	0.4444444444444444	4.000000000000001
12920	train	8.748586594686979e-05	1.057710892624325	0.9730311963293288	0.16886277331246272	0.9764084484842088	1.6260486443837483	0.3055555555555556	4.000000000000001
12930	train	8.746589444951777e-05	1.0864952206611633	1.0129961371421814	0.13158921069569057	1.0156278941366408	1.4173463582992551	0.4444444444444444	4.000000000000001
12940	train	8.744590960666287e-05	1.0079986784193251	0.9287492566638524	0.1488952860236168	0.9317271576987374	1.5254304806391397	0.3055555555555556	4.000000000000001
12950	train	8.742591142652014e-05	1.0994779136445787	1.0184329019652472	0.14405037876632476	1.0213139057159424	1.5632804301049976	0.41666666666666663	4.000000000000001
12960	train	8.740589991731003e-05	1.1172720789909363	1.0380066500769722	0.14642919765578377	1.0409352249569364	1.5267368952433267	0.44444444444444453	4.000000000000001
12970	train	8.738587508725857e-05	1.071259445614285	0.9929360681109959	0.17194942716095185	0.9963750574323866	1.4976876444286769	0.4722222222222222	4.000000000000001
12980	train	8.736583694459716e-05	1.050937162505256	0.97176198164622	0.19570683025651509	0.9756761259502834	1.5052207046084933	0.36111111111111116	4.000000000000001
12990	train	8.734578549756277e-05	1.1298088100221424	1.048757553100586	0.13555050227377152	1.0514685842725966	1.5668045944637725	0.38888888888888884	4.000000000000001
13000	train	8.732572075439774e-05	0.9983792040083143	0.9139646357960172	0.18501113024022844	0.9176648590299817	1.6142872042126126	0.33333333333333337	4.000000000000001
13000	val		1.1531305559910834	1.0739738778211176	0.1223842543840874	1.0764215553645045	1.5341800982132554	0.46875	1.0
13010	train	8.730564272334998e-05	1.127434942457411	1.0447738965352378	0.12805698356694645	1.0473350286483765	1.6019980510075884	0.41666666666666663	4.000000000000001
13020	train	8.728555141267278e-05	1.092624670929379	1.0093763603104486	0.1467916054858102	1.0123122003343372	1.606249173482259	0.33333333333333337	4.000000000000001
13030	train	8.726544683062492e-05	1.0484328269958496	0.9832588500446742	0.1662522256374359	0.9865839083989462	1.2369783719380698	0.5555555555555556	4.000000000000001
13040	train	8.724532898547066e-05	1.0338471829891205	0.9594478838973575	0.146600256777472	0.9623798926671346	1.4293457004759047	0.38888888888888895	4.000000000000001
13050	train	8.722519788547964e-05	1.024137576421102	0.9415927396880256	0.16763928449816173	0.9449455142021179	1.5838413900799222	0.47222222222222227	4.000000000000001
13060	train	8.720505353892705e-05	1.1596537828445432	1.066811329788632	0.129178985953331	1.0693948931164212	1.8051780859629314	0.24999999999999997	4.000000000000001
13070	train	8.718489595409341e-05	1.0393049518267314	0.9524838195906745	0.20593482752641043	0.9566025137901306	1.654048813713921	0.27777777777777773	4.000000000000001
13080	train	8.71647251392648e-05	1.1127445432874892	1.028027832508087	0.16356631285614437	1.0312991539637248	1.6289077864752874	0.41666666666666663	4.000000000000001
13090	train	8.714454110273264e-05	1.1305052902963426	1.050414350297716	0.12346340053611332	1.0528836117850409	1.5524336232079399	0.44444444444444436	4.000000000000001
13100	train	8.712434385279384e-05	1.0896997782919142	1.0016622609562345	0.16456841429074606	1.0049536360634697	1.6949222485224407	0.3055555555555556	4.000000000000001
13110	train	8.710413339775074e-05	1.1314096980624728	1.045493099424574	0.13596646901634005	1.048212428887685	1.663945436477661	0.4722222222222222	4.000000000000001
13120	train	8.708390974591106e-05	0.989550769329071	0.9032487405671014	0.21500421067078912	0.9075488249460855	1.6400390201144748	0.3055555555555556	4.000000000000001
13130	train	8.7063672905588e-05	1.0709907478756375	0.9795834488338894	0.16249922456012833	0.9828334450721742	1.7631463739607067	0.36111111111111116	4.000000000000001
13140	train	8.704342288510016e-05	1.1331755055321588	1.0510997573534646	0.13421889642874402	1.0537841187583077	1.5878278149498837	0.2777777777777778	4.000000000000001
13150	train	8.702315969277156e-05	1.1251138316260445	1.0389296213785806	0.15453117258018917	1.0420202480422127	1.6618714067671032	0.5	4.000000000000001
13160	train	8.700288333693163e-05	1.135523173544142	1.0463076101409063	0.14171176114016107	1.049141850736406	1.7276266018549602	0.25	4.000000000000001
13170	train	8.698259382591521e-05	1.0718801154030695	0.9929017490810819	0.15298090999325115	0.9959613747066922	1.5183748271730213	0.33333333333333337	4.000000000000001
13180	train	8.696229116806257e-05	1.156606846385532	1.079265707068973	0.1243565777937571	1.0817528300815158	1.497080365816752	0.47222222222222227	4.000000000000001
13190	train	8.694197537171934e-05	1.070054868857066	0.9845807684792411	0.16942307021882802	0.9879692329300773	1.6417127582761974	0.3333333333333333	4.000000000000001
13200	train	8.69216464452366e-05	1.145379900932312	1.0716726051436531	0.12197655315200488	1.07411214378145	1.425354931089613	0.49999999999999994	4.000000000000001
13210	train	8.690130439697079e-05	1.1144906216197543	1.0339961118168302	0.13959858152601454	1.0367880860964456	1.5540511475669014	0.41666666666666674	4.000000000000001
13220	train	8.688094923528375e-05	1.033367951711019	0.9520445532268949	0.17811715271737838	0.9556069042947557	1.5552207231521609	0.36111111111111116	4.000000000000001
13230	train	8.686058096854274e-05	1.1065312888887195	1.0256936417685616	0.13559811645083958	1.0284056266148887	1.562513166003757	0.36111111111111116	4.000000000000001
13240	train	8.684019960512037e-05	1.035624384880066	0.9531166619724698	0.20023384855853182	0.9571213424205781	1.5700609816445246	0.36111111111111116	4.000000000000001
13250	train	8.681980515339464e-05	1.1167518562740748	1.0354207952817283	0.16123159146971172	1.0386454264322917	1.5621287160449557	0.3611111111111111	4.000000000000001
13260	train	8.679939762174896e-05	1.0754104521539476	0.9994642204708523	0.1558213217390908	1.0025806493229337	1.4565960367520652	0.4722222222222222	4.000000000000001
13270	train	8.677897701857209e-05	1.1045335663689506	1.0238654083675809	0.1275990249382125	1.0264173878563776	1.5623240338431463	0.36111111111111116	4.000000000000001
13280	train	8.675854335225816e-05	1.1612429751290216	1.0757976439264085	0.1225764180223147	1.0782491829660203	1.659875684314304	0.38888888888888895	4.000000000000001
13290	train	8.67380966312067e-05	1.1180484294891357	1.0341419710053337	0.15001738568147022	1.0371423098776076	1.6181221935484145	0.3888888888888889	4.000000000000001
13300	train	8.671763686382253e-05	1.0546894139713714	0.9733752740754023	0.16674484933416048	0.9767101605733235	1.5595850149790447	0.3333333333333333	4.000000000000001
13310	train	8.669716405851595e-05	1.092367238468594	1.0082532829708524	0.15600765248139697	1.0113734536700778	1.6198761198255751	0.4166666666666667	4.000000000000001
13320	train	8.667667822370252e-05	1.0424504743682013	0.9594129655096267	0.1876982483598921	0.9631669322649637	1.5856708420647514	0.3055555555555555	4.000000000000001
13330	train	8.665617936780322e-05	1.0334044628673131	0.9483099844720628	0.1781278004248937	0.9518725209765964	1.6306388113233776	0.44444444444444453	4.000000000000001
13340	train	8.663566749924434e-05	1.123157759507497	1.0328265097406175	0.14987953669495055	1.0358241067992315	1.7466726965374415	0.4166666666666667	4.000000000000001
13350	train	8.661514262645752e-05	1.0909274352921379	1.0251938501993814	0.14901158917281362	1.0281740758154128	1.2550672690073648	0.6111111111111112	4.000000000000001
13360	train	8.659460475787978e-05	1.0722099410163033	0.9869336154725817	0.1593966173628966	0.9901215500301784	1.6417674091127186	0.33333333333333337	4.000000000000001
13370	train	8.657405390195347e-05	1.1212534175978766	1.0358012186156378	0.16019409481022093	1.0390051139725578	1.6449660062789917	0.3055555555555556	4.000000000000001
13380	train	8.655349006712624e-05	1.0939400593439736	1.0141490234269035	0.12667815014719963	1.0166825850804646	1.5451493263244631	0.3333333333333333	4.000000000000001
13390	train	8.653291326185113e-05	1.0858031709988911	0.9953411353958976	0.167754621969329	0.9986962344911364	1.7421386506822376	0.41666666666666663	4.000000000000001
13400	train	8.651232349458648e-05	1.087865326139662	1.0119501286082797	0.15778429764840338	1.0151058038075764	1.4551904598871868	0.4444444444444444	4.000000000000001
13410	train	8.649172077379596e-05	1.136277351114485	1.0606449180179172	0.1273744383619891	1.0631924271583557	1.4616985850863988	0.47222222222222227	4.000000000000001
13420	train	8.647110510794858e-05	1.0813750823338828	0.9937764339976841	0.18330944577852887	0.9974426097340053	1.678649690416124	0.38888888888888884	4.000000000000001
13430	train	8.645047650551866e-05	1.1345551874902513	1.0472550524605646	0.13592372089624405	1.0499735275904336	1.691633317205641	0.38888888888888895	4.000000000000001
13440	train	8.642983497498584e-05	1.154306047492557	1.0711862179968092	0.12452922513087589	1.073676804701487	1.612584670384725	0.2777777777777778	4.000000000000001
13450	train	8.640918052483508e-05	1.1584209865993924	1.076346000035604	0.11155018955469131	1.0785769886440701	1.5968800120883515	0.4722222222222222	4.000000000000001
13460	train	8.638851316355661e-05	1.1559901105033028	1.0752082864443462	0.1261592474248674	1.0777314768897162	1.565172341134813	0.5	4.000000000000001
13470	train	8.636783289964603e-05	1.014671696556939	0.9353565573692323	0.18682531101836097	0.9390930599636501	1.5115730100207858	0.3888888888888889	4.000000000000001
13480	train	8.634713974160423e-05	1.1473802394337123	1.0643593072891235	0.13585409770409268	1.0670763850212097	1.6060771014955306	0.3055555555555556	4.000000000000001
13490	train	8.632643369793736e-05	1.1330195996496413	1.0475100609991286	0.13867599765459696	1.0502835975752935	1.654720041486952	0.3055555555555556	4.000000000000001
13500	train	8.630571477715689e-05	1.139415356847975	1.0559660063849554	0.12170649775200419	1.0584001342455547	1.6203047302034168	0.41666666666666663	4.000000000000001
13510	train	8.628498298777961e-05	1.1216020517879064	1.0503539045651755	0.12744697597291732	1.052902857462565	1.3739838732613454	0.5555555555555556	4.000000000000001
13520	train	8.626423833832755e-05	1.1870543029573228	1.1076712475882635	0.10639243283205563	1.1097990804248385	1.5451040003034804	0.3611111111111111	4.000000000000001
13530	train	8.624348083732806e-05	1.131883184115092	1.0496918029255335	0.1454661712050438	1.0526011188824973	1.5856414106157088	0.3055555555555556	4.000000000000001
13540	train	8.622271049331378e-05	1.1041314866807725	1.0182387497689989	0.14311759091085857	1.0211011038886177	1.6606081194347806	0.41666666666666674	4.000000000000001
13550	train	8.620192731482258e-05	1.0911683705117967	1.011702928278181	0.13328699602021113	1.014368666542901	1.5359940263960095	0.36111111111111105	4.000000000000001
13560	train	8.618113131039768e-05	1.118383136060503	1.036860121621026	0.13349766698148516	1.039530078570048	1.5770612292819552	0.3611111111111111	4.000000000000001
13570	train	8.616032248858751e-05	1.1075075599882336	1.0193300578329298	0.15946540360649425	1.022519376542833	1.6997639735539756	0.27777777777777773	4.000000000000001
13580	train	8.613950085794579e-05	1.0301600562201607	0.9509270389874777	0.18136516254809168	0.9545543524954055	1.5121139817767673	0.5	4.000000000000001
13590	train	8.611866642703151e-05	1.1438340213563707	1.06983615954717	0.13727455875939792	1.0725816554493375	1.4250472320450678	0.4444444444444444	4.000000000000001
13600	train	8.609781920440892e-05	1.1313838627603319	1.0453043911192152	0.13132322165701127	1.047930876413981	1.6690600050820246	0.19444444444444448	4.000000000000001
13610	train	8.607695919864752e-05	1.126658691300286	1.0457662410206265	0.10671068852146466	1.047900464799669	1.5751642915937636	0.4444444444444445	4.000000000000001
13620	train	8.605608641832206e-05	1.0687923298941717	0.9886680907673305	0.17970449560218385	0.9922621978653802	1.5306027862760754	0.4722222222222222	4.000000000000001
13630	train	8.603520087201259e-05	1.1689338816536798	1.091364363829295	0.11432454569472206	1.0936508509847853	1.5056601696544225	0.5	4.000000000000001
13640	train	8.601430256830432e-05	1.0919359856181674	1.0162389940685694	0.14232200880845391	1.0190854337480333	1.4570110903845892	0.3888888888888889	4.000000000000001
13650	train	8.599339151578778e-05	1.1237908866670396	1.036008271906111	0.13631733258565265	1.0387346082263522	1.701125356886122	0.25	4.000000000000001
13660	train	8.597246772305873e-05	1.1549764672915142	1.0681931244002447	0.11696260588036643	1.070532374911838	1.688881860838996	0.25	4.000000000000001
13670	train	8.59515311987181e-05	1.0066929327117071	0.9313087662061056	0.22093438191546336	0.9357274439599781	1.4193095631069608	0.44444444444444453	4.000000000000001
13680	train	8.593058195137217e-05	1.0093961622979906	0.9375828504562379	0.16012155099047554	0.94078528881073	1.3722175558408103	0.5	4.000000000000001
13690	train	8.590961998963233e-05	1.0759552650981479	0.9954435626665751	0.13561657071113586	0.9981558918952942	1.555987212393019	0.41666666666666674	4.000000000000001
13700	train	8.588864532211527e-05	1.137084464232127	1.0568405257331002	0.1273956373333931	1.0593884388605754	1.553920957777235	0.41666666666666674	4.000000000000001
13710	train	8.586765795744289e-05	1.1249577999114992	1.0454847481515672	0.13988381375869113	1.0482824246088664	1.5335073206159804	0.41666666666666674	4.000000000000001
13720	train	8.584665790424229e-05	1.0458854105737474	0.9790304634306165	0.16108694424231848	0.9822521938218012	1.2726639774110584	0.611111111111111	4.000000000000001
13730	train	8.582564517114581e-05	1.126993086602953	1.0502475963698494	0.1431097471051746	1.0531097915437486	1.4776661396026607	0.41666666666666674	4.000000000000001
13740	train	8.5804619766791e-05	1.099364697933197	1.0185410976409912	0.16723939114146763	1.0218858851326835	1.549576030837165	0.36111111111111116	4.000000000000001
13750	train	8.578358169982058e-05	1.087771150800917	1.0101746916770935	0.15985390585329798	1.013371745745341	1.4879882468117607	0.38888888888888895	4.000000000000001
13760	train	8.576253097888252e-05	1.092964271704356	1.0186278555128307	0.13972107734945083	1.0214222669601443	1.4308399955431619	0.41666666666666663	4.000000000000001
13770	train	8.574146761262998e-05	1.0929079320695665	1.0187690787845187	0.13323676503366894	1.021433843506707	1.429482102394104	0.38888888888888895	4.000000000000001
13780	train	8.572039160972132e-05	1.143475009335412	1.0696915520562065	0.10801894962787628	1.0718519356515672	1.4324613809585571	0.38888888888888884	4.000000000000001
13790	train	8.569930297882007e-05	1.062418778737386	0.9821859730614556	0.14190756032864252	0.9850241276952955	1.5478926499684653	0.44444444444444453	4.000000000000001
13800	train	8.567820172859498e-05	1.0113911032676697	0.9372391038470798	0.18022777305708992	0.9408436483807034	1.4109491176075406	0.5277777777777779	4.000000000000001
13810	train	8.565708786771999e-05	1.0579193234443665	0.9749055107434591	0.1731289683116807	0.9783680770132277	1.5910249021318226	0.2777777777777778	4.000000000000001
13820	train	8.563596140487418e-05	1.124277671178182	1.046352465947469	0.14974206106530297	1.0493473145696852	1.4986072381337483	0.5	4.000000000000001
13830	train	8.561482234874186e-05	1.0490571988953483	0.9688704080051845	0.18530320086412957	0.9725764724943371	1.5296146472295122	0.33333333333333337	4.000000000000001
13840	train	8.55936707080125e-05	1.1808831824196708	1.101708643966251	0.10918672548400031	1.1038923793368869	1.5398158099916246	0.33333333333333337	4.000000000000001
13850	train	8.557250649138074e-05	1.0413457287682428	0.958290762371487	0.17416805773973465	0.9617741306622825	1.591431829664442	0.4166666666666667	4.000000000000001
13860	train	8.555132970754637e-05	1.0400919516881308	0.9644754528999329	0.17194558100567925	0.9679143561257256	1.4435515668657093	0.44444444444444453	4.000000000000001
13870	train	8.553014036521441e-05	1.060440758864085	0.9783217509587607	0.15054594270057148	0.9813326862123276	1.5821614530351429	0.4722222222222222	4.000000000000001
13880	train	8.550893847309494e-05	0.9995107319619921	0.9268985655572679	0.1607245827714602	0.930113050672743	1.387953374120924	0.5833333333333333	4.000000000000001
13890	train	8.54877240399033e-05	1.0779336359765794	1.0074517329533896	0.1466166211499108	1.0103840629259744	1.3509912689526877	0.5555555555555555	4.000000000000001
13900	train	8.546649707435993e-05	1.2106854915618896	1.1349571810828316	0.09226268281539282	1.1368024349212646	1.4776611195670233	0.4166666666666667	4.000000000000001
13910	train	8.544525758519043e-05	1.0046823819478354	0.9302367369333904	0.17548129624790612	0.9337463511361017	1.418720523516337	0.5555555555555556	4.000000000000001
13920	train	8.542400558112556e-05	1.10634360048506	1.0218260420693293	0.17381302018960318	1.0253023041619194	1.620826323827108	0.38888888888888884	4.000000000000001
13930	train	8.540274107090121e-05	1.0678285426563687	0.9827188054720559	0.15418059461646613	0.9858024186558193	1.640522652202182	0.36111111111111116	4.000000000000001
13940	train	8.538146406325842e-05	1.0727500981754727	0.9885690079794989	0.1702464148402214	0.9919739365577698	1.615523444281684	0.25	4.000000000000001
13950	train	8.536017456694336e-05	1.0585928360621133	0.9784971674283345	0.16946561055050957	0.9818864862124125	1.5341265731387665	0.5	4.000000000000001
13960	train	8.533887259070732e-05	1.0245089729626973	0.9434532125790915	0.19362351215547982	0.947325693236457	1.5436654885609946	0.4444444444444444	4.000000000000001
13970	train	8.531755814330678e-05	1.1090262730916343	1.023060772154066	0.1720474503106541	1.0265016953150432	1.6504913436041937	0.36111111111111116	4.000000000000001
13980	train	8.529623123350328e-05	1.013402243455251	0.9309539662467109	0.1799561000532574	0.9345530735121833	1.5769833193884955	0.41666666666666663	4.000000000000001
13990	train	8.527489187006349e-05	0.9782402316729227	0.8905012475119696	0.23004369686047235	0.8951021234194437	1.6627619134055243	0.36111111111111116	4.000000000000001
14000	train	8.525354006175926e-05	1.0845250421100192	1.0058798392613728	0.15824511730008659	1.0090447399351332	1.5096055534150867	0.4444444444444444	4.000000000000001
14000	val		1.1470137741416693	1.0718295220285654	0.12439280553371646	1.0743173765949905	1.453928024508059	0.53125	1.0
14010	train	8.523217581736747e-05	1.0835492643756712	1.0098453328917136	0.12902683913707733	1.0124258696744552	1.4224678940243192	0.5277777777777778	36.0
14020	train	8.521079914567018e-05	1.1288569211678607	1.0496282593724036	0.14558883210023243	1.0525400360144082	1.526337703069051	0.4166666666666667	36.0
14030	train	8.518941005545452e-05	1.0789231906378112	1.0010648571528171	0.15641033798456191	1.0041930639125083	1.494602534506056	0.3611111111111111	36.0
14040	train	8.516800855551274e-05	1.077939412997204	0.9958179067135233	0.14631789343224633	0.9987442645821683	1.5839029683007135	0.4166666666666667	36.0
14050	train	8.514659465464219e-05	0.9732154021526389	0.8928269346917682	0.2152746394276619	0.8971324274803214	1.52165949344635	0.4444444444444444	36.0
14060	train	8.512516836164531e-05	1.0667120602892186	0.9849592416319263	0.1498077561457952	0.9879553967548422	1.5751332706875272	0.4166666666666667	36.0
14070	train	8.510372968532966e-05	1.0010354051932133	0.9166159994348324	0.19960613548755646	0.9206081221445835	1.6085456609725952	0.3333333333333333	36.0
14080	train	8.508227863450782e-05	1.112050681022729	1.026816708171956	0.1345343581504292	1.0295073953349645	1.6508657137552898	0.3055555555555556	36.0
14090	train	8.506081521799756e-05	1.0688145881179525	0.9872456713136918	0.1688186079263687	0.9906220434722192	1.5638508929146662	0.4166666666666667	36.0
14100	train	8.503933944462166e-05	1.0551160647968452	0.9768739199638367	0.15799756762054232	0.9800338713162475	1.501643869611952	0.4444444444444444	36.0
14110	train	8.5017851323208e-05	1.0075600005971734	0.9187420383016942	0.19900806844234467	0.9227221996705411	1.6967560185326471	0.3611111111111111	36.0
14120	train	8.499635086258954e-05	1.0612016129333783	0.9842773316061174	0.13978547561499807	0.9870730411184174	1.4825714362992182	0.4722222222222222	36.0
14130	train	8.497483807160428e-05	1.117211412795641	1.0357182608494406	0.1636159136891365	1.0389905791232235	1.5644166734483507	0.4444444444444444	36.0
14140	train	8.495331295909536e-05	1.0644872266219265	0.9784113525582228	0.16028953393300374	0.9816171432368829	1.6574016677008734	0.3888888888888889	36.0
14150	train	8.493177553391091e-05	1.1047747251044648	1.0252201507473262	0.14989924099710253	1.0282181355672682	1.5311317907439337	0.4166666666666667	36.0
14160	train	8.491022580490417e-05	1.1294797459118402	1.0578759661563073	0.1359771074106296	1.06059550830452	1.377684752146403	0.5	36.0
14170	train	8.488866378093338e-05	1.161327614390157	1.075266216642296	0.14052465011676152	1.078076709644631	1.6650180949105158	0.3055555555555556	36.0
14180	train	8.486708947086192e-05	1.0700558217319636	0.9886072094691584	0.14348915798796547	0.9914769926289176	1.5715765820609198	0.4166666666666667	36.0
14190	train	8.484550288355818e-05	1.0728382579086122	0.9970384451844192	0.13458550886975396	0.9997301553618143	1.4621620509359572	0.5555555555555556	36.0
14200	train	8.482390402789554e-05	1.1489306280180966	1.0770045535430466	0.13133028729094398	1.0796311592888654	1.385989374584622	0.4444444444444444	36.0
14210	train	8.480229291275252e-05	1.1865762351836668	1.1182263426866041	0.10662613312403361	1.1203588653490848	1.3243473966916401	0.5833333333333334	36.0
14220	train	8.478066954701258e-05	1.1104316882619223	1.0379726741508273	0.1319335162639618	1.0406113444761065	1.3964068757163153	0.5833333333333334	36.0
14230	train	8.475903393956434e-05	1.135736218025702	1.060967774918097	0.10895208517710368	1.0631468166216391	1.451788028081258	0.4166666666666667	36.0
14240	train	8.473738609930132e-05	1.125304403946368	1.0457709915726396	0.17137283997403252	1.0491984483721204	1.5221191114849515	0.3888888888888889	36.0
14250	train	8.471572603512218e-05	1.0245025341548233	0.9491174202698179	0.19852659751971563	0.9530879522202123	1.42829163869222	0.5555555555555556	36.0
14260	train	8.46940537559305e-05	1.1985323109110089	1.1192731531573559	0.08933364897966385	1.121059826136949	1.5494496954811945	0.3611111111111111	36.0
14270	train	8.467236927063499e-05	1.0219105353500253	0.9352373446437193	0.19250368972619375	0.9390874184382432	1.6564623382356432	0.3611111111111111	36.0
14280	train	8.465067258814928e-05	1.1360035976044285	1.049552444329389	0.14007417609294256	1.052353927851248	1.6729933950636122	0.3888888888888889	36.0
14290	train	8.462896371739208e-05	1.1268289355515697	1.0468190003414213	0.137309626241525	1.0495651928662517	1.5452748537063599	0.3888888888888889	36.0
14300	train	8.460724266728707e-05	0.9983174149848377	0.9164045276235231	0.1887753407160441	0.920180034437844	1.5627476109398737	0.4166666666666667	36.0
14310	train	8.458550944676298e-05	1.0924411382445258	1.0029887583853698	0.17370087818966973	1.0064627759491631	1.7195672459072537	0.3333333333333333	36.0
14320	train	8.456376406475348e-05	1.0182389551492874	0.9406097447963897	0.18696956170929802	0.9443491360305757	1.4777963823742337	0.5277777777777778	36.0
14330	train	8.45420065301973e-05	1.0754340225342092	0.9921257697095318	0.1793122192223867	0.9957120140939796	1.5944401688045926	0.3055555555555556	36.0
14340	train	8.452023685203813e-05	1.0774841252536458	0.9993439721800436	0.1741383597254753	1.0028267393745531	1.4931477175818548	0.4166666666666667	36.0
14350	train	8.449845503922469e-05	1.0260471727967309	0.9496394936263607	0.1790018007159233	0.9532195296406791	1.4565528631210327	0.5277777777777778	36.0
14360	train	8.447666110071062e-05	1.0828520681709832	0.995199982383263	0.15955179433027902	0.9983910182698686	1.6892209980222914	0.3055555555555556	36.0
14370	train	8.44548550454546e-05	0.9303979406697672	0.8428545507613892	0.2644259919013296	0.8481430705994157	1.6450974014070299	0.3888888888888889	36.0
14380	train	8.443303688242028e-05	1.103961115051175	1.0259311816283712	0.15261435757080713	1.0289834687797872	1.4995529254277546	0.4444444444444444	36.0
14390	train	8.441120662057627e-05	1.175981116636269	1.095208127734071	0.11189948717753093	1.0974461174776218	1.5706999831729465	0.3888888888888889	36.0
14400	train	8.438936426889618e-05	1.1242919157841977	1.0260721691928814	0.1490827521516217	1.0290538242359137	1.904761830965678	0.3333333333333333	36.0
14410	train	8.43675098363586e-05	1.068432634775073	0.9728741659696539	0.18121816913286845	0.9764985293523113	1.838682108455234	0.3611111111111111	36.0
14420	train	8.4345643331947e-05	1.0199500108285675	0.9331472700493796	0.19253861010074616	0.9369980422513945	1.6590393715434604	0.3055555555555556	36.0
14430	train	8.432376476464992e-05	1.0828972273075788	1.0044725521575286	0.16456740846236548	1.007763900326776	1.502666539616055	0.4444444444444444	36.0
14440	train	8.430187414346081e-05	1.092333646917257	1.0085340162612464	0.1493437880029281	1.011520892021305	1.6162550979190402	0.4166666666666667	36.0
14450	train	8.427997147737806e-05	1.1415421305112048	1.0688239592325692	0.13066252072652182	1.0714372096470997	1.4020984172821045	0.5277777777777778	36.0
14460	train	8.425805677540503e-05	1.0630689868921959	0.9817195971603118	0.16034280161062878	0.9849264531925244	1.5628506739934285	0.3888888888888889	36.0
14470	train	8.423613004655005e-05	1.12347417978151	1.0523702100063697	0.13512549611429372	1.0550727199286556	1.3680291970570881	0.5555555555555556	36.0
14480	train	8.421419129982634e-05	1.0820984943390248	1.0026914965656424	0.1451895574728648	1.0055952877150998	1.530064132478502	0.4722222222222222	36.0
14490	train	8.419224054425212e-05	1.138087432426737	1.0587636425089764	0.114672090113163	1.0610570843112397	1.5406069623099432	0.3888888888888889	36.0
14500	train	8.417027778885049e-05	1.0664279502996081	0.9878109374677083	0.18135262860192192	0.9914379900397468	1.4997992051972284	0.4444444444444444	36.0
14510	train	8.414830304264951e-05	1.0883884446295897	1.0041058216051393	0.17912078027923903	1.007688237210724	1.6140041483773127	0.4166666666666667	36.0
14520	train	8.412631631468218e-05	1.0218793514817957	0.9374492426166934	0.2075177960925632	0.9415995985385447	1.6055950588650174	0.3333333333333333	36.0
14530	train	8.410431761398641e-05	1.1127526419555678	1.028734705873218	0.1473148510687881	1.0316810028945937	1.6214327812194824	0.3611111111111111	36.0
14540	train	8.408230694960504e-05	1.0799930159450994	1.0036334696363831	0.15296787644426027	1.0066928271652684	1.4660037755966187	0.4444444444444444	36.0
14550	train	8.406028433058581e-05	1.1457851611372767	1.0759242103543816	0.13928779338796934	1.0787099662221409	1.341503898302714	0.4444444444444444	36.0
14560	train	8.403824976598141e-05	1.0615996963489422	0.9839130418342058	0.17830711205800373	0.9874791840753658	1.4824102454715304	0.4166666666666667	36.0
14570	train	8.40162032648494e-05	1.0599887420716616	0.967466183236844	0.19315225879351297	0.9713292284127142	1.7731902731789484	0.25	36.0
14580	train	8.399414483625225e-05	0.9906119428022504	0.9233418652160764	0.20069700082143146	0.927355805232505	1.2651227513949077	0.6111111111111112	36.0
14590	train	8.397207448925737e-05	1.0912301437469833	1.016178281169386	0.17645863592624664	1.019707453887911	1.4304537971814473	0.5277777777777778	36.0
14600	train	8.394999223293704e-05	1.1066277449615252	1.036920954360548	0.13430216021481015	1.039606997564844	1.340414947933621	0.6111111111111112	36.0
14610	train	8.392789807636844e-05	1.0428868943595513	0.9699490519043761	0.14739645421504974	0.972896980988677	1.3997982674174838	0.3888888888888889	36.0
14620	train	8.390579202863364e-05	1.1073805628585047	1.026753299285196	0.15331829525530338	1.029819665190302	1.5512179533640544	0.3888888888888889	36.0
14630	train	8.38836740988196e-05	1.1015298543057253	1.01622098864927	0.15591141002045739	1.019339216849679	1.6438127491209242	0.4722222222222222	36.0
14640	train	8.386154429601817e-05	1.140813061279986	1.0642733970653022	0.12871843638519445	1.066847765793006	1.4793059097396002	0.5833333333333334	36.0
14650	train	8.383940262932609e-05	1.155747595880764	1.075094302106404	0.1399530228227377	1.0778933625628588	1.5570846663581	0.4722222222222222	36.0
14660	train	8.381724910784493e-05	1.037866960559531	0.9639063601055846	0.17964784428477287	0.9674993169912801	1.4073528713650174	0.4166666666666667	36.0
14670	train	8.379508374068121e-05	1.0359480235625018	0.9568197524033033	0.18005618535810047	0.9604208761104653	1.5105429490407307	0.4166666666666667	36.0
14680	train	8.377290653694623e-05	1.1078360387977961	1.0340441236824132	0.17003741214672724	1.0374448719253477	1.407823337448968	0.5277777777777778	36.0
14690	train	8.375071750575621e-05	1.1014718438544469	1.032153605701221	0.13552767969667912	1.0348641592951546	1.3321536911858454	0.5	36.0
14700	train	8.372851665623225e-05	1.057147231544248	0.9844226050594036	0.16477071692546208	0.9877180193979128	1.3885842429267035	0.5277777777777778	36.0
14710	train	8.370630399750027e-05	1.0442218801266454	0.9656668150643345	0.19253255592452156	0.969517466182825	1.4940882788764105	0.3333333333333333	36.0
14720	train	8.368407953869104e-05	1.0802262213201594	1.008523331818111	0.17443477610747019	1.0120120273402604	1.3642838795979817	0.5277777777777778	36.0
14730	train	8.366184328894021e-05	1.0776668805111125	0.9981944954498287	0.17118464969098568	1.0016181884436484	1.520973841349284	0.5	36.0
14740	train	8.363959525738825e-05	1.0985313603129028	1.0218528794427089	0.15385294126139748	1.0249299382679369	1.4720284408993192	0.5	36.0
14750	train	8.361733545318049e-05	1.0998013631023331	1.019561276280287	0.12951351412468487	1.0221515465627806	1.5529963307910495	0.3888888888888889	36.0
14760	train	8.35950638854671e-05	1.0737868638600567	0.9932076525455374	0.1548654834429423	0.9963049622143962	1.549638032913208	0.4166666666666667	36.0
14770	train	8.357278056340306e-05	1.1080259071063447	1.0219818618625185	0.13770199256638685	1.0247359017138462	1.665800107849969	0.2777777777777778	36.0
14780	train	8.355048549614825e-05	1.0566640996670167	0.9675643521615638	0.19545819527573055	0.9714735160670784	1.7038116719987657	0.2777777777777778	36.0
14790	train	8.352817869286728e-05	1.0908822921142247	1.0087919285206597	0.1582834633688132	1.011957597788036	1.5784938865237765	0.3333333333333333	36.0
14800	train	8.350586016272965e-05	1.1650019535992742	1.0955286095017394	0.10362476160128911	1.097601104733765	1.3480169773101807	0.6111111111111112	36.0
14810	train	8.348352991490967e-05	1.0121972084917648	0.9288129917328247	0.22297996282577515	0.9332725909893402	1.578492350048489	0.3611111111111111	36.0
14820	train	8.346118795858646e-05	1.1123305905678218	1.0300900312084302	0.17718840142091116	1.0336337992368485	1.573935826619466	0.3611111111111111	36.0
14830	train	8.343883430294396e-05	1.0816927421722542	1.0040989000897007	0.16643921203083462	1.0074276843303174	1.4853011568387349	0.4722222222222222	36.0
14840	train	8.341646895717091e-05	1.083495298342971	0.9995745066143422	0.15445628017187119	1.0026636322177795	1.6166333225038316	0.3611111111111111	36.0
14850	train	8.339409193046084e-05	1.1151894575790033	1.0397815275624858	0.12534018026457894	1.0422883311677773	1.4580225282245212	0.4722222222222222	36.0
14860	train	8.337170323201212e-05	1.0930780739462778	1.0136877437591294	0.15732369845112165	1.0168342177281517	1.5248771243625217	0.3888888888888889	36.0
14870	train	8.33493028710279e-05	1.0976342599746267	1.0228206228475618	0.1574454534177979	1.0259695319159177	1.4332945611741807	0.4722222222222222	36.0
14880	train	8.332689085671612e-05	1.1432447875952851	1.0612811359928183	0.13229425872365633	1.0639270211672913	1.5863553285598755	0.5277777777777778	36.0
14890	train	8.33044671982895e-05	1.1496934710798505	1.0802256801715668	0.1236072838306427	1.0826978258481796	1.3399129046334162	0.5	36.0
14900	train	8.328203190496556e-05	1.1157575429400455	1.0351720918371266	0.13367665360371273	1.0378456249092007	1.558238360616896	0.3888888888888889	36.0
14910	train	8.325958498596663e-05	1.0764116284687566	0.9980208729975005	0.14176780399349	1.0008562290773704	1.511107987827725	0.3611111111111111	36.0
14920	train	8.323712645051975e-05	1.079172844225033	0.9951133879403578	0.1939745725442966	0.9989928793912437	1.603599296675788	0.3888888888888889	36.0
14930	train	8.321465630785681e-05	0.9790678964843258	0.9032190291739077	0.21383342544237774	0.9074956976827553	1.4314439760314093	0.4166666666666667	36.0
14940	train	8.319217456721443e-05	1.0970930802922962	1.0096119142507367	0.13966979831457138	1.012405310217028	1.6937554015053644	0.4166666666666667	36.0
14950	train	8.316968123783398e-05	1.113903358941733	1.028799152786989	0.14632266180382836	1.0317256060230657	1.6435550583733454	0.3333333333333333	36.0
14960	train	8.314717632896164e-05	1.1214304830713937	1.0382719750123424	0.12990351104074055	1.0408700452331572	1.6112087567647297	0.4722222222222222	36.0
14970	train	8.312465984984833e-05	0.9846069145587161	0.9027607538149166	0.2169176135212183	0.907099106085341	1.5501561694675021	0.4444444444444444	36.0
14980	train	8.310213180974971e-05	1.0662399526700224	0.988289957701979	0.17404139869742924	0.9917707856759276	1.489383339881897	0.4444444444444444	36.0
14990	train	8.307959221792621e-05	1.058237335410486	0.9693826484614978	0.16366520855161878	0.9726559526325301	1.711627655559116	0.3611111111111111	36.0
15000	train	8.305704108364301e-05	1.0650587824434028	0.9929227073407821	0.17170168310403824	0.9963567410028629	1.3740408288107977	0.5277777777777778	36.0
15000	val		1.1183426330863289	1.0371264713102644	0.1555958394292091	1.0402383880988486	1.5620848997496068	0.4322916666666667	192.0
15010	train	8.303447841617003e-05	1.1179156392109209	1.0404647671969547	0.14522545288006464	1.0433692762545559	1.490927259127299	0.4722222222222222	36.0
15020	train	8.301190422478193e-05	1.1111665854435058	1.0227697272927454	0.14411811903119087	1.0256520896733692	1.7102899154027302	0.3888888888888889	36.0
15030	train	8.29893185187581e-05	1.0635024800528325	0.9839304726533662	0.17752084508538246	0.9874808895550738	1.520431809955173	0.5555555555555556	36.0
15040	train	8.296672130738268e-05	1.0900851395573687	1.0060173318181524	0.15436269236462458	1.009104585665445	1.6196110778384738	0.5	36.0
15050	train	8.294411259994453e-05	1.1034082899645168	1.0226282045730484	0.15202104051907858	1.02566862538343	1.554793291621738	0.3888888888888889	36.0
15060	train	8.292149240573723e-05	1.0993612496368697	1.0177129371774805	0.12674269328514734	1.0202477910431833	1.5822691718737285	0.3611111111111111	36.0
15070	train	8.289886073405908e-05	1.0916165239808815	1.0111959649156719	0.15297151688072416	1.0142553952532865	1.5472225745519002	0.4166666666666667	36.0
15080	train	8.287621759421311e-05	1.1103942361010348	1.0314718279523885	0.12696665152907372	1.0340111609829699	1.5276615023612976	0.4166666666666667	36.0
15090	train	8.28535629955071e-05	1.0408221427644242	0.9621169979335482	0.1915351338684559	0.9659477006109173	1.497488843070136	0.4722222222222222	36.0
15100	train	8.283089694725341e-05	0.9864257232609424	0.9037294644627007	0.23098795488476753	0.908349223560396	1.5615299940109253	0.4166666666666667	36.0
15110	train	8.28082194587693e-05	1.1226362195607738	1.0359281654581713	0.15080865011328742	1.038944338460437	1.6738376220067341	0.3611111111111111	36.0
15120	train	8.278553053937655e-05	1.0454335630553233	0.9639384986493921	0.165084728350242	0.9672401932163969	1.5638673967785306	0.4722222222222222	36.0
15130	train	8.276283019840174e-05	1.1153018548080562	1.0317723174713622	0.1610015539659394	1.0349923485506811	1.6061901251475017	0.3611111111111111	36.0
15140	train	8.274011844517615e-05	1.147411785095704	1.0496109908388824	0.1436979744051184	1.0524849503269849	1.898536695374383	0.25	36.0
15150	train	8.271739528903569e-05	1.1123663731643048	1.0262670393597901	0.1434958597852124	1.0291369565554944	1.6645883321762085	0.3611111111111111	36.0
15160	train	8.269466073932101e-05	1.0554678415261345	0.9737297000241913	0.17733320552441809	0.9772763641346797	1.5638295478290982	0.3888888888888889	36.0
15170	train	8.267191480537741e-05	1.112623735194391	1.0343082206861702	0.14610851059357324	1.0372303908980416	1.5078668859269884	0.4166666666666667	36.0
15180	train	8.264915749655492e-05	1.0937677140332496	1.020655073784845	0.15670795241991678	1.0237892328332434	1.3995696240001254	0.5555555555555556	36.0
15190	train	8.262638882220816e-05	1.1267572324158122	1.0499114908656846	0.13885578910509747	1.0526886066477865	1.4813725153605144	0.4444444444444444	36.0
15200	train	8.26036087916965e-05	1.062812904843511	0.9769354256677845	0.1792713036139806	0.9805208517400641	1.6458410620689392	0.3055555555555556	36.0
15210	train	8.258081741438395e-05	1.0898789473262145	1.005233581046599	0.1617534098525842	1.0084686492436508	1.6282059616512723	0.3888888888888889	36.0
15220	train	8.255801469963918e-05	0.9996519295918347	0.9308706249145072	0.1915685494740804	0.9347019959039888	1.2989986737569172	0.6111111111111112	36.0
15230	train	8.253520065683552e-05	1.136806054595969	1.05745055759999	0.13178130818737877	1.0600861837637376	1.5343974166446261	0.3888888888888889	36.0
15240	train	8.251237529535096e-05	0.9245713666371034	0.8385787073315706	0.21617954845229784	0.8429022983006166	1.6333813667297363	0.4444444444444444	36.0
15250	train	8.248953862456815e-05	1.0660397505282795	0.979996293940753	0.1885884036620458	0.9837680620139939	1.6454337702857122	0.3333333333333333	36.0
15260	train	8.246669065387439e-05	1.0753622282376063	0.9910251987446409	0.16765531414636858	0.9943783050275683	1.6196784642007616	0.3611111111111111	36.0
15270	train	8.24438313926616e-05	1.0780184396206463	1.0018651596571793	0.16719114234050114	1.0052089825039894	1.4561891423331366	0.5277777777777778	36.0
15280	train	8.242096085032637e-05	1.0819419920567253	1.0043152599589935	0.16880062421162922	1.007691272443226	1.4850143922699823	0.5277777777777778	36.0
15290	train	8.239807903626993e-05	1.1293296783818814	1.0495949954278614	0.11511825439002779	1.0518973605156619	1.5486463573243883	0.3888888888888889	36.0
15300	train	8.23751859598981e-05	1.0664244721255487	0.9812369255345847	0.15668621559937795	0.9843706498465723	1.6410764455795288	0.4722222222222222	36.0
15310	train	8.235228163062137e-05	1.1814444593474194	1.1041145556719691	0.10369200673368242	1.1061883958066427	1.5051212708155315	0.5	36.0
15320	train	8.232936605785485e-05	1.114441719867265	1.0239841410459503	0.1532031590739886	1.02704820422743	1.7478703127966986	0.25	36.0
15330	train	8.230643925101827e-05	1.001313506525909	0.9275500583272726	0.21810386909378898	0.9319121357091483	1.3880274163352118	0.5555555555555556	36.0
15340	train	8.228350121953595e-05	1.0909152089363738	1.009387887226847	0.1572281042734782	1.0125324493123165	1.5676551924811468	0.4166666666666667	36.0
15350	train	8.22605519728369e-05	0.9773942714242695	0.8957077112107037	0.20801239046785566	0.8998679590200608	1.5505262480841742	0.4166666666666667	36.0
15360	train	8.223759152035464e-05	1.0195997133973103	0.93286467477658	0.18720421505471072	0.9366087590776742	1.6598190863927205	0.4166666666666667	36.0
15370	train	8.221461987152735e-05	1.1368656908715606	1.050473457715065	0.11862841165728039	1.0528460259482106	1.6803932984670003	0.3333333333333333	36.0
15380	train	8.219163703579784e-05	1.055418284306116	0.9701336103371652	0.2100752360290951	0.9743351150577471	1.62166338496738	0.4722222222222222	36.0
15390	train	8.216864302261343e-05	1.1153361159651278	1.0328298152988618	0.1290130445526706	1.0354100761899152	1.5985207955042522	0.2777777777777778	36.0
15400	train	8.214563784142614e-05	1.1146931641817939	1.033174442257734	0.16389265718559423	1.036452295401446	1.5648173756069608	0.3888888888888889	36.0
15410	train	8.212262150169252e-05	1.1138595728552825	1.0440032391061207	0.12176945888333851	1.0464386282837874	1.3484188914299011	0.5277777777777778	36.0
15420	train	8.209959401287371e-05	1.129382318897938	1.048748965919576	0.14067070931196213	1.0515623801058152	1.5563987758424547	0.4444444444444444	36.0
15430	train	8.207655538443543e-05	1.0736748576480262	0.9797976908486531	0.151101133475701	0.9828197135181671	1.8171028825971816	0.3055555555555556	36.0
15440	train	8.2053505625848e-05	1.0762232767107	0.9879612892232249	0.18706588546435038	0.9917026069325119	1.6904133955637615	0.4722222222222222	36.0
15450	train	8.203044474658632e-05	1.0764118965779748	0.9969264478450027	0.15652152573068936	1.0000568783596164	1.5271003643671672	0.5	36.0
15460	train	8.200737275612984e-05	1.076485312612676	1.0006869933656422	0.15154546168115404	1.0037179025992653	1.4553482002682157	0.4722222222222222	36.0
15470	train	8.198428966396257e-05	1.0247080904233714	0.9408606426737303	0.16814827173948288	0.9442236081085199	1.609689646297031	0.3611111111111111	36.0
15480	train	8.19611954795731e-05	1.1177576538058187	1.038361418608036	0.17537431170543036	1.0418689048421448	1.5177749792734783	0.4166666666666667	36.0
15490	train	8.193809021245459e-05	1.080314662936102	1.0137516051028543	0.17028261886702645	1.0171572574801948	1.2631481091181438	0.6111111111111112	36.0
15500	train	8.191497387210472e-05	0.9963368113227525	0.9178553867659144	0.21440098881721498	0.9221434065422587	1.4838680956098769	0.4444444444444444	36.0
15510	train	8.189184646802576e-05	1.1016662061406917	1.0227827496522413	0.14995819826920828	1.0257819136176254	1.517685850461324	0.4444444444444444	36.0
15520	train	8.186870800972453e-05	1.163642117434323	1.0854895943356027	0.09954401147034433	1.0874804745650095	1.5232328573862712	0.3888888888888889	36.0
15530	train	8.184555850671235e-05	1.025010562218489	0.9467219413922183	0.1752527943915791	0.9502269972800499	1.4956712987687852	0.4444444444444444	36.0
15540	train	8.18223979685051e-05	1.0972664898338464	1.0156132039194352	0.15514477559675774	1.0187160994313704	1.5710078080495198	0.3888888888888889	36.0
15550	train	8.179922640462323e-05	1.1498989881640065	1.063016229318121	0.12199017951885859	1.065456032908498	1.6888591051101685	0.3055555555555556	36.0
15560	train	8.177604382459167e-05	1.0592347430004336	0.9782536616074036	0.14464684658580357	0.9811465985391197	1.5617628892262776	0.3333333333333333	36.0
15570	train	8.175285023793992e-05	1.155587286924454	1.0770272293886862	0.11095410858591398	1.0792463115604045	1.5268195072809856	0.5	36.0
15580	train	8.172964565420198e-05	1.0189148037539204	0.944259766066036	0.16010269025961557	0.9474618198712284	1.4290596776538425	0.4722222222222222	36.0
15590	train	8.170643008291638e-05	1.0653968834334155	0.9868688639999587	0.16099115106321515	0.990088687021223	1.506163928243849	0.4444444444444444	36.0
15600	train	8.168320353362616e-05	1.0965436759730078	1.0168384911093344	0.16715954575273725	1.0201816820243892	1.5272398789723713	0.4444444444444444	36.0
15610	train	8.165996601587889e-05	1.0733002684470225	0.9965804433282424	0.16595467842287487	0.9998995368966999	1.4680146310064528	0.5277777777777778	36.0
15620	train	8.163671753922662e-05	1.1253695747340142	1.0536905671905563	0.1281403104464213	1.0562533733994848	1.382324026690589	0.5	36.0
15630	train	8.161345811322591e-05	1.1288315902497559	1.042806755183093	0.13316843360662461	1.0454701238552255	1.667229327890608	0.3888888888888889	36.0
15640	train	8.159018774743786e-05	1.107819272142059	1.0304766812371609	0.15483431766430536	1.033573367590447	1.4849180910322402	0.4166666666666667	36.0
15650	train	8.156690645142804e-05	1.0043266452079405	0.9304403010996238	0.17518952190876008	0.933944091537799	1.4076510734028287	0.4722222222222222	36.0
15660	train	8.154361423476649e-05	1.1291371888921924	1.0566026616682214	0.1110655487411552	1.0588239726430444	1.406264324982961	0.5	36.0
15670	train	8.152031110702775e-05	1.0556212961919662	0.9745983806332837	0.1449461935294999	0.9774973045038737	1.562479833761851	0.2777777777777778	36.0
15680	train	8.149699707779089e-05	1.0867188685271494	1.0130037838849775	0.1598499971959326	1.0162007838288962	1.410361693965064	0.5277777777777778	36.0
15690	train	8.14736721566394e-05	1.1077925574621474	1.0270517003676212	0.13911306709051133	1.0298339617094314	1.5591719150543213	0.5	36.0
15700	train	8.14503363531613e-05	1.1086349450061963	1.0235309417283969	0.16880244318218457	1.0269069905920405	1.634559088283115	0.4166666666666667	36.0
15710	train	8.142698967694904e-05	1.089606457011802	1.0150804485846587	0.14675083061059316	1.0180154651968707	1.4318198362986247	0.4722222222222222	36.0
15720	train	8.140363213759954e-05	0.9890603773681862	0.9076686733320564	0.17634444534778596	0.9111955622390121	1.5572963025834825	0.3888888888888889	36.0
15730	train	8.138026374471423e-05	1.0592910645518183	0.9939389366438137	0.14354626130726603	0.996809861869959	1.2496240536371868	0.5833333333333334	36.0
15740	train	8.135688450789897e-05	1.0257253290410682	0.9520652620092872	0.18293317705392836	0.9557239255503658	1.4000280698140461	0.4444444444444444	36.0
15750	train	8.133349443676406e-05	1.1119049722420298	1.0405482610199641	0.13981442153453827	1.0433445494506548	1.371208455827501	0.5555555555555556	36.0
15760	train	8.131009354092431e-05	1.121220223379566	1.049770403692226	0.1374707031581137	1.0525198177553883	1.3740081124835544	0.5555555555555556	36.0
15770	train	8.128668182999892e-05	1.1245991988132777	1.0469286941224054	0.12530820444226265	1.0494348582112507	1.503286812040541	0.4722222222222222	36.0
15780	train	8.126325931361156e-05	1.0689971669920033	0.984195514845293	0.20233490963776907	0.9882422130380484	1.6150990790790982	0.4166666666666667	36.0
15790	train	8.123982600139035e-05	1.0658163550031337	0.9833378784958106	0.1603803506919316	0.9865454855096492	1.58541738986969	0.4444444444444444	36.0
15800	train	8.121638190296783e-05	1.0315886201766775	0.9488645172590328	0.17951690074470308	0.9524548552739268	1.582675298055013	0.4166666666666667	36.0
15810	train	8.1192927027981e-05	1.1319874941002466	1.0600893726720881	0.13339887683590254	1.0627573502088061	1.38460287782881	0.4722222222222222	36.0
15820	train	8.116946138607124e-05	1.1727463857380185	1.0985622197436922	0.1206300954023997	1.10097482165174	1.4354312817255657	0.4166666666666667	36.0
15830	train	8.114598498688442e-05	1.105470330605065	1.031374224665253	0.14260276059309643	1.034226279877115	1.424881014559004	0.5277777777777778	36.0
15840	train	8.11224978400708e-05	1.1718164440167653	1.0915548317761263	0.1239728747556607	1.0940342892712396	1.5556430949105158	0.4166666666666667	36.0
15850	train	8.109899995528505e-05	1.0826125240566882	1.009123426898574	0.14987912774085999	1.0121210094533912	1.4098302920659382	0.4722222222222222	36.0
15860	train	8.107549134218628e-05	0.9518274585912833	0.8667522481094011	0.20820321059889263	0.870916312321379	1.6182229253980849	0.4166666666666667	36.0
15870	train	8.105197201043794e-05	1.1035353315692558	1.0202378338894658	0.1425797070066134	1.0230894280295981	1.6089180707931519	0.4166666666666667	36.0
15880	train	8.102844196970801e-05	1.0859303529755546	1.009543296671206	0.15265421370665233	1.0125963809453389	1.4666794406043158	0.5555555555555556	36.0
15890	train	8.100490122966875e-05	1.1507682711778935	1.07436167958533	0.12994453931848207	1.0769605703716996	1.4761540161238775	0.4444444444444444	36.0
15900	train	8.098134979999689e-05	1.1165633966727577	1.0406850627780149	0.12617680008212726	1.0432085987796573	1.4670959578620062	0.4444444444444444	36.0
15910	train	8.095778769037352e-05	1.085218091185075	1.0134445362063897	0.13716973022868237	1.0161879308109634	1.380603207482232	0.4722222222222222	36.0
15920	train	8.093421491048415e-05	1.1052333974694322	1.0294155630325388	0.1631248543659846	1.0326780601198584	1.4511067469914753	0.5	36.0
15930	train	8.091063147001863e-05	1.1372029349829655	1.0550778675411379	0.12464439185957114	1.0575707553783293	1.592643592092726	0.4444444444444444	36.0
15940	train	8.088703737867127e-05	1.0479996582283477	0.9714225739949842	0.16940722713867823	0.9748107185377578	1.463778793811798	0.3888888888888889	36.0
15950	train	8.086343264614068e-05	1.1587297018782312	1.0824869398887966	0.13626968761285146	1.0852123336410537	1.4703473647435505	0.4722222222222222	36.0
15960	train	8.083981728212987e-05	1.0716003314126203	0.9948602210119702	0.16942231936587226	0.9982486673992876	1.467033280266656	0.5	36.0
15970	train	8.081619129634623e-05	1.0010022397674585	0.9204496451256141	0.1904812842607498	0.9242592708108291	1.5348593791325886	0.3611111111111111	36.0
15980	train	8.079255469850151e-05	1.0760695208707385	0.987265839818345	0.17367549985647202	0.9907393498154745	1.706603421105279	0.3888888888888889	36.0
15990	train	8.076890749831182e-05	1.0459809937574698	0.9629965183752062	0.2022766779576029	0.9670420519343582	1.5787788364622328	0.4722222222222222	36.0
16000	train	8.074524970549764e-05	1.091147676523072	1.0119576944565203	0.16676118224859238	1.015292918101492	1.5170951684315999	0.4722222222222222	36.0
16000	val		1.1176726468567555	1.0376453064763782	0.14966357483349763	1.0406385779730483	1.5406813776741426	0.4479166666666667	192.0
16010	train	8.072158132978379e-05	1.0948390524825973	1.0124756926393201	0.16331629858662686	1.0157420186110526	1.5819406774308946	0.4166666666666667	36.0
16020	train	8.069790238089943e-05	1.1025146651810032	1.025773417060139	0.13389099389314651	1.028451236938002	1.4812685648600261	0.5	36.0
16030	train	8.067421286857812e-05	1.1223067311418877	1.0487853788309123	0.12660893301169077	1.0513175574911462	1.4197834730148315	0.5	36.0
16040	train	8.065051280255768e-05	1.0673467833606454	0.9909731069720173	0.15788789900640646	0.9941308649521455	1.4643183681699965	0.4722222222222222	36.0
16050	train	8.062680219258034e-05	1.0190381487121638	0.9409915670663571	0.18058406809965769	0.9446032484283503	1.4886980056762695	0.5	36.0
16060	train	8.060308104839262e-05	1.1052475201041974	1.0316849509247286	0.13160032158096632	1.034316957356348	1.4186112549569871	0.5833333333333334	36.0
16070	train	8.05793493797454e-05	1.0799050937628611	0.9966375627453986	0.19707675874233246	1.0005790979202454	1.5865199168523152	0.3333333333333333	36.0
16080	train	8.055560719639388e-05	1.1196504093112711	1.0410777445915456	0.14711572371778034	1.0440200590659012	1.512607004907396	0.4722222222222222	36.0
16090	train	8.053185450809756e-05	1.0396084328916257	0.9592735509501483	0.190609163708157	0.9630857342243114	1.5304539733462863	0.4444444444444444	36.0
16100	train	8.050809132462025e-05	1.034004647766206	0.9510861035946209	0.19050228388773072	0.9548961492723755	1.5821699698766072	0.3611111111111111	36.0
16110	train	8.048431765573014e-05	1.086144473173432	1.008688118873251	0.15332747830284965	1.011754668439308	1.4877960946824815	0.5	36.0
16120	train	8.046053351119965e-05	1.1124934131931332	1.0350228214253385	0.1512046872327725	1.038046915169994	1.4889299604627821	0.5	36.0
16130	train	8.043673890080559e-05	1.0081421134645396	0.9351812509836078	0.1935216600696246	0.9390516841850003	1.3818085855907865	0.6388888888888888	36.0
16140	train	8.041293383432899e-05	1.1177290940655853	1.0346342338297354	0.1526468555132548	1.0376871709400004	1.6008384625116985	0.4722222222222222	36.0
16150	train	8.03891183215552e-05	1.0773645798499414	0.9938454303113979	0.17559344818194708	0.9973572992750369	1.600145611498091	0.4722222222222222	36.0
16160	train	8.036529237227391e-05	1.065339989571926	0.9815900180165871	0.16892647246519724	0.984968547465891	1.6074288421207004	0.3611111111111111	36.0
16170	train	8.034145599627906e-05	1.0889199403098593	1.0124965951844753	0.1565283098154598	1.0156271613807846	1.4658555785814922	0.4166666666666667	36.0
16180	train	8.031760920336889e-05	0.9752382700961488	0.9086753436000802	0.18919267877936363	0.9124591971756675	1.2555814584096272	0.5833333333333334	36.0
16190	train	8.029375200334588e-05	1.126199622442425	1.04660722761694	0.122299558420976	1.0490532187853596	1.54292807314131	0.4444444444444444	36.0
16200	train	8.026988440601687e-05	1.1339429293906527	1.0595349691272613	0.12838638263444105	1.06210269677995	1.4368046522140503	0.4166666666666667	36.0
16210	train	8.02460064211929e-05	1.1033915742136853	1.027867583758912	0.1606472364316384	1.0310805284875448	1.4462209145228069	0.5277777777777778	36.0
16220	train	8.022211805868931e-05	1.1240402516084669	1.040377715600804	0.11798730803032716	1.0427374617614107	1.6260557969411213	0.3333333333333333	36.0
16230	train	8.019821932832572e-05	1.14306394020849	1.0697385178436853	0.12369909013311069	1.0722124996463476	1.4170288112428453	0.5555555555555556	36.0
16240	train	8.017431023992599e-05	1.150336320010377	1.0867279958965574	0.13001764400137794	1.089328348776585	1.2201594246758356	0.5555555555555556	36.0
16250	train	8.015039080331822e-05	1.0660742214730399	0.992849284716217	0.1414831562174691	0.9956789478405664	1.4079054726494684	0.5277777777777778	36.0
16260	train	8.012646102833481e-05	0.9966884572778996	0.9270944792648842	0.2021928339575728	0.9311383359440356	1.31100242667728	0.5	36.0
16270	train	8.010252092481239e-05	0.9954664906513215	0.9148278807419725	0.2010700727502505	0.9188492821969775	1.5323441690868802	0.4722222222222222	36.0
16280	train	8.007857050259181e-05	1.1456810601869407	1.0804818449093252	0.13771656807512045	1.0832361762708276	1.2488976783222623	0.6388888888888888	36.0
16290	train	8.005460977151821e-05	1.1240826047279733	1.0449529625957175	0.15015594909588495	1.0479560815776352	1.5225304630067613	0.4444444444444444	36.0
16300	train	8.003063874144092e-05	1.0671351938704579	0.9845200501773022	0.16991585344076157	0.9879183672461174	1.5843365324868097	0.4444444444444444	36.0
16310	train	8.000665742221353e-05	1.079888465361601	0.9962080685563941	0.13974237094322842	0.9990029159752587	1.6177109877268474	0.4722222222222222	36.0
16320	train	7.998266582369388e-05	1.097052682450256	1.018937441088267	0.134623678194152	1.0216299146521501	1.5084553559621174	0.4722222222222222	36.0
16330	train	7.995866395574396e-05	0.9769822668180022	0.9127479327862614	0.20881370372242397	0.9169242068607099	1.2011611991458468	0.6388888888888888	36.0
16340	train	7.993465182823007e-05	1.0993040607687758	1.0254397359474097	0.14086560739411247	1.028257048095292	1.4209402534696791	0.5277777777777778	36.0
16350	train	7.991062945102268e-05	1.0971541188350284	1.018205814925263	0.1373968613644441	1.020953752152552	1.5240073336495294	0.4722222222222222	36.0
16360	train	7.988659683399648e-05	1.0198526092654614	0.9496375760389184	0.15659175316492716	0.9527694111022169	1.3416639632648892	0.6111111111111112	36.0
16370	train	7.986255398703036e-05	1.094700060095042	1.0126291033391988	0.15509304714699587	1.0157309642821386	1.5793819162580702	0.3888888888888889	36.0
16380	train	7.983850092000744e-05	1.0341548657159996	0.9607246045842096	0.14676584717300203	0.9636599215276697	1.4098988837665982	0.5277777777777778	36.0
16390	train	7.981443764281502e-05	0.9970565651248414	0.9105196673893782	0.16256828357776007	0.9137710330609333	1.665710641278161	0.3611111111111111	36.0
16400	train	7.979036416534461e-05	1.128571045910396	1.0585801385393516	0.11958843767642975	1.0609719072928803	1.3519827723503113	0.5833333333333334	36.0
16410	train	7.976628049749193e-05	1.0906176176110596	1.0217170060746892	0.18728548636039097	1.025462715801897	1.3030980361832514	0.5833333333333334	36.0
16420	train	7.974218664915682e-05	1.086475018312511	1.0098838803337453	0.1501503884792328	1.01288688810333	1.471762604183621	0.4722222222222222	36.0
16430	train	7.971808263024336e-05	1.016562616240988	0.9406229189737073	0.18421545169419712	0.9443072280075913	1.445107764667935	0.3888888888888889	36.0
16440	train	7.969396845065983e-05	1.0543101166459716	0.9759442841863761	0.19743160530924797	0.9798929162925611	1.4883440070682101	0.3611111111111111	36.0
16450	train	7.966984412031865e-05	1.0598490246358518	0.9845430340197852	0.14310185642292103	0.9874050711482436	1.4488790697521634	0.5	36.0
16460	train	7.96457096491364e-05	1.0850362157529592	1.0127431216819858	0.13956874305451358	1.0155344965430761	1.390034384197659	0.5277777777777778	36.0
16470	train	7.962156504703388e-05	1.0218120700723812	0.9511372083366133	0.20562727914916146	0.9552497539195965	1.3312463230556912	0.5277777777777778	36.0
16480	train	7.959741032393598e-05	1.0942287822738823	1.0023852874016301	0.17015154659748077	1.0057883183335798	1.7688092788060505	0.4444444444444444	36.0
16490	train	7.957324548977184e-05	1.1594797255878897	1.084930541907938	0.12083809077739716	1.087347303723486	1.4426484372880723	0.4722222222222222	36.0
16500	train	7.954907055447469e-05	1.0278698934570933	0.956630014656913	0.17274760868814257	0.9600849668306759	1.3556985325283475	0.5833333333333334	36.0
16510	train	7.952488552798194e-05	1.108432055880214	1.0227596967845347	0.15728104909261068	1.0259053177663868	1.6505347622765436	0.3888888888888889	36.0
16520	train	7.950069042023512e-05	1.004398929352657	0.9287461579625103	0.1823713645339012	0.9323935852531883	1.4401068819893732	0.4722222222222222	36.0
16530	train	7.947648524117996e-05	1.0122490913605435	0.9344914389586193	0.18329261740048727	0.9381572913066291	1.4818360010782878	0.4166666666666667	36.0
16540	train	7.945227000076626e-05	1.1038519507560514	1.0395501699792062	0.13067604353030524	1.0421636908498124	1.2337651981247797	0.6111111111111112	36.0
16550	train	7.942804470894801e-05	1.1090132240838884	1.0283643897924566	0.12407492183976704	1.030845888229252	1.563346717092726	0.3611111111111111	36.0
16560	train	7.940380937568332e-05	1.071365930290817	0.996706425830853	0.1813686208592521	1.000333798248038	1.4206426408555772	0.5555555555555556	36.0
16570	train	7.937956401093438e-05	1.0760754842380291	1.0157271024140655	0.1581399420897166	1.0188899012558599	1.1437116596433852	0.5277777777777778	36.0
16580	train	7.935530862466759e-05	1.0736717555582185	1.0027110506057402	0.17011336833238602	1.0061133179723878	1.3511687517166138	0.5	36.0
16590	train	7.93310432268534e-05	1.097064298802628	1.022810325957683	0.13112474530935286	1.02543282086387	1.43262955877516	0.4166666666666667	36.0
16600	train	7.930676782746642e-05	1.1197138810094296	1.0459052538063227	0.14263827974597612	1.0487580194012422	1.419117232163747	0.5	36.0
16610	train	7.928248243648531e-05	1.1197370310822798	1.030271809008354	0.16798794170220693	1.0336315678423982	1.7221092647976346	0.3055555555555556	36.0
16620	train	7.92581870638929e-05	1.1397592310204478	1.062908926375479	0.1155871306028631	1.0652206689875363	1.4907712406582303	0.4722222222222222	36.0
16630	train	7.923388171967612e-05	1.146851793268761	1.0724140589198545	0.151298022766908	1.0754400193751927	1.428235477871365	0.5277777777777778	36.0
16640	train	7.920956641382595e-05	1.0888206441316686	1.014522225093214	0.15499922037124633	1.0176222095006389	1.4239686926205952	0.5277777777777778	36.0
16650	train	7.918524115633749e-05	1.1267654194594576	1.0560984930556172	0.15780077874660492	1.0592545086305494	1.3502182165781658	0.5277777777777778	36.0
16660	train	7.916090595720996e-05	1.069287825060554	0.9865752148456053	0.15516668475336498	0.9896785485406726	1.5921855303976271	0.5555555555555556	36.0
16670	train	7.913656082644663e-05	1.1128881350331654	1.0239756242109486	0.15888432413339615	1.0271533106936166	1.7146964867909749	0.3611111111111111	36.0
16680	train	7.911220577405484e-05	1.0394906356409561	0.9607583487506084	0.17346284455723232	0.964227605641753	1.5052605999840631	0.4166666666666667	36.0
16690	train	7.908784081004608e-05	1.0249545872584038	0.9520379644309535	0.1984260415037473	0.9560064852610284	1.3789620399475098	0.5555555555555556	36.0
16700	train	7.906346594443584e-05	1.11834853547128	1.0360544000464542	0.1442241238223182	1.0389388825229007	1.5881930589675903	0.4166666666666667	36.0
16710	train	7.90390811872437e-05	1.063652346037517	0.9777876209908292	0.18555864691734314	0.981498793929176	1.6430710421668158	0.4166666666666667	36.0
16720	train	7.901468654849331e-05	1.0462285326286653	0.9780649348958829	0.16405487143331104	0.9813460323245491	1.2976500060823228	0.5555555555555556	36.0
16730	train	7.899028203821239e-05	1.1305159928658848	1.051918982783216	0.14329240918159486	1.054784830966848	1.5146232379807367	0.3611111111111111	36.0
16740	train	7.896586766643273e-05	1.142106839494305	1.0671863129169383	0.12654377851221296	1.0697171884871826	1.4477930201424494	0.4722222222222222	36.0
16750	train	7.894144344319016e-05	1.1688830267971655	1.0896524416161146	0.12392486880222957	1.0921309389921592	1.5350417561001248	0.5	36.0
16760	train	7.891700937852452e-05	1.1845339311126206	1.11502936504417	0.10896891728043556	1.1172087433897788	1.346503754456838	0.6388888888888888	36.0
16770	train	7.889256548247975e-05	1.0071952930907493	0.9334188299199029	0.19575502309534284	0.9373339303818098	1.397227254178789	0.5	36.0
16780	train	7.88681117651038e-05	1.0363828535650361	0.9610509176990246	0.17994145138396156	0.9646497467267039	1.4346621367666457	0.5277777777777778	36.0
16790	train	7.88436482364487e-05	0.9847189869650532	0.904475271039704	0.21477215571535957	0.9087707141540112	1.5189654562208388	0.5	36.0
16800	train	7.881917490657043e-05	1.0785333659462648	0.9998497558182329	0.17595344285170236	1.003368824675267	1.5032908254199557	0.4444444444444444	36.0
16810	train	7.879469178552912e-05	1.118216017302366	1.0378863611252693	0.13527861436208088	1.0405919334125109	1.5524816777971056	0.3055555555555556	36.0
16820	train	7.877019888338881e-05	1.102489243906892	1.0253674819043843	0.15548157518108685	1.028477113408006	1.4802426099777222	0.5	36.0
16830	train	7.87456962102176e-05	1.154170394204954	1.070585170280408	0.14575676974796115	1.0735003056753671	1.6134017705917358	0.4166666666666667	36.0
16840	train	7.872118377608766e-05	1.015474163825481	0.9383451285976524	0.22645276619328392	0.9428741839215181	1.4519995980792575	0.5	36.0
16850	train	7.869666159107506e-05	1.0231710065649369	0.9469921695461102	0.1758706998966989	0.9505095835440441	1.4532284604178534	0.5277777777777778	36.0
16860	train	7.867212966526002e-05	1.140837840756809	1.0716141950630829	0.12512859536541832	1.0741167669703913	1.3344214757283528	0.6111111111111112	36.0
16870	train	7.864758800872664e-05	1.0981112535503088	1.0238057703614147	0.13474801282087961	1.0265007306178324	1.4322104586495294	0.5277777777777778	36.0
16880	train	7.862303663156307e-05	1.1735276924402367	1.0975791484644861	0.10346887658039729	1.099648525996094	1.4775833288828533	0.4444444444444444	36.0
16890	train	7.859847554386146e-05	1.0506521286077988	0.9752997102016566	0.15889623016119003	0.9784776348048804	1.4434898760583665	0.5277777777777778	36.0
16900	train	7.857390475571794e-05	1.0066052782410153	0.9270646934251422	0.20414893825848898	0.931147672190312	1.5091521210140653	0.3888888888888889	36.0
16910	train	7.854932427723267e-05	1.086989874872342	1.0172848677298514	0.1507816712061564	1.0203005011539745	1.3337874743673537	0.5555555555555556	36.0
16920	train	7.85247341185097e-05	1.0448154140725885	0.9613226704513186	0.1593813126285871	0.9645102967038903	1.6061023473739624	0.4166666666666667	36.0
16930	train	7.850013428965714e-05	1.1497412089520336	1.0745715604363522	0.11777047254145145	1.0769269698871813	1.4562847812970479	0.5277777777777778	36.0
16940	train	7.847552480078704e-05	0.9674620749472126	0.8927484367375782	0.2462226210369004	0.8976728891583162	1.395783715777927	0.5	36.0
16950	train	7.845090566201547e-05	1.099127080136061	1.0298253301549491	0.13103288329309887	1.0324459878208112	1.3336218463049994	0.5833333333333334	36.0
16960	train	7.842627688346239e-05	1.0395595347455968	0.9589383623808547	0.19050186091945284	0.9627483995992437	1.5362227029270596	0.4722222222222222	36.0
16970	train	7.840163847525176e-05	1.0639999242814322	0.9887927526095119	0.1393356505367491	0.9915794656202469	1.4484091732237074	0.5555555555555556	36.0
16980	train	7.837699044751153e-05	1.0448900789461277	0.9474600275697054	0.1737458015481631	0.9509349436006687	1.8791027069091797	0.2777777777777778	36.0
16990	train	7.835233281037354e-05	1.0603669534528706	0.9801308580508947	0.17702891826629638	0.9836714364162207	1.5339103407329984	0.4444444444444444	36.0
17000	train	7.832766557397364e-05	1.0863417036577094	1.0097253942483693	0.13956430844134754	1.0125166804171961	1.4765004648102655	0.4722222222222222	36.0
17000	val		1.115095158110942	1.0363185091786151	0.15268348645749782	1.039372178907765	1.51445958406354	0.453125	192.0
17010	train	7.830298874845156e-05	1.066905011910475	0.9945533127005994	0.15920929461717606	0.9977374985929429	1.3833502663506403	0.4444444444444444	36.0
17020	train	7.827830234395106e-05	1.0576487198149145	0.9859165368585103	0.17103100766738255	0.989337157011858	1.36623125606113	0.4444444444444444	36.0
17030	train	7.825360637061976e-05	1.0300789138633177	0.9573580224108199	0.20458995716439354	0.9614498215541077	1.3725818461842008	0.5277777777777778	36.0
17040	train	7.822890083860924e-05	1.1093382773918075	1.0217669482981657	0.14470738917589188	1.0246610960816835	1.6935436262024774	0.4444444444444444	36.0
17050	train	7.820418575807502e-05	1.1098168710938332	1.041758203910911	0.14014318254258898	1.0445610675617627	1.3051160706414118	0.6111111111111112	36.0
17060	train	7.817946113917652e-05	1.0961558648907137	1.0292411526028142	0.1567180072888732	1.0323755127485916	1.275607042842441	0.5	36.0
17070	train	7.815472699207713e-05	1.0537365739276345	0.9801316084941563	0.1632424969640043	0.9833964584334364	1.4068023098839655	0.4722222222222222	36.0
17080	train	7.812998332694409e-05	1.0567465360364376	0.9769612561730271	0.1934529890616735	0.9808303159542605	1.518324401643541	0.3611111111111111	36.0
17090	train	7.810523015394862e-05	1.0984550332802685	1.023733454109379	0.15362920446528328	1.0268060381986848	1.432979901631673	0.5555555555555556	36.0
17100	train	7.808046748326579e-05	1.1673213909253337	1.089224363358636	0.12050824165344239	1.0916345281917048	1.5137372546725802	0.3611111111111111	36.0
17110	train	7.805569532507457e-05	1.1086523517662454	1.0285676291943426	0.15394185980161032	1.0316464663903748	1.540117707517412	0.3888888888888889	36.0
17120	train	7.803091368955793e-05	1.0402669065399386	0.9542616157270223	0.19565708769692314	0.9581747574809607	1.6418429811795552	0.4444444444444444	36.0
17130	train	7.800612258690262e-05	1.0433896670611273	0.9812088846718178	0.15283189043402673	0.9842655224804983	1.1824828916125827	0.6111111111111112	36.0
17140	train	7.798132202729933e-05	1.0680104981079832	0.998198303465062	0.16424373475213846	1.0014831781601048	1.3305463989575703	0.5277777777777778	36.0
17150	train	7.795651202094262e-05	1.1054452418168432	1.0393504544592613	0.1286985528965791	1.0419244255171929	1.2704163259930081	0.5833333333333334	36.0
17160	train	7.793169257803097e-05	1.0257332301884738	0.9437419134792204	0.1904724289973577	0.9475513620591676	1.5636373625861273	0.4166666666666667	36.0
17170	train	7.790686370876671e-05	1.0941159434234196	1.028319827544864	0.14555758320622975	1.0312309792089887	1.2576992842886183	0.6111111111111112	36.0
17180	train	7.788202542335604e-05	1.0903226523083038	1.013011808575682	0.1616059144337972	1.016243926864358	1.4815745088789198	0.4166666666666667	36.0
17190	train	7.785717773200907e-05	1.0927962756922924	1.0237028924462943	0.14205448627471923	1.0265439821717888	1.3250458704100714	0.5555555555555556	36.0
17200	train	7.78323206449397e-05	1.0291967443886476	0.9621345997159425	0.18496458046138287	0.9658338913251702	1.2672570612695482	0.6111111111111112	36.0
17210	train	7.780745417236577e-05	1.1858055627542599	1.1108235969860054	0.08609977768113215	1.1125455925396281	1.4651994042926364	0.4722222222222222	36.0
17220	train	7.778257832450895e-05	1.0591434296398534	0.979039580069897	0.18398797512054443	0.9827193395723078	1.5284818013509114	0.4444444444444444	36.0
17230	train	7.775769311159475e-05	1.0762925174040792	1.0020784603095583	0.16015800999270546	1.0052816205094124	1.4202179378933377	0.5	36.0
17240	train	7.773279854385255e-05	1.0882892890113354	1.0067594566283387	0.16069941222667694	1.009973444872872	1.5663168827692668	0.4166666666666667	36.0
17250	train	7.770789463151556e-05	1.0008930665085305	0.9220739949043846	0.2062928686539332	0.9261998522774633	1.4938642846213446	0.4444444444444444	36.0
17260	train	7.768298138482084e-05	1.1499172289597845	1.072368841110288	0.12434733596940835	1.0748557878296763	1.5012288226021662	0.4722222222222222	36.0
17270	train	7.765805881400928e-05	0.9956264590304863	0.9208887311731879	0.17863953527477053	0.9244615218786834	1.4232987430360582	0.5	36.0
17280	train	7.76331269293256e-05	1.1061525142005137	1.04336145850298	0.1393421453734239	1.0461483014104485	1.2000842558013067	0.6944444444444444	36.0
17290	train	7.760818574101838e-05	1.098692859609185	1.0261271565416703	0.14363215068976085	1.0289997995554656	1.3938612010743883	0.5	36.0
17300	train	7.758323525934e-05	1.0965752569553444	1.020907399046804	0.15756271531184515	1.024058653353041	1.450332072046068	0.5	36.0
17310	train	7.755827549454663e-05	1.1889479199195176	1.1122377786142232	0.11865406918028991	1.114610859997829	1.4867411984337702	0.5	36.0
17320	train	7.75333064568983e-05	1.1448961057901843	1.069703760694179	0.12795833647251129	1.0722629274236293	1.4526635673311021	0.5555555555555556	36.0
17330	train	7.750832815665886e-05	1.0788893431366904	1.000189751314596	0.15469314654668173	1.0032836142455297	1.512114577823215	0.4444444444444444	36.0
17340	train	7.748334060409592e-05	1.039505432361851	0.9702742377398641	0.16360455254713693	0.9735463287908068	1.3191820714208815	0.5555555555555556	36.0
17350	train	7.745834380948093e-05	1.0155986484313293	0.9404935863538865	0.16923336270782682	0.943878253608043	1.4344078964657254	0.5277777777777778	36.0
17360	train	7.743333778308913e-05	1.1136552008754295	1.036974656856684	0.13554429014523825	1.0396855426595888	1.4793931643168132	0.4166666666666667	36.0
17370	train	7.740832253519953e-05	1.104758598886507	1.0321587660735618	0.15524483058187696	1.0352636626851994	1.3898987240261502	0.5555555555555556	36.0
17380	train	7.738329807609499e-05	0.9944484458405866	0.9003569936791155	0.2270991106828054	0.9048989758927716	1.7909893989562988	0.2777777777777778	36.0
17390	train	7.73582644160621e-05	1.0488661990299948	0.9674957517023014	0.17997648566961288	0.9710952814156937	1.555418352286021	0.3333333333333333	36.0
17400	train	7.733322156539126e-05	1.14194425785772	1.0577020404452944	0.11900908437867959	1.060082222132868	1.6372407144970365	0.3888888888888889	36.0
17410	train	7.730816953437662e-05	1.0377514911853847	0.9601496340496913	0.18166660351885688	0.9637829661200685	1.4793705013063219	0.4722222222222222	36.0
17420	train	7.728310833331614e-05	1.068349492012687	0.9877618991261331	0.15661376218001047	0.9908941743697333	1.5491063528590732	0.4166666666666667	36.0
17430	train	7.725803797251153e-05	1.1080259764946596	1.0258549487680624	0.1618654297457801	1.029092257362978	1.5786743826336331	0.4722222222222222	36.0
17440	train	7.723295846226827e-05	1.04745620917643	0.9696583141522096	0.20172052996026146	0.9736927247514149	1.4752696885002985	0.4166666666666667	36.0
17450	train	7.720786981289561e-05	1.1198142593040745	1.048469376526493	0.12261686380952597	1.0509217138026834	1.3778509100278218	0.5555555555555556	36.0
17460	train	7.718277203470653e-05	1.0188824314719653	0.9310183149953236	0.21330232322216033	0.9352843614597668	1.671961400243971	0.4166666666666667	36.0
17470	train	7.715766513801778e-05	1.0789752881496388	0.9911918081743094	0.16963827709356943	0.9945845737161808	1.6878142886691623	0.4166666666666667	36.0
17480	train	7.713254913314986e-05	1.0973413930068112	1.00767676632354	0.17847464641644842	1.011246259251869	1.721902675098843	0.2777777777777778	36.0
17490	train	7.7107424030427e-05	1.1067728695496937	1.041649170053504	0.15218791315952937	1.0446929283166946	1.2415988246599834	0.5555555555555556	36.0
17500	train	7.708228984017721e-05	1.132690712769472	1.0529948199946617	0.1214029115314285	1.0554228782252904	1.5453566908836365	0.4444444444444444	36.0
17510	train	7.705714657273219e-05	1.15849664002304	1.0771402537125156	0.1344000283214781	1.0798282542789452	1.573367714881897	0.5	36.0
17520	train	7.703199423842736e-05	1.093838578054925	1.0131960404809515	0.14559229049417707	1.016107886290835	1.554613835281796	0.5	36.0
17530	train	7.700683284760193e-05	1.0919040062661967	1.0097268262640635	0.13797766384151247	1.0124863795408938	1.588352534506056	0.4166666666666667	36.0
17540	train	7.69816624105988e-05	1.0802119225813704	1.0055080857358705	0.16817060148432142	1.0088714977655568	1.426808496316274	0.4722222222222222	36.0
17550	train	7.695648293776455e-05	1.1451514733813783	1.069509347870871	0.13472101936737696	1.0722037682582186	1.4589541024631925	0.5277777777777778	36.0
17560	train	7.693129443944956e-05	1.0395253482668736	0.9700390611341403	0.1668261270970106	0.9733755836760805	1.3229952918158636	0.6111111111111112	36.0
17570	train	7.690609692600783e-05	1.1376413126405613	1.0646725777834525	0.12029796292384466	1.0670785370419293	1.4112555119726393	0.5277777777777778	36.0
17580	train	7.688089040779712e-05	1.0687218131332206	0.9888824983893442	0.1506766209171878	0.991896030807688	1.536515646510654	0.4722222222222222	36.0
17590	train	7.685567489517888e-05	1.045057971303987	0.9676768445971882	0.19592208787798882	0.9715952863547479	1.469253698984782	0.5277777777777778	36.0
17600	train	7.683045039851824e-05	1.18999106592709	1.1097571571016396	0.11961826682090759	1.1121495224380578	1.5568308697806463	0.4444444444444444	36.0
17610	train	7.680521692818407e-05	1.0717726294546055	0.9955056509390864	0.15931949019432068	0.9986920407429728	1.4616117742326524	0.5277777777777778	36.0
17620	train	7.677997449454886e-05	1.0945374026338377	1.0331288866970392	0.1515154457754559	1.0361591956125482	1.167564140425788	0.6388888888888888	36.0
17630	train	7.675472310798884e-05	1.0859020146854108	1.0192293401189034	0.14801212896903357	1.022189582698284	1.2742486397425334	0.6111111111111112	36.0
17640	train	7.67294627788839e-05	1.0480105355579243	0.9676755958164983	0.15994420564836925	0.9708744799294657	1.542721112569173	0.4722222222222222	36.0
17650	train	7.67041935176176e-05	1.0859267943600472	1.003651857021748	0.16179258823394777	1.006887708786427	1.5807817114724054	0.3888888888888889	36.0
17660	train	7.667891533457719e-05	1.0233288422633577	0.9473709857539371	0.1956052217218611	0.9512830901883743	1.4409150414996676	0.5277777777777778	36.0
17670	train	7.665362824015357e-05	1.1748370667913763	1.0924107533956608	0.11222492499897878	1.0946552518956405	1.603636297914717	0.4444444444444444	36.0
17680	train	7.662833224474132e-05	1.0267552094844057	0.939748493381216	0.19200582491854826	0.943588609879587	1.6633319920963712	0.3611111111111111	36.0
17690	train	7.660302735873863e-05	1.0955983916130676	1.021852839162649	0.15733661337031257	1.0249995714300553	1.4119764036602445	0.5	36.0
17700	train	7.657771359254743e-05	1.0629076549454768	0.9889602725616004	0.16264687379201254	0.9922132100374406	1.4138888981607225	0.4722222222222222	36.0
17710	train	7.655239095657324e-05	1.0308244742636141	0.968461403335226	0.17643633898761538	0.9719901301149784	1.1766868829727173	0.6388888888888888	36.0
17720	train	7.65270594612252e-05	1.0852679881502505	1.0163604809599767	0.16199646372761992	1.019600410234529	1.3133515583144293	0.5	36.0
17730	train	7.650171911691621e-05	1.0373712696155302	0.9624970008618691	0.20458104461431503	0.9665886217541554	1.415652957227495	0.5277777777777778	36.0
17740	train	7.647636993406265e-05	1.1074287216543406	1.0294605330125406	0.12321408515175183	1.0319248147155757	1.5100781387752957	0.4166666666666667	36.0
17750	train	7.645101192308465e-05	1.061235960761012	0.9779597884889787	0.16655927523970604	0.9812909739937729	1.598899735344781	0.5	36.0
17760	train	7.642564509440591e-05	1.0130271139221834	0.9256645793859275	0.19651777545611063	0.9295949348950497	1.6686435805426703	0.3888888888888889	36.0
17770	train	7.640026945845381e-05	1.0517890404375791	0.9876743631938166	0.16170574559105766	0.9909084781056378	1.2176112466388278	0.6111111111111112	36.0
17780	train	7.63748850256593e-05	1.0379617813098196	0.9735132613315612	0.1712940682967504	0.9769391426974963	1.2204527722464666	0.6111111111111112	36.0
17790	train	7.634949180645695e-05	1.1192758410576098	1.037064822621125	0.1459005226691564	1.039982833074508	1.5858601596620348	0.4166666666666667	36.0
17800	train	7.632408981128494e-05	1.0960647722866514	1.0187268419682693	0.14522761354843775	1.021631394239238	1.488667560948266	0.5	36.0
17810	train	7.629867905058511e-05	1.0789777617120926	1.0055401031372466	0.15040377577145894	1.0085481786526758	1.4085916611883376	0.5277777777777778	36.0
17820	train	7.627325953480282e-05	1.0628371493539057	0.9977636419687843	0.16972361455361049	1.0011581142598565	1.2335807018809848	0.5277777777777778	36.0
17830	train	7.624783127438714e-05	1.1060535955837063	1.0428458947020132	0.13571601940525901	1.0455602150901184	1.2098676098717585	0.5833333333333334	36.0
17840	train	7.62223942797906e-05	1.0491536329989977	0.9758482061878192	0.18073001379768053	0.9794628064637728	1.3938165307044983	0.5555555555555556	36.0
17850	train	7.619694856146939e-05	1.1186654504879612	1.0455116945913399	0.1253837595383326	1.0480193697821065	1.4129216141170926	0.5	36.0
17860	train	7.617149412988333e-05	1.060496860493218	0.9887945290893266	0.15750908686055076	0.9919447108265377	1.3710429933336046	0.5833333333333334	36.0
17870	train	7.614603099549575e-05	1.1137317100690127	1.0345290859599563	0.12933330138524374	1.0371157519876613	1.5323191616270277	0.4444444444444444	36.0
17880	train	7.612055916877358e-05	1.0229920552930067	0.9480322637585299	0.21726277967294058	0.9523775193519887	1.41229071882036	0.4722222222222222	36.0
17890	train	7.609507866018733e-05	1.0759842653489038	0.995122604146526	0.15105005933178794	0.9981436053331617	1.5568132003148396	0.3888888888888889	36.0
17900	train	7.606958948021107e-05	1.0903645775094775	1.020599828528048	0.13781286465624967	1.023356085821173	1.3401698337660894	0.5833333333333334	36.0
17910	train	7.604409163932245e-05	1.0550651243501086	0.9805843960583057	0.19259272267421088	0.98443625051179	1.4125774767663744	0.4722222222222222	36.0
17920	train	7.601858514800265e-05	1.0674390702207326	0.9975171294536298	0.1611271932721138	1.000739673319072	1.3339879380332098	0.4722222222222222	36.0
17930	train	7.599307001673644e-05	1.0130356145570687	0.9260093071199138	0.23628314932187397	0.9307349701063513	1.64601288901435	0.3888888888888889	36.0
17940	train	7.596754625601212e-05	1.177149573576904	1.102336669952462	0.10340551311771075	1.1044047802148163	1.4548958672417536	0.4444444444444444	36.0
17950	train	7.594201387632156e-05	1.117056911044268	1.044169761957425	0.14207018570353588	1.0470111656714958	1.4009149074554443	0.6111111111111112	36.0
17960	train	7.591647288816013e-05	1.0132902599077482	0.9346651520895685	0.19351917902628582	0.9385355356700942	1.495094484753079	0.4722222222222222	36.0
17970	train	7.58909233020268e-05	1.0397759546986705	0.958186555234242	0.15029890773197016	0.9611925333888814	1.5716684261957805	0.3888888888888889	36.0
17980	train	7.5865365128424e-05	1.1174046819848096	1.0337161846898273	0.14248399684826532	1.0365658646267926	1.6167763471603394	0.3333333333333333	36.0
17990	train	7.583979837785775e-05	1.0231789439883432	0.9416746994256909	0.17417213767766954	0.9451581421792443	1.5604160361819797	0.4444444444444444	36.0
18000	train	7.58142230608376e-05	1.1540885375136998	1.0864714227148096	0.1273350790143013	1.0890181242950956	1.301408264372084	0.6111111111111112	36.0
18000	val		1.1120431996601028	1.03253038656999	0.1661951502512895	1.0358542895750158	1.5237782017017405	0.4322916666666667	192.0
18010	train	7.578863918787655e-05	1.0504378044620577	0.979717729987246	0.182797705133756	0.9833736840899212	1.3412824074427288	0.5555555555555556	36.0
18020	train	7.576304676949118e-05	1.0862603900301573	1.0164812308021502	0.14418209261364406	1.019364872654423	1.3379103475146823	0.5555555555555556	36.0
18030	train	7.573744581620158e-05	1.0891921949952625	1.0045203555858582	0.1557867725690206	1.0076360910372386	1.6311220791604784	0.3888888888888889	36.0
18040	train	7.571183633853133e-05	1.0729227593133759	0.990938716506618	0.16572079807519913	0.994253132468122	1.5733925369050767	0.4166666666666667	36.0
18050	train	7.568621834700753e-05	1.105251452399309	1.026618926432082	0.1295779330862893	1.0292104850938077	1.5208193461100261	0.4444444444444444	36.0
18060	train	7.566059185216074e-05	1.0619834549900196	0.9821709178596373	0.1667132889231046	0.9855051836380994	1.5295654270384047	0.4444444444444444	36.0
18070	train	7.563495686452505e-05	1.0644089584075256	0.9907926007796836	0.16655021160840988	0.9941236050118517	1.4057070679134793	0.5	36.0
18080	train	7.560931339463804e-05	1.051342019527959	0.9763310023482216	0.17463099242498478	0.9798236221967213	1.4303679466247559	0.5	36.0
18090	train	7.558366145304079e-05	1.0263403013179067	0.9592125365663929	0.18743785868088406	0.9629612937400106	1.2675801515579224	0.5555555555555556	36.0
18100	train	7.555800105027782e-05	1.0011855046546223	0.9262681033309064	0.19430220706595314	0.9301541474722255	1.4206271436479356	0.4722222222222222	36.0
18110	train	7.553233219689717e-05	1.1391755469336793	1.0713526459480012	0.11669181659817696	1.0736864822799648	1.30978129307429	0.5	36.0
18120	train	7.550665490345032e-05	1.0723315988162883	1.008016100460926	0.15201501465506023	1.0110564007540273	1.225503961245219	0.6111111111111112	36.0
18130	train	7.548096918049226e-05	1.1260485544062389	1.0623563553714157	0.13913981666167577	1.0651391517046491	1.218188054031796	0.6111111111111112	36.0
18140	train	7.545527503858139e-05	1.077170250532396	0.9952954424055424	0.1801527434339126	0.9988984972742206	1.5654350651635065	0.3888888888888889	36.0
18150	train	7.542957248827961e-05	1.0117696328439665	0.9293584471257215	0.1560638588335779	0.932479724302393	1.5857981708314683	0.4722222222222222	36.0
18160	train	7.540386154015229e-05	1.1240402523023858	1.0623661828092046	0.12468767476578553	1.0648599363045204	1.1836063199573092	0.6388888888888888	36.0
18170	train	7.537814220476819e-05	1.06802025175436	0.9898544198615055	0.16551638953387737	0.993164747652183	1.497110082043542	0.3888888888888889	36.0
18180	train	7.53524144926996e-05	1.0471519881405735	0.9759061472450665	0.21021218970417976	0.9801103910391501	1.3408319420284696	0.5277777777777778	36.0
18190	train	7.532667841452217e-05	1.1377366243131888	1.059457022400243	0.12519863154739141	1.061960995031191	1.5155125856399536	0.5555555555555556	36.0
18200	train	7.530093398081505e-05	1.144549032261758	1.0738503905078989	0.12551650487714344	1.0763607206054417	1.3637662331263225	0.5833333333333334	36.0
18210	train	7.527518120216082e-05	0.9698108809337366	0.9014684534424227	0.19430634441475073	0.9053545803307177	1.2891260120603774	0.5833333333333334	36.0
18220	train	7.524942008914546e-05	1.0858687838306382	1.0050696550697442	0.17584645830922657	1.0085865842359287	1.5456439918941922	0.4722222222222222	36.0
18230	train	7.522365065235837e-05	1.0538632683464433	0.9748396679767515	0.18318928364250395	0.9785034536496016	1.5071962939368353	0.4166666666666667	36.0
18240	train	7.519787290239244e-05	1.073848473682309	0.9965427917822913	0.15474563154081503	0.9996377044131076	1.4842153853840299	0.4722222222222222	36.0
18250	train	7.517208684984386e-05	1.0925366492052544	1.0174313085390134	0.15753431717554728	1.0205819948825243	1.4390930864546034	0.5	36.0
18260	train	7.514629250531237e-05	1.0174054820838863	0.9463169456293146	0.1871632804473241	0.950060211238261	1.3469054169125028	0.6111111111111112	36.0
18270	train	7.512048987940103e-05	1.073439463131134	1.0010696545102573	0.14044255018234253	1.0038785055139041	1.3912191523445978	0.5833333333333334	36.0
18280	train	7.509467898271629e-05	1.0418173370028088	0.9771406668687412	0.1596637186076906	0.980333941240895	1.2296679152382746	0.5555555555555556	36.0
18290	train	7.506885982586808e-05	1.044627992146793	0.9655587626854218	0.17395179292985372	0.969037798544019	1.5118038720554776	0.5	36.0
18300	train	7.504303241946966e-05	1.1086738315894522	1.0216234742278176	0.15802960760063595	1.0247840663798304	1.6777953041924372	0.4722222222222222	36.0
18310	train	7.50171967741377e-05	1.065020953096401	0.9792486822513585	0.16228100756804148	0.9824943024027194	1.65053301387363	0.3611111111111111	36.0
18320	train	7.499135290049228e-05	1.1126052497469092	1.0382175423247322	0.17048627684513729	1.041627267861635	1.419559637705485	0.5555555555555556	36.0
18330	train	7.496550080915681e-05	1.1001716321890591	1.0233694829296773	0.16764176438252132	1.0267223182173277	1.468986279434628	0.5277777777777778	36.0
18340	train	7.493964051075812e-05	1.061505621880887	0.9845176514691093	0.1559694876273473	0.9876370412216563	1.477371613184611	0.4444444444444444	36.0
18350	train	7.491377201592639e-05	1.124103485474446	1.0524153338499782	0.1490341756078932	1.0553960173621362	1.3741493622461955	0.5	36.0
18360	train	7.488789533529522e-05	1.045064869798399	0.9804226793991297	0.16255937330424786	0.9836738668652147	1.227820058663686	0.5833333333333334	36.0
18370	train	7.486201047950148e-05	1.0386049562768902	0.9597682051933573	0.18085808058579764	0.9633853668050733	1.5043917894363403	0.4722222222222222	36.0
18380	train	7.48361174591855e-05	1.045229001309007	0.9660479936323526	0.17688011791970995	0.9695855959907468	1.5128681063652039	0.4444444444444444	36.0
18390	train	7.481021628499092e-05	1.0926141080894598	1.0122964606786962	0.16091966728369395	1.0155148540243701	1.541985081301795	0.5555555555555556	36.0
18400	train	7.47843069675647e-05	0.9823745545746755	0.9004309385420751	0.1909856379032135	0.9042506513001394	1.5624780654907227	0.4166666666666667	36.0
18410	train	7.475838951755721e-05	1.1616883917325067	1.0914085993177354	0.0929991967148251	1.093268583252032	1.3683961696094937	0.5	36.0
18420	train	7.473246394562213e-05	1.081079125201174	0.9917450070667284	0.1853667911556032	0.9954523428898405	1.712535646226671	0.4444444444444444	36.0
18430	train	7.47065302624165e-05	1.1349303147665273	1.056996416827534	0.12070220543278588	1.0594104609361898	1.5103970766067505	0.4444444444444444	36.0
18440	train	7.468058847860063e-05	1.0874249560909643	1.023141101738861	0.15605960885683695	1.0262622939159978	1.223253243499332	0.6944444444444444	36.0
18450	train	7.465463860483825e-05	0.9608885191282938	0.8749257721372422	0.2334367791811625	0.8795945077208654	1.6258802281485663	0.3611111111111111	36.0
18460	train	7.462868065179636e-05	1.1305889252264762	1.064604242871814	0.15403736531734466	1.067684990178161	1.2580787009663053	0.6944444444444444	36.0
18470	train	7.46027146301453e-05	0.9747977159317184	0.8959334546787059	0.2073696459333102	0.9000808475973721	1.4943373666869268	0.4166666666666667	36.0
18480	train	7.457674055055871e-05	1.0312767436842516	0.9574345187419383	0.18289788564046225	0.9610924764547475	1.4036853445900812	0.4166666666666667	36.0
18490	train	7.455075842371356e-05	1.0953086658309137	1.023159968755997	0.13512203246355056	1.025862409405268	1.3889251285129123	0.5555555555555556	36.0
18500	train	7.452476826029012e-05	1.1130381420845719	1.0308577421103846	0.13792749643325805	1.0336162920390497	1.5884370009104412	0.4444444444444444	36.0
18510	train	7.449877007097196e-05	1.0793559270919921	1.0035901996564431	0.14611859164304203	1.006512571489304	1.4568671120537653	0.5	36.0
18520	train	7.447276386644595e-05	1.0657044660127841	1.0001905311554686	0.16230504545900556	1.0034366320646488	1.2453566789627075	0.6388888888888888	36.0
18530	train	7.444674965740227e-05	1.085242442727037	1.014593495650372	0.1441591837339931	1.0174766793250518	1.3553152680397034	0.5555555555555556	36.0
18540	train	7.442072745453439e-05	1.0907999881721455	1.0210563653492515	0.17075555937157738	1.0244714765366831	1.3265702327092488	0.5833333333333334	36.0
18550	train	7.439469726853903e-05	1.1077601564450394	1.0479129268351526	0.11924631347258886	1.0502978531046043	1.1492460668087006	0.6666666666666666	36.0
18560	train	7.436865911011622e-05	1.1090736982076876	1.0320552604413211	0.13803475350141525	1.0348159555113494	1.4851548539267645	0.4444444444444444	36.0
18570	train	7.434261298996925e-05	1.1504080849273883	1.0756436603256117	0.12050840786347787	1.0780538284828811	1.4470851288901434	0.4444444444444444	36.0
18580	train	7.431655891880474e-05	0.9774884855821857	0.9095720727319647	0.1885821438497967	0.9133437156089607	1.2828953994645014	0.5833333333333334	36.0
18590	train	7.42904969073325e-05	1.1000787468355842	1.01006508199476	0.15034860434631506	1.0130720540816864	1.7401338550779555	0.3888888888888889	36.0
18600	train	7.426442696626565e-05	1.0482436528870593	0.9750745186112785	0.1646983896692594	0.9783684864046637	1.397503329647912	0.5833333333333334	36.0
18610	train	7.423834910632056e-05	1.0424861274138284	0.9690921757215499	0.16035344061397372	0.9722992445338294	1.403737657599979	0.5277777777777778	36.0
18620	train	7.421226333821683e-05	1.056530091081881	0.9846665993678801	0.15327589611212414	0.9877321172901227	1.3759594758351643	0.5555555555555556	36.0
18630	train	7.418616967267737e-05	1.067725120019659	0.9987145478966282	0.14551850594580173	1.001624918015544	1.3220040400822957	0.5277777777777778	36.0
18640	train	7.416006812042828e-05	1.0660695010733712	0.9940125727499962	0.16505779723326366	0.9973137286946615	1.3751154475741916	0.4722222222222222	36.0
18650	train	7.413395869219891e-05	1.1193054698178322	1.0304416071808158	0.15505441774924597	1.0335426955358007	1.7152554856406317	0.3888888888888889	36.0
18660	train	7.41078413987219e-05	1.0815545332049972	1.007975784545042	0.16239036569992701	1.0112235918590406	1.4066188269191318	0.5277777777777778	36.0
18670	train	7.408171625073302e-05	1.096907410390657	1.0045522046552584	0.1706686013688644	1.0079655766826356	1.7788366741604276	0.3611111111111111	36.0
18680	train	7.40555832589714e-05	1.0950703461556854	1.014023864625814	0.15365515814887154	1.0170969677887913	1.559467567337884	0.3888888888888889	36.0
18690	train	7.402944243417929e-05	1.1201144990391165	1.052185161041713	0.13245323859155178	1.0548342258135441	1.3056054645114474	0.5833333333333334	36.0
18700	train	7.40032937871022e-05	1.075101167776589	1.015566416583198	0.13310676564772925	1.0182285518961525	1.1374523176087274	0.6388888888888888	36.0
18710	train	7.397713732848884e-05	1.0406001830983826	0.9485547074002029	0.18134877036015193	0.9521816828074059	1.7683700058195326	0.4444444444444444	36.0
18720	train	7.395097306909116e-05	1.1578825608812293	1.0942965003895282	0.1164455854644378	1.096625412098817	1.2251429756482441	0.5833333333333334	36.0
18730	train	7.39248010196643e-05	1.0020213119926267	0.9278893886449151	0.19878985633452734	0.9318651857716056	1.4031225244204204	0.5555555555555556	36.0
18740	train	7.389862119096659e-05	1.1263328946916509	1.0516213739866926	0.13244802256425223	1.0542703344379778	1.4412512050734625	0.5277777777777778	36.0
18750	train	7.387243359375956e-05	1.021178043907708	0.9538470356422922	0.1823879356185595	0.9574947943546634	1.2736649910608928	0.6111111111111112	36.0
18760	train	7.384623823880796e-05	1.1030457868082482	1.030580610035508	0.1373637579381466	1.0333278851942709	1.3943580322795444	0.5555555555555556	36.0
18770	train	7.38200351368797e-05	1.0133594140647897	0.9484328674183006	0.1909385042058097	0.9522516375024168	1.2221555312474568	0.5277777777777778	36.0
18780	train	7.37938242987459e-05	1.0514043199441343	0.9772499740376913	0.15525715467002657	0.9803551171310918	1.4209840562608507	0.5	36.0
18790	train	7.376760573518083e-05	1.0176079888543705	0.9520935365558882	0.17702882687250773	0.9556341130933383	1.239477515220642	0.5555555555555556	36.0
18800	train	7.374137945696196e-05	1.1298631723717782	1.06209726757433	0.13333982891506618	1.0647640641526315	1.3019821643829346	0.6111111111111112	36.0
18810	train	7.371514547486991e-05	1.0732533664140502	0.9934572381277946	0.15666497151056927	0.996590537558006	1.5332565771208868	0.5277777777777778	36.0
18820	train	7.368890379968852e-05	1.138042797573148	1.0667890714384505	0.11923668699132071	1.0691738051782769	1.3773798478974237	0.5	36.0
18830	train	7.366265444220469e-05	1.0253270719645295	0.9515405303568848	0.1955430269241333	0.9554513908953675	1.397513621383243	0.5	36.0
18840	train	7.363639741320857e-05	1.0568453675499692	0.9847068808732233	0.16199420094490052	0.9879467648921213	1.3779720531569586	0.5833333333333334	36.0
18850	train	7.361013272349343e-05	1.05936323823395	0.9835636456495783	0.1566139981150627	0.9866959256118796	1.4533462524414062	0.5277777777777778	36.0
18860	train	7.35838603838557e-05	1.0226380505462702	0.9464092803796348	0.16480746616919836	0.9497054297030187	1.458652416865031	0.4166666666666667	36.0
18870	train	7.355758040509494e-05	1.0136294068063587	0.9392171978204074	0.22877477233608565	0.9437926932671291	1.39673427078459	0.5277777777777778	36.0
18880	train	7.353129279801386e-05	0.9924477589607991	0.9072999090599441	0.19652947038412094	0.9112304984676265	1.6243452098634508	0.2777777777777778	36.0
18890	train	7.35049975734183e-05	1.0797840223789454	1.0014431456804513	0.16770832737286887	1.0047973122279088	1.4997342030207317	0.4722222222222222	36.0
18900	train	7.347869474211722e-05	1.0659715263508673	0.9947286893431925	0.1518713217228651	0.9977661157776497	1.3641082114643521	0.5	36.0
18910	train	7.345238431492274e-05	1.0847245853168739	1.0005466085877326	0.16295250331362088	1.003805658654005	1.6183785332573786	0.4166666666666667	36.0
18920	train	7.342606630265008e-05	1.086051089542288	1.0188648448094841	0.15754986504713694	1.0220158421104268	1.2807049486372206	0.5555555555555556	36.0
18930	train	7.339974071611757e-05	1.079082112533446	1.0069448065651083	0.16770867009957632	1.0102989799670998	1.3756626513269212	0.5833333333333334	36.0
18940	train	7.337340756614667e-05	1.0267832070894198	0.9602493734466193	0.18048539261023203	0.9638590812988239	1.2584825158119202	0.5555555555555556	36.0
18950	train	7.334706686356194e-05	1.0839355338464292	1.0121063812093714	0.17153967751397026	1.0155371747596507	1.3679671817355685	0.5	36.0
18960	train	7.332071861919106e-05	1.0168291240717338	0.9485734605046146	0.16023135781288148	0.9517780876608721	1.3010207282172308	0.6388888888888888	36.0
18970	train	7.32943628438648e-05	1.0084414108474042	0.9339571458477761	0.18066791113879946	0.9375705040705521	1.4174181355370417	0.5555555555555556	36.0
18980	train	7.326799954841699e-05	1.0121810667617577	0.9417459476087425	0.21966029277869634	0.9461391534643164	1.3208382659488254	0.5555555555555556	36.0
18990	train	7.324162874368462e-05	1.030988720378294	0.9474301819447157	0.1889338696996371	0.9512088593387085	1.5955972207917108	0.3888888888888889	36.0
19000	train	7.321525044050772e-05	1.0905514036028416	1.0261958824255897	0.14520852640271187	1.0291000529536438	1.229027012983958	0.6388888888888888	36.0
19000	val		1.1104941776185002	1.0299494982511779	0.15345531689766315	1.0330186045891312	1.5495114605873823	0.4114583333333333	192.0
19010	train	7.318886464972941e-05	1.1016636691240214	1.0276581634046662	0.1464404304112707	1.0305869720128915	1.4215339422225952	0.6111111111111112	36.0
19020	train	7.31624713821959e-05	1.1602128471879176	1.0770791813745775	0.1513286809126536	1.0801057549928306	1.60214184390174	0.3888888888888889	36.0
19030	train	7.313607064875647e-05	1.0793674158157922	1.0202519599428954	0.1341509815926353	1.0229349795747482	1.1286487248208787	0.6388888888888888	36.0
19040	train	7.310966246026346e-05	1.0749571520686005	1.012886500517513	0.14945038656393686	1.0158755082487916	1.1816328763961792	0.6388888888888888	36.0
19050	train	7.308324682757225e-05	1.0569541069012658	0.9841052754860895	0.1806835565302107	0.9877189466166937	1.3847032056914435	0.5	36.0
19060	train	7.305682376154135e-05	1.0867562262710795	1.0147708277773722	0.14528586280842623	1.0176765450335408	1.3815936247507732	0.6111111111111112	36.0
19070	train	7.303039327303226e-05	1.0320410349542082	0.9671579645316648	0.16492798427740732	0.970456524217213	1.2316902147399054	0.6666666666666666	36.0
19080	train	7.300395537290956e-05	1.126141133949675	1.0622084798702114	0.12568079680204391	1.0647220958062522	1.2283807628684573	0.6388888888888888	36.0
19090	train	7.297751007204088e-05	1.068888717015769	0.9977392000193589	0.14607569724321365	1.0006607139642232	1.3645600610309176	0.5277777777777778	36.0
19100	train	7.295105738129688e-05	1.0689709461109307	1.004786981259101	0.16843255311250688	1.0081556323213512	1.2163062757915921	0.5833333333333334	36.0
19110	train	7.292459731155126e-05	1.0349775088357387	0.9573220044484527	0.17730891249246067	0.960868182698302	1.4821865227487352	0.5277777777777778	36.0
19120	train	7.289812987368074e-05	1.1516376989222523	1.0830224883394397	0.1226947471499443	1.0854763832824386	1.323226312796275	0.5555555555555556	36.0
19130	train	7.287165507856512e-05	1.1386693384189188	1.0697133782031252	0.12206408753991127	1.0721546599539233	1.3302935692999098	0.5277777777777778	36.0
19140	train	7.284517293708719e-05	1.1398518370886332	1.0638167025777718	0.12560590356588364	1.0663288206490895	1.4704603287908766	0.5	36.0
19150	train	7.28186834601327e-05	1.0276120176922232	0.9508516358197678	0.17013174369931222	0.9542542706937541	1.4671549399693806	0.5277777777777778	36.0
19160	train	7.279218665859052e-05	1.075957839575673	0.9960350362120433	0.16602864471219836	0.9993556091062872	1.5320446093877156	0.5	36.0
19170	train	7.276568254335247e-05	1.0644087650636387	0.9906200285182615	0.19734337677558264	0.9945668960537731	1.396837380197313	0.5277777777777778	36.0
19180	train	7.27391711253134e-05	1.1849984092578834	1.1121045576225268	0.09961330083509286	1.1140968236392286	1.4180317123730977	0.5277777777777778	36.0
19190	train	7.271265241537116e-05	1.173037413146474	1.1043523648080342	0.10924146489964591	1.1065371941060271	1.3300043808089361	0.6111111111111112	36.0
19200	train	7.268612642442657e-05	1.0458720651219782	0.9618076075729891	0.15466168853971693	0.9649008413437834	1.6194244755638971	0.3888888888888889	36.0
19210	train	7.265959316338347e-05	1.086750306219946	1.0131911169135808	0.15756849447886148	1.016342486803158	1.4081563883357577	0.5	36.0
19220	train	7.263305264314868e-05	1.00076505822356	0.9284878363617474	0.19430934306648043	0.9323740232230769	1.3678207000096638	0.5277777777777778	36.0
19230	train	7.2606504874632e-05	1.1631667528006782	1.0891415515230778	0.13395343273878096	1.0918206201778533	1.4269226524564955	0.4166666666666667	36.0
19240	train	7.257994986874622e-05	1.1617649875773182	1.087600508486264	0.11415089737801325	1.0898835264338245	1.437629222869873	0.5277777777777778	36.0
19250	train	7.255338763640711e-05	1.1102454779436406	1.048566782546396	0.12001143809821871	1.0509670113083605	1.1855693327056036	0.6666666666666666	36.0
19260	train	7.25268181885334e-05	1.124665674383901	1.063723687829702	0.11870716909567515	1.0660978312116156	1.1713568634457059	0.6944444444444444	36.0
19270	train	7.250024153604678e-05	1.0458191206860423	0.9766624720700462	0.17516453564167023	0.9801657627828796	1.3130671580632527	0.4722222222222222	36.0
19280	train	7.247365768987189e-05	1.0895509962647918	1.0235540406481851	0.13904055539104673	1.026334851756006	1.2643228901757135	0.5833333333333334	36.0
19290	train	7.244706666093637e-05	1.0777063700662632	1.005975016708829	0.1583939569691817	1.0091428958482127	1.3712694843610127	0.5277777777777778	36.0
19300	train	7.242046846017078e-05	1.113957011098586	1.0392824177724678	0.13476263731718063	1.0419776705188113	1.4395868115954928	0.5	36.0
19310	train	7.239386309850862e-05	1.078424576024826	0.9907625456988306	0.1786997781859504	0.9943365412625496	1.6817606952455308	0.4444444444444444	36.0
19320	train	7.236725058688639e-05	0.9958682695196316	0.9399433466493665	0.18343771398067474	0.94361210092898	1.0451233718130324	0.7777777777777778	36.0
19330	train	7.234063093624344e-05	1.118677049211266	1.0522810043004842	0.13949567514161268	1.0550709178033164	1.2721226281589932	0.6666666666666666	36.0
19340	train	7.231400415752213e-05	1.1256456409148505	1.0519849103939665	0.12529557943344116	1.0544908219826352	1.4230963786443074	0.5	36.0
19350	train	7.228737026166771e-05	1.0692591770190656	0.9992572083273191	0.15116944660743079	1.0022805972594677	1.3395715951919556	0.5277777777777778	36.0
19360	train	7.22607292596284e-05	1.0979334124055198	1.0342295885311257	0.14430665920178096	1.0371157217151612	1.2163538138071697	0.5833333333333334	36.0
19370	train	7.223408116235527e-05	1.0737050152397822	0.9960933668457803	0.17184466222922007	0.9995302600903647	1.483495102988349	0.5	36.0
19380	train	7.220742598080236e-05	0.9982282472005208	0.9165286160857201	0.17893788715203604	0.9201073738287608	1.562417467435201	0.3888888888888889	36.0
19390	train	7.21807637259266e-05	1.0792454848733282	1.0035950915230714	0.1944528048237165	1.0074841476195457	1.4352267450756497	0.5	36.0
19400	train	7.215409440868789e-05	1.0238201923603856	0.941680041876274	0.1883741956618097	0.9454475257895102	1.5674533314175076	0.4166666666666667	36.0
19410	train	7.212741804004889e-05	1.0638513377968666	0.9840999348575072	0.17966959898670515	0.9876933268372413	1.5231602191925049	0.4722222222222222	36.0
19420	train	7.210073463097532e-05	1.1154943367482875	1.0451922506532723	0.1418821523586909	1.048029893700446	1.3492888609568279	0.5277777777777778	36.0
19430	train	7.207404419243568e-05	1.1047219046220984	1.0370949389517399	0.14769125126657032	1.0400487639770712	1.2934628129005432	0.6388888888888888	36.0
19440	train	7.204734673540143e-05	1.0811330699742274	1.0004294430493086	0.16976143854359785	1.0038246718201806	1.546167963080936	0.5	36.0
19450	train	7.202064227084685e-05	1.0421893179497805	0.9646244523805069	0.18443943162759144	0.9683132410130587	1.477521538734436	0.4722222222222222	36.0
19460	train	7.199393080974917e-05	1.1337144790743676	1.0608437838973157	0.13530454287926355	1.063549874754901	1.4032920863893297	0.5555555555555556	36.0
19470	train	7.196721236308846e-05	1.0671434999974212	0.9972117252909448	0.17113611288368702	1.0006344475486186	1.3301810489760504	0.5555555555555556	36.0
19480	train	7.194048694184765e-05	1.024448190850297	0.9519378473582659	0.1780457148949305	0.9554987616561645	1.3789885838826497	0.5277777777777778	36.0
19490	train	7.191375455701255e-05	1.0186914507113611	0.9363229277295585	0.1977118899424871	0.9402771655284082	1.5682857036590576	0.4444444444444444	36.0
19500	train	7.188701521957184e-05	1.0502880514547939	0.9711670393035525	0.1655225783586502	0.9744774908707255	1.516211211681366	0.4444444444444444	36.0
19510	train	7.186026894051707e-05	1.0231011586775955	0.9428110271914711	0.17816033876604503	0.946374233966792	1.5345384942160711	0.4722222222222222	36.0
19520	train	7.183351573084258e-05	1.1197581948564348	1.0519388456734582	0.12383212049802145	1.0544154880834187	1.3068541354603238	0.5	36.0
19530	train	7.180675560154564e-05	1.0893328210159368	1.0022689778385123	0.1873355358839035	1.0060156885561904	1.6663426491949294	0.4166666666666667	36.0
19540	train	7.177998856362632e-05	1.01442088353041	0.9333842494759612	0.18562565942605336	0.9370967626644823	1.546482417318556	0.4166666666666667	36.0
19550	train	7.175321462808754e-05	1.048748879242733	0.97268019688672	0.15525825570027033	0.9757853620007254	1.4592703448401556	0.4722222222222222	36.0
19560	train	7.172643380593505e-05	0.9337488419472701	0.8597132243457298	0.20269782468676567	0.8637671808394651	1.3996332221561008	0.4444444444444444	36.0
19570	train	7.169964610817742e-05	0.9505587478448149	0.87739813829818	0.19530142893393834	0.8813041668768588	1.3850916193591223	0.5277777777777778	36.0
19580	train	7.167285154582611e-05	1.0592434107958508	0.9902358859271704	0.17011539079248905	0.9936381937430202	1.3121043410566118	0.5	36.0
19590	train	7.164605012989528e-05	1.080996999626516	1.0073374707932194	0.1408961849908034	1.0101553944930355	1.41683210266961	0.5	36.0
19600	train	7.161924187140204e-05	1.0833120932951388	1.00939996672751	0.16379277308781942	1.0126758221892664	1.4127254221174452	0.4722222222222222	36.0
19610	train	7.159242678136623e-05	1.0193057450844467	0.951473774690789	0.17956749300161998	0.9550651245508214	1.2848124106725056	0.5555555555555556	36.0
19620	train	7.156560487081051e-05	1.015346215760987	0.9320715878535782	0.20509782019588682	0.936173544257496	1.5834534300698175	0.3333333333333333	36.0
19630	train	7.153877615076038e-05	0.983771156821186	0.9168527236822923	0.19330962312718233	0.9207189161448359	1.2610448135270014	0.6666666666666666	36.0
19640	train	7.151194063224408e-05	1.0194500683112364	0.9324908818334429	0.18939203437831667	0.9362787225210092	1.6634269158045452	0.3888888888888889	36.0
19650	train	7.148509832629272e-05	1.0480889485703826	0.977841721517535	0.15782214370038775	0.9809981643915427	1.3418156835767958	0.6111111111111112	36.0
19660	train	7.145824924394011e-05	1.056234963850486	0.9755766424657316	0.160065200800697	0.9787779464817455	1.5491403473748102	0.4444444444444444	36.0
19670	train	7.143139339622293e-05	1.1072090576032974	1.031253592458716	0.14531841079394023	1.0341599606745948	1.4609819385740492	0.5	36.0
19680	train	7.140453079418059e-05	1.0868790109963198	1.0119029519800655	0.1659244406554434	1.0152214407931743	1.433151404062907	0.4166666666666667	36.0
19690	train	7.13776614488553e-05	1.0160847598236638	0.9453626406032348	0.16544054986702073	0.9486714516005752	1.3482661644617717	0.5833333333333334	36.0
19700	train	7.135078537129202e-05	1.0897685172411629	1.0240819418184786	0.14848877241214117	1.0270517172667213	1.2543359994888306	0.5833333333333334	36.0
19710	train	7.13239025725385e-05	0.9897089180565862	0.9234462096592111	0.20856338863571486	0.9276174774319254	1.2418288124932184	0.5833333333333334	36.0
19720	train	7.129701306364525e-05	1.0616255480778405	0.9811285967494568	0.17137138644854227	0.9845560244784277	1.541390471988254	0.4166666666666667	36.0
19730	train	7.127011685566551e-05	1.112807283211327	1.045219998547014	0.1460433214902878	1.0481408649768198	1.2933283646901448	0.6388888888888888	36.0
19740	train	7.124321395965531e-05	1.0842098322336033	1.009614980633804	0.1462741494178772	1.0125404636221615	1.4333873722288344	0.5555555555555556	36.0
19750	train	7.121630438667341e-05	1.0982281569653096	1.0141094400746964	0.1456142949561278	1.017021725973819	1.6241286198298137	0.3888888888888889	36.0
19760	train	7.118938814778132e-05	0.9835775727242859	0.9181110832337505	0.2103488360842069	0.9223180599554346	1.2251902553770277	0.6388888888888888	36.0
19770	train	7.116246525404328e-05	1.0676587185500859	0.991321736746907	0.16669228424628577	0.9946555824318327	1.4600627223650615	0.5	36.0
19780	train	7.113553571652629e-05	1.0416178383560561	0.972845003693649	0.18757509475662595	0.9765965055887815	1.3004266553454928	0.5555555555555556	36.0
19790	train	7.110859954630008e-05	1.1089066732545825	1.0331783621231847	0.13861760447422664	1.0359507142126692	1.459119180838267	0.5	36.0
19800	train	7.108165675443705e-05	1.014677810214543	0.9434879063823989	0.18072222421566644	0.9471023508667122	1.3515091869566176	0.4722222222222222	36.0
19810	train	7.105470735201239e-05	1.0250518670893591	0.9547156918595449	0.18493498033947414	0.9584143914663343	1.3327495124604967	0.5555555555555556	36.0
19820	train	7.102775135010397e-05	1.1064127436693376	1.037563772093839	0.13757028761837217	1.0403151778462065	1.3219513164626226	0.4722222222222222	36.0
19830	train	7.100078875979239e-05	1.0374667921639067	0.9638494904729971	0.18193041160702705	0.9674880987051376	1.3995738691753812	0.5277777777777778	36.0
19840	train	7.097381959216097e-05	1.1366709240729886	1.053944927333654	0.14813537233405644	1.0569076347803352	1.595265785853068	0.4722222222222222	36.0
19850	train	7.09468438582957e-05	1.050194584250821	0.9675684744487604	0.19143101986911562	0.9713970948461427	1.575949788093567	0.4166666666666667	36.0
19860	train	7.091986156928527e-05	1.056780430018718	0.9672907954270459	0.17964712902903557	0.9708837380076266	1.717933840221829	0.3888888888888889	36.0
19870	train	7.08928727362211e-05	1.0343331635667465	0.9477745933051158	0.18115830731888613	0.9513977594514935	1.6587080823050604	0.3888888888888889	36.0
19880	train	7.086587737019725e-05	1.0244576783646953	0.9540913234323076	0.16735402163532045	0.957438403865014	1.3403854899936252	0.5555555555555556	36.0
19890	train	7.083887548231056e-05	1.0956998173867298	1.0100487073899607	0.13666598581605488	1.0127820271062817	1.6583558056089613	0.3611111111111111	36.0
19900	train	7.081186708366043e-05	0.9946049727321342	0.9236981434345917	0.22749997476736705	0.928248142929939	1.3271365960439045	0.5833333333333334	36.0
19910	train	7.0784852185349e-05	1.1060460459156443	1.0313394904630324	0.142021049062411	1.0341799114442807	1.43732268942727	0.3888888888888889	36.0
19920	train	7.075783079848109e-05	1.1447626321566406	1.0695762962850235	0.1280171091357867	1.0721366384677393	1.4525198737780254	0.4722222222222222	36.0
19930	train	7.073080293416417e-05	1.1416540132784427	1.088695721919197	0.11805274027089278	1.0910567767246149	1.0119447310765584	0.75	36.0
19940	train	7.070376860350836e-05	1.1211109213044075	1.0513864356785843	0.13718658106194603	1.0541301672998231	1.3396150800916884	0.5555555555555556	36.0
19950	train	7.067672781762648e-05	1.1264820068150545	1.0490692399795352	0.14285418497664587	1.0519263236790681	1.4911136627197266	0.4722222222222222	36.0
19960	train	7.064968058763393e-05	1.148608144425591	1.0754173667761087	0.1506069873770078	1.0784295065236489	1.4035727580388386	0.6111111111111112	36.0
19970	train	7.062262692464885e-05	1.0334067468407575	0.9498311616873897	0.18599400917689005	0.9535510418709274	1.5971140993965998	0.4444444444444444	36.0
19980	train	7.059556683979194e-05	1.0475839894803547	0.9833747524810018	0.1669801092810101	0.986714354666622	1.2173926962746515	0.6388888888888888	36.0
19990	train	7.05685003441866e-05	1.1108705310664408	1.0343872084013455	0.11712618097662926	1.0367297320208781	1.4828159809112549	0.3611111111111111	36.0
20000	train	7.054142744895885e-05	1.1143793059404177	1.037704609912185	0.12320231497287751	1.0401686562116426	1.4842129945755005	0.4444444444444444	36.0
20000	val		1.1093971406065684	1.0301977619517646	0.1589047697594224	1.0333758573469531	1.520425665192306	0.453125	192.0
20010	train	7.051434816523733e-05	1.095466163631239	1.0261511489675692	0.15036136160294214	1.0291583761996281	1.326155748632219	0.5833333333333334	36.0
20020	train	7.04872625041533e-05	1.0663433309310608	0.9966130780260364	0.15903043498595557	0.9997936867257555	1.3309928841061063	0.5555555555555556	36.0
20030	train	7.046017047684067e-05	1.0875875719656714	0.9992098105155925	0.14789178669452668	1.002167646249483	1.7083985143237643	0.3333333333333333	36.0
20040	train	7.043307209443593e-05	1.0525050770306972	0.9674739189675504	0.1714802947309282	0.970903524862169	1.6320310433705647	0.3333333333333333	36.0
20050	train	7.040596736807821e-05	1.0730822849182189	0.9921305281660192	0.1706397458910942	0.9955433230838411	1.5507792366875544	0.5	36.0
20060	train	7.037885630890925e-05	1.054380576289715	0.9895092746718277	0.18984957039356232	0.993306266079699	1.2214862042003207	0.6388888888888888	36.0
20070	train	7.035173892807336e-05	1.0708563128587412	1.0013030890352337	0.1613453316191832	1.0045299956676172	1.3265263438224792	0.5277777777777778	36.0
20080	train	7.032461523671747e-05	0.9857399348898538	0.9064570408546734	0.22923583620124394	0.9110417575786982	1.4939635462231107	0.5555555555555556	36.0
20090	train	7.029748524599114e-05	1.1634548543352026	1.1022613595285156	0.11206665684779485	1.1045026926654715	1.1790432333946228	0.5555555555555556	36.0
20100	train	7.027034896704645e-05	1.156055085962563	1.0725057146008303	0.12380366524060567	1.0749817879056425	1.6214659611384075	0.5277777777777778	36.0
20110	train	7.024320641103812e-05	1.119308206618483	1.0472968245353849	0.13243147234121957	1.0499454539822093	1.3872550527254741	0.5	36.0
20120	train	7.021605758912342e-05	1.1204613620910313	1.0295567844185498	0.16471366584300995	1.03285105773541	1.7522060871124268	0.3888888888888889	36.0
20130	train	7.01889025124622e-05	0.9980222802391253	0.9323432857490846	0.17157100803322262	0.9357747059097491	1.2449514865875244	0.6944444444444444	36.0
20140	train	7.016174119221689e-05	1.0573718164567858	0.9760344615252194	0.14115015765031177	0.9788574646782257	1.5702870355712042	0.4166666666666667	36.0
20150	train	7.013457363955249e-05	1.0307162813957629	0.96316494904784	0.15147498746713003	0.9661944487971826	1.290436651971605	0.5833333333333334	36.0
20160	train	7.010739986563656e-05	1.070467098473281	0.9984485477726693	0.17754416664441428	1.0019994311055576	1.369353347354465	0.4722222222222222	36.0
20170	train	7.008021988163919e-05	1.0444841714759185	0.973490446218185	0.17441746911832265	0.9769787956005515	1.3501075175073411	0.5555555555555556	36.0
20180	train	7.005303369873306e-05	1.1279703451238385	1.0561303186127522	0.13968392544322544	1.0589239971216167	1.380926960044437	0.4444444444444444	36.0
20190	train	7.002584132809337e-05	1.0757606214148738	0.9860992029918172	0.15776887660225233	0.9892545805238623	1.7301208178202312	0.3055555555555556	36.0
20200	train	6.999864278089789e-05	1.0785988013424463	1.009622174716127	0.14836495940883954	1.0125894739043038	1.3201865487628512	0.5277777777777778	36.0
20210	train	6.997143806832692e-05	1.028451585562203	0.9641309293685758	0.158491227361891	0.9673007539158136	1.2230166329277887	0.5833333333333334	36.0
20220	train	6.994422720156327e-05	1.0465520464773215	0.9668700977961222	0.14722651207730883	0.9698146280376684	1.5347483687930636	0.3888888888888889	36.0
20230	train	6.991701019179232e-05	1.0786689714354882	1.0068221001455464	0.15045967598756155	1.0098312936652976	1.3767535554038153	0.5555555555555556	36.0
20240	train	6.988978705020193e-05	1.0263882787741128	0.9510976389431527	0.19063593447208405	0.9549103576325944	1.4295584228303697	0.5	36.0
20250	train	6.986255778798253e-05	1.1045706155922064	1.033593643492399	0.15484782639476988	1.0366906000202942	1.3576003114382427	0.6111111111111112	36.0
20260	train	6.983532241632703e-05	1.0683442553304114	0.9909601596483731	0.1543247679869334	0.9940466550081118	1.4859520064459906	0.4722222222222222	36.0
20270	train	6.980808094643087e-05	1.0921337176466837	1.0189003592039003	0.16451708376407623	1.0221907008791817	1.3988603353500366	0.5555555555555556	36.0
20280	train	6.978083338949196e-05	1.0887257752033102	1.0129839878491587	0.16620388958189222	1.0163080656407966	1.4483541912502713	0.5833333333333334	36.0
20290	train	6.975357975671079e-05	1.0281578845102146	0.942587343381935	0.1898963139170692	0.9463852696602764	1.6354522969987657	0.4722222222222222	36.0
20300	train	6.972632005929027e-05	1.031902578257663	0.9682163811286882	0.1561877029016614	0.9713401351867215	1.21124886141883	0.5555555555555556	36.0
20310	train	6.969905430843583e-05	1.089268121979929	1.0118643297244745	0.16064773897329968	1.0150772845039404	1.483816749519772	0.5	36.0
20320	train	6.967178251535539e-05	1.0881729965247606	1.0079382722415422	0.16069697009192574	1.0111522116433806	1.5404156976275973	0.4722222222222222	36.0
20330	train	6.964450469125936e-05	1.0103692208542636	0.9397635275934348	0.2088057498137156	0.9439396425897092	1.328591565291087	0.5277777777777778	36.0
20340	train	6.961722084736064e-05	1.1075716641452995	1.0255769195859339	0.16118902730799856	1.0288007001320938	1.5754192802641127	0.4722222222222222	36.0
20350	train	6.958993099487455e-05	1.1063016796855156	1.0301999853996462	0.14306673308213552	1.0330613200612888	1.4648071924845378	0.5277777777777778	36.0
20360	train	6.956263514501895e-05	0.9905708076640686	0.9117621165184233	0.18212560357318985	0.9154046285898871	1.503323581483629	0.4166666666666667	36.0
20370	train	6.953533330901411e-05	1.0988020688410396	1.0240901385031602	0.15587981790304184	1.027207734861221	1.4318866795963712	0.5277777777777778	36.0
20380	train	6.950802549808281e-05	0.9927149174966273	0.9189351105184547	0.19975219269593555	0.9229301543723734	1.3956952624850802	0.5555555555555556	36.0
20390	train	6.948071172345024e-05	1.0448968196136161	0.9864005698103777	0.18639970595637959	0.9901285639295053	1.0953651136822171	0.6944444444444444	36.0
20400	train	6.945339199634406e-05	1.0862259955875961	1.0177809766603398	0.1381094753742218	1.0205431661678244	1.3136565883954365	0.5	36.0
20410	train	6.942606632799439e-05	1.083321905743098	1.0115064434319891	0.16581340299712288	1.0148227114919317	1.369983885023329	0.5555555555555556	36.0
20420	train	6.939873472963376e-05	1.0873583016529633	1.0169673640133559	0.14441642065842947	1.0198556924265245	1.3500521845287747	0.5833333333333334	36.0
20430	train	6.937139721249716e-05	1.0002455839665931	0.9242292195709747	0.21359423299630484	0.9285011042309008	1.434889594713847	0.5	36.0
20440	train	6.934405378782205e-05	1.0595845134856048	0.9904583206906991	0.1604325771331787	0.9936669722333626	1.318350825044844	0.6111111111111112	36.0
20450	train	6.931670446684823e-05	1.1133412954102377	1.0482080346237044	0.15098214646180472	1.0512276775529406	1.2422723571459453	0.5833333333333334	36.0
20460	train	6.928934926081801e-05	1.0948711801922593	1.0252406503812743	0.14743657559156417	1.0281893818931056	1.333635965983073	0.5	36.0
20470	train	6.926198818097604e-05	1.1279804582622786	1.0535381163551218	0.12101434916257858	1.0559584033383733	1.4404410984781053	0.5277777777777778	36.0
20480	train	6.923462123856947e-05	1.0698854516507914	1.005738979277849	0.13141918637686306	1.0083673630053862	1.230361772908105	0.5555555555555556	36.0
20490	train	6.92072484448478e-05	1.0148035090458765	0.9402395773721113	0.19097850968440375	0.9440591475657993	1.4148872296015422	0.4722222222222222	36.0
20500	train	6.917986981106295e-05	1.0695844902003975	1.0073989922210744	0.13521581391493478	1.0101033084993731	1.1896236340204875	0.5555555555555556	36.0
20510	train	6.915248534846922e-05	1.0673329599479526	0.9937176395634502	0.18150626917680104	0.9973477649469862	1.3997039000193279	0.5	36.0
20520	train	6.912509506832337e-05	1.0665238424993215	0.9930938292831174	0.14771634787321092	0.9960481562405816	1.409513725174798	0.4444444444444444	36.0
20530	train	6.909769898188448e-05	1.0804424178677212	1.0041815244632373	0.16237163841724395	1.0074289572315822	1.4602692127227783	0.4722222222222222	36.0
20540	train	6.907029710041406e-05	1.0232016456192616	0.9564461847232498	0.1565650369351109	0.9595774854619521	1.2724832031461928	0.6111111111111112	36.0
20550	train	6.904288943517598e-05	1.0302336789438047	0.9575113184652975	0.19595654408137003	0.9614304493469249	1.376064591937595	0.6388888888888888	36.0
20560	train	6.90154759974365e-05	1.046927188230489	0.9804654732773049	0.16971264531215033	0.9838597261835479	1.2613492409388225	0.6111111111111112	36.0
20570	train	6.898805679846424e-05	1.0422866952785654	0.9640044893856318	0.18503990272680917	0.9677052874401679	1.491628156767951	0.4444444444444444	36.0
20580	train	6.896063184953021e-05	1.0204157503865883	0.9531339543649943	0.18193765564097297	0.9567727074778137	1.2728608581754897	0.5555555555555556	36.0
20590	train	6.893320116190777e-05	1.067631035895327	0.9954923435312303	0.16552619263529778	0.9988028673839362	1.3765633702278137	0.5	36.0
20600	train	6.890576474687264e-05	1.1144579108103332	1.0426458977165372	0.131803335621953	1.0452819644289761	1.3835189276271396	0.5	36.0
20610	train	6.887832261570288e-05	1.072489518529144	1.0000265185428665	0.1557961023516125	1.0031424405898988	1.3869415587849088	0.5	36.0
20620	train	6.885087477967893e-05	1.0732703292637513	0.9989528109069776	0.1698307933078872	1.0023494267731354	1.418418049812317	0.5	36.0
20630	train	6.882342125008355e-05	1.1070865145154931	1.0265104837975374	0.1409076472123464	1.0293286367417844	1.5551575554741754	0.3611111111111111	36.0
20640	train	6.879596203820185e-05	1.0431247427317905	0.9659727147473302	0.1696800175640318	0.9693663150986108	1.4751685526635911	0.5555555555555556	36.0
20650	train	6.876849715532128e-05	1.070059500826828	0.9912030062510893	0.1692739733391338	0.994588485717872	1.5094203021791246	0.4166666666666667	36.0
20660	train	6.87410266127316e-05	1.070338608998136	0.9850595526676141	0.17185853090551165	0.9884967232857244	1.6368377142482333	0.4166666666666667	36.0
20670	train	6.871355042172493e-05	1.0700281171489783	0.9971631877113409	0.17336393064922756	1.0006304663243255	1.3879530164930556	0.5555555555555556	36.0
20680	train	6.868606859359569e-05	1.0681423789613804	0.9938427353753012	0.18651342143615088	0.9975730038040242	1.4113875031471252	0.4166666666666667	36.0
20690	train	6.86585811396406e-05	1.0864849894606552	1.0090681041028913	0.15227694287896157	1.0121136429604705	1.487426930003696	0.3611111111111111	36.0
20700	train	6.863108807115875e-05	1.0397049174521746	0.9686546000819455	0.19863197952508926	0.9726272396724472	1.3415535555945501	0.6111111111111112	36.0
20710	train	6.86035893994515e-05	1.0280033671821873	0.9435135771010372	0.18870556416610876	0.9472876883843594	1.6143135759565566	0.3611111111111111	36.0
20720	train	6.857608513582248e-05	1.031189041354887	0.9445736343226158	0.20490524979929128	0.9486717393186016	1.650346040725708	0.3611111111111111	36.0
20730	train	6.854857529157766e-05	1.0453945210659896	0.9644464874434201	0.17476230983932814	0.9679417336402066	1.5490557485156589	0.3333333333333333	36.0
20740	train	6.852105987802534e-05	1.0172144981357407	0.9535567894908739	0.17613374590873718	0.9570794644090486	1.202700674533844	0.6111111111111112	36.0
20750	train	6.849353890647603e-05	1.0280101814002591	0.9536340875012854	0.21344116436583654	0.9579029107886021	1.4021454122331407	0.5	36.0
20760	train	6.846601238824258e-05	0.9249268489233048	0.84569004600095	0.2497919797897339	0.8506858855967446	1.4848192665312026	0.4722222222222222	36.0
20770	train	6.843848033464008e-05	1.0232787047070326	0.9495215113105437	0.1800225133697192	0.9531219615779382	1.403134862581889	0.4166666666666667	36.0
20780	train	6.841094275698593e-05	1.1624435644721973	1.0926350832193417	0.12413737426201503	1.095117830704582	1.3465146753523085	0.5277777777777778	36.0
20790	train	6.838339966659978e-05	1.081829792648245	1.01501917192309	0.1578298658132553	1.0181757692393552	1.2730804681777954	0.5277777777777778	36.0
20800	train	6.835585107480357e-05	1.0483518603619295	0.9728096719468325	0.1839838953067859	0.9764893498529683	1.437250210179223	0.5277777777777778	36.0
20810	train	6.832829699292151e-05	1.024566988285115	0.9532883528561035	0.1784951537847519	0.9568582559317985	1.3541746470663283	0.5833333333333334	36.0
20820	train	6.830073743227996e-05	1.1138423661603951	1.0347123564794087	0.12785771836837131	1.0372695108467762	1.5314571062723796	0.4166666666666667	36.0
20830	train	6.82731724042077e-05	1.0616826735487166	0.9864461661428793	0.15960409326685798	0.9896382480082164	1.4408885108100042	0.4722222222222222	36.0
20840	train	6.82456019200356e-05	1.102121043997818	1.0134607393852344	0.14266718758477104	1.0163140831369297	1.7161392172177632	0.3888888888888889	36.0
20850	train	6.821802599109692e-05	1.092442810642393	1.0238913235806804	0.1358302434285482	1.0266079284492513	1.3166976438628302	0.5833333333333334	36.0
20860	train	6.819044462872703e-05	0.9833769795617062	0.9063068045431307	0.19120557804902394	0.9101309161041112	1.4649212691518996	0.3888888888888889	36.0
20870	train	6.816285784426359e-05	1.1343606848111265	1.062954333102423	0.1321364864706993	1.065597062831837	1.3752724395857916	0.5555555555555556	36.0
20880	train	6.813526564904651e-05	1.0802623514555514	1.001110426322217	0.1560155560572942	1.004230737443363	1.5206322802437677	0.4444444444444444	36.0
20890	train	6.810766805441787e-05	1.070523942253266	1.0056633418711762	0.14925488912396961	1.0086484396536557	1.2375100519922044	0.5555555555555556	36.0
20900	train	6.808006507172203e-05	1.0060745315957003	0.9444997527325748	0.19081550712386766	0.9483160628750522	1.1551693744129605	0.5833333333333334	36.0
20910	train	6.80524567123055e-05	1.0334820435883205	0.9536618243099849	0.17327258653110927	0.9571272760406071	1.5270953509542677	0.4166666666666667	36.0
20920	train	6.802484298751704e-05	0.9788498880158351	0.8924785341014947	0.21422472182247373	0.8967630285379442	1.6417371895578172	0.3611111111111111	36.0
20930	train	6.799722390870765e-05	1.1123619960912279	1.026799745973767	0.14426053067048392	1.0296849565871766	1.6535407900810242	0.4166666666666667	36.0
20940	train	6.796959948723043e-05	1.0488094538947599	0.9834357680612793	0.16342218766609828	0.9867042118146012	1.2421048416031732	0.6111111111111112	36.0
20950	train	6.794196973444078e-05	1.1713928248719536	1.0913380420608152	0.10444225453668171	1.093426887151549	1.5593187544080946	0.4722222222222222	36.0
20960	train	6.791433466169624e-05	1.0579628752693795	0.9916109562359183	0.17726159716645876	0.9951561881792476	1.2561337418026395	0.6111111111111112	36.0
20970	train	6.788669428035652e-05	1.076978381241167	1.0133432615678886	0.18032944252093633	1.0169498504183072	1.2005706164571974	0.6666666666666666	36.0
20980	train	6.785904860178357e-05	0.9870263939568821	0.9098402202993059	0.1790120432774226	0.9134204611648543	1.472118655840556	0.5277777777777778	36.0
20990	train	6.783139763734146e-05	0.9008948600080198	0.8223059847325006	0.2611684538424015	0.8275293538093487	1.4673101239734225	0.5277777777777778	36.0
21000	train	6.780374139839647e-05	1.0646409899841012	0.9946367110328802	0.16551046901279026	0.997946920413136	1.3338813914193048	0.5833333333333334	36.0
21000	val		1.1032435419377034	1.025699330372795	0.1592329093882211	1.0288839885605594	1.4871910675428808	0.4375	192.0
21010	train	6.777607989631703e-05	1.0673903078541132	1.0017063561761517	0.17310253623872995	1.0051684069009263	1.2444380190637376	0.6111111111111112	36.0
21020	train	6.774841314247373e-05	1.1239479019545553	1.041594627013111	0.1448573629061381	1.0444917742712336	1.5891225536664326	0.3888888888888889	36.0
21030	train	6.772074114823935e-05	0.9773361933495412	0.9060055395603984	0.19213776600857577	0.90984829488057	1.349757969379425	0.4722222222222222	36.0
21040	train	6.769306392498877e-05	1.0875759916967354	1.0099262174930375	0.16559114307165146	1.0132380403544705	1.4867590268452961	0.3888888888888889	36.0
21050	train	6.76653814840991e-05	1.0579520043841528	0.9840553860046658	0.16600635449091594	0.9873755130944841	1.4115298257933722	0.5277777777777778	36.0
21060	train	6.763769383694949e-05	1.0396189635098436	0.9641194017165694	0.1785568743944168	0.9676905392044577	1.4385684861077204	0.4722222222222222	36.0
21070	train	6.76100009949213e-05	1.047064177090351	0.9768137629903929	0.16001654764016468	0.9800140939431962	1.3410016629430983	0.5833333333333334	36.0
21080	train	6.758230296939805e-05	1.0321093824887762	0.9444801914163254	0.1934131644666195	0.9483484547056579	1.675218555662367	0.3611111111111111	36.0
21090	train	6.755459977176533e-05	1.0230507088941883	0.9474647255052345	0.18350595533847808	0.951134844612004	1.4383172856436834	0.5	36.0
21100	train	6.752689141341086e-05	1.086462314836868	1.0149212516390829	0.1725310521821181	1.0183718726827253	1.3618088430828519	0.5555555555555556	36.0
21110	train	6.749917790572451e-05	0.9376415715388303	0.88131065381287	0.18502192944288254	0.8850110924017276	1.0526095827420552	0.6944444444444444	36.0
21120	train	6.747145926009826e-05	1.0201823007267175	0.9526590455275236	0.1927071437239647	0.9565131884020028	1.2733822464942932	0.5555555555555556	36.0
21130	train	6.744373548792618e-05	1.0192052005541787	0.9446328469361662	0.18011492441097895	0.9482351454243858	1.419401102595859	0.5	36.0
21140	train	6.741600660060451e-05	1.0953832592270996	1.0236903509201831	0.12196177409754859	1.026129586402134	1.3850734564993117	0.4444444444444444	36.0
21150	train	6.738827260953149e-05	1.118953101945419	1.0474546597525467	0.15927188098430634	1.0506400973722327	1.3662600914637248	0.5277777777777778	36.0
21160	train	6.736053352610756e-05	1.06576760038123	0.9780710291370962	0.19245598514874776	0.9819201488400712	1.6769490308231778	0.4166666666666667	36.0
21170	train	6.733278936173521e-05	1.1373190930693593	1.064877441829782	0.10799832548946142	1.0670374083395713	1.4056336945957608	0.5	36.0
21180	train	6.730504012781899e-05	1.1704121461212484	1.093018011159352	0.11124813705682754	1.0952429739004885	1.5033834444151983	0.4444444444444444	36.0
21190	train	6.727728583576558e-05	1.01028973071038	0.936416152201685	0.20561084151268005	0.9405283690319386	1.3952272335688274	0.5555555555555556	36.0
21200	train	6.724952649698371e-05	1.0984541843232187	1.0232385531686607	0.1390227556583427	1.0260190082818277	1.4487035208278232	0.5833333333333334	36.0
21210	train	6.722176212288421e-05	1.0855518023889459	1.0111582513042154	0.1368345253997379	1.0138949418122103	1.433137211534712	0.4722222222222222	36.0
21220	train	6.719399272487995e-05	1.1137565538813152	1.034174257937022	0.13965865621964138	1.0369674310614148	1.5357824563980103	0.4722222222222222	36.0
21230	train	6.716621831438588e-05	1.097529525678887	1.013102269492084	0.16496006647745767	1.0164014708216331	1.6225610971450806	0.5277777777777778	36.0
21240	train	6.713843890281904e-05	1.0777836707360606	1.0116341690348645	0.14798395501242745	1.014593848135113	1.2637964520189497	0.7222222222222222	36.0
21250	train	6.711065450159847e-05	1.0551305504386606	0.9863785027012211	0.156991845369339	0.9895183396086078	1.312244216601054	0.6388888888888888	36.0
21260	train	6.708286512214529e-05	1.0620083488851433	0.9933484806282301	0.14425043016672134	0.9962334892315645	1.3154971930715773	0.5555555555555556	36.0
21270	train	6.705507077588266e-05	1.0078781569866089	0.9262332990303054	0.20856736600399017	0.9304046463503852	1.5494702127244737	0.5	36.0
21280	train	6.70272714742358e-05	1.076681599792063	1.0064823297961416	0.1827557689199845	1.0101374451745413	1.33088309235043	0.5277777777777778	36.0
21290	train	6.699946722863195e-05	1.1622283308241563	1.0864093383219966	0.11581560870011648	1.088725650495999	1.4700536065631442	0.4444444444444444	36.0
21300	train	6.697165805050038e-05	1.0587491570822056	0.9942451248685508	0.16524939301113287	0.9975501127287735	1.2239808870686426	0.5555555555555556	36.0
21310	train	6.694384395127242e-05	1.0166990124392719	0.9581812497352439	0.1631948029001554	0.961445145793247	1.1050773329204984	0.7222222222222222	36.0
21320	train	6.691602494238134e-05	1.080570808997559	0.9971964103157065	0.1623829404513041	1.0004440691247325	1.6025347974565294	0.4444444444444444	36.0
21330	train	6.688820103526251e-05	0.9812251398246791	0.9097729926421879	0.20228871454795203	0.913818766933147	1.348127457830641	0.6111111111111112	36.0
21340	train	6.68603722413533e-05	1.087104574173092	1.0107797772514149	0.16953977843125662	1.01417057282004	1.4586800270610385	0.4722222222222222	36.0
21350	train	6.683253857209306e-05	1.0669839690008471	0.9879289781794325	0.15170574585596722	0.9909630930965518	1.5204175180859036	0.4722222222222222	36.0
21360	train	6.680470003892318e-05	1.109669449120779	1.0371214196731837	0.1280320001145204	1.0396820596754741	1.3997477889060974	0.5555555555555556	36.0
21370	train	6.677685665328702e-05	1.1159537047165355	1.0390736091982378	0.14183071504036585	1.0419102234990452	1.480869624349806	0.5277777777777778	36.0
21380	train	6.674900842662993e-05	1.1409545433437198	1.0603833381416436	0.13278412073850632	1.0630390205564137	1.558310455746121	0.5277777777777778	36.0
21390	train	6.672115537039927e-05	1.0456888969167328	0.95806163165025	0.17021418008066358	0.9614659152518633	1.6844596332973905	0.3888888888888889	36.0
21400	train	6.66932974960444e-05	1.0369866085899189	0.9760767158321854	0.16107398470242817	0.9792981955262339	1.153768261273702	0.6388888888888888	36.0
21410	train	6.66654348150166e-05	1.1587282511143513	1.0950202674632563	0.10948215052485466	1.0972099104737534	1.2303668128119574	0.6111111111111112	36.0
21420	train	6.66375673387692e-05	1.0242240249211627	0.9492736684045895	0.1752856324116389	0.9527793810528222	1.4288928773668077	0.5277777777777778	36.0
21430	train	6.660969507875748e-05	1.1122409823705273	1.0465807778341423	0.14292490382989248	1.04943927591074	1.256034129195743	0.6388888888888888	36.0
21440	train	6.658181804643862e-05	1.0628805880439176	0.9928676058625407	0.18464284597171676	0.9965604627819751	1.3264025052388508	0.5555555555555556	36.0
21450	train	6.655393625327185e-05	1.1447236010519903	1.0648211637268372	0.14064528855184713	1.067634069497874	1.5417906310823228	0.4722222222222222	36.0
21460	train	6.652604971071832e-05	1.0938861161386113	1.0289653043944116	0.14154771425657803	1.031796258679543	1.241797149181366	0.6388888888888888	36.0
21470	train	6.649815843024113e-05	1.055321769436867	0.9803223076336957	0.16311674813429514	0.9835846425963816	1.4347425368097093	0.4722222222222222	36.0
21480	train	6.647026242330534e-05	0.996553611245542	0.9173791046640501	0.17837547179725435	0.9209466140999952	1.5121399429109361	0.4722222222222222	36.0
21490	train	6.644236170137793e-05	1.0732562830242154	0.9983484217798679	0.15105517829457918	1.0013695253457595	1.4377351535691156	0.5277777777777778	36.0
21500	train	6.641445627592783e-05	1.0868772948511918	1.0126570187835375	0.1479320819179217	1.015615660421896	1.4252326885859172	0.5	36.0
21510	train	6.638654615842594e-05	1.0255066510085504	0.9530923083634086	0.18303603347804812	0.9567530290329695	1.375072439511617	0.4722222222222222	36.0
21520	train	6.635863136034502e-05	1.1103100684060125	1.0469141674002975	0.12274953133116166	1.0493691580269207	1.218818207581838	0.6666666666666666	36.0
21530	train	6.63307118931598e-05	1.0936285053165808	1.0245385104721176	0.15129069570038053	1.0275643243861252	1.3212836186091106	0.5	36.0
21540	train	6.630278776834692e-05	0.9977379922359311	0.9377524930194805	0.18660450809531742	0.9414845831813868	1.1250681810908847	0.6666666666666666	36.0
21550	train	6.627485899738494e-05	1.0307575103440658	0.9653302155566323	0.16632327189048132	0.968656680994442	1.2420165869924757	0.5555555555555556	36.0
21560	train	6.62469255917543e-05	1.0421507685761742	0.9697196218849314	0.17546785821517308	0.9732289790492349	1.3784357905387878	0.5277777777777778	36.0
21570	train	6.621898756293739e-05	1.0871873895650248	1.0283805715864043	0.12582609636916053	1.0308970935137876	1.1258059210247464	0.6944444444444444	36.0
21580	train	6.619104492241849e-05	0.9552298648602215	0.8797718238611799	0.2541740487019221	0.8848553048352183	1.4074912005000644	0.5	36.0
21590	train	6.616309768168372e-05	1.1016521049429604	1.027510771421129	0.14316191382351376	1.030374009697599	1.4255619049072266	0.5277777777777778	36.0
21600	train	6.613514585222116e-05	1.1269154722627965	1.04617270966407	0.1380370944738388	1.048933451553547	1.5596404141849942	0.5	36.0
21610	train	6.610718944552076e-05	1.0005966598377987	0.9241068170057102	0.18156523009141287	0.9277381216075384	1.4571707646052043	0.5	36.0
21620	train	6.607922847307432e-05	1.081001827784931	1.010337268147424	0.1506526437898477	1.013350321023221	1.353030135234197	0.6111111111111112	36.0
21630	train	6.605126294637558e-05	1.1497647183370048	1.0674783909178232	0.1572710939993461	1.07062381279781	1.5828181107838948	0.3888888888888889	36.0
21640	train	6.602329287692006e-05	0.9834262962316511	0.9111269789511997	0.196832009156545	0.9150636191343305	1.3672535419464111	0.5277777777777778	36.0
21650	train	6.599531827620523e-05	1.0986278076891058	1.031861807567274	0.13190199087063473	1.0344998473846867	1.282559206088384	0.5833333333333334	36.0
21660	train	6.59673391557304e-05	1.0370045389645275	0.9650722484833311	0.16460631390412647	0.9683643747614136	1.3728032840622797	0.5555555555555556	36.0
21670	train	6.593935552699671e-05	1.0381369797711564	0.9713801210448139	0.164741027686331	0.9746749415985405	1.269240763452318	0.5833333333333334	36.0
21680	train	6.591136740150718e-05	1.0817182675561368	1.0066057948000953	0.15741143541203606	1.009754023508336	1.439284880956014	0.3611111111111111	36.0
21690	train	6.588337479076667e-05	1.0950676778195227	1.0211921323658286	0.12948748096823692	1.0237818819851934	1.4257159166865878	0.5833333333333334	36.0
21700	train	6.585537770628187e-05	1.063502383210868	1.0017057164661856	0.15849700719118118	1.0048756566100092	1.172534532017178	0.6388888888888888	36.0
21710	train	6.582737615956134e-05	0.964698105528813	0.8884146010294834	0.19690832826826307	0.8923527675948487	1.446906758679284	0.5277777777777778	36.0
21720	train	6.579937016211546e-05	1.0322333675122728	0.9658451704677414	0.19112759000725216	0.9696677222678864	1.2513129048877292	0.5555555555555556	36.0
21730	train	6.577135972545646e-05	1.0092997274256528	0.9319022229395091	0.18802195973694324	0.935662662134248	1.4727413058280945	0.5	36.0
21740	train	6.574334486109832e-05	1.078915075243052	1.0007783356512947	0.14850241243839263	1.0037483839000625	1.503333826859792	0.4722222222222222	36.0
21750	train	6.571532558055692e-05	1.1389044059948452	1.0598578292059893	0.14676005827883878	1.062793030371566	1.5222275124655829	0.5277777777777778	36.0
21760	train	6.568730189534994e-05	1.0902634625264436	1.0200625984663862	0.14059458755784565	1.022874490217543	1.3477794461780124	0.5277777777777778	36.0
21770	train	6.565927381699684e-05	1.0396226056043143	0.9653721043176618	0.1821770216855738	0.9690156447513734	1.4121392170588176	0.5555555555555556	36.0
21780	train	6.56312413570189e-05	1.0319902371062424	0.9588209762931121	0.19166053632895153	0.9626541870196912	1.3867210017310247	0.6111111111111112	36.0
21790	train	6.560320452693922e-05	0.9425011478766294	0.862723143488615	0.21546666986412472	0.8670324768858975	1.5093734198146396	0.4722222222222222	36.0
21800	train	6.557516333828269e-05	0.9789818425053041	0.9095312725411866	0.20208856215079626	0.9135730437842026	1.308175974422031	0.5555555555555556	36.0
21810	train	6.554711780257596e-05	1.0976648162684213	1.0351266184703878	0.13580270918707052	1.0378426726541292	1.196442872285843	0.6111111111111112	36.0
21820	train	6.55190679313475e-05	1.0055514623092887	0.9310606416431346	0.19573829074700674	0.9349754074580747	1.4115210970242817	0.3888888888888889	36.0
21830	train	6.549101373612755e-05	1.0347775763815112	0.9564742938225932	0.17414535582065582	0.9599572009390063	1.4964075088500977	0.5833333333333334	36.0
21840	train	6.546295522844814e-05	1.1201557578439294	1.0498367158699147	0.13696674009164175	1.0525760506717474	1.3515941434436374	0.4722222222222222	36.0
21850	train	6.543489241984306e-05	1.1103195949594213	1.0442596078515085	0.1467375139395396	1.0471943581302994	1.2625047365824382	0.5833333333333334	36.0
21860	train	6.540682532184785e-05	1.0638512851990518	0.9854948429528796	0.18111209372679393	0.9891170848274154	1.4946840074327257	0.4166666666666667	36.0
21870	train	6.537875394599987e-05	1.0891286508917946	1.0028610705912249	0.15731074959039687	1.0060072855830329	1.662427306175232	0.3611111111111111	36.0
21880	train	6.535067830383816e-05	0.9854414501291195	0.9087663559617281	0.16422048211097717	0.9120507656039476	1.4678136905034382	0.4722222222222222	36.0
21890	train	6.53225984069036e-05	1.0457653541799083	0.9689262418385044	0.14644459386666617	0.9718551337158378	1.4782044092814128	0.5555555555555556	36.0
21900	train	6.529451426673875e-05	1.1381680645045604	1.0714981721918087	0.1096317358314991	1.0736908069084385	1.289545151922438	0.4444444444444444	36.0
21910	train	6.526642589488793e-05	0.9972828836036758	0.9288926327519652	0.20091275291310418	0.9329108878102272	1.287439915868971	0.5555555555555556	36.0
21920	train	6.523833330289723e-05	1.018669681850397	0.9388858994088142	0.19061681690315405	0.9426982357468773	1.5194289220703974	0.4722222222222222	36.0
21930	train	6.521023650231444e-05	1.1526005370255896	1.0850784413519756	0.12588474651177725	1.087596136282211	1.3000880148675706	0.5277777777777778	36.0
21940	train	6.518213550468911e-05	0.999746734710733	0.922798400076429	0.16179392039775847	0.9260342784843841	1.4742491245269775	0.4722222222222222	36.0
21950	train	6.515403032157249e-05	1.0411310255507045	0.972459003683204	0.18391360715031624	0.9761372758262103	1.2998749944898818	0.4722222222222222	36.0
21960	train	6.512592096451754e-05	1.1431838807065158	1.065269374935879	0.14132550545036793	1.0680958850448863	1.5017599132325914	0.4722222222222222	36.0
21970	train	6.509780744507897e-05	1.049242324754124	0.9779761982141519	0.14317036867141725	0.9808396055875803	1.368054383330875	0.5277777777777778	36.0
21980	train	6.506968977481319e-05	1.085736855983046	1.0151289867263444	0.15888143392900625	1.0183066154049245	1.3486048115624323	0.5277777777777778	36.0
21990	train	6.504156796527833e-05	1.0370784510750748	0.9579376761362794	0.18929891453848946	0.9617236544270492	1.5070959329605103	0.4444444444444444	36.0
22000	train	6.501344202803415e-05	1.0649733907700965	0.9964957540572122	0.163343621861367	0.9997626264944396	1.3042152855131361	0.5555555555555556	36.0
22000	val		1.0977760958235214	1.0219511251205864	0.1585185534312766	1.025121496189212	1.4530919926861923	0.4791666666666667	192.0
22010	train	6.498531197464222e-05	1.10341776664017	1.0379333524484604	0.14798333371678987	1.0408930191227963	1.2504949503474765	0.5555555555555556	36.0
22020	train	6.49571778166657e-05	1.117472446479201	1.0549243474514614	0.13956335186958313	1.057715614488853	1.1951366398069594	0.6944444444444444	36.0
22030	train	6.492903956566951e-05	1.1160994833345894	1.0503601760866594	0.1574091171224912	1.0535083584291092	1.2518224981096056	0.5555555555555556	36.0
22040	train	6.490089723322018e-05	1.1035102356521571	1.0339523695395176	0.13193292698512474	1.03659102807922	1.3383841514587402	0.4722222222222222	36.0
22050	train	6.4872750830886e-05	1.0941001163453143	1.0206419370436286	0.17089678843816122	1.0240598728123917	1.4008048706584506	0.4444444444444444	36.0
22060	train	6.484460037023689e-05	1.0346127213761445	0.9557506469976804	0.17977968007326126	0.9593462405991456	1.5053296155399747	0.4444444444444444	36.0
22070	train	6.481644586284443e-05	1.0579894365446318	0.9922605118976583	0.1500832856529289	0.9952621776107169	1.2545451786783006	0.5555555555555556	36.0
22080	train	6.478828732028187e-05	1.0782012979814055	1.0105056188631696	0.16366812172863218	1.0137789812977422	1.2884463336732652	0.5	36.0
22090	train	6.476012475412411e-05	1.0373602914039743	0.9596339160426908	0.17686605287922752	0.9631712371002753	1.4837810860739813	0.4444444444444444	36.0
22100	train	6.473195817594777e-05	1.0918438543178353	1.0256135800048094	0.14885245462258656	1.028590629097261	1.2650645044114854	0.5	36.0
22110	train	6.4703787597331e-05	1.0814765241504265	1.0028558070926752	0.13182538064817587	1.0054923147056387	1.5196841888957553	0.4444444444444444	36.0
22120	train	6.467561302985371e-05	1.048726058713759	0.9716982000359216	0.14945964266856512	0.9746873928892928	1.4807733164893255	0.5	36.0
22130	train	6.464743448509739e-05	1.003150632515443	0.941189105677829	0.1769841793510649	0.9447287892648503	1.168436865011851	0.6388888888888888	36.0
22140	train	6.461925197464515e-05	1.0087613517623397	0.9336161370656145	0.19172548751036325	0.9374506468158218	1.4262140989303589	0.3888888888888889	36.0
22150	train	6.45910655100818e-05	1.0274743912686928	0.9643937609993772	0.17166976630687714	0.9678271563255147	1.1929446988635592	0.5833333333333334	36.0
22160	train	6.456287510299367e-05	1.0537959615683758	0.972012350886683	0.18160860240459442	0.9756445229347749	1.5630287726720173	0.3611111111111111	36.0
22170	train	6.453468076496884e-05	1.0938390740595185	1.016722821388833	0.14885409126679103	1.019699903214169	1.4827834169069927	0.5277777777777778	36.0
22180	train	6.450648250759689e-05	1.0788481622548116	1.0029780634023626	0.14960207127862507	1.005970104827935	1.45756114853753	0.4444444444444444	36.0
22190	train	6.447828034246906e-05	1.0988123904349871	1.0261209989470708	0.12571342686812084	1.0286352674844332	1.4035424590110779	0.5277777777777778	36.0
22200	train	6.445007428117822e-05	1.0457676215889504	0.9757501880317049	0.1705819398164749	0.9791618268280344	1.3321158952183194	0.6111111111111112	36.0
22210	train	6.44218643353188e-05	0.9494534277229685	0.8792157927926226	0.23008078436056772	0.883817408479834	1.3127203848626878	0.4444444444444444	36.0
22220	train	6.439365051648686e-05	1.0696482469177244	0.9955173872546353	0.1492141529917717	0.9985016703144708	1.4229315320650737	0.5555555555555556	36.0
22230	train	6.436543283628003e-05	1.0463441706926249	0.981417166308955	0.16381573875745137	0.984693481084104	1.2330137921704187	0.5555555555555556	36.0
22240	train	6.43372113062975e-05	1.1109672820478762	1.0366146537572232	0.13737365437878502	1.0393621268447988	1.4321031040615506	0.4722222222222222	36.0
22250	train	6.43089859381401e-05	1.0795205353472328	1.0030961869597796	0.1746066759030024	1.0065883204778396	1.4586442973878648	0.4722222222222222	36.0
22260	train	6.428075674341022e-05	0.9693960541952775	0.890708272993809	0.20588613748550416	0.8948259957435191	1.4914011690351698	0.5	36.0
22270	train	6.425252373371179e-05	1.1274135589643646	1.060138741123444	0.13201899081468582	1.0627791209397377	1.2926887604925368	0.6111111111111112	36.0
22280	train	6.422428692065038e-05	1.072932370708687	1.003175896975368	0.1610979421271218	1.0063978558179103	1.3306902978155348	0.5555555555555556	36.0
22290	train	6.419604631583303e-05	1.1467576562188582	1.0683860739061417	0.13157532695266935	1.0710175804451951	1.51480151547326	0.4444444444444444	36.0
22300	train	6.416780193086841e-05	1.0873690163781204	1.009734055137299	0.16792642573515573	1.0130925836520022	1.485528654522366	0.4444444444444444	36.0
22310	train	6.413955377736671e-05	1.0428122859284508	0.9861134966299162	0.15111665427684784	0.9891358297154532	1.0735291242599487	0.6666666666666666	36.0
22320	train	6.411130186693969e-05	1.0049916571690456	0.9349568232212281	0.1796239051553938	0.938549301324336	1.3288471168941922	0.5277777777777778	36.0
22330	train	6.408304621120064e-05	1.0079951882290792	0.9285742377666585	0.18569031274980968	0.9322880440216547	1.5141428841484919	0.4444444444444444	36.0
22340	train	6.405478682176437e-05	1.0513949887375178	0.9776817817409975	0.16196373850107193	0.9809210565110189	1.4094786445299785	0.5555555555555556	36.0
22350	train	6.402652371024729e-05	1.1635881596354491	1.083834023281718	0.13082196397913826	1.0864504625613007	1.5427539414829678	0.5277777777777778	36.0
22360	train	6.399825688826726e-05	1.0275049943672683	0.9689120721532636	0.18404798656702043	0.972593031884604	1.0982392496532865	0.7222222222222222	36.0
22370	train	6.396998636744372e-05	0.9124767434152716	0.852740608376207	0.2097702076037725	0.8569360125282824	1.1108146177397833	0.6388888888888888	36.0
22380	train	6.39417121593976e-05	1.1190629894296156	1.0379113822605701	0.12384909060266283	1.0403883640726235	1.5734925071398418	0.4444444444444444	36.0
22390	train	6.39134342757514e-05	1.0647401747187653	0.9966432725635513	0.16874788618750042	1.0000182302873013	1.2944388886292775	0.5555555555555556	36.0
22400	train	6.388515272812903e-05	1.0974913477104835	1.0369876898942985	0.12830112501978874	1.0395537123946943	1.1587527063157823	0.5833333333333334	36.0
22410	train	6.385686752815601e-05	1.0140251725287566	0.9426115060718189	0.17301313330729803	0.9460717687379648	1.3590680758158367	0.5555555555555556	36.0
22420	train	6.382857868745929e-05	1.0935899561540576	1.0221193148721879	0.17461650172869364	1.0256116449067618	1.3595662249459162	0.4722222222222222	36.0
22430	train	6.380028621766736e-05	1.0900973188196217	1.0148717780061491	0.14997484700547326	1.0178712749462586	1.4445208774672613	0.5277777777777778	36.0
22440	train	6.37719901304102e-05	1.0680727805059689	0.9995442038471373	0.17890658477942148	1.0031223355427257	1.2990088992648654	0.5277777777777778	36.0
22450	train	6.374369043731923e-05	1.046826641907485	0.9620456413926598	0.14066405594348907	0.9648589225115296	1.6393543879191081	0.3055555555555556	36.0
22460	train	6.371538715002739e-05	1.0919971883387687	1.011883384192949	0.1522328027834495	1.014928040248618	1.5413829618030124	0.3888888888888889	36.0
22470	train	6.368708028016911e-05	1.0193198879885124	0.9452113086683002	0.20671246262888113	0.9493455579208778	1.3994866013526917	0.4444444444444444	36.0
22480	train	6.365876983938027e-05	1.0800630405554248	1.0128322042765625	0.1574741333723068	1.0159816869440086	1.2816270722283258	0.6388888888888888	36.0
22490	train	6.36304558392982e-05	1.020369689845221	0.9515078096918034	0.18434714525938034	0.9551947525969909	1.3034987449645996	0.4722222222222222	36.0
22500	train	6.360213829156176e-05	1.0917455451481128	1.0262337320373374	0.1345013916492462	1.0289237598703223	1.25643570555581	0.5277777777777778	36.0
22510	train	6.35738172078112e-05	1.0567086331636615	0.9844671856652605	0.20352940410375595	0.9885377737473356	1.3634171883265178	0.5555555555555556	36.0
22520	train	6.354549259968823e-05	1.0933470477767004	1.030518744929686	0.16206349598036873	1.0337600148492934	1.1917406585481432	0.6666666666666666	36.0
22530	train	6.351716447883605e-05	1.0306183870015861	0.9716208115993262	0.16967947085698445	0.975014401016466	1.1120797197024028	0.6944444444444444	36.0
22540	train	6.348883285689928e-05	1.0949330931619732	1.026215747887402	0.1399819226935506	1.0290153863412732	1.3183541364139981	0.5833333333333334	36.0
22550	train	6.346049774552398e-05	1.0760587160937596	0.9919824973562633	0.17751360601849026	0.9955327694766332	1.6105189323425293	0.4444444444444444	36.0
22560	train	6.343215915635762e-05	0.8702198689024497	0.7894145134562436	0.269503020743529	0.7948045738711141	1.5083059006267123	0.3333333333333333	36.0
22570	train	6.340381710104914e-05	1.0866557457080657	1.0191982600620562	0.15953314552704492	1.022388922972597	1.2853364547093709	0.6111111111111112	36.0
22580	train	6.33754715912489e-05	1.1100018447365048	1.032303565971621	0.1334947516520818	1.0349734610046628	1.5005676746368408	0.4722222222222222	36.0
22590	train	6.334712263860866e-05	1.107453743034311	1.0326419433921985	0.14350922488503987	1.0355121278898993	1.4388323028882344	0.5555555555555556	36.0
22600	train	6.33187702547816e-05	1.051566340423339	0.9872736698356405	0.16677718857924143	0.9906092136072253	1.2191425363222759	0.5	36.0
22610	train	6.32904144514223e-05	0.9968685931503698	0.9318810298515615	0.20135777890682222	0.935908185429698	1.2192081544134352	0.5833333333333334	36.0
22620	train	6.32620552401868e-05	1.0525668140859044	0.9852777491040332	0.15142561619480452	0.9883062614279293	1.2852110531595018	0.5555555555555556	36.0
22630	train	6.323369263273247e-05	1.1750102609125528	1.1032766249372978	0.10124718050161997	1.1053015685473302	1.39417384730445	0.5277777777777778	36.0
22640	train	6.32053266407181e-05	0.9836328656113581	0.921845149520679	0.20306868056456248	0.9259065231319702	1.1545268495877583	0.6388888888888888	36.0
22650	train	6.31769572758039e-05	1.032521748046969	0.9544484891006297	0.17130938255124623	0.9578746767516546	1.4929414259062872	0.5	36.0
22660	train	6.314858454965143e-05	1.142485814303314	1.081158206219629	0.11065754567583402	1.0833713571331456	1.182289143403371	0.5833333333333334	36.0
22670	train	6.312020847392366e-05	1.086680852777961	1.0146792950919348	0.1552963490997042	1.017785222073929	1.377912614080641	0.4444444444444444	36.0
22680	train	6.309182906028491e-05	1.081155312166931	1.0054992813597008	0.16804000900851357	1.0088600815398712	1.4459046125411987	0.5	36.0
22690	train	6.306344632040089e-05	1.0756715994835746	1.0047109053261598	0.15079862227042515	1.0077268777715682	1.3588944342401292	0.4166666666666667	36.0
22700	train	6.303506026593865e-05	1.0211597884680172	0.957671964856271	0.1894948286935687	0.9614618614301425	1.193958540757497	0.5555555555555556	36.0
22710	train	6.300667090856667e-05	1.0496272275422058	0.9769827744769428	0.1629078131583002	0.9802409307401089	1.3877259360419378	0.5833333333333334	36.0
22720	train	6.297827825995472e-05	1.1203234043972	1.0516482039003259	0.1377220462475504	1.0544026448252768	1.318415191438463	0.6111111111111112	36.0
22730	train	6.294988233177392e-05	1.0762201508390676	1.0079557831924264	0.1783284776740604	1.0115223527459076	1.2939559618632	0.5	36.0
22740	train	6.29214831356968e-05	1.1128290651040122	1.041574700111003	0.1413334415604671	1.0444013689422122	1.3685539232359991	0.5555555555555556	36.0
22750	train	6.289308068339717e-05	1.0163747096883167	0.9517905923419768	0.182825767993927	0.9554471077018554	1.2185520397292242	0.6111111111111112	36.0
22760	train	6.286467498655024e-05	1.158092999214193	1.0939840760637596	0.12625707884629567	1.0965092176406854	1.2316756314701505	0.5555555555555556	36.0
22770	train	6.28362660568325e-05	1.0349997097914752	0.9625120625097225	0.20958405137062072	0.966703743537135	1.3659193250868056	0.5555555555555556	36.0
22780	train	6.280785390592176e-05	1.016873443335053	0.9428640893364184	0.1800921931862831	0.946465933200144	1.4081502026981778	0.4722222222222222	36.0
22790	train	6.277943854549723e-05	1.1211762118044732	1.04838863789074	0.14878953397274017	1.0513644285701949	1.3962356646855671	0.5	36.0
22800	train	6.275101998723936e-05	1.169171939237273	1.101022534454885	0.09845439220468204	1.1029916222989786	1.323606338765886	0.4722222222222222	36.0
22810	train	6.272259824282995e-05	1.0183333284068876	0.9438381747645246	0.2075060879190763	0.9479882965229061	1.4069006376796298	0.5	36.0
22820	train	6.269417332395212e-05	1.1013324342647155	1.0413166085295174	0.15035289724667866	1.0443236664744509	1.1401753558052912	0.6388888888888888	36.0
22830	train	6.266574524229027e-05	1.1104856924209021	1.0412404461198075	0.14864772144291136	1.0442134005486656	1.3254458374447293	0.5277777777777778	36.0
22840	train	6.26373140095301e-05	1.0536266496876785	0.9927612491527275	0.14524991158396006	0.9956662473844067	1.1592080460654364	0.6388888888888888	36.0
22850	train	6.260887963735863e-05	1.0410123957923898	0.9750507062440298	0.17284398923317593	0.9785075860286933	1.2500961952739291	0.6111111111111112	36.0
22860	train	6.258044213746417e-05	1.1407080326724528	1.0759161738470342	0.11658876968754663	1.078247949240785	1.2492016686333551	0.6111111111111112	36.0
22870	train	6.255200152153628e-05	0.9845520817046002	0.8932865067725018	0.21339529951413472	0.8975544127627845	1.739953378836314	0.3611111111111111	36.0
22880	train	6.252355780126583e-05	1.007152202952765	0.9484178609671154	0.17631450593471526	0.9519441510858098	1.1041610373391046	0.6944444444444444	36.0
22890	train	6.249511098834494e-05	1.0795571894845655	1.0023747721358287	0.16659981189739137	1.0057067683737766	1.4770084222157795	0.4444444444444444	36.0
22900	train	6.246666109446706e-05	1.029506059203532	0.9647942107309766	0.1524214069876406	0.9678426388707294	1.2332684066560533	0.6111111111111112	36.0
22910	train	6.243820813132683e-05	1.0734105837570425	0.9951339202351169	0.18815038104852042	0.9988969278560873	1.490273118019104	0.4722222222222222	36.0
22920	train	6.240975211062021e-05	1.09010989389075	1.0187431712697266	0.13011441814402738	1.021345459632607	1.375288685162862	0.5277777777777778	36.0
22930	train	6.238129304404439e-05	1.0308459061575557	0.9761136153034989	0.15546010351843303	0.9792228173738676	1.0324617756737604	0.7222222222222222	36.0
22940	train	6.235283094329781e-05	1.1333407903899064	1.0679665673960557	0.13415723707940844	1.070649712137644	1.2538215650452509	0.5277777777777778	36.0
22950	train	6.232436582008017e-05	1.0971606814567478	1.0284863387218017	0.16617971509695054	1.0318099330237407	1.3070149686601427	0.5	36.0
22960	train	6.229589768609241e-05	1.0440986495539335	0.9707185743285339	0.1443223487585783	0.9736050213037055	1.4098725650045607	0.5277777777777778	36.0
22970	train	6.226742655303669e-05	1.1207945636791856	1.0509826111606204	0.12886168594871247	1.0535598448795946	1.3446943759918213	0.6388888888888888	36.0
22980	train	6.223895243261644e-05	1.099093545335347	1.0127913335540042	0.15140802827146319	1.0158194941194334	1.6654810243182712	0.3611111111111111	36.0
22990	train	6.221047533653627e-05	1.1358676515669948	1.062083577280375	0.1365960356261995	1.064815497992899	1.4210430714819167	0.4722222222222222	36.0
23000	train	6.218199527650208e-05	1.0807710440367468	1.0227538495868453	0.16612187922000884	1.0260762871712454	1.093895137310028	0.6944444444444444	36.0
23000	val		1.0942250334873607	1.0196262077582057	0.16808300348996774	1.022987867828005	1.4247433131871123	0.46875	192.0
23010	train	6.21535122642209e-05	1.032416223624657	0.9529924731843773	0.19957850376764932	0.9569840432597303	1.5086436072985332	0.4166666666666667	36.0
23020	train	6.212502631140103e-05	0.9906641854424026	0.9226734868018575	0.18253908678889275	0.9263242685376353	1.2867983380953472	0.6111111111111112	36.0
23030	train	6.2096537429752e-05	1.0255303323147174	0.9452236592382998	0.226119327545166	0.9497460457892031	1.5156857305102878	0.4444444444444444	36.0
23040	train	6.20680456309845e-05	0.9792508176714408	0.905834972005774	0.20351979633172354	0.9099053679324085	1.3869089947806463	0.4722222222222222	36.0
23050	train	6.20395509268104e-05	1.04391437685311	0.977178615074888	0.15623117072714698	0.9803032384894309	1.272222767273585	0.6111111111111112	36.0
23060	train	6.201105332894282e-05	1.1383772893425996	1.0731770018184028	0.11537010918060939	1.075484404002015	1.257857706811693	0.5555555555555556	36.0
23070	train	6.198255284909607e-05	1.0769644209937848	1.0063003630005583	0.14629649768273037	1.0092262929542128	1.3547625607914395	0.5555555555555556	36.0
23080	train	6.195404949898557e-05	0.9689893597628827	0.891164597531109	0.20907583004898495	0.8953461141320886	1.472864912615882	0.4722222222222222	36.0
23090	train	6.192554329032802e-05	1.0683496977255647	1.0107032155493136	0.17344635327657063	1.0141721426148451	1.0835511022143893	0.6388888888888888	36.0
23100	train	6.189703423484122e-05	1.0765344493873268	1.0040563414117378	0.13093301157156625	1.0066750016431691	1.3971889548831515	0.5277777777777778	36.0
23110	train	6.186852234424416e-05	1.1272295019417742	1.0511684532933505	0.1357314425210158	1.0538830821437708	1.466928395960066	0.5277777777777778	36.0
23120	train	6.184000763025704e-05	1.0503635281051364	0.9735598025115165	0.18737128873666128	0.9773072282862497	1.461125996377733	0.4444444444444444	36.0
23130	train	6.181149010460113e-05	1.0877790804066374	1.0234228783580774	0.15987397047380605	1.0266203577675534	1.2231744527816772	0.6388888888888888	36.0
23140	train	6.178296977899891e-05	1.0258442809028105	0.9631452011284903	0.18117940736313662	0.966768789275753	1.181509832541148	0.6944444444444444	36.0
23150	train	6.175444666517408e-05	1.0377766792356509	0.9495842650909759	0.1910596208439933	0.9534054575078558	1.6874244345559015	0.3611111111111111	36.0
23160	train	6.172592077485133e-05	0.9807335895254028	0.9124980346026168	0.2011270554115375	0.9165205757108476	1.2842602762911055	0.5833333333333334	36.0
23170	train	6.16973921197566e-05	1.0515057301793718	0.9803662579199562	0.16216459539201525	0.9836095498277966	1.3579236070315044	0.5833333333333334	36.0
23180	train	6.166886071161698e-05	1.1126402034913734	1.0352359871687393	0.12912591596444448	1.0378185054880282	1.4964339600669012	0.4166666666666667	36.0
23190	train	6.16403265621606e-05	1.0047856510271223	0.9256047468307539	0.19745737148655784	0.9295538942604851	1.5046351353327434	0.4722222222222222	36.0
23200	train	6.161178968311682e-05	1.0865876484622978	1.0259855683754306	0.15631920397281646	1.029111952454887	1.1495139201482136	0.6944444444444444	36.0
23210	train	6.158325008621604e-05	1.0199299297598365	0.9399478900773877	0.18432710000446864	0.943634432077477	1.5259099536471896	0.5555555555555556	36.0
23220	train	6.155470778318982e-05	0.8971625050894282	0.813689391082379	0.24109528296523625	0.8185112967416838	1.5730241669548883	0.3333333333333333	36.0
23230	train	6.152616278577082e-05	1.041859816685403	0.9702467197428987	0.16182096881998909	0.9734831391192984	1.3675335513220892	0.5833333333333334	36.0
23240	train	6.149761510569282e-05	1.0363233618528729	0.9653798405386756	0.17821086049079896	0.9689440577484917	1.3475860820876226	0.5277777777777778	36.0
23250	train	6.14690647546907e-05	0.9727103101744496	0.894893132310865	0.17996463966038492	0.8984924251040727	1.4843577014075384	0.4444444444444444	36.0
23260	train	6.144051174450038e-05	1.053440562252883	0.9769651677456338	0.15933765669663746	0.9801519208795666	1.4657728274663289	0.4722222222222222	36.0
23270	train	6.141195608685899e-05	0.9596088563042481	0.8900786635250779	0.20697357422775692	0.8942181350096331	1.3078144258923001	0.5555555555555556	36.0
23280	train	6.138339779350464e-05	1.1119211514515597	1.0496200539724283	0.13847259183724722	1.0523895058091732	1.1906329128477309	0.5833333333333334	36.0
23290	train	6.135483687617659e-05	1.0336903713389887	0.958640672717954	0.18710753669341404	0.9623828234518222	1.426150957743327	0.5277777777777778	36.0
23300	train	6.132627334661513e-05	1.0364188787771547	0.977242008033721	0.15153977076212566	0.9802728034489635	1.1229215065638225	0.5555555555555556	36.0
23310	train	6.129770721656169e-05	1.1267846900024778	1.0586759897237454	0.14412806580464047	1.0615585510398382	1.304522779252794	0.5	36.0
23320	train	6.126913849775867e-05	1.0221069215764522	0.9575608262449422	0.18633575903044808	0.9612875414255512	1.216387603018019	0.5555555555555556	36.0
23330	train	6.124056720194962e-05	1.0058122820356457	0.9428460341889627	0.20617762125200695	0.9469695866140029	1.1768539084328546	0.6388888888888888	36.0
23340	train	6.121199334087912e-05	1.1359982999758444	1.0512452526776184	0.15313911127547422	1.0543080349031277	1.6338053014543321	0.4444444444444444	36.0
23350	train	6.118341692629283e-05	0.9921260030715894	0.9219937418549489	0.21743246416250864	0.926342391138199	1.315672238667806	0.5	36.0
23360	train	6.11548379699374e-05	1.0638573142116408	0.9793915518050532	0.1866237039367358	0.9831240258837879	1.6146657665570576	0.4166666666666667	36.0
23370	train	6.112625648356056e-05	1.0822753092139334	1.0162484544223584	0.1592667373518149	1.0194337891693948	1.2568304008907742	0.5555555555555556	36.0
23380	train	6.10976724789111e-05	1.0902436491855636	1.0289658214789617	0.14199268917242686	1.0318056752624103	1.168759478463067	0.5555555555555556	36.0
23390	train	6.10690859677388e-05	1.0477241229209286	0.9772039993464599	0.17123341891500685	0.98062866772476	1.3419091039233737	0.5277777777777778	36.0
23400	train	6.104049696179451e-05	1.1596907528993907	1.092238739956494	0.1112241933743159	1.0944632238239802	1.3045505815082126	0.5277777777777778	36.0
23410	train	6.101190547283008e-05	1.0381237529444964	0.9716755710437833	0.15620019866360557	0.9747995750170554	1.2664835585488214	0.5555555555555556	36.0
23420	train	6.098331151259841e-05	1.0799984052344134	1.0177844505439835	0.1400891457994779	1.0205862334599731	1.1882434354888067	0.6111111111111112	36.0
23430	train	6.0954715092853394e-05	1.0851083278428624	1.015386491103746	0.17722182273864745	1.018930927558519	1.3235480056868658	0.5833333333333334	36.0
23440	train	6.092611622534992e-05	1.0987231184069601	1.0363989028379441	0.12001638269672792	1.0387992304918787	1.198477758301629	0.6111111111111112	36.0
23450	train	6.0897514921843916e-05	1.0054873375798588	0.9386793718821086	0.18392641984281086	0.9423579002789648	1.26258874601788	0.5	36.0
23460	train	6.086891119409231e-05	0.9522861295187457	0.8854044823292875	0.20833802620569866	0.8895712428534015	1.2542977333068848	0.5555555555555556	36.0
23470	train	6.084030505385299e-05	1.0608220676861535	0.9875359345874566	0.1914618621979441	0.9913651718314155	1.3891379170947604	0.4444444444444444	36.0
23480	train	6.081169651288487e-05	1.1132882835766744	1.0375954925981898	0.14051764706770578	1.040405845539544	1.4576487607426114	0.4444444444444444	36.0
23490	train	6.078308558294784e-05	1.097776465781958	1.0216786960877622	0.14484422852595646	1.0245755806582812	1.4640177024735346	0.4722222222222222	36.0
23500	train	6.075447227580278e-05	1.0025547024189745	0.9340944910509039	0.16637427334984142	0.9374219765179007	1.3026545180214777	0.4722222222222222	36.0
23510	train	6.072585660321152e-05	1.0244931107617214	0.9491052860872741	0.1911369181341595	0.9529280244499573	1.4313017262352838	0.4722222222222222	36.0
23520	train	6.069723857693691e-05	1.0900919622952734	1.015793397728767	0.1548383951187134	1.0188901656311413	1.4240359332826402	0.5833333333333334	36.0
23530	train	6.066861820874271e-05	1.0291462944165763	0.9663213310158151	0.20223135103782017	0.9703659580365714	1.1756067276000977	0.5833333333333334	36.0
23540	train	6.06399955103937e-05	1.118979961197229	1.0368100266032603	0.13300076872110367	1.0394700419776823	1.5901983843909369	0.3888888888888889	36.0
23550	train	6.0611370493655564e-05	1.0103792462683436	0.9397218701279876	0.20219145665566127	0.9437656992611008	1.3322709401448567	0.5277777777777778	36.0
23560	train	6.058274317029498e-05	1.1362143038359866	1.049544270144329	0.13560142243901888	1.0522562985931092	1.6791601048575506	0.4166666666666667	36.0
23570	train	6.0554113552079554e-05	1.0283449168834484	0.9553368547525734	0.1705060412486394	0.9587469755775462	1.3919588261180453	0.5555555555555556	36.0
23580	train	6.052548165077787e-05	1.0530426373098738	0.9874756633587461	0.17452698945999146	0.9909662031479459	1.2415286832385592	0.6388888888888888	36.0
23590	train	6.0496847478159384e-05	1.120565335768314	1.0455028350787214	0.11880197065571944	1.047878874491836	1.4537292255295649	0.5277777777777778	36.0
23600	train	6.046821104599452e-05	1.1105494203397774	1.0359607595598508	0.13263200968503952	1.0386133997535516	1.4387204117245145	0.5	36.0
23610	train	6.043957236605465e-05	1.0697844497411078	0.9986240413005444	0.15806100020805994	1.0017852613047056	1.3599837687280443	0.5	36.0
23620	train	6.0410931450112054e-05	1.0742966072151323	1.0095407062725152	0.1519471858938535	1.0125796499903923	1.2343391444947984	0.5555555555555556	36.0
23630	train	6.038228830993993e-05	1.005268304441907	0.9362489438002686	0.18605927460723454	0.9399701292924133	1.3059635029898748	0.6388888888888888	36.0
23640	train	6.035364295731239e-05	1.0867233728494883	1.0113116787930303	0.15371308426062266	1.0143859404782427	1.4467486474249098	0.4444444444444444	36.0
23650	train	6.032499540400445e-05	1.0643532806600016	0.9963122835389323	0.16149227817853293	0.999542129102503	1.29622303114997	0.5277777777777778	36.0
23660	train	6.029634566179204e-05	1.0801341015607933	1.0052746822778535	0.17861719677845636	1.0088470262134226	1.4257415069474115	0.5277777777777778	36.0
23670	train	6.0267693742452e-05	0.9826542970495472	0.9102754275197927	0.20369998330161684	0.9143494271858251	1.3660973972744412	0.5	36.0
23680	train	6.023903965776202e-05	1.105289218071316	1.0294514842595137	0.1506223181883494	1.0324639306232808	1.456505748960707	0.4444444444444444	36.0
23690	train	6.021038341950076e-05	1.0379210947924205	0.9557347595400295	0.19527749518553417	0.9596403094437402	1.5656157069736056	0.4444444444444444	36.0
23700	train	6.018172503944768e-05	1.0831817760422016	1.0129229622570195	0.15985573430856068	1.0161200769431906	1.341233981980218	0.4722222222222222	36.0
23710	train	6.015306452938316e-05	1.0570139866584733	0.988846911632107	0.15606349582473436	0.9919681815486017	1.3009161021974351	0.5833333333333334	36.0
23720	train	6.0124401901088455e-05	1.107812537550385	1.0451926496288397	0.14805382159021166	1.048153726060644	1.19317622979482	0.6111111111111112	36.0
23730	train	6.0095737166345706e-05	1.0757271779245448	1.0152594443559293	0.1570798436800639	1.0184010412295306	1.1465227339002821	0.6111111111111112	36.0
23740	train	6.00670703369379e-05	1.1010997040928499	1.0347742341552604	0.13345964054266612	1.0374434269661137	1.2731255425347223	0.5555555555555556	36.0
23750	train	6.0038401424648855e-05	1.0638284453728954	0.9869276991631415	0.16326062132914862	0.9901929115897244	1.4727106756634183	0.4722222222222222	36.0
23760	train	6.0009730441263316e-05	1.0239324328703352	0.9586976674267983	0.17621778945128122	0.962222023215824	1.234208193090227	0.6111111111111112	36.0
23770	train	5.9981057398566816e-05	1.0336828207652042	0.9626225700557501	0.19081157992283504	0.9664388016542068	1.3448803822199504	0.5277777777777778	36.0
23780	train	5.995238230834578e-05	1.0391936883526525	0.9812369018293898	0.1638601506749789	0.9845141048428894	1.0935916701952617	0.7222222222222222	36.0
23790	train	5.992370518238744e-05	1.0563681964584493	0.9867115166692241	0.16821025609970092	0.990075721791218	1.3258494933446248	0.5833333333333334	36.0
23800	train	5.98950260324799e-05	0.9968780204894123	0.9236168670629771	0.18204356531302135	0.9272577383692375	1.3924056424034967	0.5555555555555556	36.0
23810	train	5.9866344870412046e-05	0.9818166205621807	0.9066120470236123	0.21891131003697714	0.9109902732243519	1.4165269467565749	0.5277777777777778	36.0
23820	train	5.983766170797363e-05	1.1509894358044235	1.072982362782826	0.12756967627339894	1.075533756308294	1.5091135899225872	0.6111111111111112	36.0
23830	train	5.9808976556955216e-05	1.0098192674066437	0.9338262456800356	0.2003149390220642	0.9378325444604768	1.4397344589233398	0.4444444444444444	36.0
23840	train	5.97802894291482e-05	1.0747448692015302	0.9999264120351763	0.16870230436325073	1.0033004581224414	1.4288882215817769	0.4444444444444444	36.0
23850	train	5.9751600336344775e-05	0.9710684077314917	0.9056329339450316	0.1959263285001119	0.9095514605150339	1.230338944329156	0.5555555555555556	36.0
23860	train	5.9722909290337925e-05	1.0613153628199643	0.9854436934083051	0.16907911300659179	0.9888252756684369	1.449801743030548	0.5	36.0
23870	train	5.9694216302921464e-05	1.0483481385757587	0.9771922604429877	0.17626533373480752	0.9807175671176839	1.3526114291614957	0.5555555555555556	36.0
23880	train	5.9665521385889993e-05	1.05380619251702	0.9935501396388521	0.1867223878701528	0.9972845873962551	1.1304321024152968	0.6388888888888888	36.0
23890	train	5.9636824551038914e-05	1.113272495001867	1.0470520524981766	0.13376050773594114	1.0497272626528953	1.2709046469794378	0.5833333333333334	36.0
23900	train	5.960812581016441e-05	1.0660270784944315	0.9907154627541719	0.17493978184130457	0.994214258390998	1.436256402068668	0.5	36.0
23910	train	5.957942517506347e-05	1.0622347358230042	1.006190172283678	0.15130981244146824	1.0092163685325073	1.0603673458099365	0.75	36.0
23920	train	5.95507226575338e-05	1.0751508326117767	1.009804218431437	0.16247070456544557	1.013053632522746	1.2419440017806158	0.5833333333333334	36.0
23930	train	5.9522018269373946e-05	1.0800768318334915	1.011118441028035	0.16566970547040302	1.014431835137443	1.3128999339209662	0.4444444444444444	36.0
23940	train	5.949331202238319e-05	1.011077848574433	0.9457366029264993	0.18510811113648945	0.9494387651492291	1.232781668504079	0.6111111111111112	36.0
23950	train	5.946460392836159e-05	0.9878835985967476	0.9110184991467951	0.1982343484958013	0.9149831861167111	1.4580082496007283	0.5	36.0
23960	train	5.943589399910996e-05	1.0193906437600935	0.9574947373680224	0.20079022298256557	0.9615105418276737	1.1576020386483934	0.6111111111111112	36.0
23970	train	5.9407182246429864e-05	1.0628664716395955	1.0007881506628349	0.148037688434124	1.0037489044315173	1.1823513441615634	0.6388888888888888	36.0
23980	train	5.937846868212363e-05	1.017120818484604	0.9411384112193646	0.18839830491277906	0.9449063773176202	1.4442888233396742	0.4444444444444444	36.0
23990	train	5.934975331799429e-05	1.0954181214431054	1.0145461366599593	0.14678985327482225	1.0174819337254557	1.5587237543529935	0.4444444444444444	36.0
24000	train	5.932103616584568e-05	1.1547793906911121	1.0755923252040056	0.11947764911585385	1.0779818781863226	1.5359502500957913	0.4444444444444444	36.0
24000	val		1.0935577999419661	1.0175913987474077	0.16136661667195296	1.0208187310808468	1.454781377222389	0.515625	192.0
24010	train	5.9292317237482324e-05	1.0790413841433357	1.018335604638063	0.1562742150078217	1.0214610889382194	1.1516059041023254	0.6388888888888888	36.0
24020	train	5.926359654470948e-05	1.062167932524633	0.9840146173017074	0.1782869483033816	0.987580356267775	1.4917515251371596	0.3888888888888889	36.0
24030	train	5.923487409933316e-05	1.0899615600282995	1.0222506709305823	0.14325526273912853	1.0251157761853649	1.29691567685869	0.6666666666666666	36.0
24040	train	5.920614991316005e-05	1.0640032877733447	0.9887103751841657	0.16728686624103123	0.9920561125089863	1.4389435052871704	0.4722222222222222	36.0
24050	train	5.917742399799758e-05	0.9750832193241824	0.9080215281807359	0.20135950669646263	0.9120487183146652	1.2606900201903448	0.5555555555555556	36.0
24060	train	5.9148696365653905e-05	1.129953348401314	1.051641256813996	0.14842685187856355	1.054609793851567	1.5068710909949408	0.4722222222222222	36.0
24070	train	5.9119967027937884e-05	1.0571083386629152	0.9855868184456554	0.18588752879036796	0.9893045690214628	1.3560753928290472	0.4722222222222222	36.0
24080	train	5.909123599665903e-05	1.1164273861626235	1.0276153179386702	0.1488743782043457	1.0305928055027571	1.7166916131973267	0.3611111111111111	36.0
24090	train	5.90625032836276e-05	1.0851624994011215	1.0177238829547988	0.153761874884367	1.020799120452486	1.2872675789727106	0.6111111111111112	36.0
24100	train	5.903376890065451e-05	0.9813694290906316	0.9152857367783911	0.20009548134273952	0.9192876464052459	1.2416356537077162	0.5833333333333334	36.0
24110	train	5.90050328595514e-05	1.0446722488974725	0.9585300068598848	0.18043808225128385	0.9621387685049104	1.6506696078512404	0.4722222222222222	36.0
24120	train	5.897629517213058e-05	1.145565716533038	1.069978964999159	0.13031786183516184	1.0725853222358621	1.4596078859435186	0.5	36.0
24130	train	5.8947555850205006e-05	1.09291981870531	1.0183857392562656	0.16030670950810114	1.0215918734464275	1.4265589051776462	0.4166666666666667	36.0
24140	train	5.891881490558832e-05	1.0419498055577505	0.9751492105623314	0.19943424413601557	0.9791378954450517	1.2562382022539775	0.75	36.0
24150	train	5.889007235009486e-05	1.1241249365256225	1.056479751382867	0.11041919142007828	1.0586881352112685	1.3087360262870789	0.5	36.0
24160	train	5.8861328195539604e-05	0.9830086408790489	0.9038623011446535	0.20361524025599162	0.9079346059497734	1.5014806985855103	0.3333333333333333	36.0
24170	train	5.8832582453738176e-05	1.084885541924259	1.0194185210053333	0.15008482916487587	1.0224202175886308	1.2493064867125616	0.5555555555555556	36.0
24180	train	5.880383513650688e-05	0.9665512026177312	0.8936072579184968	0.21222705476813847	0.8978517990138596	1.3739880720774333	0.5277777777777778	36.0
24190	train	5.877508625566263e-05	1.0830600595506035	1.0146747004645071	0.15574343192080656	1.0177895691029233	1.305409808953603	0.5	36.0
24200	train	5.8746335823023025e-05	1.057702420290222	0.9981563015009732	0.16581741372744244	1.001472649775522	1.124595410294003	0.6388888888888888	36.0
24210	train	5.8717583850406275e-05	1.0493337861187884	0.9957676893874302	0.1437608984609445	0.9986429073566491	1.0138175752427843	0.6666666666666666	36.0
24220	train	5.8688830349631214e-05	1.0791222218625747	1.0180546555807692	0.17295422684401274	1.0215137401176495	1.1521696348985035	0.5555555555555556	36.0
24230	train	5.866007533251736e-05	1.0630809403368902	0.9992693644340572	0.15368939439455667	1.0023431523219484	1.2147557602988348	0.5555555555555556	36.0
24240	train	5.863131881088478e-05	1.0003404455790132	0.9357069065182615	0.21122787098089854	0.9399314639378795	1.2081796328226726	0.6388888888888888	36.0
24250	train	5.8602560796554206e-05	0.995734035759746	0.9295648768639355	0.1725380261739095	0.9330156373874137	1.254367967446645	0.5555555555555556	36.0
24260	train	5.8573801301346975e-05	1.0616423801231956	0.9977986514186105	0.1758867139617602	1.0013163856978458	1.2065198885069952	0.5555555555555556	36.0
24270	train	5.854504033708501e-05	1.0672351352432585	0.999112603888831	0.1570509562889735	1.0022536230146106	1.2996302445729573	0.5555555555555556	36.0
24280	train	5.8516277915590863e-05	1.092872422699056	1.005414183186745	0.14532118290662766	1.0083206068448776	1.6910363170835707	0.3611111111111111	36.0
24290	train	5.848751404868771e-05	1.0327045301127427	0.9618494786929415	0.16249852751692137	0.9650994492432798	1.352101617389255	0.5833333333333334	36.0
24300	train	5.8458748748199254e-05	1.0039332340281615	0.9354558389837287	0.1854195131195916	0.9391642292461205	1.2953800956408184	0.5	36.0
24310	train	5.8429982025949836e-05	1.1515669785714917	1.0764625900596485	0.12412032733360927	1.0789449966063207	1.4524396393034193	0.5	36.0
24320	train	5.840121389376437e-05	1.0223729968531743	0.9588914528122029	0.1644922917087873	0.9621812986463787	1.2038339641359117	0.6388888888888888	36.0
24330	train	5.837244436346834e-05	1.1326610972758973	1.064837146031543	0.14133616288503012	1.0676638692892435	1.299944559733073	0.5277777777777778	36.0
24340	train	5.8343673446887835e-05	1.0351881897944666	0.9668260595035344	0.1813303381204605	0.9704526662659436	1.2947104705704584	0.6111111111111112	36.0
24350	train	5.831490115584947e-05	1.0598815701245305	0.99167607828038	0.1535820369919141	0.9947477190202182	1.3026770220862494	0.6388888888888888	36.0
24360	train	5.828612750218045e-05	1.0921652095407268	1.0191798392987934	0.15846358156866497	1.0223491109301668	1.396321972211202	0.5277777777777778	36.0
24370	train	5.825735249770855e-05	1.096988693347114	1.0196474951626902	0.15748411044478416	1.0227971773715858	1.4838303195105658	0.4722222222222222	36.0
24380	train	5.822857615426207e-05	1.0368848805628754	0.9693188667175708	0.18561425370474657	0.9730311517916658	1.2770745754241943	0.5555555555555556	36.0
24390	train	5.81997984836699e-05	1.0527869405124413	0.9831963925028149	0.17959558289675487	0.9867883041607499	1.319972727033827	0.5277777777777778	36.0
24400	train	5.817101949776143e-05	1.0837576246718164	1.026701574387775	0.14207775973611408	1.0295431295824973	1.0842899017863803	0.6666666666666666	36.0
24410	train	5.814223920836663e-05	1.0378457188449257	0.9658336741071892	0.1844854031999906	0.969523382171189	1.3664467334747314	0.5555555555555556	36.0
24420	train	5.8113457627315976e-05	1.1159574421432275	1.0471030782514141	0.13652762439515856	1.0498336307393172	1.3224762280782063	0.5277777777777778	36.0
24430	train	5.808467476644049e-05	1.0514749867591797	0.9792850785659623	0.1506968985001246	0.9822990165359647	1.3835194044642978	0.5277777777777778	36.0
24440	train	5.8055890637571756e-05	1.1164639008552204	1.0432919068363344	0.1364526944855849	1.0460209607260462	1.4088588025834825	0.4444444444444444	36.0
24450	train	5.802710525254179e-05	1.1028177670210784	1.0322576699599806	0.14279263031979403	1.0351135225663766	1.354084889094035	0.4722222222222222	36.0
24460	train	5.79983186231832e-05	1.043581567872953	0.9728163528635021	0.1783430501818657	0.9763832138671394	1.343967080116272	0.5555555555555556	36.0
24470	train	5.796953076132907e-05	1.092891460468066	1.0163147443066294	0.15165938884019853	1.0193479320834333	1.4708705676926508	0.5	36.0
24480	train	5.794074167881304e-05	0.9960469169600388	0.9326865645204399	0.18020920238147178	0.9362907485680693	1.1951233678393893	0.6111111111111112	36.0
24490	train	5.7911951387469174e-05	1.0441793696610517	0.9767350089164297	0.17948507393399873	0.9803247103951097	1.277093185318841	0.5	36.0
24500	train	5.788315989913209e-05	1.048504410778945	0.9752931646957648	0.16912382592757544	0.9786756412143163	1.396575391292572	0.4444444444444444	36.0
24510	train	5.7854367225636874e-05	1.0636165143140341	0.9948033016610329	0.16947130064169566	0.9981927276738668	1.3084757328033447	0.6111111111111112	36.0
24520	train	5.782557337881911e-05	0.9871459152052969	0.9030515022989946	0.18758822398053276	0.9068032667786052	1.6068529685338337	0.4166666666666667	36.0
24530	train	5.779677837051486e-05	1.1273822819252894	1.0477333542906189	0.13484933901400792	1.050430341070899	1.5390388170878093	0.4444444444444444	36.0
24540	train	5.7767982212560666e-05	1.061380955080765	0.9914943844549299	0.18873135844866434	0.9952690116239031	1.3222388691372342	0.5555555555555556	36.0
24550	train	5.773918491679354e-05	0.9760843128378862	0.9144126456105717	0.1713258158415556	0.9178391619274028	1.1649030182096693	0.5833333333333334	36.0
24560	train	5.771038649505097e-05	1.055146659145651	1.0006068383868183	0.14469730564289623	1.0035007844996762	1.032917492919498	0.75	36.0
24570	train	5.768158695917089e-05	1.0231465869316343	0.9496602090864265	0.2058276062210401	0.9537767612108472	1.387396514415741	0.4722222222222222	36.0
24580	train	5.765278632099169e-05	0.9962353796601767	0.9200788933335551	0.18095704851051173	0.9236980343037653	1.4507469071282282	0.5	36.0
24590	train	5.762398459235225e-05	1.057782053570029	0.9830956920816604	0.1810594136516253	0.9867168803546928	1.4213034643067255	0.5277777777777778	36.0
24600	train	5.7595181785091856e-05	0.9992333875881104	0.929116076437447	0.17154306856294474	0.9325469378087059	1.3337289955880907	0.5277777777777778	36.0
24610	train	5.756637791105027e-05	1.0364524214293778	0.9599106489445985	0.18999560011757743	0.9637105609469501	1.4548372096485562	0.5	36.0
24620	train	5.753757298206765e-05	1.0171434568113153	0.9494932632723847	0.1885178801086214	0.9532636208745572	1.2775967187351651	0.5555555555555556	36.0
24630	train	5.750876700998463e-05	0.9841040721313733	0.923207620144875	0.19477417320013046	0.9271031036088776	1.140019370449914	0.6944444444444444	36.0
24640	train	5.7479960006642265e-05	1.068369698660155	0.994199281490425	0.16671888927618664	0.9975336592759487	1.4167207876841228	0.5	36.0
24650	train	5.745115198388201e-05	0.9672650502939495	0.9011391481743394	0.22325682557291454	0.9056042846857977	1.2332153121630351	0.6666666666666666	36.0
24660	train	5.742234295354577e-05	1.0259669804656997	0.9609058722440893	0.17854630698760351	0.9644767983838414	1.2298036416371663	0.6944444444444444	36.0
24670	train	5.739353292747584e-05	0.9977960249234626	0.9215907468563375	0.20583496962984402	0.9257074462489343	1.4417715734905667	0.4722222222222222	36.0
24680	train	5.736472191751494e-05	1.0614292420184848	0.9920221115014193	0.1683328915387392	0.9953887693321941	1.3208094537258148	0.5555555555555556	36.0
24690	train	5.7335909935506175e-05	1.0260275668058723	0.9544993104193539	0.17838402506377962	0.9580669909206294	1.3592115177048578	0.4722222222222222	36.0
24700	train	5.730709699329306e-05	1.0731319409918303	1.0053851462589218	0.16227987967431545	1.0086307438524083	1.290023942788442	0.5555555555555556	36.0
24710	train	5.727828310271955e-05	0.9761094421270903	0.8984209996501686	0.1990160250829326	0.9024013201518273	1.4741624395052593	0.4166666666666667	36.0
24720	train	5.72494682756299e-05	1.0968330056836548	1.0272138964090425	0.13593397413690886	1.0299325758917806	1.3380085958374872	0.5833333333333334	36.0
24730	train	5.7220652523868805e-05	1.0990623370918742	1.026447059119388	0.14241802394390107	1.029295419598266	1.3953383498721652	0.5	36.0
24740	train	5.7191835859281334e-05	1.0665543882558977	0.9908751751844487	0.16955032603194317	0.9942661817050875	1.4457641310162015	0.5	36.0
24750	train	5.716301829371294e-05	1.1347375584658472	1.0743540271470766	0.12468358874320984	1.0768476989219409	1.1577971908781264	0.6666666666666666	36.0
24760	train	5.7134199839009434e-05	1.1292980975856757	1.0536543998072918	0.12906074855062696	1.0562356147783043	1.461249656147427	0.4444444444444444	36.0
24770	train	5.710538050701698e-05	1.0218707313203237	0.9506121899085	0.18530702259805468	0.9543183303604611	1.351048019197252	0.5833333333333334	36.0
24780	train	5.7076560309582145e-05	1.008896180441718	0.939214228508281	0.19433972901768154	0.9431010230886346	1.3159031470616658	0.5277777777777778	36.0
24790	train	5.7047739258551785e-05	1.0516670075918244	0.9812846103110253	0.18074727257092793	0.9848995557624439	1.3353490365876093	0.5277777777777778	36.0
24800	train	5.701891736577318e-05	1.0551185607168907	0.9894182762060398	0.15824339638153712	0.9925831441336705	1.2507083316644032	0.5833333333333334	36.0
24810	train	5.6990094643093894e-05	1.097777117794453	1.0466233482086318	0.1409150739510854	1.0494416496876535	0.9667093621359931	0.6944444444444444	36.0
24820	train	5.696127110236188e-05	0.9520095699760434	0.8741843245989531	0.2224671733048227	0.8786336680650496	1.4675180382198758	0.3888888888888889	36.0
24830	train	5.69324467554254e-05	0.9666995808224177	0.9052913160827718	0.20271524637937546	0.9093456210103593	1.1470791962411668	0.6111111111111112	36.0
24840	train	5.690362161413306e-05	1.0983394502743746	1.0231500827250877	0.1374029591679573	1.0258981419084467	1.448826167318556	0.4166666666666667	36.0
24850	train	5.687479569033377e-05	1.0612210098400578	0.9811033598609964	0.17523479859034222	0.9846080558328032	1.5322590801450942	0.4722222222222222	36.0
24860	train	5.68459689958768e-05	1.1117045705942274	1.0399712077911987	0.12126399390399456	1.0423964876692786	1.386161658498976	0.5	36.0
24870	train	5.6817141542611685e-05	1.04804524470561	0.9847871992905263	0.16802061763074663	0.9881476116431412	1.1979526612493727	0.5833333333333334	36.0
24880	train	5.6788313342388344e-05	1.0515412066310224	0.9746324533700522	0.1588581475118796	0.9778096163202898	1.4746318062146504	0.4722222222222222	36.0
24890	train	5.675948440705692e-05	1.0802902624850965	1.00018128979185	0.1658573235784258	1.0034984362634185	1.53583652443356	0.4444444444444444	36.0
24900	train	5.673065474846793e-05	1.0624195203169737	0.9856147744540923	0.1540472442905108	0.9886957193399025	1.4744760195414226	0.3333333333333333	36.0
24910	train	5.670182437847214e-05	1.0421474599757228	0.9789921638023622	0.15199462870756786	0.9820320563765136	1.2023080719841852	0.5833333333333334	36.0
24920	train	5.667299330892063e-05	1.0530854655884312	0.9745401460179958	0.15593619147936502	0.9776588698475831	1.5085319148169622	0.5	36.0
24930	train	5.6644161551664775e-05	1.112865362182106	1.0416046746057062	0.14268329739570618	1.0444583405536203	1.3681404325697157	0.4444444444444444	36.0
24940	train	5.6615329118556206e-05	1.0738561901155823	1.0037085024387022	0.12903649691078398	1.006289232376918	1.3513391547732883	0.5	36.0
24950	train	5.6586496021446854e-05	1.073879498843125	0.9996066868342673	0.15647005372577244	1.0027360879087828	1.4228682186868455	0.4722222222222222	36.0
24960	train	5.655766227218891e-05	1.0457127451392483	0.9756857127440445	0.15112513800462088	0.9787082155041369	1.3400905927022297	0.5277777777777778	36.0
24970	train	5.652882788263485e-05	1.068233549571576	0.9994262303907431	0.15268140584230422	1.0024798585075891	1.3150738212797377	0.5555555555555556	36.0
24980	train	5.6499992864637384e-05	1.1223631313813436	1.0512935829822594	0.11880688555538654	1.0536697206933672	1.3738682137595282	0.5555555555555556	36.0
24990	train	5.6471157230049525e-05	1.1188748127921124	1.059271731694907	0.14777064075072607	1.0622271445099214	1.132953365643819	0.6388888888888888	36.0
25000	train	5.64423209907245e-05	1.1475236596103093	1.0900214019933256	0.11441487198074658	1.0923096994329407	1.1042792035473719	0.6944444444444444	36.0
25000	val		1.0907502698631664	1.015335971610214	0.1599104987366664	1.0185341815849474	1.444321765564382	0.5052083333333334	192.0
25010	train	5.641348415851577e-05	1.062811382930842	1.005235265920262	0.16116278494397798	1.0084585216191415	1.0870572262340121	0.5833333333333334	36.0
25020	train	5.638464674527712e-05	1.0483970276006693	0.9677568428538211	0.17126119136810303	0.9711820666811832	1.544299218389723	0.4444444444444444	36.0
25030	train	5.6355808762862486e-05	1.0168773909427526	0.9420936233733564	0.1789133238295714	0.9456718898499479	1.424110021856096	0.4444444444444444	36.0
25040	train	5.63269702231261e-05	1.08574799169946	1.0021943368395825	0.1354779920851191	1.0049038966812849	1.6168819003634982	0.3888888888888889	36.0
25050	train	5.629813113792236e-05	1.0194089906738355	0.9499048598931386	0.1735280238919788	0.9533754203709781	1.3206714060571458	0.6388888888888888	36.0
25060	train	5.626929151910596e-05	1.0299400440028037	0.9668161971738661	0.1655062923828761	0.9701263230215237	1.1962744196256	0.6666666666666666	36.0
25070	train	5.6240451378531744e-05	1.0467788984508277	0.972002915736466	0.1525587249133322	0.9750540902347327	1.4344961643218994	0.5	36.0
25080	train	5.621161072805483e-05	1.0323677725434672	0.9753456900789047	0.15917008072137834	0.9785290916933322	1.0767736170026991	0.5833333333333334	36.0
25090	train	5.6182769579530505e-05	1.0324208715115588	0.9494476095591586	0.2095738192399343	0.9536390859439573	1.5756357113520305	0.3888888888888889	36.0
25100	train	5.61539279448143e-05	1.0396060420621587	0.9726017919293695	0.17279205936938524	0.9760576331167572	1.2709681789080303	0.5555555555555556	36.0
25110	train	5.6125085835761895e-05	1.0715391532026624	0.9961677392896244	0.18349020779132844	0.999837543445451	1.4340321951442294	0.3888888888888889	36.0
25120	train	5.60962432642292e-05	1.0731786893080733	1.0010452292731464	0.1677047903339068	1.0043993250798247	1.375587284564972	0.4722222222222222	36.0
25130	train	5.6067400242072304e-05	1.0858044316387698	1.0188095358485836	0.16021835741897425	1.022013902996963	1.2758105728361342	0.6111111111111112	36.0
25140	train	5.6038556781147494e-05	1.0983689802100092	1.0474256478789612	0.12627305669917	1.0499511090129445	0.9683574239412943	0.6944444444444444	36.0
25150	train	5.600971289331123e-05	1.064806554779	0.9965183738267291	0.16217208860649002	0.9997618155988589	1.3008947836028204	0.5555555555555556	36.0
25160	train	5.5980868590420125e-05	1.0135060408351613	0.9447074812125291	0.18372567411926058	0.9483819946949144	1.3024809228049383	0.5833333333333334	36.0
25170	train	5.5952023884331e-05	1.0267328873283856	0.959343456626653	0.1806782235701879	0.9629570210980567	1.2755173246065776	0.5555555555555556	36.0
25180	train	5.5923178786900804e-05	1.052285309359474	0.9901711529410974	0.13385483622550964	0.9928482496656076	1.188741193877326	0.6666666666666666	36.0
25190	train	5.5894333309986684e-05	0.9195561625839164	0.840483931032905	0.23781116637918684	0.8452401543604887	1.4863201644685533	0.4722222222222222	36.0
25200	train	5.586548746544592e-05	1.074558120585137	1.0093466700315346	0.13416026184956234	1.0120298752685257	1.250564906332228	0.5833333333333334	36.0
25210	train	5.5836641265135975e-05	1.108884972471563	1.0482406576592738	0.15265849530696868	1.0512938275654131	1.1518228981229994	0.6111111111111112	36.0
25220	train	5.580779472091438e-05	1.0716826771418664	1.0051571540554776	0.15979484816392261	1.008353051018756	1.266592522462209	0.5833333333333334	36.0
25230	train	5.57789478446389e-05	1.034457484806496	0.9709254415994731	0.15753645242916214	0.9740761706480564	1.2076262831687927	0.6388888888888888	36.0
25240	train	5.575010064816738e-05	1.0044992313327181	0.9378011159711298	0.21561018093710854	0.942113319589872	1.2477182348569233	0.6388888888888888	36.0
25250	train	5.572125314335782e-05	1.0461149039243385	0.9745661087044137	0.1782262416349517	0.9781306335371127	1.3596854077445135	0.5277777777777778	36.0
25260	train	5.569240534206835e-05	1.0545587188569445	0.9755143172443979	0.19185837606588999	0.9793514847657157	1.5041446818245783	0.4166666666666667	36.0
25270	train	5.566355725615718e-05	1.0563267831833514	0.9935250341426682	0.15569605082273483	0.9966389551591229	1.1937565604845684	0.6388888888888888	36.0
25280	train	5.56347088974827e-05	0.993266870708544	0.9194352776702367	0.1870922433833281	0.9231771225379033	1.4017949634128146	0.4444444444444444	36.0
25290	train	5.5605860277903344e-05	1.079455111312082	1.0145543507011836	0.15270013411839803	1.0176083533835516	1.2369351585706074	0.6111111111111112	36.0
25300	train	5.5577011409277725e-05	1.0792193859253816	1.0226352017887261	0.14366264641284943	1.025508454716983	1.074218624167972	0.75	36.0
25310	train	5.554816230346452e-05	1.0640177284574133	1.0083074128441303	0.16236427302161852	1.0115546983045627	1.0492606030570135	0.6944444444444444	36.0
25320	train	5.5519312972322505e-05	1.0335201204778364	0.9664333491221013	0.16993664503097533	0.9698320820227209	1.2737607691023085	0.6111111111111112	36.0
25330	train	5.549046342771052e-05	1.0133376420623157	0.9312827142330766	0.18104681786563662	0.9349036505903894	1.5686798294385274	0.4166666666666667	36.0
25340	train	5.546161368148756e-05	1.0229818240679986	0.9541967558283959	0.19835012716551623	0.9581637583717062	1.296361313925849	0.6111111111111112	36.0
25350	train	5.543276374551265e-05	1.0351881664637537	0.9615657430367812	0.16615212046437794	0.9648887854460688	1.4059876203536987	0.5	36.0
25360	train	5.5403913631644905e-05	1.090227173414837	1.0054124020275248	0.17271205981572468	1.0088666432238393	1.627210603819953	0.4444444444444444	36.0
25370	train	5.537506335174353e-05	1.0671767385113988	1.0056109098966342	0.1696307937304179	1.0090035257712424	1.1634642548031278	0.6388888888888888	36.0
25380	train	5.534621291766778e-05	1.0465740614889008	0.9717488589187074	0.15935256145894527	0.9749359101478864	1.4327630268202887	0.5277777777777778	36.0
25390	train	5.5317362341276984e-05	1.0632336475448894	0.9843972806422665	0.16648615586260954	0.9877270037595187	1.5101328757074144	0.4722222222222222	36.0
25400	train	5.5288511634430504e-05	1.0027586987959134	0.9362263090193391	0.1690989131728808	0.9396082872827968	1.2630082302623324	0.5277777777777778	36.0
25410	train	5.525966080898779e-05	1.077630547992107	1.0076359844537033	0.15768898917096003	1.0107897642371224	1.3368156750996907	0.5	36.0
25420	train	5.523080987680833e-05	1.0890618653855484	1.0103060496345257	0.17582720816135405	1.0138225937977527	1.5047854317559137	0.5833333333333334	36.0
25430	train	5.5201958849751655e-05	1.098616560326665	1.0259018383274305	0.14745822424689928	1.0288510028123685	1.3953111502859328	0.6111111111111112	36.0
25440	train	5.5173107739677316e-05	1.0828440331337919	1.018918096199771	0.1428204501668612	1.0217745052031082	1.2213905586136713	0.5833333333333334	36.0
25450	train	5.5144256558444925e-05	1.0174759491685565	0.9560286337972715	0.1865185775483648	0.9597590053482389	1.1543388764063518	0.6111111111111112	36.0
25460	train	5.511540531791411e-05	1.094031408829111	1.020041407808779	0.15147317138810953	1.023070871236541	1.4192107518513997	0.5	36.0
25470	train	5.508655402994453e-05	1.055041720636037	0.979772648927914	0.19348703076442084	0.9836423895432025	1.4279866218566895	0.5277777777777778	36.0
25480	train	5.505770270639586e-05	1.142315032993788	1.0832832490843545	0.11148972002168496	1.0855130434847882	1.1360397901799943	0.6388888888888888	36.0
25490	train	5.5028851359127784e-05	1.0400427472745548	0.9830282260466122	0.1713461975256602	0.9864551499971255	1.0717519455485873	0.6944444444444444	36.0
25500	train	5.5e-05	0.9842048766701305	0.9101048744541622	0.2118662115600374	0.9143421986853629	1.3972535596953497	0.5	36.0
25510	train	5.497114864087222e-05	0.9827071336176093	0.9149741103317435	0.18322665095329285	0.9186386433508094	1.2813698053359985	0.5	36.0
25520	train	5.4942297293604146e-05	1.0564946824311408	0.9893268104857066	0.16022465725739796	0.9925313036308545	1.2792675760057237	0.5277777777777778	36.0
25530	train	5.491344597005548e-05	1.1154807687005248	1.04674658519038	0.1603739923901028	1.0499540650381822	1.31053407324685	0.6111111111111112	36.0
25540	train	5.48845946820859e-05	0.9864695783583637	0.9150162098435876	0.18140558650096258	0.9186443215736068	1.3565051356951396	0.5277777777777778	36.0
25550	train	5.485574344155509e-05	1.100082625945139	1.030792932635938	0.1674358417590459	1.0341416494711189	1.3188195294804044	0.5	36.0
25560	train	5.4826892260322695e-05	1.0926313108526498	1.0348906036869847	0.15045511888133156	1.0378997060646113	1.0946320957607694	0.5277777777777778	36.0
25570	train	5.4798041150248356e-05	1.1591479423830235	1.0969768101413373	0.10793705160419147	1.099135551173421	1.2002478241920471	0.5833333333333334	36.0
25580	train	5.4769190123191676e-05	1.0751747652201358	1.0000118278604584	0.16141733113262388	1.0032401744831108	1.4386918147404988	0.5	36.0
25590	train	5.474033919101221e-05	1.041094382383987	0.977808028007777	0.15039160350958505	0.9808158600779687	1.205570446120368	0.5555555555555556	36.0
25600	train	5.47114883655695e-05	1.1156781926164983	1.040186425508058	0.12666294872760772	1.04271968448261	1.459170162677765	0.5277777777777778	36.0
25610	train	5.468263765872303e-05	1.0295604202276638	0.9501284941957565	0.16144597629706064	0.9533574137216977	1.5240601301193237	0.5277777777777778	36.0
25620	train	5.465378708233222e-05	1.0698785863899694	1.0106527967767756	0.14961854815483094	1.0136451677398721	1.1246683730019464	0.6111111111111112	36.0
25630	train	5.462493664825647e-05	1.0900660310502301	1.022988062594379	0.15359416293601194	1.0260599458530992	1.2801217039426167	0.5277777777777778	36.0
25640	train	5.45960863683551e-05	1.0501571190071701	0.9745950832478801	0.17345590988794962	0.9780642014456391	1.4418583512306213	0.5	36.0
25650	train	5.456723625448735e-05	1.0751322813967874	1.009492332445914	0.17728683551152546	1.0130380691561445	1.2418842448128595	0.6666666666666666	36.0
25660	train	5.453838631851244e-05	1.1551027495434132	1.081798496496702	0.12200242405136426	1.0842385449777292	1.41728409131368	0.6388888888888888	36.0
25670	train	5.450953657228948e-05	0.9997277178831693	0.9445425079830285	0.18227657626072566	0.948188039508243	1.030793567498525	0.75	36.0
25680	train	5.44806870276775e-05	1.0916386267755498	1.0186182008134725	0.16526777843634288	1.0219235563821993	1.3943014078670077	0.5833333333333334	36.0
25690	train	5.445183769653548e-05	1.0744970027135738	0.9987832926447453	0.15843900106847286	1.0019520726661149	1.4508986009491815	0.5	36.0
25700	train	5.442298859072227e-05	1.081682437991508	1.0148695339912257	0.14986531535784403	1.0178668402983826	1.276311953862508	0.5277777777777778	36.0
25710	train	5.439413972209665e-05	0.9997245038893909	0.9361957061966683	0.17985694938235813	0.9397928451843154	1.1986331741015117	0.6111111111111112	36.0
25720	train	5.436529110251731e-05	1.070017071348037	0.9947443811247141	0.15632076230314043	0.9978707963707769	1.4429254995452032	0.5555555555555556	36.0
25730	train	5.433644274384284e-05	0.9947419339554638	0.9319579730236329	0.20021910965442657	0.9359623552167214	1.175591574774848	0.6388888888888888	36.0
25740	train	5.4307594657931675e-05	1.0515403577173243	0.9975101161360236	0.15373274746040502	1.0005847710852316	1.019111732641856	0.6944444444444444	36.0
25750	train	5.427874685664219e-05	1.0938883105216768	1.0219633728562143	0.1548161721891827	1.025059696299998	1.3765722844335768	0.5	36.0
25760	train	5.424989935183264e-05	1.1120237102610888	1.045300408461328	0.13551350062092146	1.0480106784737464	1.28026063574685	0.5833333333333334	36.0
25770	train	5.422105215536112e-05	1.1096060436258932	1.0491235632489344	0.1511936676171091	1.0521474366012766	1.1491721404923334	0.6388888888888888	36.0
25780	train	5.419220527908563e-05	1.1818805664393208	1.106346248925186	0.09577191310624282	1.108261687187311	1.4723775850401983	0.4444444444444444	36.0
25790	train	5.416335873486405e-05	1.0633641078140674	0.9885223440146781	0.19156810599896643	0.9923537061346575	1.4202080335881975	0.5277777777777778	36.0
25800	train	5.4134512534554085e-05	1.1129730839867793	1.0354412909785313	0.1552534247438113	1.0385463594734075	1.4885344902674358	0.4444444444444444	36.0
25810	train	5.4105666690013333e-05	0.9989380314532028	0.9203452219350245	0.22304676373799642	0.9248061572097844	1.4826374848683674	0.4444444444444444	36.0
25820	train	5.407682121309921e-05	0.9620841248461143	0.8920465557404892	0.2076367288827896	0.8961992903181449	1.3176966905593872	0.5	36.0
25830	train	5.404797611566902e-05	1.0548777613837181	0.9703644775813148	0.17783931725554997	0.9739212639264259	1.6191299491458468	0.4722222222222222	36.0
25840	train	5.4019131409579885e-05	1.1041438571978008	1.0374602403278215	0.11755115290482838	1.039811263385918	1.2866518762376573	0.5555555555555556	36.0
25850	train	5.399028710668878e-05	1.0871904759679403	1.0191150775095654	0.13165521224339802	1.0217481817544334	1.3088458842701383	0.6944444444444444	36.0
25860	train	5.3961443218852516e-05	1.0497711048652025	0.9912741059127079	0.16074704825878144	0.9944890468778835	1.105641159746382	0.5833333333333334	36.0
25870	train	5.39325997579277e-05	1.0248210171631502	0.9609390402739109	0.18470554649829865	0.9646331512038768	1.203757319185469	0.6666666666666666	36.0
25880	train	5.390375673577081e-05	1.079986904268747	1.0249032684716437	0.14232271330224144	1.0277497227376886	1.0447436306211684	0.6666666666666666	36.0
25890	train	5.387491416423811e-05	1.022296735903171	0.949847125553966	0.21036009242137274	0.9540543274023935	1.364848170015547	0.5555555555555556	36.0
25900	train	5.384607205518571e-05	1.0571351696755755	0.985119588087625	0.1449327697356542	0.9880182434823381	1.382338523864746	0.5277777777777778	36.0
25910	train	5.38172304204695e-05	1.1527406908544804	1.078178172489627	0.10426214502917396	1.0802634153902106	1.449545509285397	0.5	36.0
25920	train	5.3788389271945184e-05	1.0456371567944291	0.9690250651604204	0.17995224595069886	0.9726241100794344	1.460260934299893	0.5	36.0
25930	train	5.375954862146827e-05	1.1537439300031052	1.0832101129039047	0.12198271453380585	1.0856497671945808	1.3618832561704848	0.5277777777777778	36.0
25940	train	5.373070848089406e-05	0.9422039617393096	0.8715424004886231	0.22778171102205913	0.8760980347090642	1.3221185406049092	0.5555555555555556	36.0
25950	train	5.370186886207764e-05	1.0448412127740072	0.9771023511668264	0.16510362923145294	0.9804044237514555	1.2887357804510329	0.5833333333333334	36.0
25960	train	5.3673029776873905e-05	1.0084325491836537	0.9400169123447522	0.17291302588723956	0.9434751728624969	1.2991475264231365	0.5	36.0
25970	train	5.364419123713752e-05	1.0035254521126467	0.9125804516835264	0.19348672591149807	0.9164501862017563	1.7415053182178073	0.3888888888888889	36.0
25980	train	5.3615353254722885e-05	1.102659554994989	1.0314390919442527	0.1638684438334571	1.0347164608209218	1.3588618834813435	0.5833333333333334	36.0
25990	train	5.358651584148423e-05	0.9948167559889856	0.931219029928701	0.1977410697274738	0.9351738513232505	1.1928580933147006	0.6388888888888888	36.0
26000	train	5.355767900927552e-05	0.9833630590574411	0.9108975788059964	0.1805153265595436	0.9145078853371873	1.3771034744050767	0.5555555555555556	36.0
26000	val		1.0886542700551651	1.0132883184706947	0.1629087129517066	1.0165464927297287	1.4421555465087295	0.4479166666666667	192.0
26010	train	5.3528842769950486e-05	0.9975943773569855	0.9223171458922022	0.20171281347672146	0.9263514021617366	1.4248595039049785	0.4444444444444444	36.0
26020	train	5.3500007135362626e-05	1.0239826981040165	0.9332253039955091	0.20179783006509144	0.9372612605968109	1.7344287501441107	0.4166666666666667	36.0
26030	train	5.347117211736517e-05	1.058756081500013	0.9976308595852977	0.15778005454275343	1.0007864606761527	1.1593924164772034	0.6111111111111112	36.0
26040	train	5.34423377278111e-05	0.9977381403952765	0.9350194734377921	0.1908347358306249	0.9388361681544046	1.1780394448174372	0.5833333333333334	36.0
26050	train	5.341350397855316e-05	1.0663530279604911	0.9831832667133861	0.18801755110422771	0.9869436177354707	1.5881882045004103	0.4444444444444444	36.0
26060	train	5.33846708814438e-05	1.1191858904910785	1.0590281808602515	0.13502370876570544	1.0617286550355656	1.14914470911026	0.5833333333333334	36.0
26070	train	5.3355838448335236e-05	1.0419537630932345	0.9712033315059357	0.15936237424612046	0.9743905789908581	1.3512636820475261	0.5	36.0
26080	train	5.332700669107937e-05	1.1144767903537713	1.0469912918691333	0.13131774614254635	1.0496176467919842	1.2971828712357416	0.6111111111111112	36.0
26090	train	5.329817562152786e-05	1.1661826880535602	1.1051276737843407	0.09823118994633356	1.1070922975832673	1.1818078094058566	0.6111111111111112	36.0
26100	train	5.326934525153207e-05	1.0536808842228953	0.9831055777609783	0.15848934551080068	0.9862753646711943	1.3481103910340204	0.5833333333333334	36.0
26110	train	5.3240515592943074e-05	1.0581544860596759	0.9892832233536876	0.15704872061808903	0.9924241977660494	1.3146057658725314	0.6111111111111112	36.0
26120	train	5.3211686657611666e-05	1.0957317320246367	1.0195503133110406	0.15267347378863227	1.0226037827868133	1.4625589847564697	0.5555555555555556	36.0
26130	train	5.318285845738831e-05	1.114717014903707	1.0357884611635233	0.15272464255491894	1.0388429540146218	1.5174812177817028	0.5277777777777778	36.0
26140	train	5.3154031004123205e-05	0.9678301444454245	0.9106681349413182	0.20191640456517537	0.9147064630326217	1.062473628256056	0.7222222222222222	36.0
26150	train	5.312520430966623e-05	1.0760164026940835	0.9964602395337461	0.14996427670121193	0.9994595250677704	1.531137552526262	0.4722222222222222	36.0
26160	train	5.309637838586694e-05	1.0631562234787015	0.9964209475776753	0.16678477244244683	0.9997566430265242	1.2679916090435452	0.5833333333333334	36.0
26170	train	5.30675532445746e-05	1.0433217782887199	0.9699723528006718	0.1913195828596751	0.9737987444578653	1.3904606766170926	0.4444444444444444	36.0
26180	train	5.303872889763812e-05	1.061515371881885	0.9906676698224042	0.1417973985274633	0.9935036177929535	1.3602350817786322	0.5277777777777778	36.0
26190	train	5.3009905356906124e-05	0.9626147024729854	0.8890944458609495	0.17628462115923563	0.8926201382841342	1.399891283777025	0.5	36.0
26200	train	5.298108263422685e-05	1.0806170380540063	1.0208795167599158	0.13331853101650873	1.023545887380246	1.1414230134752061	0.6666666666666666	36.0
26210	train	5.295226074144823e-05	1.0509325496346742	0.9777131159718822	0.19065520353615284	0.9815262200426053	1.3881265918413799	0.5833333333333334	36.0
26220	train	5.292343969041788e-05	1.0248313888560365	0.9617359332691264	0.17033068935076395	0.9651425470561417	1.1937768359978993	0.6388888888888888	36.0
26230	train	5.2894619492983033e-05	1.0494524684848205	0.9903892874156585	0.18487200736999512	0.9940867275630584	1.107314818435245	0.6666666666666666	36.0
26240	train	5.286580016099058e-05	0.9365131296025698	0.8768900311463725	0.19761995722850165	0.8808424302909426	1.1134139862325456	0.6388888888888888	36.0
26250	train	5.283698170628708e-05	1.053218153843773	0.9723440717288117	0.18321937984890407	0.9760084593257897	1.5441938903596666	0.4722222222222222	36.0
26260	train	5.280816414071868e-05	1.0463420578621885	0.9770592144777107	0.17590614060560864	0.9805773372898229	1.315294411447313	0.4444444444444444	36.0
26270	train	5.277934747613122e-05	1.0366911537886176	0.9675067839511368	0.20240730685847147	0.9715549300883062	1.302724474006229	0.5833333333333334	36.0
26280	train	5.275053172437012e-05	1.0896183317081403	1.0348759269657668	0.11802177081505458	1.037236362382068	1.0476393865214453	0.6388888888888888	36.0
26290	train	5.2721716897280464e-05	0.954507132355532	0.8843905305539511	0.21217397931549284	0.888634010140261	1.31746244430542	0.6111111111111112	36.0
26300	train	5.269290300670694e-05	1.0651649991294736	0.9918981256456171	0.17712457602222761	0.9954406171660616	1.3944876392682393	0.4722222222222222	36.0
26310	train	5.2664090064493836e-05	1.0679820297339313	1.0091943752115389	0.16016216824452081	1.0123976185764292	1.1116882231500413	0.6388888888888888	36.0
26320	train	5.263527808248507e-05	1.0161262028730946	0.9423984716319744	0.19771400425169203	0.9463527517170083	1.395469023121728	0.4444444444444444	36.0
26330	train	5.260646707252417e-05	1.1056644525708654	1.0287184083791474	0.14077763880292574	1.031533961155206	1.4826098283131917	0.3333333333333333	36.0
26340	train	5.257765704645423e-05	1.0403673868839838	0.9605181545315415	0.19332361469666162	0.9643846268254748	1.5196552011701796	0.3611111111111111	36.0
26350	train	5.2548848016118e-05	1.0987868978016908	1.036717787527376	0.16061694423357645	1.0399301264120475	1.177135427792867	0.6111111111111112	36.0
26360	train	5.2520039993357745e-05	1.0472341748623568	0.9858727201337799	0.16692938754955927	0.9892113078847711	1.1604573395517137	0.6388888888888888	36.0
26370	train	5.249123299001538e-05	1.051314139808906	0.9820048309952282	0.1660778631766637	0.9853263882587614	1.3197550310028925	0.4722222222222222	36.0
26380	train	5.246242701793236e-05	1.0608008683894667	0.9926987918308635	0.15140739952524504	0.9957269398213684	1.3014785713619657	0.5555555555555556	36.0
26390	train	5.243362208894975e-05	1.0178322859241828	0.934232465356681	0.1979863229725096	0.9381921918161312	1.5928018821610346	0.3888888888888889	36.0
26400	train	5.2404818214908155e-05	1.0438914175936531	0.9685025718543877	0.17476464000840983	0.971997864654556	1.4378710587819417	0.4722222222222222	36.0
26410	train	5.237601540764777e-05	1.1337897428325021	1.0636312674367963	0.14277955343325932	1.0664868585054614	1.3460576865408156	0.6388888888888888	36.0
26420	train	5.234721367900832e-05	0.9865971716311228	0.9150267954104462	0.1893886094292005	0.9188145675990302	1.3556520806418524	0.5555555555555556	36.0
26430	train	5.231841304082913e-05	1.07827194729645	1.0098286247504975	0.15070847504668766	1.0128427942514313	1.3085830609003704	0.6111111111111112	36.0
26440	train	5.228961350494904e-05	0.9686046712475277	0.8896505296770656	0.23057311276594797	0.8942619919323845	1.4868535863028631	0.4166666666666667	36.0
26450	train	5.226081508320647e-05	1.0945956777201074	1.0211343772443775	0.16473049968481063	1.0244289872380736	1.4033338096406724	0.5555555555555556	36.0
26460	train	5.2232017787439345e-05	0.9733174762314065	0.9034559347416464	0.1912279741631614	0.9072804942249096	1.3207396401299372	0.6111111111111112	36.0
26470	train	5.2203221629485145e-05	1.0062322091058673	0.939564503546799	0.17838316410779953	0.943132166828955	1.2620008455382452	0.5	36.0
26480	train	5.21744266211809e-05	1.05351845780105	0.9954805743438396	0.172278487847911	0.9989261441007978	1.091846274005042	0.6666666666666666	36.0
26490	train	5.214563277436313e-05	1.0044175111411262	0.9289521439613483	0.17442153270045915	0.9324405746153575	1.4395387305153742	0.4722222222222222	36.0
26500	train	5.211684010086793e-05	1.0079952554637708	0.9415611811593642	0.19226906342165812	0.9454065624277973	1.2517738607194688	0.5833333333333334	36.0
26510	train	5.208804861253084e-05	1.0731836375574193	1.0078427149294074	0.17441390392680964	1.0113309930079435	1.2370528909895155	0.5555555555555556	36.0
26520	train	5.205925832118697e-05	1.0772230929940312	0.9981988593581024	0.14986393600702286	1.0011961380782428	1.5205390983157687	0.4722222222222222	36.0
26530	train	5.203046923867092e-05	0.9971699631024201	0.9222488754963344	0.20110306723250282	0.9262709368409845	1.4179805252287123	0.5833333333333334	36.0
26540	train	5.20016813768168e-05	0.974707577800443	0.9088762985921802	0.19485866609546873	0.9127734719140896	1.2386821177270677	0.5833333333333334	36.0
26550	train	5.1972894747458216e-05	1.0701123021895622	0.9978703034773404	0.19915208220481873	1.0018533451214369	1.365179141362508	0.5	36.0
26560	train	5.194410936242826e-05	1.0982022855912406	1.0289017475116344	0.15029967377583187	1.031907740987151	1.3258908920817905	0.5	36.0
26570	train	5.1915325233559505e-05	0.9499042517312106	0.8866665414937076	0.21845064759254457	0.8910355544455585	1.1773739457130432	0.5833333333333334	36.0
26580	train	5.188654237268403e-05	1.066663688477961	1.008282587676003	0.16389861578742662	1.0115605599917517	1.1020625697241888	0.6666666666666666	36.0
26590	train	5.1857760791633375e-05	1.0749892526871545	0.992890446683425	0.15094290673732758	0.9959093048181715	1.581598957379659	0.4722222222222222	36.0
26600	train	5.182898050223857e-05	1.0527474875325884	0.9987727306692064	0.15502189265357125	1.0018731685222777	1.017486380206214	0.6388888888888888	36.0
26610	train	5.180020151633011e-05	1.0412239805929704	0.9787096254103227	0.17007482051849365	0.9821111218206926	1.1822571754455566	0.5833333333333334	36.0
26620	train	5.1771423845737935e-05	1.1457329672732655	1.0740333324414528	0.10789468760291736	1.0761912261935112	1.390834821595086	0.4722222222222222	36.0
26630	train	5.1742647502291456e-05	1.0987048634155165	1.0323576196495268	0.15520048042138418	1.0354616292579544	1.2648646831512451	0.5833333333333334	36.0
26640	train	5.171387249781957e-05	1.0759607386598313	1.012018814319636	0.13219604392846426	1.0146627351982054	1.2259600692325168	0.6666666666666666	36.0
26650	train	5.1685098844150554e-05	1.0668846230215294	1.0051284452451397	0.13292167087395987	1.007786878662619	1.181954887178209	0.5833333333333334	36.0
26660	train	5.165632655311218e-05	1.0667643861324327	0.9964188646956356	0.1632154881954193	0.9996831744595439	1.3416242334577773	0.5555555555555556	36.0
26670	train	5.1627555636531664e-05	1.082174797781895	1.0176997005892365	0.1602892047829098	1.0209054846848948	1.2253862619400024	0.5833333333333334	36.0
26680	train	5.159878610623565e-05	1.0720215496024	1.0001631851428587	0.16288459880484474	1.0034208771189557	1.3720134496688843	0.5833333333333334	36.0
26690	train	5.157001797405019e-05	1.0749540687015484	0.998359742478612	0.14294521634777388	1.0012186468055675	1.4747084379196167	0.4722222222222222	36.0
26700	train	5.1541251251800764e-05	0.9824409076773758	0.9104203334653015	0.1969097289774153	0.9143585280448498	1.3616475926505194	0.5277777777777778	36.0
26710	train	5.151248595131231e-05	1.0964647197760937	1.027521689612448	0.16547841454545656	1.0308312579033572	1.3126692374547322	0.5833333333333334	36.0
26720	train	5.148372208440914e-05	1.0604340397644643	0.993157476997568	0.17443846580055025	0.996646246313579	1.2757558690177069	0.5555555555555556	36.0
26730	train	5.145495966291501e-05	0.9354277924260724	0.8603341035274561	0.21147961417833963	0.8645636958110229	1.4172819323009915	0.5555555555555556	36.0
26740	train	5.142619869865305e-05	1.0094682714175343	0.9386963153048845	0.21413000093566048	0.9429789153235977	1.3297871218787298	0.5555555555555556	36.0
26750	train	5.1397439203445805e-05	1.1151495178399893	1.0373433093337627	0.1446088639398416	1.0402354866125596	1.4982806245485942	0.5277777777777778	36.0
26760	train	5.1368681189115226e-05	0.9843470917343459	0.9251520701281919	0.18458428399430382	0.928843755808078	1.1100667185253568	0.5833333333333334	36.0
26770	train	5.133992466748265e-05	1.004477089284587	0.943212877855097	0.19217352867126464	0.9470563484285223	1.1484148171212938	0.6388888888888888	36.0
26780	train	5.131116965036879e-05	1.0447293771351045	0.9823853427423038	0.1787532971551021	0.9859604086854059	1.175379368993971	0.5555555555555556	36.0
26790	train	5.128241614959374e-05	1.1232750711040886	1.0424087730312206	0.1398440529902776	1.0452056540910262	1.5613883402612474	0.4722222222222222	36.0
26800	train	5.1253664176976985e-05	1.0794350026212394	1.0121763392483782	0.1544172431031863	1.015264684110442	1.2834063702159457	0.5555555555555556	36.0
26810	train	5.122491374433738e-05	0.9583650449790593	0.8951105345167751	0.22315755983193716	0.8995736857134139	1.175827185312907	0.5555555555555556	36.0
26820	train	5.1196164863493126e-05	1.1049241794672904	1.036894124293721	0.1467948891222477	1.039830022076166	1.301883147822486	0.5833333333333334	36.0
26830	train	5.1167417546261835e-05	1.0470628353299603	0.9748585734375885	0.1625074714422226	0.978108722866433	1.379082249270545	0.5277777777777778	36.0
26840	train	5.113867180446041e-05	1.0593116405308163	1.001015021042683	0.14905796945095062	1.003996180431702	1.1063092019822862	0.6666666666666666	36.0
26850	train	5.110992764990515e-05	0.9377887919046203	0.8648248075608796	0.21379849314689636	0.8691007774238175	1.373760289616055	0.4444444444444444	36.0
26860	train	5.108118509441168e-05	1.0493457993196786	0.9765489197268095	0.18114113393757078	0.9801717424055609	1.383481138282352	0.5833333333333334	36.0
26870	train	5.105244414979501e-05	1.0572644473178607	0.9848019673915698	0.15633258507365272	0.9879286190930429	1.3867165644963582	0.5	36.0
26880	train	5.1023704827869425e-05	0.993636048013954	0.9196600059088621	0.2002379082971149	0.9236647640748044	1.3994256787829928	0.5	36.0
26890	train	5.0994967140448605e-05	1.0497497419818085	0.9850040241922446	0.14790724776685238	0.9879621691475817	1.2357514566845365	0.5833333333333334	36.0
26900	train	5.09662310993455e-05	1.016614931096003	0.9559063032792996	0.19747391591469446	0.9598557815975934	1.135182989968194	0.6666666666666666	36.0
26910	train	5.093749671637242e-05	1.0506493338145944	0.9842926970652208	0.18144687016805014	0.9879216344685818	1.2545539869202509	0.5	36.0
26920	train	5.090876400334098e-05	1.0360828617004907	0.9760436239462782	0.1549644743402799	0.9791429134330838	1.1387989653481378	0.5555555555555556	36.0
26930	train	5.088003297206213e-05	1.047299918614807	0.966691054651786	0.17482775780889723	0.9701876098079639	1.5422461761368647	0.4722222222222222	36.0
26940	train	5.08513036343461e-05	1.040466141462991	0.9677355700969722	0.1720448171099027	0.9711764664391702	1.3857935004764133	0.5555555555555556	36.0
26950	train	5.0822576002002424e-05	0.981277325764571	0.9139271345654538	0.19164169778426488	0.9177599685211392	1.2703471448686388	0.5555555555555556	36.0
26960	train	5.0793850086839964e-05	1.0342325700582888	0.9709080973064066	0.16473778982957205	0.974202853102998	1.200594339105818	0.6944444444444444	36.0
26970	train	5.076512590066686e-05	0.9955603292578056	0.9277847260064808	0.19392231023973888	0.9316631722112756	1.2779431409305997	0.5555555555555556	36.0
26980	train	5.073640345529052e-05	1.155036625198985	1.0837874867510113	0.12011536955833435	1.086189794142178	1.3769366211361356	0.6388888888888888	36.0
26990	train	5.070768276251769e-05	1.0135302376854358	0.9543500561167403	0.1941567168881496	0.9582331904545033	1.105940944618649	0.6944444444444444	36.0
27000	train	5.0678963834154326e-05	1.127958403269464	1.0661729444960895	0.14422967616054747	1.0690575380193004	1.178017305003272	0.6666666666666666	36.0
27000	val		1.085779873781671	1.0123307446624839	0.16774934933742341	1.0156857316492323	1.4018828426487744	0.4895833333333333	192.0
27010	train	5.0650246682005705e-05	1.060305392243905	0.9903919170913859	0.18407701303561527	0.9940734573520982	1.3246386978361342	0.4722222222222222	36.0
27020	train	5.0621531317876376e-05	1.0664240840520527	0.9999645219822129	0.1598437637090683	1.0031613972563942	1.2652537359131708	0.5833333333333334	36.0
27030	train	5.0592817753570133e-05	1.0649101098108973	0.9938370629461625	0.15253394221266112	0.9968877417904157	1.3604473604096308	0.5	36.0
27040	train	5.0564106000890044e-05	1.0877646180981264	1.0152352322176628	0.13867636832098165	1.0180087595840823	1.3951171702808804	0.5	36.0
27050	train	5.0535396071638414e-05	1.0412347368063668	0.9497655721376809	0.19790606262783209	0.9537236933902375	1.7502208683225844	0.25	36.0
27060	train	5.050668797761681e-05	1.003545663482293	0.940607158932101	0.16629183292388916	0.9439329955905787	1.1922533578342862	0.6388888888888888	36.0
27070	train	5.047798173062606e-05	1.0930970413250733	1.0436012775112034	0.11759835326423247	1.045953244576488	0.9428759349717034	0.7777777777777778	36.0
27080	train	5.0449277342466204e-05	1.0124359782330448	0.9397608506473158	0.19864842957920498	0.9437338192389	1.3740431798828974	0.5555555555555556	36.0
27090	train	5.042057482493655e-05	0.9636704447934329	0.8850780665777755	0.20516112364000744	0.8891812890505757	1.4897831148571439	0.4166666666666667	36.0
27100	train	5.039187418983559e-05	0.9655743778711883	0.8918529317577343	0.23183566911353004	0.8964896451400048	1.3816946546236675	0.5833333333333334	36.0
27110	train	5.0363175448961104e-05	1.0347096870809822	0.9734690627790187	0.17084700763225555	0.9768860029316638	1.1564736829863653	0.6944444444444444	36.0
27120	train	5.0334478614110024e-05	1.012704843727215	0.956090868924191	0.1830837974945704	0.9597525448740825	1.0590459770626492	0.6388888888888888	36.0
27130	train	5.030578369707856e-05	0.9773287392893077	0.9095883912747411	0.21658566428555381	0.9139201045604521	1.2681726945771112	0.6111111111111112	36.0
27140	train	5.02770907096621e-05	1.0803193013888892	1.006785595008628	0.13825645943482717	1.0095507241973245	1.4153715438312955	0.5	36.0
27150	train	5.024839966365524e-05	0.971507801579407	0.8950166117154603	0.2036769621902042	0.8990901509592644	1.4483530124028523	0.5277777777777778	36.0
27160	train	5.021971057085181e-05	1.1148794509927804	1.037611070751519	0.143642143242889	1.0404839136163766	1.4879107475280762	0.4722222222222222	36.0
27170	train	5.0191023443044795e-05	1.1506121539637482	1.0823468647465144	0.13170565913120905	1.0849809779291386	1.3126235206921895	0.6111111111111112	36.0
27180	train	5.016233829202639e-05	1.0140211830479493	0.9518344570275071	0.17515239218870798	0.9553375048712813	1.173673563533359	0.6666666666666666	36.0
27190	train	5.013365512958798e-05	1.0658204150653297	0.9952094829585566	0.1444222328563531	0.9980979276156836	1.35444974899292	0.5555555555555556	36.0
27200	train	5.010497396752011e-05	1.1476276380011587	1.081866263087175	0.12705003966887793	1.0844072638805524	1.2644074824121263	0.6111111111111112	36.0
27210	train	5.007629481761256e-05	1.0196050905842213	0.9477843994887631	0.18729571832550895	0.9515303138552733	1.3614955345789592	0.5277777777777778	36.0
27220	train	5.004761769165423e-05	1.1065271792817886	1.0382679493071745	0.13306664344337252	1.0409292821760419	1.3119579421149359	0.5	36.0
27230	train	5.001894260143319e-05	1.091664087765881	1.0149947886667006	0.16295890808105468	1.0182539668283217	1.4682024187511868	0.4166666666666667	36.0
27240	train	4.9990269558736695e-05	0.9040815235976809	0.8277185834915539	0.2237421820561091	0.8321934271326761	1.4377619293000963	0.4722222222222222	36.0
27250	train	4.996159857535115e-05	1.0233786954628916	0.9625122326593425	0.19296589576535755	0.9663715505746496	1.1401428977648418	0.6388888888888888	36.0
27260	train	4.993292966306212e-05	0.984391313010627	0.9071282254921137	0.22745055394868055	0.9116772365710873	1.4542815287907918	0.4166666666666667	36.0
27270	train	4.99042628336543e-05	0.9566437820255789	0.8786009808043671	0.19217719634373984	0.8824445247312419	1.483985145886739	0.5	36.0
27280	train	4.987559809891155e-05	0.9709707184368885	0.9171603962515311	0.21197103295061323	0.9213998169105434	0.9914180305269029	0.7222222222222222	36.0
27290	train	4.9846935470616846e-05	1.085431196808527	1.01721278715436	0.14639948656161625	1.0201407768855923	1.3058083984586928	0.5277777777777778	36.0
27300	train	4.9818274960552336e-05	1.0625653490091969	1.0052252891195095	0.18245189785957336	1.0088743270767009	1.0738204386499193	0.5833333333333334	36.0
27310	train	4.9789616580499243e-05	1.079645385048092	0.9998655008554134	0.16401636799176533	1.0031458282152488	1.529991136656867	0.4166666666666667	36.0
27320	train	4.976096034223798e-05	1.0597622328017904	0.995560068241234	0.15710552285114923	0.998702178698257	1.2212010820706685	0.6944444444444444	36.0
27330	train	4.973230625754801e-05	1.0952557648956465	1.0179165786146807	0.13173759033282598	1.0205513304213372	1.4940886894861858	0.4444444444444444	36.0
27340	train	4.970365433820796e-05	1.092589919053573	1.0122649011965181	0.14793373582263789	1.0152235759129709	1.5473268628120422	0.4444444444444444	36.0
27350	train	4.9675004595995555e-05	0.8337015268634502	0.7562985438867488	0.24874737858772278	0.7612734914585032	1.4485607080989413	0.5555555555555556	36.0
27360	train	4.9646357042687616e-05	1.0940180423460586	1.0291988130412681	0.1264653931061427	1.031728120903391	1.2457984288533528	0.5277777777777778	36.0
27370	train	4.9617711690060084e-05	1.0554647110803026	0.9914789746108749	0.1479533463716507	0.9944380415383078	1.2205333908398945	0.6388888888888888	36.0
27380	train	4.958906854988795e-05	1.0782798555149864	1.0121103151958086	0.153727725148201	1.0151848696987726	1.2618997163242764	0.5277777777777778	36.0
27390	train	4.956042763394535e-05	1.0649231109635613	0.9920387461317824	0.15416019037365913	0.9951219499392556	1.3960232204861112	0.5277777777777778	36.0
27400	train	4.953178895400548e-05	1.0549378856903442	0.9904286230325164	0.156907572514481	0.9935667744828061	1.2274222241507635	0.5833333333333334	36.0
27410	train	4.950315252184063e-05	1.0584519487746509	1.0035568228077179	0.1445010043680668	1.0064468428950792	1.040102117591434	0.6111111111111112	36.0
27420	train	4.947451834922215e-05	1.1014576229313253	1.0260299518746707	0.1438256658613682	1.028906465191898	1.451023154788547	0.4444444444444444	36.0
27430	train	4.944588644792044e-05	1.0749869627674316	0.9953795402036668	0.16455779870351156	0.9986706961777371	1.526325331793891	0.4444444444444444	36.0
27440	train	4.941725682970502e-05	0.9487571736456635	0.8798652195216897	0.19421118994553885	0.8837494433206005	1.3001546065012615	0.6388888888888888	36.0
27450	train	4.938862950634444e-05	1.0272054025448485	0.9642920809570739	0.15358860956297982	0.9673638531483335	1.1968309879302979	0.5833333333333334	36.0
27460	train	4.936000448960631e-05	1.05246747602046	0.9909183044965446	0.17568464328845343	0.9944319973623137	1.1607095731629267	0.5277777777777778	36.0
27470	train	4.9331381791257286e-05	1.0801391839918946	1.0158293646677456	0.12744707117478052	1.0183783060912412	1.2352175580130682	0.6111111111111112	36.0
27480	train	4.9302761423063106e-05	1.0281636846398285	0.9674123578650347	0.18022354585783823	0.9710168287821914	1.1429371171527438	0.75	36.0
27490	train	4.9274143396788485e-05	1.0777440050094054	1.0027307603076492	0.15274063845475513	1.0057855730767442	1.4391686386532254	0.4444444444444444	36.0
27500	train	4.924552772419723e-05	1.024588229141885	0.9676600453015043	0.16663454671700795	0.9709927362358445	1.0719098581208124	0.6388888888888888	36.0
27510	train	4.921691441705216e-05	1.1114869301697599	1.041439948570164	0.12562134663263957	1.0439523755028168	1.3506910933388605	0.5833333333333334	36.0
27520	train	4.918830348711513e-05	1.05357084249731	0.9774497136004379	0.1644943637980355	0.9807396008763986	1.4566248324182298	0.6111111111111112	36.0
27530	train	4.915969494614702e-05	1.1244984695843734	1.057143637913652	0.11594591413935025	1.059462556196439	1.3007182677586873	0.5	36.0
27540	train	4.91310888059077e-05	1.0707804628571984	1.0066950807069193	0.14944236775239308	1.0096839280619672	1.2219306959046259	0.5277777777777778	36.0
27550	train	4.91024850781561e-05	1.0563546006167508	0.9883890904371517	0.16731856713692347	0.9917354617798902	1.2923827767372131	0.6388888888888888	36.0
27560	train	4.90738837746501e-05	1.0490540962090047	0.9824231917166	0.17042797224389183	0.9858317511614778	1.2644469009505377	0.5277777777777778	36.0
27570	train	4.904528490714663e-05	1.1643113937831933	1.0917003663363074	0.11334963080783685	1.093967358952464	1.4068806966145833	0.5555555555555556	36.0
27580	train	4.9016688487401604e-05	1.0446678040342037	0.9822782421525819	0.16902460075087017	0.9856587341675993	1.1801813973320856	0.6111111111111112	36.0
27590	train	4.898809452716993e-05	1.071587987838976	1.014107280455158	0.1307902211944262	1.0167230848790465	1.0972980591985915	0.6944444444444444	36.0
27600	train	4.895950303820552e-05	1.0805149054311651	1.0179607106529611	0.1481328366531266	1.0209233673860236	1.1918307609028287	0.6111111111111112	36.0
27610	train	4.893091403226123e-05	1.0217155919302516	0.9507833582324134	0.19339213934209612	0.9546512010192554	1.3412878182199266	0.5833333333333334	36.0
27620	train	4.890232752108893e-05	1.05313895899735	0.9904686719379371	0.16161192953586578	0.9937009105286544	1.188760969373915	0.5833333333333334	36.0
27630	train	4.8873743516439454e-05	0.9448259703943908	0.8856673985641644	0.22306148894131184	0.8901286283429907	1.0939468410280015	0.6388888888888888	36.0
27640	train	4.8845162030062616e-05	1.086768909859734	1.0247687449196086	0.15003337897360325	1.0277694124990806	1.179989947213067	0.6111111111111112	36.0
27650	train	4.881658307370719e-05	1.0796492950476295	1.019552625693257	0.1536773389412297	1.0226261724720815	1.1404624515109592	0.6388888888888888	36.0
27660	train	4.878800665912088e-05	0.9864662983187491	0.9245403554375092	0.19547713382376564	0.9284498981139846	1.1603280040952895	0.6111111111111112	36.0
27670	train	4.8759432798050394e-05	0.9862042733491063	0.9076367148924801	0.18273300242920718	0.9112913749410643	1.4982579681608412	0.4444444444444444	36.0
27680	train	4.873086150224135e-05	1.0339183220858699	0.976221627640591	0.1612181785206	0.979445991211003	1.0894466174973383	0.6944444444444444	36.0
27690	train	4.870229278343833e-05	1.0835279401784559	1.0190258066997349	0.16638121091657215	1.0223534309180664	1.2234901852077908	0.5277777777777778	36.0
27700	train	4.8673726653384884e-05	1.099870043933765	1.023335906936436	0.14739598830540976	1.0262838267025443	1.4717243446244135	0.4166666666666667	36.0
27710	train	4.864516312382342e-05	1.0714432818889814	0.997143667956213	0.16134371194574568	1.0003705421951279	1.4214547938770719	0.4722222222222222	36.0
27720	train	4.8616602206495374e-05	1.0585493270464685	0.9934580991540962	0.1484416459997495	0.9964269320740912	1.242447899447547	0.5555555555555556	36.0
27730	train	4.858804391314102e-05	0.9603647164782314	0.8919955918843974	0.18237234465777874	0.8956430387775529	1.29443355401357	0.5833333333333334	36.0
27740	train	4.855948825549963e-05	1.0114147726229588	0.9469801576798254	0.1969078928232193	0.9509183155362897	1.2099291417333815	0.5555555555555556	36.0
27750	train	4.853093524530933e-05	1.0417466169339602	0.9801416663900533	0.1756125216682752	0.9836539168234187	1.161854002210829	0.6111111111111112	36.0
27760	train	4.85023848943072e-05	1.015226460845604	0.934478747730124	0.1864175730281406	0.9382070991906868	1.540387233098348	0.4166666666666667	36.0
27770	train	4.847383721422919e-05	1.1300681842886748	1.0513257847583963	0.13704363091124427	1.0540666573766213	1.5200305382410686	0.5	36.0
27780	train	4.844529221681019e-05	0.9962211841280844	0.9342720416223591	0.17808798402547837	0.9378338013028686	1.1677476565043132	0.6111111111111112	36.0
27790	train	4.8416749913783976e-05	1.1242338120845317	1.0594107122958394	0.13655966271956763	1.0621419055502308	1.2418381306860182	0.5277777777777778	36.0
27800	train	4.83882103168832e-05	1.0394810720415335	0.9774321526667894	0.16748087480664253	0.9807817701629222	1.1739860375722249	0.6111111111111112	36.0
27810	train	4.835967343783941e-05	1.0537402620952299	0.9838459383985371	0.17531474183003107	0.9873522332351377	1.3277605772018433	0.6111111111111112	36.0
27820	train	4.833113928838304e-05	1.1060570067391882	1.028414888346469	0.13023377085725465	1.0310195637636141	1.5007488595114813	0.5	36.0
27830	train	4.830260788024341e-05	1.0909889184294737	1.0205055556388627	0.14783485647704867	1.0234622527684036	1.3505333132214017	0.5555555555555556	36.0
27840	train	4.827407922514869e-05	1.1539665529903467	1.0797015432791606	0.12927654137214026	1.0822870741066033	1.4335895776748657	0.5	36.0
27850	train	4.824555333482594e-05	1.0320818278105195	0.9487001249437003	0.18662798901398978	0.95243268472398	1.5929828617307875	0.4166666666666667	36.0
27860	train	4.821703022100109e-05	0.9846819686653734	0.9249391359020459	0.18432757506767908	0.9286256874033995	1.1211256252394781	0.75	36.0
27870	train	4.8188509895398894e-05	1.0680095718292044	0.9862640771919801	0.17447080380386776	0.9897534932680574	1.5651215712229412	0.4444444444444444	36.0
27880	train	4.815999236974298e-05	0.9878958563597514	0.9203472121150805	0.19359166589048174	0.9242190454328901	1.2735362185372248	0.6111111111111112	36.0
27890	train	4.8131477655755834e-05	1.1842160373700714	1.1157062009496546	0.09123628793491258	1.1175309267083529	1.3337022132343717	0.5	36.0
27900	train	4.810296576515878e-05	1.0062431019409197	0.9440938768317665	0.19363420373863643	0.9479665609065392	1.1655308206876118	0.6388888888888888	36.0
27910	train	4.807445670967199e-05	1.0900795377853172	1.0235418844285267	0.14600107818841934	1.026461905992295	1.2723526358604431	0.6388888888888888	36.0
27920	train	4.804595050101443e-05	1.1025216986624315	1.0333116119988675	0.1492977175447676	1.0362975663497629	1.3244826462533739	0.5555555555555556	36.0
27930	train	4.801744715090394e-05	1.0758814834108663	1.0228886862364788	0.1478548320631186	1.0258457828777412	1.0007140106625028	0.7222222222222222	36.0
27940	train	4.798894667105718e-05	1.0834443796577602	1.0175276208952946	0.15646856625874836	1.0206569922204696	1.2557477487458124	0.5833333333333334	36.0
27950	train	4.7960449073189606e-05	1.1322544891715527	1.0635006962962097	0.13297362625598907	1.0661601688213296	1.3218864070044622	0.5277777777777778	36.0
27960	train	4.7931954369015516e-05	1.0229676836061596	0.9540519338095971	0.17764339223504066	0.9576048016542978	1.3072576390372381	0.6111111111111112	36.0
27970	train	4.790346257024801e-05	1.042068679052933	0.9738656516555387	0.1917628621061643	0.977700908897662	1.287355403105418	0.5555555555555556	36.0
27980	train	4.787497368859896e-05	1.0419598462797777	0.972827539985469	0.1746218129992485	0.976319976245454	1.312797400686476	0.5555555555555556	36.0
27990	train	4.784648773577911e-05	1.082153167680762	1.0178722974153311	0.143739781777064	1.0207470930508724	1.228121492597792	0.6388888888888888	36.0
28000	train	4.781800472349795e-05	1.0196437102905656	0.956775721288563	0.18065663799643517	0.9603888540484917	1.1850971248414781	0.6666666666666666	36.0
28000	val		1.083373033369562	1.0099038164023229	0.17010178692895053	1.013305852140902	1.401343624573201	0.4947916666666667	192.0
28010	train	4.7789524663463736e-05	1.0517563182970184	0.9958214550657702	0.14921540725562307	0.9988057632108827	1.0590111017227173	0.6666666666666666	36.0
28020	train	4.7761047567383584e-05	1.0346148525669128	0.9615057458176165	0.18657145549853643	0.9652371749275872	1.3875535527865093	0.4444444444444444	36.0
28030	train	4.7732573446963325e-05	1.0120173367988756	0.954887681186036	0.17222493886947632	0.9583321799634255	1.0737031367090013	0.6666666666666666	36.0
28040	train	4.770410231390762e-05	1.0953809879563097	1.0322083696897006	0.14239614456892014	1.0350562925810791	1.2064939075046115	0.6111111111111112	36.0
28050	train	4.7675634179919855e-05	1.054236864216293	0.9884633048181717	0.18172354102134705	0.9920977756385986	1.2427817715538874	0.6666666666666666	36.0
28060	train	4.764716905670222e-05	1.0829691961545316	1.011274742508206	0.14382316451519728	1.01415120579851	1.376359807120429	0.5	36.0
28070	train	4.761870695595563e-05	1.0457654651702102	0.9787765382164707	0.16580686767896016	0.9820926755700499	1.2734557920032077	0.5833333333333334	36.0
28080	train	4.75902478893798e-05	0.9756655655700046	0.9116157558293553	0.2020490285423067	0.9156567364002014	1.2001765833960638	0.6111111111111112	36.0
28090	train	4.756179186867319e-05	1.0398436483103168	0.9683745926394858	0.1758620006342729	0.9718918326521713	1.3590363131629095	0.5833333333333334	36.0
28100	train	4.7533338905532964e-05	1.0377653274347896	0.9647208350642371	0.17026978565586937	0.9681262307773545	1.392781933148702	0.5277777777777778	36.0
28110	train	4.750488901165507e-05	0.9971692300952996	0.9376971149760012	0.18453887502352398	0.9413878924764717	1.1156267523765564	0.6666666666666666	36.0
28120	train	4.7476442198734184e-05	1.074325337888826	1.012082221051417	0.1495892939468225	1.0150740069303537	1.1850266191694472	0.5833333333333334	36.0
28130	train	4.744799847846373e-05	1.0317294642886083	0.9640466491772627	0.1853502384490437	0.9677536539462436	1.2795162068472967	0.5555555555555556	36.0
28140	train	4.7419557862535844e-05	1.0710780525325887	1.0074574600311603	0.15244944294293722	1.010506448890019	1.211432072851393	0.6388888888888888	36.0
28150	train	4.739112036264137e-05	0.9812713892104808	0.9191515886560994	0.18388986786206563	0.9228293860133406	1.1688400639428034	0.6388888888888888	36.0
28160	train	4.7362685990469905e-05	1.0530208639252305	0.9868590135655257	0.1741712424490187	0.9903424384145061	1.2535685102144878	0.5555555555555556	36.0
28170	train	4.733425475770974e-05	1.0033820736369408	0.9400242863805012	0.17247527465224266	0.9434737918735461	1.1981656352678935	0.6666666666666666	36.0
28180	train	4.730582667604788e-05	0.959675924844479	0.896921305888496	0.22455476224422455	0.9014124011333804	1.1652704742219713	0.6666666666666666	36.0
28190	train	4.7277401757170055e-05	1.0010849852587531	0.9386692786109861	0.1958944002787272	0.9425871666165607	1.1699563728438482	0.6388888888888888	36.0
28200	train	4.724898001276065e-05	0.9847407632567683	0.9218743962875537	0.17402833037906223	0.925354962895135	1.187716007232666	0.6944444444444444	36.0
28210	train	4.722056145450278e-05	1.0343115906915006	0.9710629667508207	0.17013381918271384	0.974465643134475	1.1969189511405096	0.5555555555555556	36.0
28220	train	4.7192146094078246e-05	1.099255873556276	1.0339901598248282	0.13565563162167868	1.0367032724572618	1.2510520219802856	0.5555555555555556	36.0
28230	train	4.7163733943167515e-05	1.0203758355325112	0.955289592257786	0.17727479618042707	0.9588350881813945	1.2308149470223322	0.5	36.0
28240	train	4.7135325013449776e-05	1.0410485689360258	0.9766162650934548	0.17642284780740738	0.9801447220496029	1.218076937728458	0.6111111111111112	36.0
28250	train	4.710691931660283e-05	1.0165469722666898	0.9387280229592714	0.1625210354104638	0.9419784436674806	1.4913705719841852	0.5555555555555556	36.0
28260	train	4.7078516864303214e-05	1.0708914738279365	0.994911818684649	0.16755136301120122	0.998262845944873	1.4525725576612685	0.4444444444444444	36.0
28270	train	4.705011766822609e-05	0.9951340285441721	0.9301188611299762	0.16448523033232915	0.9334085657366228	1.2345092561509874	0.4722222222222222	36.0
28280	train	4.70217217400453e-05	1.080882236394615	1.0235873930487345	0.15304054237074322	1.0266482038961493	1.084680649969313	0.6666666666666666	36.0
28290	train	4.6993329091433346e-05	1.0502193320279456	0.984186883636826	0.17360821266969045	0.9876590478902199	1.2512056827545166	0.5555555555555556	36.0
28300	train	4.696493973406135e-05	1.0548021271162595	0.9790945438585381	0.14199003390967846	0.9819343445367317	1.4573556515905592	0.5555555555555556	36.0
28310	train	4.693655367959913e-05	1.1250983408188526	1.0594442542820213	0.13886870443820953	1.0622216283707855	1.2575342489613428	0.5555555555555556	36.0
28320	train	4.69081709397151e-05	1.1015444216239787	1.039178067158494	0.13734469811121622	1.0419249611207184	1.1923892100652058	0.6111111111111112	36.0
28330	train	4.687979152607635e-05	1.0423917432148309	0.9741300234118154	0.18971095780531566	0.9779242425679218	1.2893500129381816	0.5555555555555556	36.0
28340	train	4.685141545034858e-05	1.0685328624550372	1.0153570090469919	0.1435351562168863	1.0182277121713297	1.0061030056741502	0.6666666666666666	36.0
28350	train	4.682304272419611e-05	1.0694545497593073	1.0008846883406362	0.15539476772149405	1.003992583695066	1.309239321284824	0.5277777777777778	36.0
28360	train	4.67946733592819e-05	1.051176980811996	0.981037523725274	0.1661710093418757	0.9843609439121115	1.336320737997691	0.5555555555555556	36.0
28370	train	4.6766307367267535e-05	1.0377066577141523	0.9733219598397652	0.1448692050245073	0.9762193439402553	1.2297462754779391	0.5833333333333334	36.0
28380	train	4.6737944759813205e-05	0.9690046679346974	0.9171095857556544	0.19184073723024792	0.9209464005002593	0.9611653486887614	0.6944444444444444	36.0
28390	train	4.6709585548577686e-05	1.0961039003072215	1.0206488031194971	0.14156079106032848	1.0234800189407036	1.4524776273303561	0.5277777777777778	36.0
28400	train	4.668122974521841e-05	1.0870339118710242	1.022457237280516	0.1752938374876976	1.02596311403027	1.2214159568150837	0.7222222222222222	36.0
28410	train	4.665287736139135e-05	1.0929514595784173	1.0188717475244495	0.13753237761557102	1.021622395076761	1.4265812900331285	0.5277777777777778	36.0
28420	train	4.66245284087511e-05	0.9691613772844108	0.89950201054429	0.20061389605204263	0.9035142884653309	1.3129417763815985	0.5555555555555556	36.0
28430	train	4.659618289895085e-05	1.1029710667484898	1.043267202149222	0.13860975429415703	1.0460393972351052	1.13863339026769	0.6111111111111112	36.0
28440	train	4.6567840843642384e-05	1.0320119422489804	0.9545053553686608	0.1731727340569099	0.957968810049799	1.480862643983629	0.4166666666666667	36.0
28450	train	4.653950225447605e-05	1.067289321570397	1.001336894116932	0.1520409815841251	1.0043777137486145	1.2582321564356487	0.5	36.0
28460	train	4.651116714310074e-05	1.004147949466528	0.9424379355040736	0.2017523025472959	0.9464729815550196	1.153499358230167	0.6666666666666666	36.0
28470	train	4.648283552116397e-05	1.1464776738567675	1.0968267179810527	0.10297865569591522	1.098886291094971	0.9518276552359263	0.7222222222222222	36.0
28480	train	4.645450740031179e-05	0.9513348743378515	0.8882013693179748	0.1919628530740738	0.8920406263794562	1.1858849591679044	0.6666666666666666	36.0
28490	train	4.642618279218883e-05	1.1108891886175245	1.0272222561803697	0.14801951845486958	1.030182646549467	1.6141308413611517	0.3888888888888889	36.0
28500	train	4.639786170843826e-05	1.0562839373984687	0.9987049080734868	0.16270396063725154	1.0019589872862318	1.0864990022447374	0.6388888888888888	36.0
28510	train	4.63695441607018e-05	1.1267300040884896	1.061017632822767	0.12372724525630474	1.063492177727893	1.264756527211931	0.6111111111111112	36.0
28520	train	4.634123016061976e-05	1.0864468557750975	1.0309563609244883	0.15551666832632488	1.0340666942910148	1.0476032296816509	0.6666666666666666	36.0
28530	train	4.631291971983091e-05	1.0485929156463725	0.9786525020521265	0.16692526936531066	0.9819910074394327	1.332038164138794	0.6111111111111112	36.0
28540	train	4.628461284997263e-05	1.0311958113067616	0.9504415784365539	0.17950944436921012	0.954031767323938	1.5432808796564739	0.6111111111111112	36.0
28550	train	4.625630956268079e-05	1.0240435897142985	0.9544137835376427	0.1721612891803185	0.9578570093212491	1.323731607860989	0.5833333333333334	36.0
28560	train	4.6228009869589824e-05	1.1195531317379763	1.0565823178493339	0.14326291506489117	1.0594475761506317	1.202111111746894	0.6388888888888888	36.0
28570	train	4.619971378233266e-05	1.059790636135	0.9953274404468052	0.15848486721515656	0.9984971377911084	1.2258699668778315	0.6111111111111112	36.0
28580	train	4.617142131254073e-05	1.0341794344903081	0.966721274219061	0.174788446062141	0.9702170431403038	1.2792478270000882	0.5833333333333334	36.0
28590	train	4.6143132471844016e-05	1.0316333371853343	0.9710520333686317	0.18763723547259967	0.9748047780780836	1.1365711821450128	0.6111111111111112	36.0
28600	train	4.611484727187098e-05	0.8902206151102693	0.8229732504832789	0.2175938109556834	0.8273251267023926	1.257909768157535	0.4444444444444444	36.0
28610	train	4.608656572424862e-05	1.0740413342754704	1.0081509525352712	0.17686711450417836	1.0116882948253547	1.2470607890023127	0.5555555555555556	36.0
28620	train	4.605828784060241e-05	1.0621525358085937	1.000595574677829	0.1575221779445807	1.0037460182367206	1.1681303514374628	0.6944444444444444	36.0
28630	train	4.60300136325563e-05	0.9582788654026145	0.8968212340133145	0.22396636009216309	0.9013005612151578	1.1395660837491353	0.6944444444444444	36.0
28640	train	4.600174311173276e-05	1.13193610576626	1.063497477500005	0.14166508863369623	1.0663307792726788	1.3121065298716228	0.5833333333333334	36.0
28650	train	4.597347628975273e-05	1.0973216715475236	1.0240334419462729	0.15782072295745214	1.0271898564054218	1.4026363028420343	0.5277777777777778	36.0
28660	train	4.594521317823564e-05	1.122024539065724	1.0742511901580944	0.12120294670263926	1.0766752490921472	0.9069857994715372	0.75	36.0
28670	train	4.591695378879938e-05	1.0247026422734846	0.9603201449363552	0.17450045545895895	0.9638101540455344	1.217849764559004	0.6388888888888888	36.0
28680	train	4.588869813306033e-05	0.9174669313894077	0.854151085498284	0.21086918136903218	0.8583684691256647	1.1819692452748616	0.6111111111111112	36.0
28690	train	4.5860446222633304e-05	1.0558130413148847	0.9865856573006225	0.15071579896741444	0.9895999732799708	1.324261360698276	0.4722222222222222	36.0
28700	train	4.58321980691316e-05	1.0324190042733843	0.9644995324134524	0.170201708873113	0.9679035665909147	1.2903087536493938	0.5555555555555556	36.0
28710	train	4.580395368416698e-05	0.9948874903504723	0.9352902387895193	0.19879182577133178	0.939266075304946	1.1124283009105258	0.6111111111111112	36.0
28720	train	4.577571307934964e-05	1.0887690635291898	1.0170450686610475	0.17080859627042497	1.020461240586456	1.3661564588546753	0.4722222222222222	36.0
28730	train	4.5747476266288215e-05	1.0406532546743201	0.9647235602792216	0.14746450819075108	0.9676728504430366	1.459608084625668	0.4444444444444444	36.0
28740	train	4.5719243256589805e-05	1.0443733731940026	0.9808883369665643	0.18075351582633126	0.9845034072830909	1.1973993182182312	0.5555555555555556	36.0
28750	train	4.569101406185991e-05	1.086550023337324	1.0242285098103545	0.16605939964453378	1.0275496978032452	1.1800065106815762	0.6388888888888888	36.0
28760	train	4.566278869370252e-05	1.0767224232011092	1.0083187356677041	0.1463180179397265	1.0112450960264987	1.3095465434922113	0.5	36.0
28770	train	4.563456716371999e-05	0.9875320013173831	0.9083288679528645	0.21721644103527069	0.91267319677357	1.4971760908762615	0.5	36.0
28780	train	4.560634948351315e-05	0.9128923130518181	0.8285957679304132	0.21945255001386008	0.8329848189306904	1.598149882422553	0.4166666666666667	36.0
28790	train	4.557813566468119e-05	1.1140799093063298	1.0434557171582968	0.12315955044080813	1.045918908167113	1.363220022784339	0.5	36.0
28800	train	4.554992571882178e-05	0.9604793275081729	0.9056095518188624	0.18936026675833595	0.9093967571540291	1.0216514070828755	0.7777777777777778	36.0
28810	train	4.5521719657530935e-05	1.0586347251205948	0.9873943933747847	0.17572800401184294	0.9909089534550216	1.3545154333114624	0.6388888888888888	36.0
28820	train	4.5493517492403116e-05	1.0621745114609489	0.995378849883201	0.16420214685300985	0.9986628928202612	1.2702323728137546	0.4722222222222222	36.0
28830	train	4.546531923503118e-05	1.077320338890006	1.0171182891644204	0.1626574585835139	1.0203714383360907	1.1389780110783048	0.6111111111111112	36.0
28840	train	4.543712489700633e-05	1.0654218291131008	0.9990101444319567	0.16764591448009014	1.0023630627215585	1.2611753278308444	0.6111111111111112	36.0
28850	train	4.540893448991822e-05	0.9903480784998937	0.9221689146291816	0.19245781190693378	0.9260180708673202	1.286600152651469	0.5277777777777778	36.0
28860	train	4.538074802535485e-05	1.0945375439672669	1.026403702512284	0.1427036937740114	1.0292577763877644	1.3055953515900507	0.6111111111111112	36.0
28870	train	4.535256551490261e-05	1.034244975932334	0.9726373737847416	0.1885981812245316	0.9764093374092322	1.1567127704620361	0.6388888888888888	36.0
28880	train	4.532438697014629e-05	1.0231605604270633	0.9653608761939275	0.19811623096466063	0.9693232008132208	1.0767471922768488	0.7222222222222222	36.0
28890	train	4.5296212402669e-05	1.0278438487805335	0.9629031589452499	0.16049804786841074	0.9661131199026182	1.2346145775583055	0.6388888888888888	36.0
28900	train	4.5268041824052245e-05	1.0816044920661763	1.014187440019056	0.17684852033853532	1.0177244104258267	1.27760163280699	0.5555555555555556	36.0
28910	train	4.52398752458759e-05	0.9967155107986085	0.9436435121138379	0.16915480109552541	0.9470266081357485	0.9937780532572005	0.6666666666666666	36.0
28920	train	4.521171267971816e-05	0.9549340829652312	0.879955666171355	0.20828821427292293	0.8841214304568135	1.4162530501683552	0.4444444444444444	36.0
28930	train	4.51835541371556e-05	1.0918906632311032	1.022489969539664	0.15860523035128912	1.02566207414669	1.3245717816882663	0.5277777777777778	36.0
28940	train	4.515539962976312e-05	1.016666308562501	0.9422986969158488	0.1702253540356954	0.9457032039965627	1.4192620913187664	0.6111111111111112	36.0
28950	train	4.512724916911401e-05	1.0261541171630875	0.9576072950588983	0.19031742049588096	0.961413643468816	1.2948094738854303	0.4722222222222222	36.0
28960	train	4.509910276677984e-05	1.1130195499397402	1.0519007455577867	0.13900278177526262	1.054680801193292	1.1667749749289618	0.6388888888888888	36.0
28970	train	4.507096043433052e-05	1.09820901688716	1.0246005152177267	0.16152653015322155	1.027831045820791	1.407559421327379	0.5277777777777778	36.0
28980	train	4.504282218333432e-05	1.0525032348525665	0.9912165732044783	0.17781656434138615	0.9947729044913061	1.1546066072252061	0.6111111111111112	36.0
28990	train	4.50146880253578e-05	1.0591609273162168	0.99273066521254	0.1678451088567575	0.9960875673896752	1.261467198530833	0.6111111111111112	36.0
29000	train	4.498655797196586e-05	1.0523366697417569	0.9986322773383929	0.17821875661611558	1.002196652470715	1.0028003454208374	0.6944444444444444	36.0
29000	val		1.0818112763571204	1.0085678929676132	0.17114646313311718	1.0119908222302756	1.396409082536896	0.4947916666666667	192.0
29010	train	4.49584320347217e-05	1.0447246258231144	0.9779491841136224	0.1657401626308759	0.98126398736624	1.2692127691374884	0.5833333333333334	36.0
29020	train	4.493031022518682e-05	1.0421138580382436	0.9810751532960835	0.16228876324991384	0.9843209285610818	1.1558585895432367	0.5555555555555556	36.0
29030	train	4.490219255492104e-05	1.0203611111250535	0.9619895186596793	0.15688899010419846	0.9651272984617633	1.1046762532658048	0.6666666666666666	36.0
29040	train	4.4874079035482475e-05	1.1159299424111582	1.050955954090066	0.12396367986996969	1.0534352276874652	1.24989429447386	0.6388888888888888	36.0
29050	train	4.484596967842753e-05	0.9365264426311907	0.8579566013787577	0.2546508212884267	0.8630496178045263	1.469536496533288	0.5277777777777778	36.0
29060	train	4.48178644953109e-05	1.0589371887833041	0.9931037382076345	0.16598101556301117	0.9964233585188947	1.2502766052881877	0.5833333333333334	36.0
29070	train	4.478976349768557e-05	1.0369542152701872	0.9721282999733146	0.17890385455555385	0.9757063770644258	1.2249567641152277	0.6388888888888888	36.0
29080	train	4.476166669710278e-05	0.9937510326427507	0.9127262827014546	0.19513930877049765	0.9166290688768646	1.5424392753177218	0.4722222222222222	36.0
29090	train	4.4733574105112076e-05	1.0620970481752277	0.9920623154766612	0.19275156718989214	0.9959173468204591	1.3235940270953708	0.4722222222222222	36.0
29100	train	4.4705485733261264e-05	1.0522980487090288	0.9801127293714488	0.15669645567735035	0.9832466584849958	1.3810278044806585	0.5277777777777778	36.0
29110	train	4.4677401593096416e-05	1.096689964554723	1.0085944593313352	0.1577496620870772	1.0117494525730768	1.6988102396329243	0.4166666666666667	36.0
29120	train	4.464932169616185e-05	1.0465725219279773	0.9604656085302679	0.19670809855063756	0.9643997705012806	1.6434550285339355	0.3611111111111111	36.0
29130	train	4.4621246054000144e-05	1.0289692236990784	0.9655976207068616	0.16916925542884403	0.9689810058154384	1.1997643576727972	0.6666666666666666	36.0
29140	train	4.4593174678152156e-05	1.0654905294555035	1.0119726606088486	0.14283447116613388	1.0148293500321712	1.0132235884666443	0.8055555555555556	36.0
29150	train	4.456510758015695e-05	1.0754024030941207	1.0153360096293171	0.15893176777495277	1.0185146449848161	1.1377551621860928	0.6388888888888888	36.0
29160	train	4.4537044771551874e-05	1.037086879980406	0.9819969608503986	0.16485807100931804	0.9852941222705849	1.0358551541964214	0.6944444444444444	36.0
29170	train	4.450898626387246e-05	1.0033503483106512	0.9421428069632735	0.17019098935027918	0.945546626750279	1.156074431207445	0.6111111111111112	36.0
29180	train	4.448093206865251e-05	1.0739939785770076	1.0034829035770394	0.16237959961096446	1.0067304955692586	1.3452696601549785	0.5555555555555556	36.0
29190	train	4.4452882197424054e-05	1.0961827164960054	1.0321218794291696	0.1575876956184705	1.0352736333415389	1.2181816630893283	0.5833333333333334	36.0
29200	train	4.442483666171732e-05	1.0472452233421572	0.9673289530231987	0.19474563052256902	0.97122386563365	1.5204271541701422	0.4722222222222222	36.0
29210	train	4.439679547306079e-05	1.064619774817427	0.9997320646368797	0.1603069951136907	1.0029382045391535	1.2336314055654738	0.6111111111111112	36.0
29220	train	4.436875864298111e-05	1.0741105906359205	1.015268007711422	0.15627834151188533	1.0183935745416597	1.1143403218852148	0.6944444444444444	36.0
29230	train	4.4340726183003174e-05	0.9953372999380727	0.9285806595551338	0.1828535981476307	0.9322377315180864	1.261991368399726	0.6111111111111112	36.0
29240	train	4.431269810465007e-05	1.0313400180151386	0.9525863812211809	0.16894513616959253	0.9559652839445727	1.5074946814113193	0.4444444444444444	36.0
29250	train	4.428467441944308e-05	1.049378342532383	0.98579197471665	0.17344405170944002	0.9892608557508389	1.2023497356308832	0.5	36.0
29260	train	4.425665513890168e-05	0.941461401497105	0.8779083708075476	0.18903411428133646	0.8816890530931744	1.1954469680786133	0.5277777777777778	36.0
29270	train	4.422864027454356e-05	1.0730718138336277	1.0072791915919186	0.15495751003424327	1.0103783417926036	1.253869440820482	0.6388888888888888	36.0
29280	train	4.4200629837884535e-05	1.0440986360786861	0.9864499824588668	0.1786924981408649	0.9900238324216841	1.0814960731400385	0.6944444444444444	36.0
29290	train	4.4172623840438654e-05	0.9860792606451843	0.912867568331831	0.1911538114150365	0.9166906445601317	1.3877723217010498	0.5555555555555556	36.0
29300	train	4.414462229371813e-05	1.0516740362998103	0.9914918227483419	0.1831863539086448	0.9951555498265148	1.1303697294659085	0.6388888888888888	36.0
29310	train	4.411662520923334e-05	1.0182627221133684	0.9570064009166136	0.17308147872487703	0.9604680304911112	1.1558938324451447	0.6111111111111112	36.0
29320	train	4.408863259849284e-05	1.0596673749168808	0.9898538244048849	0.17105345924695334	0.993274893589824	1.3278496265411377	0.4722222222222222	36.0
29330	train	4.40606444730033e-05	0.9689068265162615	0.8982853697060916	0.19950423513849577	0.9022754544088616	1.3326274421479967	0.4166666666666667	36.0
29340	train	4.403266084426961e-05	1.0459050221806452	0.989308165069986	0.18225506610340542	0.9929532663920541	1.0590351157718234	0.6944444444444444	36.0
29350	train	4.400468172379476e-05	1.0453592034494916	0.9642603383113317	0.17910725540584987	0.9678424834194488	1.5503344006008573	0.5277777777777778	36.0
29360	train	4.397670712307995e-05	0.9909900794650296	0.9280769026254793	0.18557009225090346	0.9317883044704973	1.1840354998906453	0.6944444444444444	36.0
29370	train	4.3948737053624446e-05	0.9964448218909667	0.9172205054421657	0.21750643042226633	0.921570634050611	1.4974837568071153	0.5	36.0
29380	train	4.392077152692569e-05	0.9066796637272921	0.8484286334974322	0.22663265383905834	0.8529612865742134	1.0743675430615742	0.6944444444444444	36.0
29390	train	4.389281055447927e-05	1.0431841609591728	0.9785627782061185	0.1807793378829956	0.9821783649637784	1.2201159199078877	0.6111111111111112	36.0
29400	train	4.3864854147778865e-05	1.0333720758443934	0.9643414642962345	0.19732115169366202	0.9682878873301077	1.3016837702857122	0.6111111111111112	36.0
29410	train	4.383690231831631e-05	1.0527436755049038	0.9900310946949132	0.1516251191496849	0.9930635970779069	1.1936015685399373	0.6111111111111112	36.0
29420	train	4.380895507758154e-05	1.099162521473245	1.0361915622726177	0.14624319411814213	1.0391164261549806	1.2009219063652887	0.5833333333333334	36.0
29430	train	4.3781012437062624e-05	0.9898114399280966	0.9147934043722173	0.18082425917188327	0.9184098895556551	1.4280310074488323	0.4722222222222222	36.0
29440	train	4.375307440824572e-05	1.0578921665242111	0.9878122077707577	0.18622863541046777	0.9915367804789671	1.32710772090488	0.5555555555555556	36.0
29450	train	4.372514100261508e-05	1.0637399111085966	1.003595864526315	0.12982026425500712	1.0061922698114152	1.150952825943629	0.6111111111111112	36.0
29460	train	4.3697212231653094e-05	1.1591540895107306	1.0960041899207982	0.09271292295306921	1.0978584483798595	1.225912822617425	0.6111111111111112	36.0
29470	train	4.3669288106840216e-05	1.0061212233749455	0.9408491799903339	0.19856220670044422	0.9448204241243428	1.2260159850120544	0.5555555555555556	36.0
29480	train	4.364136863965499e-05	1.0809465858606286	1.0331817309162141	0.14065005630254745	1.035994732042265	0.8990370763672723	0.6944444444444444	36.0
29490	train	4.361345384157408e-05	1.0117795196760229	0.9324936785189838	0.1572829966743787	0.9356393384524714	1.5228036244710286	0.5	36.0
29500	train	4.358554372407218e-05	1.0673549891030285	1.0087846334459543	0.16558079173167548	1.0120962492805878	1.1051747964488134	0.6111111111111112	36.0
29510	train	4.355763829862209e-05	1.001460079857139	0.9270488909268658	0.18364900698264439	0.9307218710665187	1.4147641758124034	0.4444444444444444	36.0
29520	train	4.3529737576694676e-05	0.9508613665124075	0.8856831675158902	0.19227124171124566	0.889528592350115	1.2266554832458496	0.5	36.0
29530	train	4.3501841569758877e-05	1.057810460415529	0.9868191650977203	0.1985678941011429	0.9907905229797431	1.3403987487157185	0.5833333333333334	36.0
29540	train	4.347395028928169e-05	0.9010715902542897	0.8320343415997917	0.24365294128656387	0.836907400425523	1.2832837965753343	0.6111111111111112	36.0
29550	train	4.344606374672816e-05	0.93686501056696	0.8593361508754725	0.187875687248177	0.8630936646204361	1.4754269189304776	0.5277777777777778	36.0
29560	train	4.34181819535614e-05	1.1027130682592274	1.0382337306596852	0.1501211921374003	1.0412361545024331	1.229538275135888	0.5833333333333334	36.0
29570	train	4.339030492124255e-05	1.07403662038697	1.0114424305899592	0.14558250146607557	1.0143540806192808	1.1936507953537836	0.6944444444444444	36.0
29580	train	4.3362432661230806e-05	0.9386541262396202	0.8782181309125183	0.19866348306337991	0.882191400573786	1.1292545133166842	0.6388888888888888	36.0
29590	train	4.333456518498341e-05	1.0262396403792096	0.9551096481557613	0.17628604918718338	0.958635369139505	1.3520854247940912	0.5	36.0
29600	train	4.330670250395563e-05	1.058347357514769	0.9881918272242979	0.16400528202454248	0.9914719328647887	1.3375084929996066	0.5555555555555556	36.0
29610	train	4.3278844629600745e-05	1.0150100712236052	0.9640839540848751	0.16541187316179276	0.967392191548111	0.952357593509886	0.7222222222222222	36.0
29620	train	4.3250991573370085e-05	1.0652510315278065	1.0015372291471123	0.14287545366419685	1.0043947382203962	1.217125866148207	0.6111111111111112	36.0
29630	train	4.3223143346712995e-05	1.0874593170440645	1.0131473278807055	0.14015518700083096	1.0159504316207222	1.4301777084668477	0.4444444444444444	36.0
29640	train	4.3195299961076827e-05	1.1031808298956625	1.0311493799055225	0.15357840640677345	1.034220948033658	1.379197637240092	0.5	36.0
29650	train	4.3167461427906947e-05	1.0362204729367097	0.9808142219764127	0.158321546514829	0.9839806529067092	1.0447964006000094	0.6944444444444444	36.0
29660	train	4.313962775864671e-05	1.1704482812550177	1.1012744516084434	0.09978504106402397	1.103270152429724	1.343562576505873	0.5555555555555556	36.0
29670	train	4.3111798964737503e-05	1.0543091190610465	0.9840658567800261	0.16066119223833084	0.9872790806247927	1.3406007687250774	0.4722222222222222	36.0
29680	train	4.308397505761868e-05	1.1182489357363674	1.056146065457479	0.1375403900941213	1.0588968732593615	1.187041249540117	0.5555555555555556	36.0
29690	train	4.30561560487276e-05	0.9185939209987843	0.8373507882817047	0.2181131061580446	0.8417130504048657	1.5376174118783739	0.3888888888888889	36.0
29700	train	4.302834194949962e-05	1.0247315476009937	0.9562528428562508	0.18317406810820103	0.9599163242184148	1.2963044676515791	0.5555555555555556	36.0
29710	train	4.300053277136805e-05	1.0119762007048536	0.9323472037895661	0.19198582569758096	0.9361869203035178	1.5157856080267165	0.3888888888888889	36.0
29720	train	4.29727285257642e-05	1.1028600536518762	1.028103971564121	0.1447769100467364	1.0309995097650557	1.4372108777364094	0.4444444444444444	36.0
29730	train	4.294492922411734e-05	0.9837908387262858	0.9078606400800319	0.17140245851543215	0.9112886892503405	1.4500429895189073	0.3888888888888889	36.0
29740	train	4.291713487785472e-05	1.0250902991122923	0.9445777827792952	0.18078035612901053	0.9481933899018754	1.5379381842083402	0.3888888888888889	36.0
29750	train	4.2889345498401544e-05	0.9672648745628497	0.8980949582310817	0.2371915986140569	0.9028387902033628	1.288521687189738	0.5	36.0
29760	train	4.286156109718097e-05	1.1390076786537984	1.067554335797994	0.11801022725800674	1.069914540343154	1.3818627662128873	0.5555555555555556	36.0
29770	train	4.2833781685614113e-05	1.1008662649257717	1.0340366925561166	0.1417992470992936	1.0368726774981025	1.279871748553382	0.6111111111111112	36.0
29780	train	4.280600727512006e-05	1.0286977146921443	0.9634749078361082	0.1507004164159298	0.9664889161644268	1.2441759705543518	0.5833333333333334	36.0
29790	train	4.27782378771158e-05	1.0490776498210077	0.9886880705248957	0.1413981596628825	0.9915160337181533	1.1512323220570881	0.5833333333333334	36.0
29800	train	4.27504735030163e-05	1.0060061787484003	0.9454228241163406	0.19421486059824625	0.9493071213283055	1.1339811484018962	0.7222222222222222	36.0
29810	train	4.272271416423443e-05	1.0830353884650628	1.0079664084070286	0.17053201463487414	1.011377048699726	1.4331667953067355	0.4722222222222222	36.0
29820	train	4.269495987218103e-05	1.0827326481911013	1.020032800228808	0.16010643107195696	1.0232349288502471	1.1899543868170843	0.6944444444444444	36.0
29830	train	4.2667210638264816e-05	1.0496419701556228	0.9901933443625631	0.1714611624677976	0.993622567611919	1.1203880508740742	0.5833333333333334	36.0
29840	train	4.263946647389245e-05	0.9139305750802371	0.8440658383551782	0.1981095504015684	0.8480280293632096	1.318050914340549	0.5277777777777778	36.0
29850	train	4.261172739046852e-05	0.9441818193935152	0.891838020252797	0.16739142272207472	0.8951858487072385	0.979919413725535	0.6944444444444444	36.0
29860	train	4.2583993399395515e-05	0.9107845867784231	0.8395650390927735	0.2048471783598264	0.84366198265997	1.3424520823690627	0.6388888888888888	36.0
29870	train	4.255626451207383e-05	1.0364364788787397	0.9720388313207526	0.19256086374322573	0.9758900485956171	1.2109286056624518	0.6111111111111112	36.0
29880	train	4.252854073990177e-05	1.070496095924219	1.0098850326955058	0.1646955966949463	1.0131789446294046	1.1463430258962843	0.6111111111111112	36.0
29890	train	4.250082209427552e-05	1.011333954355391	0.944141794576849	0.19344637890656788	0.9480107221549804	1.2664646440082126	0.5555555555555556	36.0
29900	train	4.247310858658916e-05	1.0628504676607047	1.0015663209544414	0.16469662388165793	1.0048602534320745	1.1598042845726013	0.5555555555555556	36.0
29910	train	4.2445400228234686e-05	1.0539617128057812	0.9838196238262986	0.16722304870684943	0.9871640848004356	1.3359525601069133	0.5833333333333334	36.0
29920	train	4.2417697030601956e-05	0.9701639977749876	0.9062928662025291	0.2038250813881556	0.9103693678302922	1.1958925988939073	0.6388888888888888	36.0
29930	train	4.23899990050787e-05	0.9613625203872196	0.8873403216290281	0.19359833871324858	0.891212288403293	1.4030046396785312	0.5	36.0
29940	train	4.2362306163050524e-05	1.0680094047358708	1.0110553832820135	0.15915769007470873	1.0142385370835076	1.075417353047265	0.75	36.0
29950	train	4.233461851590092e-05	1.0653241138523701	0.9885283667378179	0.1717991911702686	0.9919643505612232	1.4671952658229404	0.5277777777777778	36.0
29960	train	4.230693607501123e-05	1.0280123746801062	0.9497342033560386	0.15297268678744633	0.9527936570917875	1.5043743517663744	0.4722222222222222	36.0
29970	train	4.2279258851760664e-05	1.02777618305248	0.9610447293820843	0.16923952764934963	0.9644295199350713	1.266933262348175	0.5555555555555556	36.0
29980	train	4.2251586857526285e-05	1.0096245629737968	0.9435562644716959	0.17312481419907677	0.9470187607556775	1.252116044362386	0.6111111111111112	36.0
29990	train	4.222392010368299e-05	0.9871455621632499	0.9062091900288293	0.1793802539507548	0.9097967951078444	1.5469753411081102	0.5	36.0
30000	train	4.2196258601603544e-05	1.1064491954134292	1.0509773792263257	0.14598374689618746	1.0538970541642494	1.0510428249835968	0.6111111111111112	36.0
30000	val		1.0805338049941131	1.0070593049567222	0.17671722744759652	1.0105936495056742	1.398803109768778	0.4791666666666667	192.0
30010	train	4.216860236265855e-05	1.0025487727087647	0.9394452006116752	0.19147471752431658	0.9432746949621615	1.1854815549320645	0.6111111111111112	36.0
30020	train	4.214095139821644e-05	1.0828877610502428	1.0111169859175335	0.16777219772338867	1.0144724298720014	1.368306623564826	0.5	36.0
30030	train	4.211330571964349e-05	1.0095402929628094	0.9392849550051027	0.19678523826102415	0.9432206597703232	1.3263926638497248	0.4722222222222222	36.0
30040	train	4.2085665338303773e-05	1.0554111581995662	0.9946534302826963	0.16933337661127248	0.9980400978149218	1.147421207692888	0.6111111111111112	36.0
30050	train	4.205803026555923e-05	1.0858773820399106	1.0062956548034012	0.16793649974796507	1.0096543847983606	1.5244599448310003	0.4722222222222222	36.0
30060	train	4.203040051276957e-05	1.0183241874689521	0.9655127412004267	0.17112919750312963	0.9689353251504893	0.9877772463692559	0.7222222222222222	36.0
30070	train	4.200277609129236e-05	1.007531655699211	0.9342090168464823	0.18054642528295517	0.9378199453521414	1.3942342069413927	0.5277777777777778	36.0
30080	train	4.197515701248297e-05	0.9851365747953479	0.9110690423006836	0.20303763325015703	0.9151297949656868	1.400135596593221	0.5277777777777778	36.0
30090	train	4.194754328769452e-05	1.0449045006698192	0.9654892669551063	0.168736698726813	0.9688640009296425	1.5208099948035345	0.4166666666666667	36.0
30100	train	4.1919934928277994e-05	0.9918196951501586	0.9253027398374032	0.17452618065807554	0.9287932634505647	1.2605286339918773	0.5833333333333334	36.0
30110	train	4.189233194558214e-05	1.1056537582301933	1.033430757389185	0.16466267158587775	1.0367240108209026	1.3785949481858149	0.5833333333333334	36.0
30120	train	4.1864734350953504e-05	1.0487700129536035	0.9899908056842529	0.16370591521263123	0.9932649239885055	1.1101017793019612	0.5833333333333334	36.0
30130	train	4.183714215573642e-05	1.1102615635934547	1.0423632559710294	0.1666662451766786	1.045696580874563	1.2912996543778315	0.5833333333333334	36.0
30140	train	4.180955537127298e-05	1.0754221190932705	1.0026271212355937	0.17738785180780622	1.00617487827175	1.3849448164304097	0.5	36.0
30150	train	4.1781974008903085e-05	0.9764039626575061	0.9181770498908111	0.1769802909758356	0.9217166557103278	1.0937461389435663	0.5	36.0
30160	train	4.1754398079964385e-05	1.08030815076089	1.014148922255767	0.14351114737136023	1.017019145203194	1.2657801111539204	0.5555555555555556	36.0
30170	train	4.1726827595792305e-05	1.0452041809995771	0.9890167031327686	0.1691216806570689	0.99239913674591	1.056100885073344	0.6666666666666666	36.0
30180	train	4.169926256772003e-05	0.995105151514081	0.920757083273465	0.21522316684325535	0.92506154661033	1.400872098075019	0.4444444444444444	36.0
30190	train	4.167170300707851e-05	1.0509154004546633	0.9809032939689984	0.1689248774200678	0.9842817915173998	1.3326721787452698	0.5833333333333334	36.0
30200	train	4.1644148925196424e-05	1.0511755391032507	0.9788035228008374	0.15779218698541322	0.9819593665405456	1.384323451254103	0.5277777777777778	36.0
30210	train	4.161660033340021e-05	1.0465799931558193	0.9814661421417086	0.17342373314830992	0.9849346168046748	1.2329075270228915	0.5833333333333334	36.0
30220	train	4.158905724301407e-05	1.080625411180316	1.0133862214926135	0.1478003069758415	1.0163422276321303	1.2856636709637113	0.5833333333333334	36.0
30230	train	4.156151966535992e-05	1.073205434009866	0.9922705445939661	0.15877794722716013	0.9954461035385094	1.5551866094271343	0.5	36.0
30240	train	4.153398761175744e-05	1.0022982831293652	0.9455243588382313	0.184798064827919	0.9492203201347896	1.06155925989151	0.75	36.0
30250	train	4.150646109352398e-05	1.0063132973105111	0.9278626582281853	0.17488673494921791	0.9313603929271697	1.4990580876668294	0.5277777777777778	36.0
30260	train	4.1478940121974665e-05	1.0195029647877472	0.9514259578020035	0.16385774066050848	0.9547031126152136	1.2959970434506733	0.5277777777777778	36.0
30270	train	4.145142470842235e-05	0.9661978263652917	0.9012820670377808	0.19893894406656423	0.905260845919112	1.2187396089235942	0.5555555555555556	36.0
30280	train	4.142391486417755e-05	1.010915531858166	0.9412835530963473	0.20181286128030884	0.9453198103219534	1.3119144307242498	0.6111111111111112	36.0
30290	train	4.139641060054853e-05	0.9734919611661668	0.9036560378851859	0.21062730915016598	0.9078685840681893	1.3124675419595506	0.5555555555555556	36.0
30300	train	4.136891192884126e-05	1.0942546115423304	1.0288349711005946	0.163066104054451	1.0320962931816837	1.2431663672129314	0.5555555555555556	36.0
30310	train	4.134141886035941e-05	1.0915873498308457	1.0249642517049575	0.12868151751657328	1.027537882055289	1.2809893555111356	0.5555555555555556	36.0
30320	train	4.131393140640434e-05	1.1119915363940591	1.0530407757894524	0.11807203168670337	1.0554022164231864	1.1317863994174533	0.5833333333333334	36.0
30330	train	4.128644957827509e-05	0.9710916776466616	0.906511314892926	0.20668776747253206	0.9106450702423766	1.2089321480857	0.5833333333333334	36.0
30340	train	4.125897338726842e-05	1.0239952885561925	0.9625644303729541	0.17537729317943254	0.9660719762365428	1.1584662463929918	0.6111111111111112	36.0
30350	train	4.123150284467874e-05	0.9860914819796934	0.9169417853249499	0.20482719739278157	0.9210383292728055	1.3010630541377597	0.6111111111111112	36.0
30360	train	4.1204037961798175e-05	1.102086843533761	1.0329672632119191	0.14451956086688572	1.0358576544292568	1.3245837820900812	0.4444444444444444	36.0
30370	train	4.117657874991647e-05	0.9709352937273527	0.9051953721509057	0.17854194740454357	0.9087662110989966	1.2433816525671217	0.5555555555555556	36.0
30380	train	4.114912522032108e-05	1.1037121473933094	1.0452083229705527	0.11721878995498021	1.0475526987696522	1.1231889724731445	0.6944444444444444	36.0
30390	train	4.112167738429713e-05	1.0179254122781447	0.9529350511811864	0.18733702910443148	0.9566817917632751	1.2248724102973938	0.5555555555555556	36.0
30400	train	4.109423525312737e-05	0.9341772863484996	0.868324648627067	0.20167261196507347	0.8723581008663686	1.2363837096426222	0.6388888888888888	36.0
30410	train	4.1066798838092236e-05	0.9860377959804728	0.9232954036557338	0.20195209830999375	0.9273344456219337	1.174067007170783	0.6944444444444444	36.0
30420	train	4.1039368150469804e-05	0.9889663181106898	0.9226408580873396	0.2039436489343643	0.9267197310660269	1.244931740893258	0.5555555555555556	36.0
30430	train	4.1011943201535766e-05	1.024655307883799	0.9490880628772376	0.17100475827852885	0.9525081580428082	1.442942996819814	0.5	36.0
30440	train	4.0984524002563514e-05	1.0016477629486855	0.9307410415206488	0.2047812876602014	0.9348366672738528	1.3362219134966533	0.5	36.0
30450	train	4.0957110564824035e-05	0.9898454238710869	0.9297446873689428	0.16936383065250185	0.9331319639819928	1.1342691977818806	0.6944444444444444	36.0
30460	train	4.092970289958595e-05	1.0315172266519992	0.9734749049236637	0.1866058240334193	0.9772070214043321	1.086204104953342	0.6666666666666666	36.0
30470	train	4.090230101811554e-05	1.0142194462258345	0.9434444397726384	0.16383172273635865	0.9467210742273655	1.3499674399693806	0.6111111111111112	36.0
30480	train	4.0874904931676646e-05	1.0935531070990694	1.0363237374355396	0.13778852671384811	1.0390795079698165	1.0894719825850592	0.6388888888888888	36.0
30490	train	4.084751465153079e-05	1.097767110521717	1.0284641912423471	0.12361508794128895	1.0309364930011728	1.3366123504108853	0.5555555555555556	36.0
30500	train	4.082013018893707e-05	0.9859302984175723	0.9232006372277248	0.18464270681142808	0.9268934913639534	1.1807361410723791	0.6111111111111112	36.0
30510	train	4.079275155515221e-05	0.9585747073784195	0.8969613140021486	0.18363452040486866	0.900634004410246	1.158814059363471	0.6388888888888888	36.0
30520	train	4.076537876143054e-05	0.8780118305498527	0.8104745399303733	0.25964633127053577	0.815667466555784	1.2468872798813715	0.5833333333333334	36.0
30530	train	4.0738011819023965e-05	1.0090499081077833	0.9355713904512584	0.19122239905926916	0.9393958384324438	1.3930813935067918	0.5277777777777778	36.0
30540	train	4.071065073918201e-05	1.0175179409010677	0.9527798512063228	0.17183279929061732	0.9562165071921351	1.2260286741786532	0.5833333333333334	36.0
30550	train	4.0683295533151773e-05	1.1162552593874444	1.0555781269878988	0.1432108742495378	1.0584423444728894	1.1562582982911005	0.6388888888888888	36.0
30560	train	4.0655946212177956e-05	0.9775532121997548	0.9085634875504315	0.2031958798567454	0.9126274051475664	1.298516141043769	0.5277777777777778	36.0
30570	train	4.0628602787502846e-05	1.047629580910994	0.9741325867334933	0.18818203608194986	0.9778962274551324	1.3946670691172283	0.4722222222222222	36.0
30580	train	4.060126527036626e-05	0.9900310012173218	0.9398160493776099	0.18276313642660777	0.943471312106142	0.9311937822235955	0.75	36.0
30590	train	4.057393367200563e-05	1.0428513259615866	0.9707220880117383	0.1728018108341429	0.9741781242284212	1.3734640346633062	0.5555555555555556	36.0
30600	train	4.0546608003655954e-05	1.0851071380308406	1.008125039775948	0.1546116222937902	1.0112172722218238	1.477797316180335	0.4444444444444444	36.0
30610	train	4.051928827654977e-05	1.067285259448363	1.0060062440728548	0.1656074970960617	1.009318394014776	1.1593373086717393	0.6111111111111112	36.0
30620	train	4.0491974501917206e-05	0.946027586561873	0.8873098709011421	0.17677463193734486	0.890845363539889	1.103644460439682	0.6944444444444444	36.0
30630	train	4.0464666690985896e-05	0.9714555693558832	0.9142764828164027	0.21314813693364462	0.9185394455550756	1.0583224760161505	0.6944444444444444	36.0
30640	train	4.043736485498106e-05	1.0573166444194007	1.0036001993442596	0.13867842356363932	1.0063737678155324	1.0188575320773654	0.6944444444444444	36.0
30650	train	4.0410069005125454e-05	1.039477064944407	0.9686634500965292	0.14192821528939975	0.9715020144023172	1.3595010108417935	0.5833333333333334	36.0
30660	train	4.038277915263937e-05	1.0744582112458019	1.0120466734627884	0.14459148132138783	1.0149385030892162	1.1903941631317139	0.5833333333333334	36.0
30670	train	4.0355495308740646e-05	1.0592765336921999	0.9964780121403789	0.16856038570404053	0.9998492198544597	1.1885462767548032	0.5833333333333334	36.0
30680	train	4.032821748464462e-05	1.0566959331597543	0.9991061383319223	0.16451690594355264	1.0023964764507933	1.0859891341792212	0.6388888888888888	36.0
30690	train	4.030094569156418e-05	1.0782228173172173	1.015331134947376	0.15144184480110803	1.018359971843398	1.197256909476386	0.6111111111111112	36.0
30700	train	4.027367994070974e-05	1.0683700262630735	1.0139779079912195	0.13751829746696684	1.0167282739405588	1.0328350464502971	0.6666666666666666	36.0
30710	train	4.024642024328922e-05	1.1027905739431687	1.0436384092521445	0.1395366738239924	1.0464291427286243	1.1272286242908902	0.6111111111111112	36.0
30720	train	4.021916661050805e-05	1.0628650578912646	0.9967266619725245	0.1603039562702179	0.9999327410979288	1.2586463358667161	0.5833333333333334	36.0
30730	train	4.019191905356916e-05	1.0294672792774218	0.9625073796134966	0.19339488612280953	0.9663752773359529	1.2618400388293796	0.6388888888888888	36.0
30740	train	4.016467758367299e-05	1.0176242801870672	0.9625981881544757	0.1729732702175776	0.9660576535588273	1.031332532564799	0.7222222222222222	36.0
30750	train	4.01374422120175e-05	0.9149517780066104	0.8478107916666969	0.23834936237997478	0.8525777789142964	1.2474799818462796	0.6388888888888888	36.0
30760	train	4.0110212949798095e-05	1.1265491340074352	1.0592943558706256	0.13262720853090287	1.0619469000412436	1.2920446793238323	0.5833333333333334	36.0
30770	train	4.008298980820771e-05	1.0056610525347904	0.9363496491178654	0.1670802061756452	0.9396912532413784	1.319395985868242	0.6111111111111112	36.0
30780	train	4.005577279843675e-05	1.0423614385500144	0.9701477843402582	0.1798339265709122	0.9737444628716764	1.3723395135667589	0.5833333333333334	36.0
30790	train	4.0028561931673106e-05	0.9168342929887103	0.852589332488576	0.21157910029093424	0.8568209144943947	1.2002675698863134	0.6388888888888888	36.0
30800	train	4.000135721910213e-05	1.0302617522849746	0.964918262995691	0.17864619890848796	0.9684911869738607	1.2354113062222798	0.6111111111111112	36.0
30810	train	3.9974158671906655e-05	1.013254695580891	0.9462987867128432	0.18004563450813293	0.9498996994030058	1.2670999235577054	0.5	36.0
30820	train	3.994696630126696e-05	1.0615789277032952	1.0006333389854374	0.17775269200404484	1.0041883928255182	1.147810697555542	0.5555555555555556	36.0
30830	train	3.9919780118360835e-05	1.1228156336207507	1.0578135337325585	0.13589005751742256	1.0605313348829069	1.2456859747568767	0.6111111111111112	36.0
30840	train	3.989260013436346e-05	0.9526834253219776	0.8934720377340594	0.1835824559132258	0.8971436868523239	1.110794769393073	0.6666666666666666	36.0
30850	train	3.986542636044753e-05	1.058317081056142	0.996955897879704	0.14483031878868738	0.9998525042554777	1.1692915360132854	0.6111111111111112	36.0
30860	train	3.983825880778313e-05	1.0265034030371007	0.9670219928516048	0.17981085512373182	0.9706182099540794	1.1177038616604276	0.6944444444444444	36.0
30870	train	3.981109748753782e-05	1.072239010506883	0.9975552399860635	0.1660128260652224	1.000875496507368	1.427270279990302	0.5277777777777778	36.0
30880	train	3.97839424108766e-05	1.153348755862288	1.0991010193089368	0.09641864001750947	1.101029392109287	1.0463872750600178	0.6666666666666666	36.0
30890	train	3.975679358896189e-05	1.0542932353183136	0.9747733766103295	0.17264499018589655	0.9782262764140474	1.5213391780853271	0.4722222222222222	36.0
30900	train	3.9729651032953565e-05	0.9818859465569393	0.9150096146183017	0.18475659886995952	0.9187047465957009	1.2636239992247686	0.6388888888888888	36.0
30910	train	3.970251475400888e-05	1.0672357664273744	0.9969398929443523	0.14131568537818062	0.9997662066519158	1.3493911955091689	0.5555555555555556	36.0
30920	train	3.967538476328254e-05	0.9819553492783033	0.9170956612247748	0.1677605892221133	0.9204508730092171	1.2300895253817241	0.6111111111111112	36.0
30930	train	3.964826107192666e-05	1.037546382791521	0.9774115926955029	0.17458912829558054	0.9809033752614146	1.1328601506021287	0.75	36.0
30940	train	3.962114369109077e-05	1.0314778750511964	0.9497864812610506	0.20333446748554707	0.9538531706107616	1.5524940888086955	0.4444444444444444	36.0
30950	train	3.959403263192181e-05	0.9788047613864316	0.9125143928493235	0.18958344558874765	0.9163060617610984	1.249973992506663	0.5833333333333334	36.0
30960	train	3.956692790556409e-05	1.0899367397294757	1.0267808655102701	0.14778643548488618	1.0297365942199679	1.2040029101901584	0.5555555555555556	36.0
30970	train	3.9539829523159346e-05	1.0240413104364816	0.9595641698210978	0.1642456109325091	0.962849082039748	1.2238445679346721	0.5277777777777778	36.0
30980	train	3.951273749584671e-05	0.974669314367847	0.9169434086343978	0.19706161604041145	0.9208846409552061	1.0756934682528179	0.6666666666666666	36.0
30990	train	3.9485651834762685e-05	0.9443378019643974	0.8737208969043181	0.21824885573652056	0.8780858740190485	1.325038558906979	0.4722222222222222	36.0
31000	train	3.9458572551041165e-05	1.0930153157756675	1.0193972945258964	0.1460564951101939	1.0223184244281003	1.4139378269513447	0.5555555555555556	36.0
31000	val		1.0750243463042974	1.0037484524441316	0.17251604030116924	1.007198773250155	1.356511461082846	0.5052083333333334	192.0
31010	train	3.943149965581341e-05	1.0307948381160146	0.9455027438986082	0.2025172081258562	0.9495530880611254	1.624835001097785	0.4444444444444444	36.0
31020	train	3.940443316020808e-05	1.0632897818791451	1.0057334895141503	0.16051884906159508	1.0089438664953823	1.0869183076752558	0.6388888888888888	36.0
31030	train	3.9377373075351176e-05	1.0326991581962146	0.9585282319995071	0.17824628204107285	0.9620931576403285	1.4121200111177232	0.4444444444444444	36.0
31040	train	3.935031941236608e-05	1.0115867507324479	0.9435433374874321	0.204083281258742	0.947625003112607	1.2792349523968167	0.6388888888888888	36.0
31050	train	3.932327218237354e-05	1.0204153617537637	0.9645468419483919	0.18711189242700735	0.968289079796932	1.0425256391366322	0.7222222222222222	36.0
31060	train	3.929623139649165e-05	1.0457952727281061	0.9708020970460117	0.1754328567120764	0.9743107541802533	1.4296903709570568	0.5	36.0
31070	train	3.926919706583584e-05	1.0800403349855108	1.0104727978764536	0.15193261040581596	1.0135114500845699	1.3305776980188158	0.6388888888888888	36.0
31080	train	3.924216920151891e-05	1.1688467121824897	1.1032778004793933	0.09824611271421115	1.1052427227336774	1.2720797889762454	0.5555555555555556	36.0
31090	train	3.9215147814651e-05	0.9978122404569365	0.9318158985458364	0.20842954551889784	0.9359844894562143	1.236555020014445	0.5555555555555556	36.0
31100	train	3.9188132916339574e-05	1.1022182110398733	1.0330831650015107	0.12966159482796988	1.03567639689807	1.3308362828360663	0.5277777777777778	36.0
31110	train	3.9161124517689454e-05	0.9322588430558053	0.8675212460969296	0.21256105022297966	0.8717724671013892	1.2097275190883212	0.6388888888888888	36.0
31120	train	3.913412262980274e-05	1.0704475488809104	1.0078075795253802	0.15982981026172638	1.0110041757306147	1.1888674630059137	0.6666666666666666	36.0
31130	train	3.910712726377892e-05	0.9978936842662716	0.9291424549204731	0.2001608990960651	0.9331456729023944	1.2949602272775438	0.5555555555555556	36.0
31140	train	3.9080138430714745e-05	1.0870403186495297	1.0165451979155533	0.12810533493757248	1.0191073046143047	1.3586602807044983	0.5277777777777778	36.0
31150	train	3.9053156141704316e-05	1.0607527328613353	0.9789176467143449	0.17302225033442178	0.9823780917210333	1.5674928228060405	0.4166666666666667	36.0
31160	train	3.902618040783904e-05	1.092270352493248	1.030390989466364	0.15158873630894554	1.033422764192543	1.1769517660140991	0.5833333333333334	36.0
31170	train	3.899921124020761e-05	1.0803107292873346	1.0164521796055321	0.13886009094615778	1.0192293814244553	1.2216269572575886	0.7222222222222222	36.0
31180	train	3.8972248649896055e-05	1.041221690959063	0.9632035426659652	0.17612296094497046	0.9667260018848646	1.489913781483968	0.5277777777777778	36.0
31190	train	3.894529264798764e-05	1.039394466947725	0.9743366369981342	0.17738717794418335	0.9778843805570179	1.2302017278141446	0.5833333333333334	36.0
31200	train	3.891834324556298e-05	1.0414345821980127	0.972581243911732	0.172922200212876	0.9760396879159895	1.3078978856404622	0.5	36.0
31210	train	3.889140045369994e-05	0.9968666187857965	0.932947371900285	0.20362716714541118	0.9370199152431932	1.1969340708520677	0.4722222222222222	36.0
31220	train	3.886446428347371e-05	1.1176460204198968	1.0486267062731927	0.14395231157541274	1.051505752504701	1.3228053583039179	0.5555555555555556	36.0
31230	train	3.883753474595674e-05	1.0394016020634733	0.970940598952005	0.16875493228435517	0.9743156975976921	1.3017180893156264	0.5277777777777778	36.0
31240	train	3.881061185221871e-05	0.9956981079051286	0.9301700911888868	0.1808205212155978	0.9337865016131988	1.2382321258385975	0.6111111111111112	36.0
31250	train	3.878369561332661e-05	1.0387670471654595	0.9655659689558475	0.17266060908635458	0.9690191811375746	1.3949573205577002	0.5	36.0
31260	train	3.8756786040344704e-05	1.0489248455566196	0.9876027904742652	0.1646043105671803	0.9908948766856088	1.1605993774202135	0.5555555555555556	36.0
31270	train	3.8729883144334506e-05	1.002498614357806	0.9349416705703372	0.19857247471809386	0.9389131200646991	1.2717098858621385	0.5833333333333334	36.0
31280	train	3.8702986936354774e-05	1.0273979100616095	0.9635353413354673	0.19500899265209834	0.9674355211885092	1.1992477774620056	0.5833333333333334	36.0
31290	train	3.867609742746151e-05	0.963977314032251	0.889052966598472	0.22646473348140717	0.8935822612681001	1.4079010552830167	0.5277777777777778	36.0
31300	train	3.864921462870799e-05	1.1001666157935754	1.0372083654166622	0.13724543650945029	1.0399532741468511	1.2042668329344854	0.6388888888888888	36.0
31310	train	3.862233855114471e-05	1.0895214873413552	1.0180484265413856	0.14797813793023426	1.0210079892999904	1.3702699608272977	0.5555555555555556	36.0
31320	train	3.859546920581941e-05	1.016187240720012	0.952041605019124	0.19682062019904453	0.955978017423105	1.2041844659381442	0.6388888888888888	36.0
31330	train	3.856860660377708e-05	1.017874958658579	0.942993956219186	0.14171789752112496	0.9458283141696086	1.4409328897794087	0.4722222222222222	36.0
31340	train	3.85417507560599e-05	0.9697616189195178	0.892678171310835	0.20102939837508732	0.8966987592783368	1.461257192823622	0.4444444444444444	36.0
31350	train	3.85149016737073e-05	0.9742779327523374	0.9161083369942172	0.20827342371145885	0.9202738054684464	1.080082545677821	0.6666666666666666	36.0
31360	train	3.8488059367755925e-05	1.0744023498746393	1.0158094992756153	0.1438958595196406	1.018687416466008	1.1142986681726244	0.6666666666666666	36.0
31370	train	3.846122384923964e-05	1.0422440777131712	0.9730273032826314	0.17453786532084148	0.9765180605890482	1.314520342482461	0.5	36.0
31380	train	3.84343951291895e-05	0.9648490578993631	0.8905077870750897	0.20496943758593666	0.8946071758268085	1.404837641451094	0.5833333333333334	36.0
31390	train	3.8407573218633794e-05	1.0368193403015897	0.9592803761624992	0.1919170379638672	0.9631187169217765	1.474012467596266	0.4444444444444444	36.0
31400	train	3.8380758128597974e-05	1.026061325405752	0.9516378096090906	0.1821534666750166	0.955280878942591	1.4156089292632208	0.5	36.0
31410	train	3.835394987010472e-05	1.0203394023910797	0.9471604639625187	0.18189715345700583	0.9507984070316589	1.3908199071884155	0.5	36.0
31420	train	3.832714845417391e-05	1.1292831940263084	1.064929355148763	0.1297093422876464	1.067523541994516	1.2351930406358507	0.6111111111111112	36.0
31430	train	3.8300353891822574e-05	1.0309011458238755	0.9746431385710796	0.17647013223419586	0.9781725412157636	1.0545720921622381	0.7222222222222222	36.0
31440	train	3.8273566194064965e-05	1.0935438176294425	1.0390822369986368	0.13368631154298782	1.0417559632294966	1.03575708799892	0.6944444444444444	36.0
31450	train	3.824678537191247e-05	1.0575894204109193	0.9836223591164697	0.16080238024393717	0.9868384067213484	1.415020273791419	0.5277777777777778	36.0
31460	train	3.822001143637369e-05	1.031058383296792	0.9685876107820514	0.15347904546393287	0.97165719169133	1.1880238321092393	0.6111111111111112	36.0
31470	train	3.819324439845437e-05	1.067565254939261	1.002008766864071	0.1503103626271089	1.005014974116613	1.2510056164529588	0.5833333333333334	36.0
31480	train	3.816648426915743e-05	0.9449397391532983	0.8696172668558153	0.20295589715242385	0.8736763847988638	1.4252670870886908	0.4444444444444444	36.0
31490	train	3.813973105948295e-05	1.077537531941241	1.0005075797098604	0.17036062926054002	1.003914792295071	1.4724547929233975	0.5277777777777778	36.0
31500	train	3.8112984780428174e-05	1.078680585661907	1.0094012446182095	0.15114781633019447	1.0124242009448134	1.3251276943418715	0.6111111111111112	36.0
31510	train	3.808624544298746e-05	0.9449399378998773	0.8756859556936916	0.21874578959412044	0.880060871485574	1.297581328286065	0.5833333333333334	36.0
31520	train	3.805951305815236e-05	1.069730428940785	1.0045533566806701	0.1607333540916443	1.007768023762503	1.23924810356564	0.5277777777777778	36.0
31530	train	3.803278763691155e-05	1.0396474365451278	0.972316394290873	0.17568237405447734	0.9758300417719625	1.2763478954633076	0.5833333333333334	36.0
31540	train	3.8006069190250834e-05	1.0185767013803526	0.9502017273481095	0.18243350088596344	0.9538503973658288	1.2945260802904766	0.5555555555555556	36.0
31550	train	3.7979357729153154e-05	1.1064713932567851	1.0408943789156624	0.13470969535410404	1.0435885728227445	1.25765640868081	0.6111111111111112	36.0
31560	train	3.795265326459858e-05	1.1446318644398221	1.077658146525135	0.11577090819676718	1.0799735646890702	1.2931659950150385	0.5277777777777778	36.0
31570	train	3.792595580756432e-05	1.0627395718444572	0.9973634325116064	0.16837899800803927	1.0007310124717672	1.2401711874537997	0.5555555555555556	36.0
31580	train	3.7899265369024685e-05	1.1033279619375522	1.0418273680311951	0.14197805949619838	1.044666929221119	1.173220654328664	0.6388888888888888	36.0
31590	train	3.7872581959951115e-05	1.0561125405642042	0.992430196314651	0.16074586369925076	0.995645113588636	1.2093485395113628	0.6666666666666666	36.0
31600	train	3.7845905591312125e-05	1.035419937108814	0.9848331459279119	0.17802611043055852	0.9883936681365231	0.9405253794458177	0.7777777777777778	36.0
31610	train	3.781923627407339e-05	1.05240337116481	0.9935966811043798	0.17579163859287897	0.9971125138762374	1.1058171457714505	0.6944444444444444	36.0
31620	train	3.7792574019197646e-05	0.9820696831346151	0.9162597068085203	0.22237391604317558	0.9207071851293839	1.2272499601046245	0.5555555555555556	36.0
31630	train	3.776591883764475e-05	1.0379206194851889	0.9681775653568334	0.16191191226243973	0.9714158036020822	1.3300963176621332	0.5555555555555556	36.0
31640	train	3.773927074037162e-05	0.9579584812083126	0.8859957152563613	0.20901647375689614	0.8901760447314992	1.3556487295362685	0.5277777777777778	36.0
31650	train	3.77126297383323e-05	1.0458661347080414	0.9770930801215248	0.18306875427563984	0.9807544552070376	1.3022335900200739	0.5833333333333334	36.0
31660	train	3.7685995842477886e-05	1.0733718596762238	1.0100423775314442	0.1711520254611969	1.0134654180406681	1.198128832711114	0.6111111111111112	36.0
31670	train	3.7659369063756586e-05	1.0266796322373248	0.9720766222832299	0.1522488661110401	0.9751215996054506	1.0311606526374817	0.5833333333333334	36.0
31680	train	3.7632749413113646e-05	1.0300879986064215	0.9572267565273489	0.20165930771165425	0.961259942681582	1.376561118496789	0.5277777777777778	36.0
31690	train	3.760613690149139e-05	0.9088442231581515	0.8559645904964115	0.22825134214427736	0.860529617339297	0.9662921163770888	0.6666666666666666	36.0
31700	train	3.757953153982924e-05	0.9692685695861268	0.9078143866814993	0.1938112018009027	0.9116906107175173	1.1515591773721907	0.6388888888888888	36.0
31710	train	3.755293333906365e-05	0.9981045855779302	0.929446540693328	0.2133525883158048	0.9337135924596441	1.2878198623657227	0.6111111111111112	36.0
31720	train	3.752634231012814e-05	0.9971223987221008	0.9420399892077796	0.19042189419269562	0.9458484270916335	1.0254794326093462	0.7222222222222222	36.0
31730	train	3.749975846395325e-05	1.1190063467188813	1.068310663140231	0.135273015499115	1.0710161234502134	0.9598044653733572	0.75	36.0
31740	train	3.747318181146662e-05	0.9883097221315134	0.9276577419234874	0.1725536435842514	0.9311088147951724	1.1440181467268202	0.6111111111111112	36.0
31750	train	3.744661236359289e-05	1.0572558634097389	1.0041460706573404	0.14675924595859316	1.0070812555765123	1.0034921566645305	0.6111111111111112	36.0
31760	train	3.742005013125378e-05	0.9388926571091194	0.8575561923464317	0.19606522123018902	0.8614774967710355	1.548303206761678	0.4166666666666667	36.0
31770	train	3.739349512536802e-05	1.0691651677761316	0.9988769121144055	0.1544880047440529	1.0019666722092866	1.3439699113368988	0.5833333333333334	36.0
31780	train	3.736694735685134e-05	0.9886401357493197	0.9243781485731134	0.18437902298238543	0.9280657290327611	1.2114881343311734	0.5833333333333334	36.0
31790	train	3.734040683661655e-05	1.004735155752182	0.9449471948453585	0.16987761159737905	0.9483447470773061	1.1278081734975178	0.6666666666666666	36.0
31800	train	3.7313873575573445e-05	1.1040197491914339	1.0385442077421785	0.15874745597441992	1.0417191568616668	1.2460118465953403	0.5555555555555556	36.0
31810	train	3.728734758462885e-05	1.074438217239886	1.0226567897935472	0.14464949154191548	1.0255497796243855	0.9777687523100111	0.7777777777777778	36.0
31820	train	3.7260828874686605e-05	0.948005724040307	0.8814113884412289	0.20537440131107967	0.8855188764674505	1.2497369514571295	0.4444444444444444	36.0
31830	train	3.723431745664753e-05	0.9386561844081873	0.8822666255465343	0.20389668063984978	0.8863445591593313	1.0462325049771204	0.7777777777777778	36.0
31840	train	3.7207813341409486e-05	1.1077972552965438	1.048713463437096	0.15057535407443842	1.0517249705185847	1.1214456955591838	0.6388888888888888	36.0
31850	train	3.718131653986731e-05	1.0082804829984617	0.9456075252204846	0.16243956155247158	0.9488563164515341	1.1884833309385512	0.6111111111111112	36.0
31860	train	3.715482706291283e-05	1.0333546851948643	0.9630486118504482	0.16574912849399778	0.9663635944203282	1.3398218154907227	0.5	36.0
31870	train	3.712834492143488e-05	1.0151298925772145	0.9483508184878199	0.1589494620760282	0.9515298077293405	1.2720016969574823	0.4722222222222222	36.0
31880	train	3.710187012631925e-05	1.009053247699867	0.9379066301349769	0.20529349148273468	0.9420124999646315	1.3408149547047086	0.5277777777777778	36.0
31890	train	3.7075402688448755e-05	1.0734041912814636	0.9892584044861124	0.16231345302528805	0.9925046735466181	1.6179903546969097	0.5	36.0
31900	train	3.7048942618703126e-05	1.0540867253676451	0.9893696923390425	0.16180805961290995	0.9926058535313007	1.229617436726888	0.5833333333333334	36.0
31910	train	3.702248992795913e-05	1.0345188110886208	0.9714575021119441	0.17775034490558836	0.9750125090100559	1.1901260415712993	0.6944444444444444	36.0
31920	train	3.699604462709045e-05	1.0828888276708448	1.0244956829142893	0.1417443561885092	1.0273305700380595	1.1111651526557074	0.5833333333333334	36.0
31930	train	3.696960672696776e-05	1.0512611031417614	0.9732801950194337	0.16907519929938847	0.9766616990054215	1.4919880827267964	0.4166666666666667	36.0
31940	train	3.6943176238458663e-05	1.012635618102332	0.948484270819472	0.18200970043738682	0.9521244648282197	1.2102230654822455	0.5277777777777778	36.0
31950	train	3.691675317242776e-05	1.0568229646770115	0.9827214331010602	0.1861685880770286	0.9864448048626008	1.4075631962882147	0.4166666666666667	36.0
31960	train	3.689033753973656e-05	1.0459267330173954	0.9882797244816327	0.15871305453280607	0.9914539855722888	1.0894549489021301	0.6666666666666666	36.0
31970	train	3.686392935124353e-05	1.0472114570668931	0.9861305253835118	0.16125416060288747	0.9893556085955695	1.157116969426473	0.6666666666666666	36.0
31980	train	3.68375286178041e-05	1.110638291007383	1.0487689028178022	0.14321259491973454	1.051633154716197	1.1801027258237202	0.6111111111111112	36.0
31990	train	3.681113535027059e-05	1.1603885707126	1.0990395466187868	0.11286283781131108	1.101296803375013	1.1818353467517428	0.6111111111111112	36.0
32000	train	3.678474955949228e-05	0.9435586308830962	0.8715317023854109	0.2083977676100201	0.8756996577376113	1.3571794629096985	0.5	36.0
32000	val		1.0733498245095496	1.0022293579058612	0.1670717456428745	1.0055707928187188	1.3555806338166196	0.5208333333333334	192.0
32010	train	3.675837125631538e-05	1.0018045468704546	0.9240088276641215	0.2123355252875222	0.9282555381698719	1.4709801740116544	0.4722222222222222	36.0
32020	train	3.6732000451583e-05	1.0086724645974912	0.9547769261846288	0.14159307032823562	0.9576087875911935	1.0212735401259527	0.6666666666666666	36.0
32030	train	3.6705637156135214e-05	0.9697061727651275	0.91038865940521	0.1941256582736969	0.9142711725706839	1.108700003888872	0.6111111111111112	36.0
32040	train	3.667928138080894e-05	0.9540159894637462	0.8913245886576371	0.21866442561149596	0.895697877169867	1.1663622458775837	0.6388888888888888	36.0
32050	train	3.6652933136438054e-05	1.0246801323931185	0.9491500826750299	0.18823041766881943	0.9529146910284063	1.4353088272942438	0.5555555555555556	36.0
32060	train	3.662659243385333e-05	1.000714007199224	0.9363317264918647	0.1744246631860733	0.9398202197555862	1.217875748872757	0.5555555555555556	36.0
32070	train	3.6600259283882425e-05	1.0980641933338842	1.0297214248667492	0.12877134730418524	1.032296851812833	1.3153468304210238	0.5277777777777778	36.0
32080	train	3.6573933697349936e-05	1.0864043947569586	1.0244533834138239	0.1400083099802335	1.0272535496134285	1.1830169028706021	0.6666666666666666	36.0
32090	train	3.654761568507727e-05	1.0468918338809297	0.9781263891055073	0.1675406704346339	0.9814772025142	1.3082926273345947	0.5	36.0
32100	train	3.65213052578828e-05	1.0683600340638102	1.008144643732595	0.1675141324599584	1.011494926381794	1.1373021536403232	0.5833333333333334	36.0
32110	train	3.6495002426581724e-05	1.029880439042027	0.9595293920228634	0.20012746420171526	0.9635319413068977	1.3269699547025893	0.5555555555555556	36.0
32120	train	3.646870720198616e-05	1.0602339378794157	1.0015464215941021	0.14455769956111908	1.0044375755853245	1.1159272458818223	0.6944444444444444	36.0
32130	train	3.6442419594905067e-05	0.9626626052214037	0.8946544490443332	0.20886425624291102	0.8988317341691915	1.2766174210442438	0.5	36.0
32140	train	3.641613961614431e-05	1.0150440156083012	0.9404475176619859	0.18503552675247192	0.9441482281970353	1.417915748225318	0.5555555555555556	36.0
32150	train	3.638986727650658e-05	0.9821661998653625	0.9233393055688223	0.1766810847653283	0.9268729272641288	1.1058654520246718	0.6111111111111112	36.0
32160	train	3.636360258679145e-05	0.9661784719016915	0.9075922199010946	0.18504819605085585	0.9112931838221118	1.0977057615915935	0.5555555555555556	36.0
32170	train	3.633734555779533e-05	1.0583533221672026	1.0074227917217593	0.1455725704630216	1.0103342431310198	0.9603815807236565	0.7222222222222222	36.0
32180	train	3.631109620031151e-05	1.045084146353025	0.9906226777425262	0.14877865811189014	0.9935982509047641	1.0297179089652166	0.6666666666666666	36.0
32190	train	3.6284854525130086e-05	0.9992946074309923	0.938576294230386	0.14791722148656844	0.9415346386601174	1.1551993754174974	0.6666666666666666	36.0
32200	train	3.6258620543038054e-05	0.9383494376785185	0.8615972870568395	0.2152868393394682	0.8659030238436288	1.4489282766977947	0.5	36.0
32210	train	3.623239426481918e-05	0.9801602470285351	0.9153104890293533	0.19084056301249397	0.9191273002896032	1.2206589347786374	0.5555555555555556	36.0
32220	train	3.620617570125411e-05	1.0454394849781874	0.9608106594130081	0.16250944038232168	0.9640608482206545	1.627572735150655	0.4444444444444444	36.0
32230	train	3.61799648631203e-05	1.0789923950238043	1.0147272181215896	0.15833942012654412	1.0178940065241204	1.2219677699936762	0.5555555555555556	36.0
32240	train	3.6153761761192046e-05	1.0564647230200261	0.9914190254054757	0.15836172426740328	0.9945862598908237	1.2375692625840504	0.6111111111111112	36.0
32250	train	3.612756640624045e-05	1.058684994273834	0.9946600547036718	0.1460735880666309	0.9975815264650044	1.2220693561765883	0.6944444444444444	36.0
32260	train	3.610137880903342e-05	1.017910994562368	0.9659779406317676	0.1872562931643592	0.9697230664950548	0.963758561346266	0.7777777777777778	36.0
32270	train	3.6075198980335704e-05	1.0861602442257814	1.0273641927693609	0.13081217708962936	1.0299804363111535	1.1235961582925584	0.6666666666666666	36.0
32280	train	3.604902693090885e-05	1.0437300456350123	0.985601215635082	0.1649068066229423	0.9888993517675408	1.0966138773494296	0.6111111111111112	36.0
32290	train	3.602286267151117e-05	1.0504234539532675	0.9912979670594813	0.15890144060055414	0.9944759958714924	1.1189491616355047	0.6388888888888888	36.0
32300	train	3.599670621289782e-05	1.0522194038938095	0.9941754335606043	0.1524683501985338	0.997224800564575	1.099892066584693	0.6944444444444444	36.0
32310	train	3.5970557565820726e-05	0.9791163886021069	0.9296115576721388	0.17979796528816222	0.933207516977902	0.918177432484097	0.8055555555555556	36.0
32320	train	3.594441674102861e-05	1.1397564262341107	1.0677116176178698	0.13816137860218683	1.0704748451899135	1.3856316208839417	0.5277777777777778	36.0
32330	train	3.591828374926697e-05	1.1147211535292512	1.0503218962865717	0.1351562609275182	1.053025021505122	1.2339226404825847	0.6666666666666666	36.0
32340	train	3.5892158601278115e-05	0.9964412373885652	0.935171072988226	0.18552766657537884	0.9388816263197336	1.151192221376631	0.6388888888888888	36.0
32350	train	3.586604130780109e-05	1.0494212417592235	0.9861144928342397	0.14231946195165315	0.9889608820732727	1.209207193719016	0.5555555555555556	36.0
32360	train	3.583993187957173e-05	0.9706529415152353	0.9105069575584811	0.18006577404836813	0.9141082730394484	1.1308933695157368	0.6388888888888888	36.0
32370	train	3.581383032732263e-05	1.01555731569221	0.9499985527610485	0.1645964508255323	0.9532904817775592	1.2453366782930162	0.7222222222222222	36.0
32380	train	3.578773666178317e-05	1.0016065379744477	0.9292215882008976	0.1493979286816385	0.9322095467745304	1.3879398239983454	0.5555555555555556	36.0
32390	train	3.576165089367946e-05	1.041056629916017	0.9723822124467806	0.16798722081714207	0.9757419568631234	1.306293461057875	0.5833333333333334	36.0
32400	train	3.5735573033734364e-05	0.9406566875300493	0.8693749236601941	0.21136580035090446	0.8736022396672122	1.341088957256741	0.6111111111111112	36.0
32410	train	3.570950309266751e-05	1.01495302154644	0.9627684528945917	0.16827545935908952	0.9661339620817735	0.9763811892933316	0.7222222222222222	36.0
32420	train	3.568344108119527e-05	0.9584996730670007	0.8986982129308586	0.195331829910477	0.9026048495290682	1.11789647075865	0.5277777777777778	36.0
32430	train	3.565738701003075e-05	1.0000031405355412	0.9485868865515668	0.1830796370903651	0.9522484792933741	0.9550932248433431	0.6388888888888888	36.0
32440	train	3.563134088988379e-05	1.0048466832794491	0.9490960671528588	0.18507354292604658	0.9527975380113797	1.0409829053613875	0.6944444444444444	36.0
32450	train	3.560530273146098e-05	1.049089276803079	0.9841675275088609	0.1451399919266502	0.987070327347394	1.2403789891137018	0.5833333333333334	36.0
32460	train	3.557927254546561e-05	1.0407619207959207	0.9597358108421994	0.21229062974452972	0.9639816234370899	1.5356059471766155	0.3888888888888889	36.0
32470	train	3.5553250342597716e-05	1.051297573711182	0.9878727046473544	0.17624668031930923	0.9913976382537406	1.1979987091488309	0.5833333333333334	36.0
32480	train	3.5527236133554036e-05	0.9764188492452659	0.9224603636849812	0.17984556009372074	0.9260572748868556	1.0072314871682062	0.6666666666666666	36.0
32490	train	3.550122992902805e-05	1.1017540402253492	1.027960446729265	0.1611855352918307	1.0311841574351015	1.411397655804952	0.5555555555555556	36.0
32500	train	3.547523173970989e-05	1.014405712492131	0.9577656063571867	0.15732548435529073	0.9609121160442925	1.0698719289567735	0.6111111111111112	36.0
32510	train	3.544924157628644e-05	1.1194031195353291	1.055093742725997	0.12711223628785875	1.0576359874517542	1.2353426416714985	0.6388888888888888	36.0
32520	train	3.542325944944129e-05	1.0326951861047495	0.9607930644979492	0.16953672816356022	0.9641837990612204	1.3702277408705816	0.5277777777777778	36.0
32530	train	3.53972853698547e-05	0.9948105348511798	0.9257248680489853	0.19388079312112597	0.9296024839114079	1.3041610187954373	0.6111111111111112	36.0
32540	train	3.537131934820366e-05	1.0777529864131299	1.0224595431646262	0.14889315329492092	1.0254374062305245	1.0463116036521063	0.6666666666666666	36.0
32550	train	3.534536139516176e-05	1.072506442401105	1.0110841962628503	0.15492863655090333	1.0141827689938683	1.1664734681447346	0.6666666666666666	36.0
32560	train	3.531941152139938e-05	1.022510742582499	0.9596143074376242	0.1633292113741239	0.9628808916651067	1.192597018347846	0.5277777777777778	36.0
32570	train	3.529346973758352e-05	0.9488714095649514	0.8711303040250202	0.2303673749168714	0.8757376515233577	1.4626751608318753	0.4444444444444444	36.0
32580	train	3.526753605437788e-05	1.0218988649976255	0.9646391430826984	0.16138456066449483	0.9678668342959883	1.0806406140327454	0.6388888888888888	36.0
32590	train	3.52416104824428e-05	0.9628138836042162	0.9155542684908783	0.2048382287224134	0.9196510330653266	0.8632570107777914	0.75	36.0
32600	train	3.5215693032435314e-05	1.0526526675727752	0.9738655404322797	0.1794573004047076	0.9774546864403738	1.5039596226480272	0.4166666666666667	36.0
32610	train	3.518978371500912e-05	1.0817887279233662	1.009820478253033	0.1627524954577287	1.0130755281621875	1.3742639952235751	0.5	36.0
32620	train	3.516388254081452e-05	1.019015431407498	0.9488298714194761	0.19008497397104898	0.952631570898897	1.3276772101720173	0.5555555555555556	36.0
32630	train	3.513798952049854e-05	1.0453053101129441	0.9846842793782992	0.17498070696989695	0.9881838935176971	1.142428331904941	0.7222222222222222	36.0
32640	train	3.511210466470481e-05	1.0827551647502511	1.0230371582089195	0.12872058600187303	1.025611569928957	1.142871896425883	0.6666666666666666	36.0
32650	train	3.508622798407362e-05	1.0565021322693646	0.9957476766301082	0.1406940410534541	0.9985615574511773	1.1588114963637457	0.5555555555555556	36.0
32660	train	3.50603594892419e-05	1.0326785915630219	0.9712066505621365	0.1928188532590866	0.9750630276273182	1.1523112787140741	0.6111111111111112	36.0
32670	train	3.5034499190843206e-05	0.9075039561024971	0.8467493216294382	0.23668217327859667	0.8514829650950101	1.1204198201497395	0.6388888888888888	36.0
32680	train	3.5008647099507734e-05	0.9763957544607823	0.9076044863198769	0.22853481459120908	0.912175182611701	1.284411436981625	0.5	36.0
32690	train	3.49828032258623e-05	0.944243471179853	0.873800135289083	0.2474989851315816	0.8787501149917146	1.3098671237627666	0.5277777777777778	36.0
32700	train	3.4956967580530335e-05	1.0299397575181888	0.9716507262477112	0.15092265688710743	0.9746691793854534	1.1054115626547072	0.6666666666666666	36.0
32710	train	3.493114017413192e-05	1.0104630440871574	0.9429137574699843	0.1973801851272583	0.9468613611725295	1.2720336582925584	0.6666666666666666	36.0
32720	train	3.4905321017283724e-05	0.9347508615620982	0.8707228959303482	0.22100800772507986	0.8751430560848499	1.192156109544966	0.6111111111111112	36.0
32730	train	3.487951012059899e-05	0.9835811086563707	0.9159751602909737	0.21392316867907843	0.9202536236645553	1.266549699836307	0.5555555555555556	36.0
32740	train	3.485370749468764e-05	0.9663437483581915	0.8951686232394326	0.19705584694941838	0.8991097401784209	1.3446801635954115	0.4444444444444444	36.0
32750	train	3.482791315015614e-05	1.0401925629641027	0.973457254605036	0.1623715952038765	0.9767046865091135	1.2697575290997822	0.6111111111111112	36.0
32760	train	3.480212709760758e-05	1.0897859742111082	1.019413534546837	0.14865108206868172	1.0223865561882106	1.3479883604579501	0.5833333333333334	36.0
32770	train	3.477634934764163e-05	0.9794197020094352	0.916702991031351	0.18719956676165264	0.9204469823665841	1.1794543928570218	0.6388888888888888	36.0
32780	train	3.475057991085455e-05	1.0810862978217044	1.0203947710411787	0.14677070495155123	1.0233301851402097	1.1551222536298964	0.6666666666666666	36.0
32790	train	3.472481879783918e-05	1.042711060712745	0.9614902562929625	0.17158632973829904	0.9649219828877285	1.555781556500329	0.4444444444444444	36.0
32800	train	3.469906601918494e-05	1.0650264088120072	1.003964624369079	0.13391288535462487	1.0066428820761715	1.167670534716712	0.5833333333333334	36.0
32810	train	3.467332158547783e-05	1.0145913099922441	0.9503647356574106	0.1699217806259791	0.9537631712699303	1.2165627744462755	0.5555555555555556	36.0
32820	train	3.464758550730042e-05	1.0749774603017725	1.0014155617325065	0.14695881307125092	1.0043547379939315	1.4124544461568196	0.5	36.0
32830	train	3.4621857795231824e-05	1.050483303951465	0.9945673070754372	0.15475058456261953	0.9976623187666895	1.0564197036955092	0.7222222222222222	36.0
32840	train	3.459613845984773e-05	1.0574360933360183	1.001306181969582	0.149921948214372	1.0043046209338695	1.0626294480429754	0.5555555555555556	36.0
32850	train	3.45704275117204e-05	0.8220670386020739	0.7629485935003624	0.27513909919394386	0.7684513754842413	1.0723132623566523	0.75	36.0
32860	train	3.454472496141863e-05	1.0392698967269633	0.9813849252374544	0.14931846112012864	0.9843712944598569	1.0979720453421276	0.6666666666666666	36.0
32870	train	3.451903081950775e-05	1.0363372227415992	0.9751467916633242	0.1469996949036916	0.978086785561398	1.1650087436040242	0.6111111111111112	36.0
32880	train	3.4493345096549674e-05	1.0656064133210075	1.0078744726243705	0.1522506202260653	1.0109194850288918	1.0937385658423107	0.6388888888888888	36.0
32890	train	3.4467667803102835e-05	1.0271415654685454	0.9616284748414843	0.18259021987517673	0.9652802792389878	1.2372257245911493	0.5555555555555556	36.0
32900	train	3.444199894972218e-05	1.0506090217629482	0.9862872257761899	0.15846462150414783	0.9894565182062728	1.2230500711335077	0.6388888888888888	36.0
32910	train	3.441633854695921e-05	1.001978141347568	0.9406708223256807	0.17467366407314935	0.9441642956071437	1.1562769148084853	0.5555555555555556	36.0
32920	train	3.439068660536197e-05	1.049229708990123	0.9802803753455476	0.1667716180284818	0.9836158077061172	1.312278025680118	0.5	36.0
32930	train	3.436504313547497e-05	0.9959874394098047	0.9314019701970078	0.18756148119767507	0.9351531998209612	1.216684791776869	0.6944444444444444	36.0
32940	train	3.433940814783929e-05	1.015970532467998	0.9544742839710946	0.18247163891792298	0.9581237167494531	1.156936314370897	0.5555555555555556	36.0
32950	train	3.431378165299249e-05	1.0837385724486177	1.003486437818368	0.15437623672187328	1.0065739625528056	1.5432921979162428	0.4166666666666667	36.0
32960	train	3.428816366146867e-05	1.0092963258694343	0.9348642363751	0.20324645274215275	0.938929165429943	1.4073432087898254	0.6111111111111112	36.0
32970	train	3.426255418379842e-05	1.0799339561308285	1.0252106247158375	0.15431653708219528	1.0282969554574815	1.0327400134669409	0.6666666666666666	36.0
32980	train	3.423695323050882e-05	0.9858696728124434	0.9182594187565195	0.18795696397622427	0.922018558036044	1.277022295527988	0.5277777777777778	36.0
32990	train	3.4211360812123467e-05	1.0739734438668902	1.0095692122722217	0.17428798576196033	1.0130549719874609	1.2183694375885858	0.6666666666666666	36.0
33000	train	3.4185776939162425e-05	1.0799064183832268	1.0163180084626933	0.1374651806222068	1.0190673120751375	1.2167821261617873	0.5277777777777778	36.0
33000	val		1.0701192390947267	1.0006233695524245	0.17180528209936993	1.0040594751944119	1.3211952780062954	0.5260416666666666	192.0
33010	train	3.416020162214225e-05	0.9664095504209892	0.8964075996520283	0.19280133520563444	0.900263626356141	1.3229184812969632	0.5833333333333334	36.0
33020	train	3.413463487157601e-05	1.0143607213037678	0.9466276220815845	0.18319190343221028	0.9502914601502287	1.2813852230707805	0.5555555555555556	36.0
33030	train	3.410907669797322e-05	0.9559742959493799	0.8795626007504995	0.19040067576699787	0.8833706142658395	1.4520736336708069	0.5555555555555556	36.0
33040	train	3.4083527111839866e-05	0.9496211488298762	0.8831365255897763	0.1865233192841212	0.8868669919754587	1.2550831370883517	0.6666666666666666	36.0
33050	train	3.4057986123678465e-05	1.023199237553324	0.939369507218115	0.20479898899793625	0.9434654869980736	1.5946750111050076	0.3888888888888889	36.0
33060	train	3.40324537439879e-05	1.0499987969834288	0.9756826111712733	0.16579878495799172	0.9789985868704332	1.4200042022599115	0.5	36.0
33070	train	3.400692998326358e-05	0.9231748742928308	0.8617862985932366	0.19931693871816	0.8657726373675998	1.1480447385046217	0.6388888888888888	36.0
33080	train	3.398141485199737e-05	1.05441123336769	0.9726396820819232	0.14341083075851202	0.9755078986970934	1.578066693411933	0.5277777777777778	36.0
33090	train	3.395590836067758e-05	1.0621553709459948	1.0071013258064934	0.13841899329175553	1.0098697056723285	1.0457133054733276	0.6944444444444444	36.0
33100	train	3.393041051978895e-05	1.0668934712964242	0.992347235589353	0.1697483777999878	0.9957422031453528	1.4230253630214267	0.5	36.0
33110	train	3.390492133981268e-05	1.0581284751470397	1.0152831841517334	0.12779367119073867	1.017839057575548	0.8057883514298333	0.8055555555555556	36.0
33120	train	3.3879440831226434e-05	0.984372266039443	0.918039954225413	0.18473512853185337	0.92173465679605	1.2527521848678589	0.5555555555555556	36.0
33130	train	3.385396900450426e-05	0.8853381121695525	0.816784194761563	0.23854362302356297	0.8215550672220343	1.2756608989503648	0.5833333333333334	36.0
33140	train	3.382850587011667e-05	1.1186054178696438	1.0551394867355524	0.13908954709768295	1.057921277677506	1.2136828038427565	0.5833333333333334	36.0
33150	train	3.380305143853062e-05	1.0358955555266078	0.9696792378464608	0.17654262648688424	0.9732100903761985	1.2537093030081854	0.6388888888888888	36.0
33160	train	3.377760572020943e-05	1.1105975205760101	1.0407675193807382	0.16322611769040427	1.0440320417345463	1.3313095768292744	0.4444444444444444	36.0
33170	train	3.375216872561288e-05	1.0849401049847762	1.02356487779505	0.14852568258841833	1.0265353914468183	1.1680942707591586	0.6388888888888888	36.0
33180	train	3.3726740465197176e-05	1.0885873322624402	1.01761445604481	0.1384121080239614	1.0203826982052893	1.364092681143019	0.5555555555555556	36.0
33190	train	3.37013209494149e-05	1.058861807020815	0.9988571864521949	0.15281514078378677	1.0019134892678707	1.138966355058882	0.5833333333333334	36.0
33200	train	3.3675910188715066e-05	1.0728621556656324	1.0008520973189106	0.14553526292244592	1.0037628025773595	1.3819870617654588	0.5277777777777778	36.0
33210	train	3.365050819354307e-05	1.020664843454156	0.9571312300349072	0.1756203341342154	0.9606436367175915	1.2004241347312927	0.5833333333333334	36.0
33220	train	3.3625114974340714e-05	1.0505573162064707	0.9864397872049698	0.17002897163232167	0.9898403666376163	1.2143389913770888	0.5	36.0
33230	train	3.359973054154618e-05	0.9951019593208439	0.9325340900947061	0.1664717694123586	0.9358635254829533	1.1847686767578125	0.6388888888888888	36.0
33240	train	3.357435490559408e-05	0.9595123269397116	0.8908738455933238	0.18780411850838435	0.8946299279634915	1.2976479795244005	0.6111111111111112	36.0
33250	train	3.354898807691537e-05	1.0975503254177645	1.0409605180530888	0.1212918738524119	1.043386355530137	1.0832793977525499	0.7222222222222222	36.0
33260	train	3.3523630065937375e-05	1.0958541495542549	1.0372022701989436	0.1537897897263368	1.0402780659934703	1.1115216712156932	0.6111111111111112	36.0
33270	train	3.349828088308382e-05	1.0710374167696761	1.002105483293811	0.17640475928783417	1.0056335784795676	1.3080767658021715	0.4722222222222222	36.0
33280	train	3.34729405387748e-05	1.016048209503141	0.9575519521904269	0.165519878977821	0.9608623497699833	1.1037171946631537	0.75	36.0
33290	train	3.344760904342678e-05	1.1142145492075313	1.0339880670281014	0.1580935498078664	1.0371499380242588	1.5412922236654494	0.4166666666666667	36.0
33300	train	3.3422286407452584e-05	0.9874241405191515	0.9229299203145002	0.19856352545320988	0.9269011908235644	1.2104589939117432	0.5833333333333334	36.0
33310	train	3.3396972641261365e-05	1.035382996196669	0.9521510293534613	0.18242747336626053	0.9557995788207865	1.5916683475176494	0.4444444444444444	36.0
33320	train	3.33716677552587e-05	1.0616899162475837	1.0012473498064185	0.1611223601632648	1.0044697970096839	1.1444023847579956	0.6666666666666666	36.0
33330	train	3.3346371759846434e-05	0.965288493015118	0.8943826340745696	0.2371293306350708	0.8991252206872711	1.3232654465569391	0.4444444444444444	36.0
33340	train	3.3321084665422807e-05	1.0966191295409915	1.038512784940059	0.1454073435937365	1.0414209318119338	1.1039639545811548	0.6666666666666666	36.0
33350	train	3.3295806482382394e-05	0.9438949927577714	0.8918662282093704	0.19114398770034313	0.8956891079633773	0.9641176958878835	0.7222222222222222	36.0
33360	train	3.3270537221116115e-05	0.9765471621721047	0.9086422603033374	0.21487847136126625	0.9129398297305628	1.2721466488308377	0.5555555555555556	36.0
33370	train	3.324527689201117e-05	0.9429993711666989	0.8736969494246835	0.21207807461420694	0.8779385109169676	1.3012172049946256	0.4722222222222222	36.0
33380	train	3.322002550545115e-05	1.0504309606117468	0.9983382811244125	0.1626710335413615	1.0015917017952396	0.9767851763301425	0.7222222222222222	36.0
33390	train	3.319478307181594e-05	1.0556676704848025	0.9936785669688595	0.14994652370611827	0.9966774974429818	1.1798034608364105	0.6111111111111112	36.0
33400	train	3.316954960148175e-05	1.105011248367579	1.0430102430557717	0.13857662677764893	1.0457817755913248	1.1845894555250804	0.6388888888888888	36.0
33410	train	3.314432510482112e-05	0.9835987573579671	0.9147142726893943	0.22732377217875588	0.9192607481329694	1.2867601844999526	0.5833333333333334	36.0
33420	train	3.311910959220288e-05	1.1054715059638123	1.026374775744819	0.15247522128952873	1.0294242801706095	1.5209445158640544	0.4166666666666667	36.0
33430	train	3.309390307399217e-05	1.1027704309219437	1.0270373753792033	0.13940412323507997	1.0298254578439048	1.458899461560779	0.5	36.0
33440	train	3.306870556055045e-05	1.070636702148757	0.9970781210084507	0.18175495664278665	1.0007132201413065	1.3984696401490107	0.5833333333333334	36.0
33450	train	3.304351706223545e-05	0.961509645419269	0.9052485648297096	0.2242628941933314	0.9097338227135763	1.0355164541138544	0.6388888888888888	36.0
33460	train	3.301833758940121e-05	1.022396270630625	0.9636997016746472	0.20011340330044428	0.9677019697406561	1.0938860177993774	0.6111111111111112	36.0
33470	train	3.299316715239807e-05	0.9638995105313717	0.8914896727721683	0.22203865895668665	0.895930445951302	1.359381291601393	0.5	36.0
33480	train	3.2968005761572656e-05	1.0749614870276354	1.019498242741787	0.14665622346931034	1.0224313672111731	1.050602396329244	0.7222222222222222	36.0
33490	train	3.2942853427267844e-05	1.0892182800387127	1.0323056472057883	0.13658629771735933	1.0350373731601354	1.0836181375715468	0.6944444444444444	36.0
33500	train	3.291771015982282e-05	1.0561294380548025	0.9950179091349998	0.15040986637274426	0.9980261064624546	1.1620666318469577	0.7222222222222222	36.0
33510	train	3.289257596957301e-05	1.002682864094567	0.9343317744216572	0.1809154806865586	0.9379500840353884	1.2946556011835735	0.5555555555555556	36.0
33520	train	3.286745086685016e-05	1.0715522506830633	1.0000908418535397	0.14766996912658215	1.0030442412360714	1.3701601889398363	0.5	36.0
33530	train	3.284233486198224e-05	1.0249035606816987	0.95778834415829	0.18489515135685602	0.9614862471854271	1.2683462699254353	0.5555555555555556	36.0
33540	train	3.281722796529348e-05	1.105671792368094	1.044583135181003	0.15101522902647654	1.0476034397615326	1.161367052131229	0.6388888888888888	36.0
33550	train	3.279213018710439e-05	1.0265240170396495	0.9604384027524584	0.1780052329103152	0.9639985074106647	1.2505101925796933	0.6388888888888888	36.0
33560	train	3.276704153773173e-05	1.0233415534287598	0.9477766860465114	0.1584430266585615	0.9509455465796827	1.4479201369815402	0.5277777777777778	36.0
33570	train	3.274196202748847e-05	1.015506461585003	0.9542737653432002	0.17628891269365946	0.9577995435970734	1.154138359758589	0.4722222222222222	36.0
33580	train	3.271689166668386e-05	1.06069514870613	0.9907406273746078	0.1746103932460149	0.9942328352395281	1.329246269332038	0.5	36.0
33590	train	3.2691830465623396e-05	1.075498283115901	1.0191959589069526	0.17477318346500398	1.0226914225762527	1.0561372107929654	0.7222222222222222	36.0
33600	train	3.266677843460876e-05	1.111758185352215	1.0554720907827173	0.1331911641690466	1.0581359140660982	1.0724454257223341	0.6666666666666666	36.0
33610	train	3.264173558393791e-05	0.9947259123940643	0.9271269150395568	0.1748669379287296	0.9306242537981314	1.282033171918657	0.6111111111111112	36.0
33620	train	3.261670192390502e-05	0.9923888661054682	0.9345422046760298	0.20281656024356684	0.9385985358809011	1.0758066044913397	0.6666666666666666	36.0
33630	train	3.259167746480047e-05	1.1388791393748623	1.0867546974697082	0.10367119858662287	1.0888281214414406	1.0010203586684332	0.6666666666666666	36.0
33640	train	3.2566662216910884e-05	1.0439816238956052	0.9753484321031038	0.15584367886185646	0.978465305680341	1.3103263643052843	0.4722222222222222	36.0
33650	train	3.2541656190519076e-05	1.0279152537396596	0.9670415890558939	0.15683099296357897	0.9701782089151655	1.154740896489885	0.6666666666666666	36.0
33660	train	3.251665939590409e-05	1.0987552760841257	1.02193561539403	0.14154611825942992	1.0247665377592186	1.4797747664981418	0.4722222222222222	36.0
33670	train	3.2491671843341144e-05	1.0180088948952353	0.9654191794574786	0.16044324884812036	0.968628044434441	0.9876170092158847	0.6944444444444444	36.0
33680	train	3.2466693543101696e-05	0.9765748014748369	0.9209426665173909	0.2042495550380813	0.9250276576181525	1.0309428771336873	0.6944444444444444	36.0
33690	train	3.244172450545339e-05	1.0306613678106897	0.9656728235253923	0.1638828068971634	0.9689504796633356	1.2342177629470825	0.5833333333333334	36.0
33700	train	3.241676474066002e-05	1.0428532681547924	0.9704504230262496	0.17187365082403025	0.9738878960427302	1.3793074422412448	0.5555555555555556	36.0
33710	train	3.239181425898163e-05	1.0551293750131305	0.9972776492990564	0.16688968886931738	1.0006154430764427	1.090278638733758	0.6944444444444444	36.0
33720	train	3.2366873070674406e-05	1.078516556529684	1.0148852925015888	0.16864268268857682	1.0182581461553604	1.2051682074864705	0.5277777777777778	36.0
33730	train	3.234194118599073e-05	1.0133440808611944	0.9586252943334813	0.1680731467074818	0.9619867572676309	1.0271464718712702	0.6388888888888888	36.0
33740	train	3.231701861517917e-05	1.05277403704379	0.9880155026454461	0.19606634146637386	0.9919368294747736	1.216744151380327	0.6111111111111112	36.0
33750	train	3.229210536848445e-05	1.1151086217096449	1.0652093525394137	0.14352720777193706	1.0680798966948524	0.940574500295851	0.5833333333333334	36.0
33760	train	3.226720145614745e-05	0.990047048239951	0.9215661686252006	0.1773254018690851	0.9251126766625822	1.2986874315473769	0.6111111111111112	36.0
33770	train	3.2242306888405246e-05	1.0101287051779526	0.9510718042892712	0.19037117312351862	0.9548792277517416	1.1049895485242207	0.6111111111111112	36.0
33780	train	3.221742167549105e-05	0.969039573865786	0.8913502002070229	0.19504567815197837	0.8952511137700625	1.4757692019144695	0.4722222222222222	36.0
33790	train	3.2192545827634236e-05	1.0487686909180125	0.9781330517770093	0.1701629415154457	0.9815363106073182	1.3446476062138875	0.4722222222222222	36.0
33800	train	3.216767935506031e-05	0.9337578323630861	0.8548185877185767	0.21377875556548437	0.8590941628298864	1.4932733906639948	0.4444444444444444	36.0
33810	train	3.2142822267990945e-05	0.9719906366888262	0.9206844251874663	0.16565386868185467	0.9239975025611034	0.959862682554457	0.75	36.0
33820	train	3.211797457664396e-05	1.0282378941759924	0.9621796983797146	0.15662141144275665	0.9653121266085698	1.258515351348453	0.6388888888888888	36.0
33830	train	3.209313629123329e-05	1.0273187988360655	0.9768041476997996	0.15135795523722967	0.9798313068045442	0.9497498406304253	0.75	36.0
33840	train	3.206830742196903e-05	1.1174385395570476	1.0448537127929145	0.1362390990058581	1.0475784947730316	1.3972008956803217	0.4166666666666667	36.0
33850	train	3.204348797905738e-05	1.0477414070745128	0.9938513710975466	0.157266528904438	0.9969967016756354	1.0148941079775493	0.6944444444444444	36.0
33860	train	3.2018677972700676e-05	1.0222103667797537	0.9604691232616928	0.1950722129808532	0.9643705675213098	1.156795985168881	0.5833333333333334	36.0
33870	train	3.199387741309738e-05	0.9320100478326844	0.8631737783877949	0.2300025936630037	0.8677738302610549	1.2847243514325883	0.5277777777777778	36.0
33880	train	3.196908631044206e-05	0.9076657578683359	0.8570177706748044	0.19656482338905334	0.8609490671425856	0.9343338145150079	0.6944444444444444	36.0
33890	train	3.19443046749254e-05	1.0831421874566423	1.0297031080759445	0.1458653802673022	1.0326204156812906	1.0104354355070326	0.6666666666666666	36.0
33900	train	3.1919532516734224e-05	0.9576447815291634	0.882966858902827	0.18832146955860984	0.8867332882939992	1.4182298647032843	0.5	36.0
33910	train	3.189476984605139e-05	0.9340108154724518	0.8776852030358857	0.19274327345192432	0.8815400685049242	1.049414939350552	0.6666666666666666	36.0
33920	train	3.1870016673055926e-05	1.035298536826906	0.9791110899081537	0.16464761594931285	0.98240404222714	1.0578898919953241	0.6666666666666666	36.0
33930	train	3.184527300792289e-05	1.079193977831382	1.0035037572866463	0.1837013206548161	1.0071777836997426	1.4403238826327853	0.4722222222222222	36.0
33940	train	3.182053886082349e-05	1.0896439778938587	1.0111693022906476	0.16100848652422428	1.0143894720211322	1.5050901174545288	0.3333333333333333	36.0
33950	train	3.1795814241925007e-05	1.0590841057896718	0.997635803189553	0.1531477471192678	1.0006987581319384	1.1677069531546698	0.5555555555555556	36.0
33960	train	3.177109916139078e-05	1.0106964128995979	0.9403087289384713	0.17214945554733277	0.9437517180494179	1.3388938970035977	0.5	36.0
33970	train	3.174639362938026e-05	0.9511178622938687	0.8828577386966177	0.2218732370270623	0.887295203437159	1.276453177134196	0.5833333333333334	36.0
33980	train	3.1721697656048956e-05	0.9789341558651474	0.8879580191542388	0.1988221267859141	0.891934461689957	1.739993883503808	0.4166666666666667	36.0
33990	train	3.1697011251548445e-05	1.0126635055824265	0.9511693592817396	0.18125390907128652	0.9547944374631654	1.15738136238522	0.5555555555555556	36.0
34000	train	3.167233442602637e-05	1.0626758201558455	1.0016907619740298	0.14196149011452994	1.0045299917763204	1.1629165675905015	0.6111111111111112	36.0
34000	val		1.0685046667686386	0.9992226747067985	0.17150489621953158	1.0026527726311891	1.3170378827489913	0.5208333333333334	192.0
34010	train	3.164766718962647e-05	1.0336350983605649	0.9743205533359647	0.19579325430095196	0.9782364184219837	1.107973598771625	0.6388888888888888	36.0
34020	train	3.162300955248849e-05	1.0088498703968316	0.9442882742979584	0.18484130087825987	0.9479851003155235	1.217295401626163	0.6388888888888888	36.0
34030	train	3.159836152474825e-05	1.0827323871492045	1.0222244883168436	0.153591101616621	1.0252963103491761	1.1487215360005696	0.5833333333333334	36.0
34040	train	3.157372311653763e-05	1.0458955622429802	0.9762866981375702	0.1433026749226782	0.9791527516360238	1.3348562121391296	0.6111111111111112	36.0
34050	train	3.154909433798454e-05	0.9593550377309134	0.896685785474361	0.21748773256937662	0.9010355401257485	1.166389952103297	0.6111111111111112	36.0
34060	train	3.152447519921296e-05	1.1090854308806761	1.0480276512365776	0.15333586869140467	1.0510943686104057	1.159821245405409	0.5555555555555556	36.0
34070	train	3.1499865710342874e-05	1.0086337538389079	0.9393787370451004	0.17898447232113945	0.9429584264915233	1.3135065469476912	0.5833333333333334	36.0
34080	train	3.147526588149032e-05	0.964604885173639	0.8959958669471744	0.20620053509871164	0.9001198776491486	1.2897001504898071	0.5555555555555556	36.0
34090	train	3.145067572276735e-05	1.0571456961648291	0.9918115401615658	0.17642861505349478	0.9953401124626357	1.2361116740438673	0.5555555555555556	36.0
34100	train	3.142609524428205e-05	1.0784019841744001	1.0175509828587534	0.13317983547846476	1.0202145795683228	1.1637480921215482	0.6388888888888888	36.0
34110	train	3.140152445613854e-05	1.037860490450842	0.9583025037940173	0.16912716627120972	0.9616850471194415	1.523508866628011	0.4722222222222222	36.0
34120	train	3.137696336843694e-05	1.0657480382502895	1.0025392229852566	0.14989572142561278	1.0055371374137687	1.2042180167304144	0.5277777777777778	36.0
34130	train	3.135241199127338e-05	0.9028533713637922	0.8451277157617079	0.2286188585890664	0.8497000929334892	1.0630655686060588	0.6666666666666666	36.0
34140	train	3.132787033473999e-05	0.9079541825870543	0.8396467628366288	0.22744748989741007	0.8441957126345769	1.275169399049547	0.5277777777777778	36.0
34150	train	3.1303338408924935e-05	1.004591051498174	0.9345108204673919	0.18377703428268433	0.9381863611530455	1.3280938069025676	0.5277777777777778	36.0
34160	train	3.127881622391236e-05	1.0189796841721015	0.9592681105017937	0.16637018074591955	0.9625955141167121	1.127683401107788	0.7222222222222222	36.0
34170	train	3.12543037897824e-05	0.9937759772996819	0.932647937674726	0.1579064279794693	0.9358060662343154	1.1593982213073306	0.5833333333333334	36.0
34180	train	3.122980111661121e-05	1.0105136890970408	0.9545685150942278	0.19776922650635242	0.9585238996243548	1.0397957894537184	0.6666666666666666	36.0
34190	train	3.120530821447089e-05	0.9632427009164328	0.8961728335969019	0.18801374899016488	0.8999331085767052	1.2661918467945523	0.5	36.0
34200	train	3.118082509342957e-05	0.9802117260435376	0.9212498082358791	0.1673161412278811	0.9245961310604367	1.1123118996620178	0.7222222222222222	36.0
34210	train	3.1156351763551316e-05	0.9824610498143574	0.9254624765024424	0.1815583591038982	0.9290936436845204	1.0673481225967407	0.6944444444444444	36.0
34220	train	3.113188823489621e-05	1.0709493661552993	1.0083618839876844	0.15752978291776445	1.0115124796460397	1.188737730185191	0.6944444444444444	36.0
34230	train	3.110743451752028e-05	0.9955120285726269	0.9301483235998299	0.22411855459213256	0.9346306946916726	1.2176266776190863	0.5555555555555556	36.0
34240	train	3.108299062147551e-05	1.0471732374600113	0.9850360810695299	0.15546825180451077	0.98814544610562	1.1805558270878262	0.5555555555555556	36.0
34250	train	3.105855655680986e-05	1.0026540925378382	0.9414545621283961	0.17854237457116445	0.9450254096198194	1.1525736583603754	0.5833333333333334	36.0
34260	train	3.103413233356727e-05	1.074379533176658	1.0088196226706478	0.1558332030971845	1.0119362867325916	1.2488649288813274	0.6111111111111112	36.0
34270	train	3.1009717961787604e-05	1.0631602947023444	0.9934903335511948	0.13546406643258202	0.9961996148798464	1.3392135964499579	0.5277777777777778	36.0
34280	train	3.0985313451506696e-05	1.004479864670842	0.9482711851603545	0.19177680710951486	0.9521067213025448	1.047462867365943	0.6944444444444444	36.0
34290	train	3.096091881275631e-05	1.0196453198679563	0.937584008517028	0.16786953210830688	0.9409413991591941	1.5740784141752455	0.4166666666666667	36.0
34300	train	3.0936534055564166e-05	1.0062823241280994	0.9415530673160303	0.16415371083550984	0.9448361415327404	1.2289236519071791	0.6666666666666666	36.0
34310	train	3.0912159189953914e-05	0.982714426012956	0.9156704143406181	0.22564572195212046	0.9201833287796606	1.2506219446659088	0.6388888888888888	36.0
34320	train	3.088779422594514e-05	1.0236789348670403	0.9628857133668556	0.17352431217829387	0.9663561996104214	1.1464547051323786	0.6388888888888888	36.0
34330	train	3.0863439173553385e-05	0.9427744614673197	0.8741646823213373	0.2066304153866238	0.8782972906290697	1.289543416765001	0.5555555555555556	36.0
34340	train	3.083909404279005e-05	1.025586303012032	0.954352896517971	0.17728913972775143	0.9578986793125259	1.3537524739901226	0.5833333333333334	36.0
34350	train	3.081475884366253e-05	1.0234113525244848	0.9666132331616271	0.18371847023566565	0.9702876025663404	1.062474999162886	0.7222222222222222	36.0
34360	train	3.079043358617408e-05	1.0492049406738027	1.0000147745381738	0.15369119942188264	1.0030885985266114	0.9223268429438273	0.6944444444444444	36.0
34370	train	3.0766118280323907e-05	1.0839641967133622	1.0228262892944222	0.12915570934613546	1.025409403481345	1.1710958646403418	0.5277777777777778	36.0
34380	train	3.074181293610711e-05	1.1493973009229388	1.0763175924195865	0.12738697826862336	1.078865331984959	1.410639378759596	0.4722222222222222	36.0
34390	train	3.071751756351471e-05	1.0074458977227638	0.9475658179260192	0.17015291439990202	0.9509688762140173	1.1295404301749334	0.6111111111111112	36.0
34400	train	3.0693232172533605e-05	1.0169738117616547	0.942776129367733	0.18289647102355958	0.9464340587882042	1.410795059469011	0.4166666666666667	36.0
34410	train	3.066895677314661e-05	1.1025610310161815	1.042019045660036	0.14585751245419185	1.04493619590912	1.152496702141232	0.6388888888888888	36.0
34420	train	3.064469137533242e-05	1.0239455312333008	0.9620932196519275	0.17716097285350163	0.9656364391089975	1.1661818424860637	0.6388888888888888	36.0
34430	train	3.0620435989065626e-05	1.0483924209054327	0.965843618814417	0.1724200278520584	0.9692920193714583	1.5820080306794908	0.4444444444444444	36.0
34440	train	3.05961906243167e-05	1.0569198272364717	0.9950190974544202	0.18208425144354504	0.998660782483291	1.1651808950636122	0.6388888888888888	36.0
34450	train	3.0571955291052015e-05	0.9808195831282354	0.9188293086724232	0.2111107177204556	0.9230515230268322	1.1553612020280626	0.6388888888888888	36.0
34460	train	3.054772999923376e-05	0.983646470460654	0.9252365117735605	0.17068008283774058	0.9286501134303153	1.0999271406067743	0.6944444444444444	36.0
34470	train	3.052351475882006e-05	1.0073289120987197	0.9432815472743716	0.18776596089204153	0.9470368664922124	1.2058409121301439	0.6666666666666666	36.0
34480	train	3.0499309579764893e-05	1.018698792494437	0.9624262552331895	0.15224607868327034	0.9654711768068549	1.0645523137516446	0.6388888888888888	36.0
34490	train	3.0475114472018075e-05	1.0473721135378284	0.9811872996807499	0.16796008149782818	0.9845465013107064	1.2565122445424397	0.5833333333333334	36.0
34500	train	3.0450929445525313e-05	0.8948823261321356	0.8381473418137203	0.2104679842789968	0.8423567014993002	1.0505124926567078	0.6666666666666666	36.0
34510	train	3.0426754510228164e-05	0.9159434344473277	0.8463186846113333	0.2455985719958941	0.8512306560512511	1.2942555679215326	0.6111111111111112	36.0
34520	train	3.0402589676064018e-05	1.044724148205803	0.9841928259782189	0.15881624817848206	0.9873691509417886	1.147099945280287	0.6111111111111112	36.0
34530	train	3.0378434952966134e-05	1.0072828386342763	0.936920709399671	0.17729829202095668	0.9404666752400901	1.3363232678837247	0.5277777777777778	36.0
34540	train	3.03542903508636e-05	1.1066869726659845	1.0421980658288126	0.146871184806029	1.0451354895249332	1.231029662821028	0.5555555555555556	36.0
34550	train	3.033015587968135e-05	1.02855429818335	0.9655171875169161	0.20049017171065012	0.969526990951129	1.1805461446444194	0.5833333333333334	36.0
34560	train	3.0306031549340185e-05	0.9613833407486689	0.8970667739841884	0.20022771321237087	0.9010713282484358	1.2062402500046625	0.6111111111111112	36.0
34570	train	3.0281917369756646e-05	1.0491448896605666	0.9867041615955262	0.16298545317517388	0.9899638706590297	1.1836203800307379	0.6388888888888888	36.0
34580	train	3.0257813350843204e-05	1.0299093189189497	0.9694892518536579	0.18598825335502625	0.9732090169207583	1.134006039963828	0.6666666666666666	36.0
34590	train	3.023371950250809e-05	1.0595126205285081	0.9996954076505061	0.17092743143439293	1.003113956279194	1.127973284986284	0.7777777777777778	36.0
34600	train	3.0209635834655396e-05	1.0253932106815504	0.9585141052791868	0.16719847089714474	0.9618580746971297	1.2707027196884155	0.5555555555555556	36.0
34610	train	3.0185562357184985e-05	1.0523601867566934	0.982689087689959	0.15945666432380676	0.9858782209764352	1.3296393156051636	0.5833333333333334	36.0
34620	train	3.0161499079992568e-05	1.0294579884753265	0.9717189522927641	0.1481048713127772	0.9746810497190196	1.0955387751261394	0.6944444444444444	36.0
34630	train	3.0137446012969653e-05	1.0883894705884325	1.0324448142105673	0.11721279285848141	1.034789070067737	1.0720080104139116	0.6666666666666666	36.0
34640	train	3.0113403166003533e-05	1.0201085936766334	0.9523158770873945	0.15801671312914956	0.9554762113499775	1.2926476465331183	0.5555555555555556	36.0
34650	train	3.008937054897733e-05	1.0263043154883489	0.9710325846282746	0.17622441252072651	0.9745570728786891	1.0349448521931965	0.6388888888888888	36.0
34660	train	3.006534817176995e-05	1.0141222670922372	0.9467997556779641	0.1705784403408567	0.9502113244847813	1.2782188521491156	0.5833333333333334	36.0
34670	train	3.0041336044256054e-05	1.1032589508196498	1.0386642476809473	0.15039041079580784	1.0416720558968635	1.2317378984557257	0.6388888888888888	36.0
34680	train	3.001733417630614e-05	1.0686700679365244	0.9962917640477531	0.1685572142402331	0.9996629083325578	1.3801431920793321	0.5555555555555556	36.0
34690	train	2.9993342577786474e-05	1.0351240996461466	0.9784402083067121	0.17544388721386592	0.9819490860509894	1.063500271903144	0.6944444444444444	36.0
34700	train	2.996936125855909e-05	0.9728124489657666	0.9144358875442795	0.16826209848125775	0.9178011295139047	1.1002263890372381	0.6388888888888888	36.0
34710	train	2.9945390228481797e-05	0.9797200250593885	0.9161941751905346	0.20766070932149888	0.9203473893769646	1.1874527136484783	0.6388888888888888	36.0
34720	train	2.9921429497408186e-05	1.0460744165797529	0.9791027876985899	0.1843082250820266	0.9827889522002304	1.2657092875904508	0.6111111111111112	36.0
34730	train	2.989747907518761e-05	1.0022305026378808	0.9378842171258308	0.1775627757112185	0.9414354726400552	1.2159005999565125	0.6666666666666666	36.0
34740	train	2.987353897166518e-05	0.9777157206374891	0.9126831413595365	0.19304448241988817	0.9165440310079344	1.223433792591095	0.5277777777777778	36.0
34750	train	2.9849609196681773e-05	0.9949905436059585	0.9375391330143562	0.18787474268012577	0.9412966278679588	1.0738783147599962	0.6666666666666666	36.0
34760	train	2.982568976007403e-05	0.987293547251733	0.9219761693566162	0.19501853899823296	0.9258765401365808	1.228340142303043	0.5555555555555556	36.0
34770	train	2.9801780671674286e-05	1.0050549386725156	0.9363335287192127	0.1586495911081632	0.939506520541376	1.3109683626227908	0.6111111111111112	36.0
34780	train	2.977788194131069e-05	1.0090211880754762	0.945694229193992	0.20511210295889112	0.9497964712531699	1.1844943364461262	0.5833333333333334	36.0
34790	train	2.9753993578807104e-05	0.9744381080764327	0.9023921737635593	0.17702777087688445	0.905932729181097	1.3701075779067144	0.5	36.0
34800	train	2.9730115593983138e-05	0.9999677347330508	0.9420443797894574	0.1974716901779175	0.9459938135930158	1.0794784228007	0.6388888888888888	36.0
34810	train	2.9706247996654133e-05	1.0227520439930375	0.9668557743470818	0.16291577120622	0.9701140897712062	1.0527590844366286	0.6388888888888888	36.0
34820	train	2.9682390796631144e-05	1.0516240035454962	0.9944186539941894	0.1732492784659068	0.9978836395635076	1.0748072796397738	0.6666666666666666	36.0
34830	train	2.9658544003720956e-05	1.0918032155387083	1.0236739773338848	0.14172776954041588	1.026508532724693	1.3058936562803056	0.5555555555555556	36.0
34840	train	2.9634707627726104e-05	1.1231974038147379	1.0543007322811533	0.1237649420897166	1.0567760311229477	1.3284274538358052	0.5	36.0
34850	train	2.9610881678444815e-05	1.0405777281863853	0.9808861179928844	0.16483308157573143	0.984182779624399	1.1278989712397258	0.6388888888888888	36.0
34860	train	2.9587066165671032e-05	0.9749636287121595	0.9147455510989116	0.17490855753421783	0.918243722249596	1.1343981292512682	0.7222222222222222	36.0
34870	train	2.9563261099194425e-05	0.9378995995875916	0.8796794296294504	0.2306205870376693	0.8842918413702039	1.0721551643477545	0.6666666666666666	36.0
34880	train	2.953946648880035e-05	0.9940452667848023	0.9257907819525154	0.2083198113573922	0.9299571781796633	1.2817617721027799	0.5	36.0
34890	train	2.951568234426989e-05	1.0245925258032715	0.9555267624820838	0.189015903406673	0.9593070805502173	1.305708905061086	0.5833333333333334	36.0
34900	train	2.9491908675379772e-05	1.0992520726075006	1.0346287214441663	0.1291398505369822	1.037211518454906	1.2408110830518935	0.5277777777777778	36.0
34910	train	2.946814549190247e-05	1.009589410563791	0.9505384389464898	0.19727947066227594	0.9544840283597353	1.1021076440811157	0.7222222222222222	36.0
34920	train	2.9444392803606134e-05	0.9235128305669746	0.8547890640488387	0.19269468945761523	0.858642957837991	1.2973974545796711	0.5833333333333334	36.0
34930	train	2.9420650620254598e-05	1.0535258087622463	1.0031157456569215	0.16683042235672474	1.006452354104056	0.9414690931638082	0.8055555555555556	36.0
34940	train	2.9396918951607383e-05	1.0524421033105233	0.9888687506358802	0.13193682730197906	0.9915074871819198	1.2186923225720723	0.5555555555555556	36.0
34950	train	2.9373197807419666e-05	1.0262790790824585	0.9674691252124138	0.18057561293244362	0.9710806374710627	1.1039688322279189	0.6111111111111112	36.0
34960	train	2.934948719744232e-05	1.0476444313464177	0.9563191476667205	0.18170257243845198	0.9599531991154896	1.7538246446185641	0.4444444444444444	36.0
34970	train	2.9325787131421886e-05	1.0581522595845971	0.9991595495538559	0.15328733374675116	1.002225296228791	1.1185392671161227	0.6666666666666666	36.0
34980	train	2.9302097619100566e-05	0.9936243594118682	0.9419337623810167	0.1574872116247813	0.9450835066135123	0.970817055967119	0.75	36.0
34990	train	2.9278418670216232e-05	0.9752524762559579	0.8983785458414402	0.21923309167226154	0.9027632076748854	1.4497853716214497	0.4444444444444444	36.0
35000	train	2.9254750294502378e-05	1.0497390596701979	1.0052481191904292	0.14434153545233938	1.008134949899476	0.8320821954144372	0.8055555555555556	36.0
35000	val		1.0683563958143236	0.99765994517684	0.17365465403926747	1.0011330382576253	1.3444671511339645	0.5104166666666666	192.0
35010	train	2.9231092501688192e-05	1.0794652758208065	1.006524991409694	0.13292508323987326	1.0091834930744916	1.4056356549263	0.4722222222222222	36.0
35020	train	2.920744530149851e-05	1.0385582884796287	0.9736901062045983	0.16618127624193826	0.9770137317294371	1.2308911350038316	0.5555555555555556	36.0
35030	train	2.9183808703653788e-05	0.9929441268969528	0.9176533906455455	0.18611517349878948	0.9213756941155213	1.4313686556286283	0.5277777777777778	36.0
35040	train	2.916018271787015e-05	0.8925815352616701	0.8209600293124377	0.2378013167116377	0.8257160556466705	1.3373095922999911	0.3888888888888889	36.0
35050	train	2.9136567353859335e-05	1.1374949036440865	1.07757095932811	0.12044493233164151	1.0799798579747428	1.1503009133868747	0.5833333333333334	36.0
35060	train	2.911296262132874e-05	1.007362745756418	0.9413445498590772	0.2096893365184466	0.9455383365894462	1.2364881833394368	0.5833333333333334	36.0
35070	train	2.9089368529981365e-05	0.8987572823167069	0.828490715550074	0.23587111433347066	0.8332081378367434	1.3109828895992703	0.5555555555555556	36.0
35080	train	2.906578508951586e-05	1.067056041185961	1.0175342585327618	0.15286075522502263	1.0205914736372623	0.929291350973977	0.75	36.0
35090	train	2.9042212309626488e-05	1.0406093534669203	0.9755470423705965	0.1783053810397784	0.9791131499913921	1.2299240695105658	0.5833333333333334	36.0
35100	train	2.9018650200003138e-05	1.0515408779537314	0.9965034583026138	0.1844148331632217	1.0001917549658783	1.0269824597570631	0.6944444444444444	36.0
35110	train	2.8995098770331272e-05	1.0407339846544017	0.9826390153751654	0.19042791028817493	0.9864475735809289	1.0857282214694552	0.6666666666666666	36.0
35120	train	2.897155803029201e-05	1.0359406058430927	0.9712058518270906	0.15837684522072473	0.9743733887315051	1.2313443422317505	0.6111111111111112	36.0
35130	train	2.894802798956206e-05	1.0444816288354906	0.9782922830319649	0.1908903032541275	0.9821100890970474	1.2474307947688632	0.6388888888888888	36.0
35140	train	2.8924508657813735e-05	1.0697006964376845	1.015388073642182	0.13148597131172815	1.0180177930684167	1.0336580673853557	0.7222222222222222	36.0
35150	train	2.8901000044714944e-05	0.9616451514430984	0.8997546410975997	0.2532838098704815	0.9048203172950093	1.1364966829617817	0.6388888888888888	36.0
35160	train	2.8877502159929193e-05	1.0371575229092036	0.9792932286583974	0.1713267531659868	0.9827197637217171	1.0887551837497287	0.6666666666666666	36.0
35170	train	2.8854015013115566e-05	1.0064704139997014	0.9425891183783063	0.1810311625401179	0.9462097416291086	1.205213447411855	0.5	36.0
35180	train	2.8830538613928754e-05	0.9749378127953048	0.9154740430916743	0.19357849373703911	0.9193456129664151	1.1118439965777926	0.6944444444444444	36.0
35190	train	2.880707297201901e-05	1.0396551562449585	0.9736105874943651	0.15516895718044704	0.976713966637974	1.2588237921396892	0.5833333333333334	36.0
35200	train	2.878361809703218e-05	1.0386591057887378	0.9563927497708833	0.15471101469463772	0.959486970064776	1.5834427144792345	0.4166666666666667	36.0
35210	train	2.8760173998609658e-05	0.996336088538553	0.9327708042135362	0.19537900785605114	0.9366783843706572	1.1931540833579168	0.5833333333333334	36.0
35220	train	2.8736740686388448e-05	1.0615907515673684	1.000046360749885	0.16900362902217442	1.0034264333303287	1.1632863647407956	0.6388888888888888	36.0
35230	train	2.871331817000109e-05	1.0609142583199551	0.9979571464910982	0.1596930871407191	1.0011510082339126	1.1952650017208524	0.6111111111111112	36.0
35240	train	2.868990645907569e-05	1.0665683500003564	1.0011467874147906	0.15950540006160735	1.0043368954160228	1.2446290916866727	0.5833333333333334	36.0
35250	train	2.8666505563235928e-05	1.0636694934986712	1.0088369972198554	0.1642816944254769	1.0121226311083649	1.0309372478061252	0.6666666666666666	36.0
35260	train	2.8643115492101048e-05	1.090253044545377	1.0208630382896047	0.14484463756283125	1.0237599310408614	1.329862270090315	0.5277777777777778	36.0
35270	train	2.8619736255285788e-05	0.9506502051818043	0.8927966856626341	0.19564581910769144	0.896709602044788	1.078812062740326	0.6944444444444444	36.0
35280	train	2.859636786240047e-05	1.029325812843479	0.9710313694580105	0.17255263676246008	0.9744824221932596	1.0968678130043878	0.75	36.0
35290	train	2.8573010323050986e-05	0.9127929805165782	0.8433061400085279	0.23474469491177136	0.8480010339067633	1.2958389321962993	0.6388888888888888	36.0
35300	train	2.8549663646838717e-05	1.0679048412144847	1.0169333653914268	0.15017652263243994	1.0199368958440755	0.9593589074081845	0.5833333333333334	36.0
35310	train	2.8526327843360604e-05	1.0393162077682898	0.9765391406434463	0.16827185451984406	0.9799045777338431	1.1882326006889343	0.5555555555555556	36.0
35320	train	2.8503002922209134e-05	1.1425722413365205	1.0818431260126324	0.12372247626384099	1.0843175755379093	1.1650933159722223	0.6388888888888888	36.0
35330	train	2.8479688892972272e-05	1.0773131561439449	1.0047239386698816	0.16542278312974507	1.0080323943324765	1.3856152362293668	0.4722222222222222	36.0
35340	train	2.845638576523354e-05	1.1179355707646559	1.0680582935658909	0.12642449885606766	1.0705867835430123	0.9469757444328732	0.7222222222222222	36.0
35350	train	2.843309354857199e-05	1.0367210432567464	0.9708262169207069	0.17795059829950333	0.974385228886697	1.2467162874009874	0.6111111111111112	36.0
35360	train	2.840981225256215e-05	0.9585617443726744	0.8900850387718564	0.19705702116092047	0.8940261791950748	1.2907113035519917	0.6388888888888888	36.0
35370	train	2.8386541886774102e-05	1.0730651318650157	1.0197831428667616	0.15493965645631155	1.0228819359958878	1.0036639173825581	0.75	36.0
35380	train	2.8363282460773398e-05	1.061866884559481	1.000592364255013	0.13139004906018575	1.0032201652362167	1.1729343864652846	0.5833333333333334	36.0
35390	train	2.8340033984121123e-05	1.0718300642263963	1.0075616562929823	0.14641834857563177	1.0104900232644949	1.2268008192380269	0.5277777777777778	36.0
35400	train	2.8316796466373842e-05	1.0829928699364968	1.0242015715669304	0.14835700558291542	1.0271687116785886	1.116483165158166	0.6944444444444444	36.0
35410	train	2.8293569917083627e-05	0.9798378167903101	0.9266705722632351	0.188091731733746	0.9304324068979101	0.9881081978480021	0.6944444444444444	36.0
35420	train	2.8270354345798023e-05	1.0880745777890055	1.0267387989068992	0.145200258327855	1.0296428040734564	1.1686354743109808	0.6388888888888888	36.0
35430	train	2.8247149762060096e-05	1.0186049106436939	0.9487708740252228	0.18573870211839677	0.9524856480675907	1.3223852515220642	0.5555555555555556	36.0
35440	train	2.822395617540834e-05	0.9762264449601535	0.9149300050773718	0.17719990925656426	0.9184740032625031	1.1550488339530096	0.5555555555555556	36.0
35450	train	2.8200773595376784e-05	0.966577571043567	0.9101336680940749	0.1942279405064053	0.914018226904203	1.0511868827872806	0.6666666666666666	36.0
35460	train	2.8177602031494906e-05	1.022326963388401	0.9650816263855937	0.16717816558149126	0.9684251896972235	1.0780354738235474	0.6666666666666666	36.0
35470	train	2.8154441493287663e-05	1.057890867986007	0.9804962005505695	0.16819194797426462	0.9838600395100549	1.480616569519043	0.3888888888888889	36.0
35480	train	2.8131291990275483e-05	1.0117572349777846	0.9398770299359521	0.18185222645600638	0.9435140744650723	1.3648632102542453	0.5555555555555556	36.0
35490	train	2.8108153531974232e-05	0.9586146761807666	0.8969820170766313	0.1981350150373247	0.9009447173773778	1.1533991760677762	0.6388888888888888	36.0
35500	train	2.8085026127895284e-05	1.0269283151635924	0.9433747931993072	0.1910610728793674	0.9471960146568945	1.5946460101339552	0.4444444444444444	36.0
35510	train	2.8061909787545418e-05	1.0335244606548408	0.970353918550464	0.1764119060503112	0.9738821566714703	1.1928460796674092	0.5	36.0
35520	train	2.8038804520426907e-05	1.0216816989972293	0.9561469674336346	0.17890450772311953	0.959725057588097	1.2391328281826444	0.5833333333333334	36.0
35530	train	2.801571033603745e-05	1.0357313434645068	0.9859598746595645	0.15481346017784542	0.9890561438631214	0.9335039920277066	0.75	36.0
35540	train	2.7992627243870178e-05	1.0899667069387033	1.0166990100829065	0.15144721791148186	1.0197279544411362	1.4047750499513414	0.4722222222222222	36.0
35550	train	2.7969555253413685e-05	1.0288263777399769	0.9607537489803013	0.1970646008849144	0.9646950409979996	1.2826267348395453	0.5	36.0
35560	train	2.7946494374152e-05	1.0944074018535752	1.0274020460384825	0.1693675249814987	1.0307893965381125	1.272360106309255	0.5555555555555556	36.0
35570	train	2.7923444615564577e-05	1.1236848193825668	1.0655486896556006	0.12006681909163792	1.0679500260374333	1.1146958669026692	0.6666666666666666	36.0
35580	train	2.7900405987126303e-05	0.9663324504528888	0.9077959338356739	0.20053586150918687	0.9118066510658577	1.0905159877406225	0.6944444444444444	36.0
35590	train	2.787737849830749e-05	1.0165242418494935	0.9526053157296892	0.16642635729577807	0.9559338428756048	1.2118079794777765	0.6666666666666666	36.0
35600	train	2.7854362158573863e-05	0.9877277641237429	0.9167282121950373	0.17029948284228644	0.920134201851883	1.3518712454371982	0.5	36.0
35610	train	2.7831356977386567e-05	1.0093806662455655	0.934602686964352	0.1985509177049001	0.93857370531845	1.416139218542311	0.4444444444444444	36.0
35620	train	2.7808362964202174e-05	1.021608757358224	0.9721564747473573	0.17723353157440822	0.9757011453788454	0.9181522395875719	0.6666666666666666	36.0
35630	train	2.7785380128472664e-05	1.0270371282816915	0.9770983498017975	0.13983947038650513	0.9798951392095276	0.942839781443278	0.6944444444444444	36.0
35640	train	2.7762408479645375e-05	1.0337197242470586	0.9667152513588804	0.17981843203306197	0.9703116199995416	1.2681620849503412	0.5277777777777778	36.0
35650	train	2.7739448027163112e-05	0.9596534985204259	0.9032638968063447	0.20347212851047516	0.9073333393765541	1.0464031828774347	0.7222222222222222	36.0
35660	train	2.7716498780464044e-05	1.111938326361134	1.031288080343625	0.1438383529583613	1.0341648474027922	1.5554695791668363	0.5	36.0
35670	train	2.769356074898174e-05	1.0540810154383273	0.9897546005253882	0.15686280777057013	0.9928918566807996	1.2237831751505535	0.5555555555555556	36.0
35680	train	2.7670633942145155e-05	0.9850420191812884	0.9318145595047247	0.17848239776988825	0.9353842074601224	0.9931562344233195	0.6388888888888888	36.0
35690	train	2.7647718369378633e-05	1.0573345337805726	1.0026691916781245	0.14387220789988836	1.0055466358361222	1.0357579588890076	0.6666666666666666	36.0
35700	train	2.7624814040101906e-05	1.0415933346130126	0.9812076178899414	0.14884316755665672	0.9841844812410745	1.1481770674387615	0.6111111111111112	36.0
35710	train	2.760192096373009e-05	0.9545804293960423	0.8919864135162787	0.231292354563872	0.8966122606075562	1.159363375769721	0.6388888888888888	36.0
35720	train	2.7579039149673644e-05	0.9354109538719644	0.8767530795725441	0.22678383356995052	0.8812887562439431	1.0824439525604248	0.6944444444444444	36.0
35730	train	2.755616860733841e-05	0.9575657045400855	0.8918386257082274	0.19655598120556939	0.8957697453323388	1.2359191841549344	0.5833333333333334	36.0
35740	train	2.753330934612563e-05	1.0417257158165338	0.9656734026178879	0.18487916141748428	0.9693709858462376	1.4470945994059246	0.5	36.0
35750	train	2.7510461375431857e-05	1.1151949620263049	1.0575143604410624	0.12777211144566536	1.0600698026699757	1.1025031871265836	0.5833333333333334	36.0
35760	train	2.748762470464907e-05	1.0578855274284518	0.9974703595371348	0.16256393409437603	1.0007216382190223	1.1432777841885884	0.6388888888888888	36.0
35770	train	2.7464799343164508e-05	1.0355537072366068	0.9648063451428137	0.17003171228700215	0.9682069793885537	1.3469345569610596	0.5	36.0
35780	train	2.744198530036085e-05	1.0182227210045411	0.9574079212056816	0.17219521601994833	0.9608518255260806	1.1474179095692105	0.6111111111111112	36.0
35790	train	2.741918258561607e-05	0.9894852803360462	0.9290492820750713	0.18284310003121693	0.9327061440756956	1.135582725207011	0.5833333333333334	36.0
35800	train	2.7396391208303518e-05	0.9686094420820532	0.8958217725161107	0.19509313503901163	0.8997236352168909	1.3777161373032465	0.5	36.0
35810	train	2.737361117779185e-05	1.0656405149903525	0.9982317202097802	0.1539023031791051	1.0013097662733623	1.286614974339803	0.5555555555555556	36.0
35820	train	2.7350842503445095e-05	0.9778956077210545	0.9189788356427459	0.18696558165053526	0.9227181472757565	1.1035492089059618	0.6666666666666666	36.0
35830	train	2.7328085194622583e-05	1.0331654474777834	0.9639818393994891	0.14994153628746668	0.9669806701252385	1.3236955470509	0.5277777777777778	36.0
35840	train	2.7305339260678988e-05	1.081187972100858	1.0003855269044148	0.1416923561029964	1.0032193740264748	1.5593719614876642	0.4444444444444444	36.0
35850	train	2.7282604710964307e-05	0.972529217139813	0.9176194536446857	0.2046654502550761	0.9217127626497872	1.0163290898005168	0.6388888888888888	36.0
35860	train	2.725988155482386e-05	0.9664523912922738	0.8908643222432531	0.22437451717754206	0.895351812586804	1.4220115741093953	0.5555555555555556	36.0
35870	train	2.723716980159827e-05	1.0529666983363133	0.9746493577197627	0.18948672898113728	0.9784390922993854	1.4905521207385592	0.4166666666666667	36.0
35880	train	2.7214469460623466e-05	0.9915784017768929	0.9277374343402615	0.19185294806957245	0.9315744933016529	1.2000781695048015	0.6388888888888888	36.0
35890	train	2.719178054123072e-05	0.9507207637813626	0.896911665308337	0.18914338139196238	0.9006945329361762	1.000524616903729	0.6944444444444444	36.0
35900	train	2.7169103052746583e-05	1.018264284678797	0.9656489251598244	0.1840817312754336	0.969330559785333	0.9786744978692796	0.7222222222222222	36.0
35910	train	2.7146437004492923e-05	1.1171047813838586	1.0590905130120645	0.13742279807726543	1.0618389689736099	1.105316248204973	0.6388888888888888	36.0
35920	train	2.7123782405786885e-05	0.9975927352816798	0.9252859316346649	0.17443922410408655	0.9287747161167467	1.376360383298662	0.5277777777777778	36.0
35930	train	2.7101139265940926e-05	1.0468438929617085	0.9931064669050784	0.16827039855221906	0.9964718748761228	1.007440361711714	0.6944444444444444	36.0
35940	train	2.707850759426278e-05	1.0396930559740134	0.9880418020088476	0.16469642519950867	0.9913357305128377	0.9671465092235141	0.7222222222222222	36.0
35950	train	2.7055887400055474e-05	0.9685551177187672	0.8931502293934999	0.20121082332399157	0.8971744458599797	1.4276134371757507	0.5555555555555556	36.0
35960	train	2.7033278692617314e-05	0.9348770561644313	0.8745930738477783	0.21742123166720073	0.8789414984811224	1.1187111536661785	0.5833333333333334	36.0
35970	train	2.7010681481241908e-05	1.0268676349833166	0.9578916485470705	0.17238757156190418	0.9613393999783086	1.310564700100157	0.5833333333333334	36.0
35980	train	2.698809577521808e-05	0.9724089063748051	0.9079698406203917	0.20060049990812936	0.9119818506185542	1.2085411151250203	0.6944444444444444	36.0
35990	train	2.6965521583829977e-05	1.0732260984353805	1.0233465156494828	0.15210691740115484	1.0263886539975058	0.9367488887574937	0.6944444444444444	36.0
36000	train	2.6942958916356998e-05	1.003032932047782	0.9437250945946286	0.17660624285538992	0.9472572194517364	1.115514251920912	0.5833333333333334	36.0
36000	val		1.0673379062981503	0.9962031817595923	0.17249051446260558	0.9996529920488444	1.3536982849861185	0.5260416666666666	192.0
36010	train	2.6920407782073794e-05	1.0388499709174197	0.9788538152679962	0.1697669964697626	0.9822491551973914	1.132016314400567	0.5833333333333334	36.0
36020	train	2.68978681902503e-05	1.0677540271603527	0.9889246143192181	0.1590278587407536	0.9921051714940331	1.5129771133263905	0.4722222222222222	36.0
36030	train	2.687534015015168e-05	1.1142045029749947	1.060367484291442	0.14587598418196043	1.0632850039750812	1.0183899799982707	0.6388888888888888	36.0
36040	train	2.6852823671038364e-05	1.1416231379219905	1.0701374575616436	0.12395406855891149	1.0726165389328217	1.380131979783376	0.5277777777777778	36.0
36050	train	2.683031876216602e-05	1.0611869661556097	0.9847842572758343	0.16033000374833742	0.987990857350801	1.4639221760961745	0.4722222222222222	36.0
36060	train	2.6807825432785575e-05	1.0342350038398962	0.9818856713185372	0.1566732202967008	0.9850191357244712	0.9843173623085022	0.6944444444444444	36.0
36070	train	2.6785343692143195e-05	1.0686272036777515	1.012115406981433	0.14759198741780388	1.0150672467297892	1.0711991389592488	0.6666666666666666	36.0
36080	train	2.6762873549480255e-05	1.0041417421929326	0.9366678905055542	0.20408940215905508	0.9407496785487354	1.267841272883945	0.5	36.0
36090	train	2.6740415014033378e-05	1.0053766990003392	0.9319606151180868	0.1839890494942665	0.9356403961079721	1.3947260578473408	0.5277777777777778	36.0
36100	train	2.6717968095034437e-05	1.109680746969603	1.046520459418021	0.1427832351376613	1.0493761241207744	1.2060924569765727	0.5	36.0
36110	train	2.6695532801710508e-05	0.9048128139871506	0.8344699291535366	0.19344098245104155	0.8383387488025574	1.329481303691864	0.5555555555555556	36.0
36120	train	2.667310914328389e-05	1.0735354503370622	1.002377119134926	0.1494460254907608	1.0053660396447412	1.3633882138464186	0.4444444444444444	36.0
36130	train	2.66506971289721e-05	1.055122084094712	0.9904444028133772	0.15724694170057774	0.9935893416473888	1.2306548489464655	0.6111111111111112	36.0
36140	train	2.662829676798788e-05	1.0639574688181952	1.0037046053348986	0.15192068202628028	1.0067430189754243	1.144288996855418	0.6666666666666666	36.0
36150	train	2.660590806953916e-05	0.9659828107899492	0.9049627282698351	0.1711380789677302	0.9083854898491898	1.1519464188151889	0.6111111111111112	36.0
36160	train	2.6583531042829095e-05	1.0409790430854486	0.9897381847160451	0.16177900632222494	0.9929737648424897	0.9601055648591783	0.7222222222222222	36.0
36170	train	2.656116569705605e-05	0.9813942548651078	0.911210154859746	0.1571859916051229	0.9143538746918485	1.3408076034651861	0.4722222222222222	36.0
36180	train	2.6538812041413545e-05	1.0165396963915925	0.9587023326948318	0.1885039582848549	0.9624724118605289	1.0813456906212702	0.6111111111111112	36.0
36190	train	2.651647008509035e-05	1.1036569728509307	1.0415782840572185	0.1297224521636963	1.0441727331004924	1.1896847950087652	0.5833333333333334	36.0
36200	train	2.6494139837270372e-05	1.1020955445063745	1.0411885114735333	0.15413792332013448	1.044271269939936	1.1564854913287692	0.6944444444444444	36.0
36210	train	2.647182130713274e-05	0.9572130116316948	0.8906039911203855	0.17214529116948446	0.8940468969437751	1.2633222937583923	0.6944444444444444	36.0
36220	train	2.644951450385177e-05	1.0173875593792703	0.9497811842777304	0.1785990504754914	0.9533531652872402	1.2806878818406	0.4166666666666667	36.0
36230	train	2.6427219436596948e-05	1.0637631504943863	1.0027316573140583	0.16658916076024374	1.0060634405292632	1.1539941993024614	0.6666666666666666	36.0
36240	train	2.6404936114532916e-05	1.0369315455832604	0.9662514198301757	0.17111913363138834	0.9696738025028034	1.345154861609141	0.5555555555555556	36.0
36250	train	2.6382664546819523e-05	1.0037899150818994	0.9500348813040796	0.17853815191321903	0.9536056443423441	1.0036854147911072	0.6944444444444444	36.0
36260	train	2.6360404742611766e-05	1.0125477754878889	0.944881391585657	0.15748557051022846	0.9480311029958616	1.2903334498405457	0.6388888888888888	36.0
36270	train	2.6338156711059803e-05	1.0358602525730911	0.9840440611854179	0.1809721247603496	0.9876635036806248	0.9639349778493246	0.75	36.0
36280	train	2.631592046130896e-05	1.00630733268512	0.9424116710562115	0.1850402519106865	0.9461124760944252	1.2038971318138971	0.6111111111111112	36.0
36290	train	2.6293696002499734e-05	1.0446365100023514	0.9844637987226942	0.16493110855420431	0.9877624208937783	1.1374817821714613	0.5277777777777778	36.0
36300	train	2.6271483343767753e-05	1.0066357272192694	0.9426191666796663	0.1821254106859366	0.946261674893385	1.20748104651769	0.6666666666666666	36.0
36310	train	2.6249282494243796e-05	1.0707378690773512	1.0225376653109257	0.16050988386074702	1.0257478629881407	0.8998001217842102	0.7222222222222222	36.0
36320	train	2.6227093463053782e-05	1.11108085587441	1.0443040536773114	0.1262336996694406	1.0468287276707002	1.2850425640741985	0.5833333333333334	36.0
36330	train	2.6204916259318812e-05	0.9882733244677829	0.9281802224464332	0.19652042935291927	0.9321106310334916	1.1232538686858282	0.5833333333333334	36.0
36340	train	2.618275089215507e-05	1.1070290995754761	1.0518744182803197	0.11440421591202418	1.0541625025985601	1.0573319395383198	0.6666666666666666	36.0
36350	train	2.6160597370673917e-05	1.122431749593339	1.0469485330990171	0.13483794116311604	1.0496452919222794	1.45572915342119	0.5	36.0
36360	train	2.6138455703981833e-05	1.0521042784009698	0.993203050539327	0.1649028236667315	0.9965011070126616	1.112063427766164	0.6111111111111112	36.0
36370	train	2.6116325901180404e-05	1.0291611082005	0.9665028132975926	0.16028472284475961	0.9697085077544878	1.1890520089202457	0.6388888888888888	36.0
36380	train	2.6094207971366363e-05	0.9736137407972325	0.8942040251687742	0.21626828921337923	0.8985293909530417	1.5016869968838162	0.4722222222222222	36.0
36390	train	2.6072101923631566e-05	1.0670823509910987	1.0051920544921644	0.15572152336438497	1.008306484959452	1.1755173206329346	0.6388888888888888	36.0
36400	train	2.6050007767062983e-05	1.0320487295964338	0.9647646444352777	0.1826488544543584	0.9684176215243648	1.272622161441379	0.5555555555555556	36.0
36410	train	2.602792551074265e-05	0.9869644090493209	0.9306855371637165	0.16891339048743248	0.9340638049734652	1.0580120815171137	0.6944444444444444	36.0
36420	train	2.6005855163747764e-05	0.8752966278722196	0.8145662643575313	0.2090538998444875	0.818747342354421	1.1309857103559706	0.6944444444444444	36.0
36430	train	2.5983796735150618e-05	1.0524620981397503	1.0020299566875506	0.15418972385426363	1.0051137511646357	0.9469669395022922	0.7222222222222222	36.0
36440	train	2.5961750234018597e-05	1.0304852343534092	0.9486976987182756	0.16912361420691013	0.9520801710024138	1.5681012670199077	0.4444444444444444	36.0
36450	train	2.593971566941419e-05	1.0628287371097938	0.9845175968771777	0.14472184379895528	0.9874120337531568	1.5083340671327379	0.4722222222222222	36.0
36460	train	2.5917693050394962e-05	1.0453263903778616	0.9792504802864614	0.1958759109179179	0.9831679985048198	1.2431678374608357	0.6111111111111112	36.0
36470	train	2.589568238601359e-05	0.926339576662229	0.8680217745012506	0.22012784133354824	0.8724243313279216	1.078304906686147	0.6666666666666666	36.0
36480	train	2.587368368531782e-05	1.0394072868643305	0.9681035499325826	0.17112497323089176	0.9715260493972004	1.3576247493426006	0.5555555555555556	36.0
36490	train	2.585169695735049e-05	1.0900136069986275	1.0148745930889962	0.14971484657790926	1.0178688900205544	1.4428943395614624	0.4722222222222222	36.0
36500	train	2.5829722211149533e-05	1.025455123281689	0.9524689604718269	0.1789887137711048	0.956048734747249	1.3881277706887987	0.5555555555555556	36.0
36510	train	2.5807759455747895e-05	1.0439657867020207	0.980341145618012	0.16209081394804847	0.9835829618969729	1.2076564961009555	0.6111111111111112	36.0
36520	train	2.5785808700173665e-05	0.9619621509904803	0.8933483543093147	0.20472269505262375	0.8974428082103671	1.2903868556022644	0.5833333333333334	36.0
36530	train	2.5763869953449953e-05	0.9731003716697769	0.9124352720241226	0.1671356869240602	0.9157779857626037	1.1464477181434631	0.6666666666666666	36.0
36540	train	2.5741943224594963e-05	0.9609620695756217	0.9014252299447529	0.20080727537473042	0.9054413754522476	1.1104138824674818	0.6111111111111112	36.0
36550	train	2.5720028522621945e-05	1.0565376255588232	0.9691365456165135	0.18746461187090194	0.9728858378539316	1.6730357540978327	0.4166666666666667	36.0
36560	train	2.569812585653919e-05	1.0221246681520124	0.9548295628271614	0.18078834149572584	0.9584453296570759	1.2735867698987324	0.5555555555555556	36.0
36570	train	2.5676235235350075e-05	1.0130029608023434	0.9439067537829879	0.18457381576299667	0.9475982300982478	1.3080946140819125	0.6111111111111112	36.0
36580	train	2.565435666805299e-05	1.048645985397775	0.9860853003128494	0.18382044831911723	0.9897617092792317	1.1776855223708682	0.6388888888888888	36.0
36590	train	2.5632490163641407e-05	1.0253767378500807	0.9715295208863127	0.16393305857976279	0.974808182057908	1.011371115843455	0.6666666666666666	36.0
36600	train	2.5610635731103807e-05	1.0564192549818683	0.9940525097648895	0.1606322333216667	0.9972651544313228	1.1830820110109117	0.6111111111111112	36.0
36610	train	2.5588793379423735e-05	0.9578804339673388	0.8987768091383511	0.1920635737478733	0.9026180806133086	1.1052470670806036	0.6388888888888888	36.0
36620	train	2.556696311757974e-05	1.0437856576043938	0.96790705187439	0.14765087862809498	0.9708600694469519	1.4585117631488376	0.4722222222222222	36.0
36630	train	2.554514495454543e-05	1.0300588230129115	0.9646258087293339	0.17701481034358343	0.9681661049362056	1.2378543615341187	0.5833333333333334	36.0
36640	train	2.552333889928941e-05	1.0424251316904234	0.9702739556152827	0.1740538050731023	0.9737550317167448	1.3734019994735718	0.5833333333333334	36.0
36650	train	2.5501544960775337e-05	1.0310680569954667	0.9677612947670572	0.17583041306998995	0.971277903028457	1.195803079340193	0.5	36.0
36660	train	2.5479763147961882e-05	1.0049844055711283	0.9447901618486364	0.18079042765829298	0.9484059704018023	1.1315687033865187	0.5277777777777778	36.0
36670	train	2.545799346980271e-05	1.03929688191549	0.9635573874526819	0.1698886106411616	0.9669551596655052	1.4468344449996948	0.5	36.0
36680	train	2.5436235935246538e-05	1.0365734617924203	0.9764447604300752	0.16645548906591204	0.9797738702113935	1.1359918316205342	0.5833333333333334	36.0
36690	train	2.541449055323704e-05	1.0344939032290597	0.9687643218647326	0.1586215801537037	0.9719367534678067	1.2511429952250586	0.5555555555555556	36.0
36700	train	2.5392757332712937e-05	1.0560909091345052	0.9959853918597017	0.13241261740525564	0.9986336442078068	1.1491452985339694	0.6666666666666666	36.0
36710	train	2.537103628260793e-05	1.0019411496931032	0.9333596402732532	0.18737002355711802	0.9371070407443957	1.2966821789741516	0.5555555555555556	36.0
36720	train	2.5349327411850728e-05	1.051806186139748	1.0065422674948958	0.14133268296718599	1.0093689211542396	0.8487452997101678	0.8333333333333334	36.0
36730	train	2.5327630729365034e-05	0.9298127444328667	0.8600176644813816	0.19490917151172957	0.8639158479116162	1.317937930425008	0.5555555555555556	36.0
36740	train	2.5305946244069505e-05	0.9876490773490307	0.9287663098770286	0.18271725277105968	0.9324206549324497	1.104568448331621	0.5277777777777778	36.0
36750	train	2.528427396487784e-05	0.9673777806593311	0.9118789005279541	0.19654194431172478	0.9158097394141885	1.0313608249028523	0.6944444444444444	36.0
36760	train	2.5262613900698685e-05	1.0517958948852126	0.9917010993137795	0.15736958781878155	0.9948484910701552	1.1389480763011508	0.6111111111111112	36.0
36770	train	2.5240966060435677e-05	1.015459054055619	0.955453041354293	0.17466791056924397	0.9589463995656778	1.1302530897988214	0.6944444444444444	36.0
36780	train	2.521933045298742e-05	0.962592771583033	0.8909281694258906	0.2191380128264427	0.8953109296824194	1.3456368380122714	0.3888888888888889	36.0
36790	train	2.51977070872475e-05	0.9483701396699061	0.8851985788592343	0.1977238843838374	0.889153056546911	1.1843416624599032	0.6388888888888888	36.0
36800	train	2.517609597210447e-05	1.0700221057723616	1.015211514687272	0.15889625797669094	1.0183894398468059	1.032653318511115	0.6944444444444444	36.0
36810	train	2.5154497116441832e-05	1.0724837747141307	1.0002722286089014	0.14610752804825702	1.0031943791698665	1.385787910885281	0.5	36.0
36820	train	2.5132910529138072e-05	0.9756691656138241	0.9171724354186728	0.18237069249153137	0.9208198492685034	1.0969863269064162	0.6111111111111112	36.0
36830	train	2.511133621906663e-05	0.9364569466567496	0.8646781515088141	0.21674225851893425	0.8690129966791927	1.3488789995511372	0.5555555555555556	36.0
36840	train	2.508977419509586e-05	1.0551443658351822	0.9972420972499505	0.1697276375359959	1.0006366500006705	1.090154316690233	0.6388888888888888	36.0
36850	train	2.5068224466089106e-05	1.0337464529849387	0.969967796917819	0.1654425598680973	0.9732766481151809	1.2093960973951552	0.6111111111111112	36.0
36860	train	2.5046687040904654e-05	1.042821514629533	0.9799932865532339	0.15168720814916822	0.9830270307162173	1.1958896782663133	0.6111111111111112	36.0
36870	train	2.5025161928395726e-05	1.0176680326071759	0.9537991627164065	0.16085289667050043	0.9570162206498165	1.2130362391471863	0.6388888888888888	36.0
36880	train	2.5003649137410475e-05	1.042174511303326	0.9637243880187819	0.16770049007166	0.9670783978202151	1.5019222696622212	0.4722222222222222	36.0
36890	train	2.4982148676792007e-05	1.0363656396165608	0.9692457324758289	0.1763325333595276	0.9727723831430195	1.2718651294708252	0.5	36.0
36900	train	2.496066055537834e-05	1.0233226960002488	0.9694773632386432	0.15084488689899445	0.9724942609766231	1.016568700472514	0.6944444444444444	36.0
36910	train	2.4939184782002443e-05	1.041129993579561	0.9673054478219228	0.17325012303060955	0.9707704502825351	1.407190865940518	0.5	36.0
36920	train	2.491772136549218e-05	1.1207829239126663	1.0598905308965134	0.13278109282255174	1.0625461527529645	1.1647354231940374	0.6111111111111112	36.0
36930	train	2.4896270314670353e-05	1.0028989861900315	0.9503703857953057	0.17603103485372332	0.9538910064923802	0.9801595939530267	0.75	36.0
36940	train	2.4874831638354704e-05	1.0367209875586938	0.9830286375353712	0.17482717335224152	0.986525181002416	1.003916131125556	0.6666666666666666	36.0
36950	train	2.4853405345357825e-05	0.9689158472666081	0.9004836041644815	0.1893642759985394	0.9042708896844522	1.2928991516431172	0.5277777777777778	36.0
36960	train	2.483199144448727e-05	1.0055346795929396	0.9455227083146165	0.19322992778486675	0.9493873068703138	1.1229474544525146	0.6111111111111112	36.0
36970	train	2.4810589944545487e-05	0.9830309963788885	0.9124082372270986	0.17604950840274494	0.9159292273951535	1.3420353796746995	0.5277777777777778	36.0
36980	train	2.478920085432982e-05	1.05280559647145	0.9912467229902293	0.1604317804177602	0.9944553585985845	1.1670047574573092	0.5833333333333334	36.0
36990	train	2.4767824182632527e-05	1.0317126649823478	0.9544416918496316	0.16247599025567372	0.957691211654745	1.4804290665520563	0.5833333333333334	36.0
37000	train	2.4746459938240742e-05	1.0184875119641628	0.9510831439443965	0.16411437739928564	0.9543654314923823	1.2824416094356113	0.5277777777777778	36.0
37000	val		1.0650162750211862	0.9949479788338078	0.16990081885866928	0.9983459952109812	1.333405596204102	0.5364583333333334	192.0
37010	train	2.47251081299365e-05	0.9670487333239051	0.8972016837829615	0.19022974173227947	0.9010062786176071	1.3208490941259596	0.5555555555555556	36.0
37020	train	2.470376876649672e-05	0.9812991191955687	0.9035843120295751	0.20496105353037516	0.9076835331001826	1.4723117219077215	0.4722222222222222	36.0
37030	train	2.4682441856693217e-05	1.0272544696768022	0.9493600500464336	0.15806255406803554	0.9525213011277943	1.494663370980157	0.5555555555555556	36.0
37040	train	2.4661127409292684e-05	1.0193732983922867	0.9470066131408919	0.20742478867371877	0.9511551089143663	1.3643637895584106	0.5833333333333334	36.0
37050	train	2.4639825433056656e-05	1.0525938877563639	0.9873269652824564	0.15077120860417684	0.99034238945454	1.2450299660364788	0.5833333333333334	36.0
37060	train	2.4618535936741594e-05	1.0390183017932935	0.9715603994114759	0.17507709314425787	0.9750619412743611	1.2791272103786469	0.5833333333333334	36.0
37070	train	2.4597258929098813e-05	1.086208596360859	1.018254943306754	0.15650170958704418	1.0213849774984949	1.2964723772472806	0.6111111111111112	36.0
37080	train	2.4575994418874455e-05	1.0054804337375305	0.9391428827431078	0.1841089121169514	0.9428250609854468	1.2531074550416734	0.6388888888888888	36.0
37090	train	2.4554742414809584e-05	1.072379417727664	1.0096280094156083	0.152336585521698	1.0126747411260422	1.1940935320324368	0.5555555555555556	36.0
37100	train	2.4533502925640085e-05	0.9637371076268979	0.8819493139491839	0.17063337109155124	0.8853619813710149	1.5675025251176622	0.4444444444444444	36.0
37110	train	2.451227596009671e-05	1.0129023363942433	0.9485267312084168	0.2121167712741428	0.9527690666338996	1.2026653952068753	0.5277777777777778	36.0
37120	train	2.449106152690507e-05	1.010380678297648	0.9503849109393715	0.17492340091201994	0.9538833789576119	1.1299459868007236	0.6388888888888888	36.0
37130	train	2.4469859634785612e-05	0.9342989531893504	0.8853404179287261	0.20661292473475137	0.8894726764234211	0.8965255353185866	0.6944444444444444	36.0
37140	train	2.444867029245363e-05	1.02720879162417	0.9517526190519281	0.18967023392518362	0.9555460237304317	1.4332553578747644	0.5	36.0
37150	train	2.4427493508619273e-05	0.9864281089940801	0.9225835214229889	0.19542603856987423	0.9264920421943864	1.1987213359938726	0.5555555555555556	36.0
37160	train	2.4406329291987507e-05	0.9863363846800038	0.9295836039047747	0.1671988781955507	0.9329275814686857	1.0681760642263625	0.7222222222222222	36.0
37170	train	2.4385177651258156e-05	1.1186540212255875	1.062454861902601	0.13382913828605697	1.0651314446683222	1.0704515311453078	0.6944444444444444	36.0
37180	train	2.436403859512584e-05	1.0105247013970702	0.9416386929622447	0.20830875833829243	0.9458048681290105	1.2943966653611925	0.5277777777777778	36.0
37190	train	2.434291213228003e-05	1.0111131937487252	0.9601775414844347	0.17647388453284898	0.9637070191750917	0.9481234914726682	0.6666666666666666	36.0
37200	train	2.432179827140503e-05	0.9490644102489783	0.8775449155300028	0.22071748971939087	0.8819592653243906	1.3421028984917536	0.5	36.0
37210	train	2.4300697021179938e-05	1.0409309793596566	0.9795752181114521	0.13243474356002277	0.9822239129826525	1.1741413275400798	0.6388888888888888	36.0
37220	train	2.427960839027869e-05	0.976589942168531	0.9154899580193928	0.20375208225515154	0.9195649996644959	1.140498850080702	0.6666666666666666	36.0
37230	train	2.4258532387370023e-05	1.0572261113223929	0.9931918649041815	0.14889705578486126	0.9961698060198788	1.2211261060502794	0.5555555555555556	36.0
37240	train	2.4237469021117485e-05	1.011404720797958	0.9540456285210006	0.1648712990184625	0.9573430545013698	1.081233325931761	0.6944444444444444	36.0
37250	train	2.4216418300179427e-05	0.8323932677703936	0.7723992671798837	0.23288447310527166	0.7770569566419891	1.106726222568088	0.6111111111111112	36.0
37260	train	2.4195380233209008e-05	1.0396181264169015	0.9814537609680162	0.1634597790737947	0.984722956549492	1.097903397348192	0.7222222222222222	36.0
37270	train	2.41743548288542e-05	1.0145593729468656	0.9537317637243058	0.16064754731598355	0.9569447146706255	1.1522931655248005	0.5833333333333334	36.0
37280	train	2.415334209575772e-05	1.0832557031793717	1.0287603706734039	0.13352057337760925	1.031430782140956	1.0364984207683139	0.5833333333333334	36.0
37290	train	2.4132342042557125e-05	1.0106711082242739	0.9410104740552441	0.1942751822727067	0.9448959777006982	1.3155026104715135	0.4722222222222222	36.0
37300	train	2.4111354677884742e-05	1.051715260863742	0.9808621291655045	0.15543768902619678	0.9839708829460284	1.3548875583542719	0.5833333333333334	36.0
37310	train	2.4090380010367684e-05	0.9318068481743234	0.8747860536005659	0.20101372847954432	0.8788063281701568	1.06001040008333	0.6666666666666666	36.0
37320	train	2.4069418048627843e-05	1.0600061796042155	1.009273809466047	0.1537515679995219	1.0123488408260375	0.953146775563558	0.6944444444444444	36.0
37330	train	2.4048468801281897e-05	1.0214197546905965	0.9419077788355473	0.18962164440502724	0.9457002117236478	1.5143908593389723	0.5277777777777778	36.0
37340	train	2.4027532276941282e-05	0.9281734785738842	0.858011048648416	0.19078527142604193	0.8618267540769369	1.326934489938948	0.5277777777777778	36.0
37350	train	2.400660848421222e-05	0.995476351678887	0.9306778623334425	0.2113672826025221	0.9349052079854929	1.2114228738678827	0.6666666666666666	36.0
37360	train	2.3985697431695683e-05	1.0454432123164974	0.9774913252288079	0.15525363733371098	0.9805963979754821	1.2969362868203058	0.5277777777777778	36.0
37370	train	2.3964799127987432e-05	1.0757108657513188	1.013970264951384	0.14837747160345316	1.016937814383453	1.1754610273573134	0.6388888888888888	36.0
37380	train	2.3943913581677947e-05	1.0537311256676032	1.009042884516959	0.14806770450539058	1.012004238607067	0.8345377412107255	0.8611111111111112	36.0
37390	train	2.3923040801352498e-05	0.9949093261218054	0.9111601923892216	0.18411779006322224	0.914842548190486	1.6013355586263869	0.4444444444444444	36.0
37400	train	2.3902180795591093e-05	1.0065134599420498	0.9320482722467585	0.17685664892196656	0.9355854052251978	1.4185610943370395	0.5833333333333334	36.0
37410	train	2.38813335729685e-05	1.030678401135106	0.9580117367549398	0.17187089348832765	0.9614491546247064	1.3845849302079942	0.4722222222222222	36.0
37420	train	2.386049914205422e-05	1.0866230204529541	1.0267013754440988	0.15252654171652263	1.0297519062784293	1.1374222834904988	0.6111111111111112	36.0
37430	train	2.383967751141249e-05	0.9559737408934191	0.8903886249772199	0.21705136696497598	0.8947296523165195	1.2248817715379927	0.5555555555555556	36.0
37440	train	2.3818868689602322e-05	1.0685831216722264	0.9814028196251591	0.17252634813388187	0.9848533465878367	1.6745955016877916	0.4444444444444444	36.0
37450	train	2.3798072685177414e-05	0.9771043667445485	0.9092621746543285	0.22154226750135422	0.9136930200043556	1.2682269348038568	0.6388888888888888	36.0
37460	train	2.3777289506686222e-05	1.098453287294074	1.031643776626783	0.18153115175664425	1.0352743996619158	1.2635777526431613	0.5555555555555556	36.0
37470	train	2.3756519162671933e-05	1.0765863502146606	1.0081802584020765	0.16068993426031536	1.0113940570872828	1.3038458625475566	0.6111111111111112	36.0
37480	train	2.3735761661672462e-05	1.0152459734219696	0.9485999288317992	0.1871000961178825	0.9523419307541569	1.2580808533562555	0.5555555555555556	36.0
37490	train	2.3715017012220408e-05	1.0218675012101963	0.9632247302310568	0.19827325145403543	0.9671901952601375	1.0935461190011766	0.6388888888888888	36.0
37500	train	2.3694285222843113e-05	1.0398239461358592	0.9817486281404434	0.18124871402978898	0.9853736024210392	1.0890068742964003	0.5833333333333334	36.0
37510	train	2.3673566302062652e-05	0.9753220204475855	0.9114354507754249	0.18365418248706394	0.9151085344251662	1.204269720448388	0.6666666666666666	36.0
37520	train	2.365286025839577e-05	1.0730670928138053	1.019703516514191	0.15584101776281992	1.0228203368694473	1.0049351188871596	0.6666666666666666	36.0
37530	train	2.363216710035398e-05	1.0581568254943838	0.9984358062760184	0.1523507974214024	1.0014828222244465	1.133480065398746	0.6388888888888888	36.0
37540	train	2.3611486836443407e-05	1.0944861014266143	1.0326768873313397	0.13887877960999806	1.0354544629235396	1.180632770061493	0.6388888888888888	36.0
37550	train	2.3590819475164944e-05	0.9543133855514238	0.8954225329875127	0.21282132632202572	0.8996789595139533	1.09268852074941	0.6666666666666666	36.0
37560	train	2.3570165025014168e-05	1.068788904962113	1.0101787737182484	0.1498563206858105	1.0131759001319647	1.1122600966029697	0.5833333333333334	36.0
37570	train	2.3549523494481343e-05	0.9728520915046233	0.9145757414898836	0.15182293355464935	0.9176122001609767	1.1047978268729315	0.6388888888888888	36.0
37580	train	2.352889489205142e-05	1.0539917912844925	0.9941582399471709	0.1518478934963544	0.997195197817098	1.1359318693478901	0.6666666666666666	36.0
37590	train	2.350827922620404e-05	1.028971088882623	0.9736082110302361	0.16552537381649018	0.9769187185065659	1.041047407521142	0.75	36.0
37600	train	2.348767650541354e-05	1.047535334167366	0.9706297880121254	0.17135813335577646	0.9740569506792409	1.4695676697625055	0.5277777777777778	36.0
37610	train	2.346708673814889e-05	1.0372603059138834	0.9788400727536261	0.17228132635354995	0.9822856992806971	1.0994921326637268	0.6111111111111112	36.0
37620	train	2.3446509932873778e-05	0.9809542950078394	0.9018302264728029	0.18515696045425203	0.9055333656818879	1.5084185865190294	0.3888888888888889	36.0
37630	train	2.3425946098046552e-05	1.070442087431153	1.005825776798262	0.1507379298408826	1.0088405353950796	1.2320310407214694	0.5277777777777778	36.0
37640	train	2.340539524212023e-05	0.9234805017080071	0.8582791759851405	0.2581348108748595	0.8634418722026377	1.200772590107388	0.6111111111111112	36.0
37650	train	2.3384857373542488e-05	1.087358844523184	1.012460259041408	0.14946065694093705	1.0154494721802267	1.4381874468591478	0.5277777777777778	36.0
37660	train	2.3364332500755677e-05	1.0091440727794228	0.9299768938687831	0.17008031283815703	0.9333785001255462	1.5153114530775282	0.4722222222222222	36.0
37670	train	2.334382063219679e-05	1.038765015863815	0.9795697715846424	0.1625253740284178	0.9828202790652107	1.1188947359720867	0.6388888888888888	36.0
37680	train	2.332332177629748e-05	1.092746729514345	1.033432426998456	0.16216258598225458	1.036675678718101	1.1214210159248776	0.6666666666666666	36.0
37690	train	2.3302835941484055e-05	1.0295614383659517	0.9654248084070041	0.1848609079917272	0.9691220265668387	1.208788235982259	0.5555555555555556	36.0
37700	train	2.3282363136177485e-05	0.951313286550802	0.8978811401207865	0.21926195522149403	0.9022663792252164	0.9809381465117136	0.7777777777777778	36.0
37710	train	2.326190336879333e-05	1.0622042145566042	1.0049880545075631	0.14648188567823833	1.007917692221128	1.085730446709527	0.6944444444444444	36.0
37720	train	2.3241456647741854e-05	1.1120629565845743	1.0423817337483978	0.12471256653467815	1.0448759850790914	1.34373943010966	0.6111111111111112	36.0
37730	train	2.3221022981427925e-05	1.0172015465021391	0.9633128136118511	0.1535925285683738	0.9663846641832186	1.0163376463784113	0.6944444444444444	36.0
37740	train	2.3200602378251048e-05	1.0530748239154915	0.9922989219654236	0.15218031456073125	0.9953425282566382	1.1546459131770663	0.5833333333333334	36.0
37750	train	2.3180194846605367e-05	1.0614312129211736	0.9849067129286441	0.16924385925134022	0.9882915901136708	1.462792456150055	0.5	36.0
37760	train	2.315980039487964e-05	0.9359228758270867	0.8734928619287405	0.1982432943251398	0.8774577278152433	1.1693029602368672	0.6111111111111112	36.0
37770	train	2.3139419031457268e-05	0.952788994221529	0.8835965429828968	0.20331685741742453	0.8876628801312453	1.3025222818056743	0.6388888888888888	36.0
37780	train	2.311905076471625e-05	1.0276070613621509	0.9645791673619385	0.19516271849473318	0.9684824217318332	1.1824927926063538	0.5555555555555556	36.0
37790	train	2.3098695603029216e-05	1.060439054487411	0.9870192330031895	0.17211501250664393	0.9904615332533224	1.3995504246817694	0.5277777777777778	36.0
37800	train	2.30783535547634e-05	1.0475373837598636	0.9944583866545036	0.1377450908223788	0.9972132884709511	1.006481905778249	0.75	36.0
37810	train	2.3058024628280665e-05	0.98860243700953	0.9252873747970827	0.18190614817043146	0.9289254977604913	1.193538784980774	0.5833333333333334	36.0
37820	train	2.3037708831937438e-05	1.03426528832054	0.9753102082583892	0.1694165211584833	0.9786985386815589	1.1113349927796259	0.6111111111111112	36.0
37830	train	2.3017406174084794e-05	0.947470104546291	0.8829471203031894	0.2069319263100624	0.8870857588293907	1.207686914338006	0.6388888888888888	36.0
37840	train	2.2997116663068376e-05	0.9987102278219773	0.9291125625518076	0.21463708579540253	0.9334053042677157	1.3060984710852306	0.6111111111111112	36.0
37850	train	2.297684030722844e-05	1.0554610893702903	0.9882876127744449	0.1743084645519654	0.9917737820654842	1.2737461460961237	0.5277777777777778	36.0
37860	train	2.2956577114899847e-05	0.9697848816212716	0.8927759182828322	0.2298097252136185	0.8973721127871046	1.448255376683341	0.4444444444444444	36.0
37870	train	2.2936327094412006e-05	0.9698590142220621	0.9073199434635075	0.2101053088903427	0.9115220496413143	1.1667392916149564	0.6666666666666666	36.0
37880	train	2.2916090254088947e-05	1.054381019862696	0.9886172991052645	0.17006977001825968	0.9920186945056297	1.2472465071413252	0.6388888888888888	36.0
37890	train	2.2895866602249274e-05	0.963610261140195	0.8962925713670857	0.19058770520819557	0.9001043254712496	1.2701187133789062	0.5	36.0
37900	train	2.2875656147206156e-05	1.0835906260095656	1.004355065682625	0.16061072361965975	1.0075672801550182	1.5204669170909457	0.5	36.0
37910	train	2.285545889726737e-05	1.0722466390280019	0.9988139306122816	0.1369387557109197	1.0015527057265001	1.413878666030036	0.4444444444444444	36.0
37920	train	2.2835274860735213e-05	1.0753952124839334	1.0251247422356051	0.1481196251180437	1.028087134737966	0.9461615549193488	0.7222222222222222	36.0
37930	train	2.2815104045906586e-05	1.0283051444128137	0.9636272989082648	0.16336179773012796	0.9668945348628674	1.2282121909989252	0.5555555555555556	36.0
37940	train	2.2794946461072966e-05	1.0520964432118214	0.9849072029532204	0.17562563891212146	0.9884197157314628	1.273534549607171	0.5555555555555556	36.0
37950	train	2.277480211452036e-05	1.00801558444496	0.9450915031840009	0.17279461895426115	0.9485473955630861	1.1893637776374817	0.6388888888888888	36.0
37960	train	2.2754671014529347e-05	0.9724553783310349	0.9103922496642896	0.21056752651929855	0.9146036001946756	1.1570355627271864	0.6388888888888888	36.0
37970	train	2.2734553169375075e-05	1.0518651402225538	0.9890157097475837	0.15715578695138296	0.9921588254866114	1.1941262947188482	0.5277777777777778	36.0
37980	train	2.2714448587327237e-05	0.9914841372298107	0.9205054897593363	0.1853071649869283	0.9242116330590749	1.3454500834147136	0.5	36.0
37990	train	2.2694357276650034e-05	1.0584104011055333	1.00262438924907	0.14029396449526152	1.0054302685389753	1.0596026513311598	0.6944444444444444	36.0
38000	train	2.2674279245602265e-05	1.0864281324426648	1.018334993141921	0.14822817693154017	1.0212995566805518	1.3025715152422588	0.6388888888888888	36.0
38000	val		1.0640972298304407	0.993905207809699	0.1731221950519563	0.9973676517107382	1.3345915623940527	0.4895833333333333	192.0
38010	train	2.265421450243725e-05	1.0747918988570937	1.0101984546653464	0.15517647514740626	1.0133019841682946	1.2297982937759824	0.5277777777777778	36.0
38020	train	2.2634163055402846e-05	1.0691556738066246	1.0151069282274348	0.15026584664980572	1.018112245160431	1.0208685729238722	0.6666666666666666	36.0
38030	train	2.261412491274146e-05	1.0945963533274214	1.0291621080390494	0.1330832650264104	1.0318237733395776	1.2554515997568767	0.5833333333333334	36.0
38040	train	2.2594100082689983e-05	1.0260926250288738	0.9685988736553177	0.16807250479857128	0.9719603237512892	1.08264602555169	0.5833333333333334	36.0
38050	train	2.2574088573479888e-05	1.116034693961789	1.0501212020359432	0.14544941391795874	1.0530301903143025	1.2600900729497273	0.6111111111111112	36.0
38060	train	2.2554090393337144e-05	1.0315691663676323	0.9643374572549086	0.20399030794699988	0.9684172634138486	1.2630380590756733	0.5277777777777778	36.0
38070	train	2.2534105550482252e-05	1.0180732551192575	0.9562228843048547	0.18192684567636913	0.959861421218382	1.1642366780175104	0.6666666666666666	36.0
38080	train	2.2514134053130224e-05	0.9389719028260815	0.878665249453966	0.16383460784951845	0.8819419416109563	1.1405992243025038	0.6111111111111112	36.0
38090	train	2.2494175909490592e-05	0.9882800363609526	0.9333035573604371	0.19208312630653382	0.9371452198865678	1.0226963294876947	0.6388888888888888	36.0
38100	train	2.2474231127767385e-05	0.9879155002107274	0.9325075773509064	0.18895974072317281	0.9362867721653698	1.032574560907152	0.6666666666666666	36.0
38110	train	2.2454299716159157e-05	1.0566379980676883	0.9823614222785962	0.1653078535482997	0.9856675793495623	1.4194083743625217	0.5	36.0
38120	train	2.243438168285896e-05	1.0352431984636108	0.9772495935618466	0.15488012780745825	0.9803471961179958	1.0979200469122992	0.5555555555555556	36.0
38130	train	2.241447703605434e-05	1.0609820184071523	0.9906072848125956	0.16035528915623823	0.9938143905957204	1.3433525562286377	0.5555555555555556	36.0
38140	train	2.2394585783927363e-05	1.0440536837942291	0.978208810855967	0.1712846597035726	0.9816345040500385	1.248383594883813	0.6388888888888888	36.0
38150	train	2.237470793465454e-05	0.9818097777206778	0.9037824376794112	0.1952854593594869	0.9076881468666009	1.4824326170815363	0.4722222222222222	36.0
38160	train	2.235484349640692e-05	0.9986946670387493	0.928237600973014	0.18583711485068002	0.9319543432700276	1.3348064753744338	0.6111111111111112	36.0
38170	train	2.2334992477350026e-05	1.0964337062800564	1.0296267610289624	0.1406596541404724	1.032439954111772	1.2798750433656905	0.5833333333333334	36.0
38180	train	2.231515488564386e-05	1.0882378161971002	1.0185194736676975	0.13911832571029664	1.0213018401819034	1.3387195203039381	0.4444444444444444	36.0
38190	train	2.22953307294429e-05	1.099463012252224	1.0468959168996803	0.14016556044419606	1.0496992281085642	0.9952756828731961	0.7222222222222222	36.0
38200	train	2.227552001689612e-05	1.0166262966863628	0.9528019723434232	0.16657505763901603	0.9561334734962036	1.2098564638031855	0.6111111111111112	36.0
38210	train	2.2255722756146947e-05	1.0652698460938994	1.0066656805216403	0.14119962809814346	1.0094896730836032	1.115603460205926	0.6666666666666666	36.0
38220	train	2.223593895533329e-05	1.0150468999804527	0.9516445661910511	0.1841528680589464	0.95532762355223	1.1943855285644531	0.5277777777777778	36.0
38230	train	2.2216168622587524e-05	1.080416486747873	1.0249737124023957	0.16863329791360432	1.0283463783606677	1.0414021677441068	0.6388888888888888	36.0
38240	train	2.2196411766036492e-05	0.997173842967243	0.9219750618163324	0.18626429927017954	0.9257003478017359	1.42946990331014	0.5	36.0
38250	train	2.2176668393801467e-05	0.916647218532872	0.8592701076641797	0.20128307822677824	0.8632957692287152	1.0670289860831366	0.6388888888888888	36.0
38260	train	2.215693851399823e-05	0.9943446820332699	0.9332669020547562	0.1684888924161593	0.9366366799030793	1.1541600426038106	0.6388888888888888	36.0
38270	train	2.213722213473697e-05	1.0412341632218707	0.9863286552599617	0.1935127874215444	0.9901989110083926	1.0207050442695618	0.6944444444444444	36.0
38280	train	2.211751926412236e-05	1.0152936246489115	0.9443279788306647	0.1724583792189757	0.9477771464150442	1.3503295646773443	0.5555555555555556	36.0
38290	train	2.2097829910253497e-05	0.9787132369101388	0.9189211791873318	0.20654367324378756	0.9230520526522076	1.1132236851586237	0.6111111111111112	36.0
38300	train	2.207815408122394e-05	1.0618164775490007	1.0008212294564554	0.16478226251072353	1.0041168747066698	1.1539920568466187	0.6666666666666666	36.0
38310	train	2.205849178512167e-05	1.0596145445663934	1.0019225415778694	0.1437273656328519	1.0047970888905264	1.0963491135173373	0.5833333333333334	36.0
38320	train	2.2038843030029118e-05	1.0491876362730128	0.984545233014795	0.16683469547165763	0.9878819269242282	1.226114186975691	0.5277777777777778	36.0
38330	train	2.201920782402314e-05	1.021927148284984	0.9597284073324394	0.18649118045965832	0.9634582309416325	1.1693783468670316	0.6388888888888888	36.0
38340	train	2.1999586175175054e-05	1.0189171190083501	0.9671512048463501	0.16280464331309	0.9704072977126119	0.9701964259147644	0.6666666666666666	36.0
38350	train	2.1979978091550536e-05	1.1157589493984856	1.0584033123903682	0.12863427338500819	1.0609759978580684	1.095659030808343	0.6111111111111112	36.0
38360	train	2.196038358120975e-05	1.0050019882089543	0.9437219090693507	0.18486043413480122	0.9474191177520468	1.1516574091381497	0.5833333333333334	36.0
38370	train	2.194080265220726e-05	1.0441413144165634	0.974995963066256	0.16244747738043466	0.9782449126138647	1.3179280360539753	0.5555555555555556	36.0
38380	train	2.1921235312592046e-05	1.0714981472075464	1.0110871736412728	0.13560668316980204	1.0137993073046687	1.1539767980575562	0.5555555555555556	36.0
38390	train	2.1901681570407503e-05	0.9592129658571504	0.8998856989123711	0.18342912197113037	0.9035542813517937	1.1131736901071336	0.6388888888888888	36.0
38400	train	2.188214143369143e-05	1.0697892471467703	1.0026595681639427	0.14345075314243635	1.0055285832267915	1.2852132783995733	0.5555555555555556	36.0
38410	train	2.186261491047604e-05	1.0039310705076707	0.9429536008845818	0.17375294069449107	0.9464286596984717	1.1500482161839802	0.6944444444444444	36.0
38420	train	2.1843102008787956e-05	0.97336237051629	0.9100881129461988	0.18393351913740238	0.9137667833289469	1.1919117437468634	0.6111111111111112	36.0
38430	train	2.182360273664819e-05	1.043765296272929	0.966063644467952	0.17893415788809458	0.9696423276257139	1.482459372944302	0.4722222222222222	36.0
38440	train	2.180411710207217e-05	0.9636941370814376	0.8963936629509925	0.1863152359922727	0.900119967670838	1.271483388211992	0.5833333333333334	36.0
38450	train	2.1784645113069677e-05	1.0222193656083247	0.957948901419802	0.14419098397095997	0.9608327210992212	1.2277328901820712	0.6111111111111112	36.0
38460	train	2.1765186777644924e-05	0.90512613125634	0.8457233837047399	0.2010319928328196	0.8497440235613962	1.107642153898875	0.5833333333333334	36.0
38470	train	2.174574210379651e-05	1.0860080732319655	1.0075644619677366	0.16546358333693612	1.0108737336344753	1.502686791949802	0.5	36.0
38480	train	2.1726311099517385e-05	0.9960920773607002	0.9398499078050095	0.2035184842016962	0.9439202774890435	1.0434359974331326	0.6666666666666666	36.0
38490	train	2.170689377279491e-05	1.006893531075245	0.9421236106400281	0.16897097527980803	0.9455030301456243	1.2278100185924106	0.6388888888888888	36.0
38500	train	2.168749013161081e-05	1.0523591036010282	0.9946435253065656	0.16126667873726952	0.997868858881311	1.0898048943943448	0.6944444444444444	36.0
38510	train	2.1668100183941197e-05	0.96521896814246	0.9116825303594837	0.17818941838211483	0.9152463187271259	0.9994529883066813	0.7222222222222222	36.0
38520	train	2.1648723937756543e-05	1.0679194942374501	0.9935419242374903	0.15231027106444042	0.9965881296587792	1.4266272915734186	0.4166666666666667	36.0
38530	train	2.1629361401021684e-05	1.0140232233971755	0.9479056185793945	0.1579463438441356	0.9510645454562772	1.2591735588179693	0.5555555555555556	36.0
38540	train	2.1610012581695842e-05	1.081000362365764	1.0087568226706536	0.14146380312740803	1.0115860987332017	1.3882852726512485	0.4444444444444444	36.0
38550	train	2.159067748773257e-05	1.0765101353793094	1.007695004627079	0.1426424795673007	1.010547854218425	1.3192456232176886	0.5555555555555556	36.0
38560	train	2.1571356127079805e-05	0.9999569285099488	0.9488354483430367	0.20987538331084782	0.9530329560092536	0.9384794500139024	0.6666666666666666	36.0
38570	train	2.1552048507679847e-05	1.0177722389747903	0.9642600818723643	0.17197750177648333	0.967699631907894	1.0014521413379245	0.75	36.0
38580	train	2.1532754637469284e-05	1.0396330011109067	0.9614465235557377	0.18285398681958517	0.9651036032921294	1.490587956375546	0.4166666666666667	36.0
38590	train	2.1513474524379126e-05	1.0000045538859696	0.9294141476502483	0.2163474217057228	0.9337410960843627	1.3252691560321384	0.5277777777777778	36.0
38600	train	2.1494208176334692e-05	1.0502035400484155	0.9872490867853977	0.15217125250233543	0.9902925118354444	1.1982205642594232	0.6666666666666666	36.0
38610	train	2.1474955601255655e-05	0.9824944706227439	0.9125000276441952	0.19853209384850093	0.9164706695211653	1.320476022031572	0.5555555555555556	36.0
38620	train	2.1455716807056017e-05	1.060607767564798	1.00199464031209	0.13939786857614914	1.004782597683613	1.116503397623698	0.6388888888888888	36.0
38630	train	2.143649180164412e-05	1.0016548727679364	0.9476464121949123	0.16076862141489984	0.9508617846232102	1.0158617628945246	0.6388888888888888	36.0
38640	train	2.1417280592922644e-05	0.9537323916434415	0.8900537545726532	0.19116846670707066	0.8938771239067946	1.1971053547329373	0.5833333333333334	36.0
38650	train	2.139808318878858e-05	1.0094891507862853	0.9490079974471377	0.18204065213600795	0.9526488104898578	1.136806805928548	0.5555555555555556	36.0
38660	train	2.1378899597133268e-05	0.995900212132633	0.9227188121315839	0.21678623060385385	0.927054536743661	1.3769135077794392	0.5	36.0
38670	train	2.135972982584235e-05	1.0270969544370063	0.9721459991255489	0.17848465840021768	0.9757156922935533	1.0276252428690593	0.6111111111111112	36.0
38680	train	2.13405738827958e-05	1.017629033610632	0.9558034832796223	0.15854850742552015	0.9589744534281327	1.1730916036499872	0.5833333333333334	36.0
38690	train	2.1321431775867896e-05	0.9304498655354976	0.8564025228310955	0.19656181832154593	0.8603337591975264	1.4023221267594232	0.4166666666666667	36.0
38700	train	2.1302303512927234e-05	1.066867950151973	1.00190564151997	0.1541577955087026	1.0049887974301441	1.2375830544365778	0.6944444444444444	36.0
38710	train	2.1283189101836728e-05	1.0322118741569526	0.9642444039150351	0.1789962460597356	0.9678243288362298	1.2877509064144559	0.6111111111111112	36.0
38720	train	2.1264088550453582e-05	0.9141373168681963	0.8586326381817364	0.21729335188865662	0.8629785052195096	1.0231762329737346	0.6666666666666666	36.0
38730	train	2.124500186662932e-05	0.9954608006179457	0.9322774362796007	0.16751360893249512	0.9356277084582506	1.196661843193902	0.6111111111111112	36.0
38740	train	2.1225929058209756e-05	1.0940413191884717	1.0371490747368959	0.1464889496564865	1.0400788537300256	1.0792493091689215	0.6944444444444444	36.0
38750	train	2.1206870133034994e-05	1.0218095183506324	0.9687001948606353	0.18741563831766447	0.9724485076269885	0.9872202144728767	0.75	36.0
38760	train	2.118782509893944e-05	0.9650271595071196	0.9070053524035983	0.1822294673571984	0.9106499417507422	1.0875443551275465	0.6111111111111112	36.0
38770	train	2.116879396375179e-05	1.040772207106461	0.975794271227694	0.1749002235631148	0.9792922756989563	1.2295986281500921	0.5833333333333334	36.0
38780	train	2.1149776735295044e-05	0.893841109172794	0.8203730579304624	0.19640226600070795	0.8243011032504766	1.39080011844635	0.5	36.0
38790	train	2.113077342138643e-05	0.9246090915918831	0.8682834346546549	0.21020766430430943	0.872487587940741	1.0424300730228424	0.6944444444444444	36.0
38800	train	2.1111784029837514e-05	1.0741460069422724	1.011658968601439	0.147666667898496	1.0146123019594089	1.1906740996572707	0.5833333333333334	36.0
38810	train	2.109280856845411e-05	1.0033933696031871	0.919557459792856	0.2015296310186386	0.9235880524132287	1.5961063437991672	0.4722222222222222	36.0
38820	train	2.1073847045036318e-05	1.039273396124481	0.9840678574708159	0.16550872640477288	0.9873780319989114	1.0379072825113933	0.75	36.0
38830	train	2.10548994673785e-05	1.0046113126854765	0.9320335120357409	0.180302012215058	0.935639552280042	1.37943520810869	0.5555555555555556	36.0
38840	train	2.1035965843269293e-05	1.0804197270189837	1.0312297110440116	0.1609876114461157	1.034449463272934	0.9194052749209933	0.75	36.0
38850	train	2.10170461804916e-05	1.0446730938958715	0.9908261655212366	0.15503432502349218	0.9939268520217064	1.0149248374833002	0.7222222222222222	36.0
38860	train	2.0998140486822572e-05	1.0593469476169444	0.9991608348488242	0.1534246991078059	1.0022293288309803	1.1423523757192824	0.6388888888888888	36.0
38870	train	2.0979248770033622e-05	0.9930516619946689	0.9306114277127183	0.1767999856836266	0.9341474274263909	1.1780846913655598	0.6388888888888888	36.0
38880	train	2.0960371037890444e-05	0.9597147222794383	0.8975007747779908	0.21877931853135427	0.9018763611486179	1.1567672226164076	0.5277777777777778	36.0
38890	train	2.0941507298152926e-05	1.0727541600768866	1.0147922889429764	0.15319174726804097	1.0178561238883372	1.0979607237709894	0.7222222222222222	36.0
38900	train	2.0922657558575272e-05	0.9906220936356045	0.930512642147944	0.19929771994551024	0.9344985965468543	1.1224699417750041	0.6944444444444444	36.0
38910	train	2.090382182690587e-05	1.0769282162495404	1.015094244672982	0.1504759574929873	1.0181037638228418	1.1764890485339694	0.5833333333333334	36.0
38920	train	2.0885000110887388e-05	1.1231735474249331	1.0578789280484726	0.11117411860161358	1.0601024104205048	1.2614227400885687	0.6666666666666666	36.0
38930	train	2.0866192418256723e-05	1.0496509434459478	0.9880627387094367	0.14405498082439105	0.9909438383259246	1.174142102400462	0.5833333333333334	36.0
38940	train	2.084739875674501e-05	0.9789176156979756	0.9153433617977921	0.1965810548928049	0.9192749828956481	1.1928526560465496	0.6388888888888888	36.0
38950	train	2.082861913407761e-05	0.9811476397060289	0.9183838245149719	0.21152552962303162	0.9226143351074325	1.1706660919719272	0.6111111111111112	36.0
38960	train	2.080985355797412e-05	0.9838686380660266	0.9215450858201316	0.18078872933983803	0.9251608604069284	1.174155553181966	0.6944444444444444	36.0
38970	train	2.0791102036148358e-05	1.0430162928867321	0.9767211323017526	0.15173938870429993	0.9797559200758386	1.2652074562178717	0.5555555555555556	36.0
38980	train	2.0772364576308366e-05	0.9957235296059259	0.9286225130551428	0.1866034290620259	0.9323545816363833	1.2673789593908522	0.6111111111111112	36.0
38990	train	2.0753641186156405e-05	0.9109748867660471	0.8492452622959721	0.2247195823325051	0.8537396539426222	1.1447046564684973	0.6388888888888888	36.0
39000	train	2.0734931873388952e-05	1.0081765779049834	0.9474240793478133	0.1775965483652221	0.9509760103151177	1.1440113517973158	0.6111111111111112	36.0
39000	val		1.0614162410938288	0.9922800209242176	0.17355398621335413	0.9957511006484847	1.313302808906883	0.5364583333333334	192.0
39010	train	2.0716236645696714e-05	1.0374256067017227	0.9871501217407824	0.15476746236284575	0.9902454709880394	0.9436027142736647	0.7222222222222222	36.0
39020	train	2.0697555510764567e-05	1.0887408516295551	1.0187301723315783	0.14478549361228943	1.021625882203824	1.3422993885146246	0.5555555555555556	36.0
39030	train	2.0678888476271634e-05	0.9960022820881795	0.9362764381470076	0.1667896778219276	0.9396122317034461	1.1278010076946683	0.6111111111111112	36.0
39040	train	2.066023554989123e-05	1.0895563112797757	1.0254230811631435	0.14110496971342298	1.028245180557412	1.2262226144472759	0.5277777777777778	36.0
39050	train	2.0641596739290863e-05	0.9933025721211777	0.9229065010911437	0.18815760910511017	0.9266696532732459	1.332658376958635	0.5	36.0
39060	train	2.0622972052132248e-05	1.0454317387276197	0.9709131932788396	0.15937526921431225	0.9741006986631259	1.4266208012898762	0.5277777777777778	36.0
39070	train	2.0604361496071285e-05	0.9942788544268604	0.9195387646527285	0.19071160753568014	0.9233529968034422	1.4185171524683635	0.5	36.0
39080	train	2.058576507875807e-05	1.0086626157111274	0.9460418096296999	0.15152205444044536	0.9490722507185088	1.1918072998523712	0.5833333333333334	36.0
39090	train	2.0567182807836903e-05	1.0484548193338794	0.9831636116362231	0.1610491673151652	0.9863845949825264	1.2414044870270624	0.6111111111111112	36.0
39100	train	2.0548614690946236e-05	1.088103683455698	1.0172408671815318	0.1583365516530143	1.0204075982145921	1.3539217048221164	0.5555555555555556	36.0
39110	train	2.053006073571874e-05	1.0700555229547173	1.0120329126454939	0.12559999835987887	1.0145449126126915	1.1102122068405151	0.6111111111111112	36.0
39120	train	2.0511520949781218e-05	1.131882113673077	1.0574666418046945	0.14019102106491724	1.0602704622259929	1.4322330289416842	0.4444444444444444	36.0
39130	train	2.0492995340754695e-05	1.036735420439042	0.9781403234402974	0.14577501018842062	0.9810558236440658	1.1135919358995225	0.6111111111111112	36.0
39140	train	2.047448391625434e-05	1.1251601666629862	1.0623739910271508	0.11271179520658084	1.0646282269312823	1.2106387946340773	0.5833333333333334	36.0
39150	train	2.04559866838895e-05	1.0006424730550092	0.9327390986810964	0.20867733856042225	0.9369126454523048	1.2745965520540874	0.6111111111111112	36.0
39160	train	2.04375036512637e-05	0.9651400400877789	0.9138739307901059	0.18303462283478844	0.9175346232468017	0.9521083368195428	0.75	36.0
39170	train	2.0419034825974606e-05	0.9562962439537738	0.8890024949988419	0.20289129846625858	0.893060320968167	1.2647184597121344	0.5	36.0
39180	train	2.0400580215614057e-05	1.0371313103439295	0.9595478581788027	0.17135955062177446	0.9629750491912382	1.4831252230538263	0.3888888888888889	36.0
39190	train	2.038213982776805e-05	1.0150075970041998	0.9432644750788722	0.15565788663095897	0.9463776328114915	1.3725992838541667	0.4722222222222222	36.0
39200	train	2.0363713670016727e-05	1.0086382139131682	0.9662239430253959	0.15688005669249427	0.9693615441592458	0.7855333950784471	0.8055555555555556	36.0
39210	train	2.0345301749934402e-05	1.030558064116657	0.9701063579489326	0.16221007953087488	0.9733505595395501	1.144150091542138	0.5555555555555556	36.0
39220	train	2.0326904075089492e-05	1.0276442498187017	0.9790974666959502	0.1349771350622177	0.9817970093971946	0.9169448084301419	0.6666666666666666	36.0
39230	train	2.03085206530446e-05	0.9324489304865348	0.8800122133008256	0.20292796194553375	0.8840707725397362	0.9675631589359708	0.75	36.0
39240	train	2.029015149135645e-05	0.9995307096497331	0.941206021374078	0.1624686817328135	0.9444553950087343	1.1015062928199768	0.6388888888888888	36.0
39250	train	2.027179659757592e-05	0.9701603512769026	0.9126971663341008	0.18259990298085743	0.9163491643937179	1.076223737663693	0.6666666666666666	36.0
39260	train	2.0253455979248016e-05	1.0075114961590528	0.9516884293118608	0.17291085670391718	0.9551466464459392	1.0472969942622714	0.6666666666666666	36.0
39270	train	2.0235129643911856e-05	1.0338105709775196	0.9766898399449626	0.16993171920379002	0.9800884743290385	1.074441932969623	0.6388888888888888	36.0
39280	train	2.0216817599100724e-05	1.0022254983037011	0.946989217908776	0.17836280663808188	0.9505564740415376	1.0333804852432675	0.5555555555555556	36.0
39290	train	2.0198519852342e-05	1.07966407088057	1.0201394528079277	0.13865754753351212	1.022912603758598	1.1350293424394395	0.6944444444444444	36.0
39300	train	2.018023641115719e-05	1.0072772951238367	0.9413666662719197	0.17562672909763125	0.9448792008538723	1.2479618853992887	0.6388888888888888	36.0
39310	train	2.0161967283061942e-05	0.9793459068165024	0.9002303296543623	0.19927354094882807	0.9042158004733389	1.5026021268632677	0.4444444444444444	36.0
39320	train	2.014371247556601e-05	1.0804331653423505	1.014372186611831	0.15660333434740703	1.017504253298779	1.2585782408714294	0.5277777777777778	36.0
39330	train	2.0125471996173226e-05	1.0156843780244027	0.9497925597857736	0.18689471979935965	0.9535304541817607	1.243078476852841	0.6111111111111112	36.0
39340	train	2.010724585238159e-05	1.0481872794441964	0.9908893994403467	0.17216865635580486	0.9943327725674628	1.0770901375346713	0.5833333333333334	36.0
39350	train	2.0089034051683155e-05	1.0332945280601358	0.9830363766969684	0.1578973401337862	0.9861943234996441	0.9420040912098355	0.7222222222222222	36.0
39360	train	2.0070836601564123e-05	0.9750291655300162	0.9020949591535431	0.18859550605217615	0.9058668692745866	1.3832459251085918	0.5	36.0
39370	train	2.005265350950478e-05	0.9813823089474419	0.9239585008198002	0.19122345331642362	0.9277829698861287	1.071986781226264	0.6111111111111112	36.0
39380	train	2.003448478297949e-05	1.0490552636882085	0.981149951813991	0.1794699045519034	0.9847393499050291	1.2863182756635878	0.5833333333333334	36.0
39390	train	2.0016330429456752e-05	1.0427018045033818	0.9714018162501327	0.1801226481795311	0.9750042692137233	1.3539507057931688	0.5555555555555556	36.0
39400	train	1.999819045639912e-05	0.9669510170309681	0.9029175172528232	0.18602267342309156	0.906637970721285	1.2062609261936612	0.6388888888888888	36.0
39410	train	1.9980064871263263e-05	0.9928763175235181	0.9443431498599704	0.18732671389977137	0.9480896841379658	0.895732667711046	0.8333333333333334	36.0
39420	train	1.9961953681499912e-05	0.8976008192511984	0.839574398561907	0.2353708255622122	0.8442818150731513	1.0663800835609436	0.6666666666666666	36.0
39430	train	1.9943856894553905e-05	0.9533797629137812	0.8922635519961494	0.2150897996293174	0.8965653479887358	1.1362882985009088	0.6111111111111112	36.0
39440	train	1.9925774517864154e-05	1.0565602945661754	0.9852161313635982	0.15912089993556341	0.9883985493623094	1.363234904077318	0.5277777777777778	36.0
39450	train	1.990770655886362e-05	1.0117668858904612	0.9433493805268379	0.16780078113079072	0.9467053961494537	1.3012297948201497	0.4722222222222222	36.0
39460	train	1.988965302497936e-05	1.0088713839684686	0.9486253154581382	0.16166218152890602	0.9518585590887163	1.1402564975950453	0.6388888888888888	36.0
39470	train	1.9871613923632512e-05	0.9944566756615065	0.9298632677607095	0.1794723698662387	0.9334527151580343	1.2200792100694444	0.6388888888888888	36.0
39480	train	1.9853589262238265e-05	1.0457215854797246	0.9943709086070607	0.14377402886748314	0.9972463891844103	0.9695039259062873	0.7222222222222222	36.0
39490	train	1.983557904820587e-05	0.9812316075931399	0.9257116225953309	0.19733318872749805	0.9296582863698809	1.0314664244651794	0.6388888888888888	36.0
39500	train	1.981758328893866e-05	1.0518169139677074	0.985423989016525	0.18243986202610862	0.9890727862570471	1.254882554213206	0.5555555555555556	36.0
39510	train	1.9799601991834004e-05	1.0566460914100806	0.9955216462664074	0.1347512905796369	0.9982166720780001	1.1685883866416082	0.5555555555555556	36.0
39520	train	1.9781635164283334e-05	1.0388581715754244	0.9821684595013566	0.17182060413890415	0.9856048715841347	1.0650659998257954	0.5833333333333334	36.0
39530	train	1.976368281367213e-05	0.8938764178207804	0.818645345779057	0.19579112860891554	0.8225611683512353	1.426304989390903	0.5277777777777778	36.0
39540	train	1.974574494737994e-05	1.0099649719679058	0.9534560298394363	0.18173797335475683	0.9570907893065315	1.0574836532274883	0.6111111111111112	36.0
39550	train	1.972782157278033e-05	1.0755563632726914	1.020949871697053	0.14984595692820019	1.023946790835617	1.032191448741489	0.6111111111111112	36.0
39560	train	1.9709912697240912e-05	1.020407702426363	0.9591288776929996	0.15204623639583587	0.9621698024209163	1.1647580001089308	0.5833333333333334	36.0
39570	train	1.969201832812337e-05	0.9624091939147433	0.8936680057230381	0.20577904631694158	0.8977835866493769	1.292512145307329	0.5277777777777778	36.0
39580	train	1.967413847278339e-05	1.0608875941162819	1.0036637479489559	0.14877891292174658	1.0066393262073907	1.084965358177821	0.6388888888888888	36.0
39590	train	1.965627313857071e-05	0.9674052705205983	0.9197460085323294	0.19556045366658104	0.923657217605661	0.8749610582987467	0.75	36.0
39600	train	1.9638422332829096e-05	1.0259315663858983	0.9524678485543926	0.19125784767998588	0.9562930055079923	1.392771217558119	0.5277777777777778	36.0
39610	train	1.962058606289633e-05	0.9865328145606229	0.9224019843256716	0.19151921735869515	0.9262323686728454	1.2060089177555509	0.6944444444444444	36.0
39620	train	1.9602764336104245e-05	1.0524839223133147	0.9957007962049663	0.18195933662354946	0.9993399829374373	1.0628787875175476	0.6388888888888888	36.0
39630	train	1.958495715977867e-05	1.0470655990868254	0.99044363433084	0.17622131357590357	0.9939680606023581	1.061950769689348	0.6111111111111112	36.0
39640	train	1.956716454123946e-05	0.9780829912142863	0.9105654608657205	0.21481011112531026	0.9148616630882267	1.2644265625211928	0.5555555555555556	36.0
39650	train	1.954938648780051e-05	1.0851545269193532	1.0268817714132152	0.124602435156703	1.0293738201163494	1.1156141360600789	0.5555555555555556	36.0
39660	train	1.9531623006769668e-05	0.9581675130514253	0.9082079165979838	0.17753269730342758	0.9117585705440524	0.9281788501474593	0.7777777777777778	36.0
39670	train	1.951387410544885e-05	1.0216014932953363	0.9562467019786152	0.19800541467136806	0.9602068102720426	1.2278936604658763	0.6388888888888888	36.0
39680	train	1.9496139791133965e-05	0.9631709967054055	0.9164829745289809	0.1912274440129598	0.92030752340924	0.8572694659233093	0.7222222222222222	36.0
39690	train	1.947842007111491e-05	1.0241129195100394	0.9557651613857674	0.19571071217457453	0.9596793756292589	1.2886708776156108	0.4722222222222222	36.0
39700	train	1.9460714952675598e-05	0.9234897173966603	0.8697614657440751	0.2043745333949725	0.8738489564119746	0.9928152196937137	0.6111111111111112	36.0
39710	train	1.9443024443093935e-05	1.063768253118841	0.9978887917633337	0.18136422770718733	1.0015160763174775	1.2450435360272725	0.5	36.0
39720	train	1.9425348549641814e-05	1.0798682541380824	1.0088995500270361	0.14628231624762217	1.0118251963519886	1.3608611557218764	0.4722222222222222	36.0
39730	train	1.9407687279585137e-05	1.0303084525457922	0.9655549931749936	0.16164813488721846	0.968787955872738	1.2304099334610834	0.6666666666666666	36.0
39740	train	1.9390040640183773e-05	1.0200409823933168	0.9485604671003676	0.170786431680123	0.9519761957339701	1.3612957331869338	0.5555555555555556	36.0
39750	train	1.9372408638691617e-05	1.052653455977434	0.9850571819922601	0.14800969262917837	0.9880173758448437	1.292721602651808	0.5555555555555556	36.0
39760	train	1.9354791282356476e-05	1.0399635358395405	0.9864153240033879	0.1622647369901339	0.9896606187431907	1.0060583419269986	0.75	36.0
39770	train	1.9337188578420215e-05	0.9861472959579527	0.9183254619202513	0.2180093303322792	0.9226856485268969	1.269232948621114	0.5833333333333334	36.0
39780	train	1.9319600534118614e-05	0.9888100079943293	0.9213440562204738	0.17633330821990967	0.924870722384872	1.2787857121891446	0.5833333333333334	36.0
39790	train	1.930202715668147e-05	0.9742090298506944	0.9122129905660942	0.16429872314135233	0.9154989650289213	1.174201296435462	0.6111111111111112	36.0
39800	train	1.928446845333255e-05	1.0767423792111974	1.0101350545397831	0.12511251990993819	1.012637304937982	1.282101485464308	0.5277777777777778	36.0
39810	train	1.926692443128954e-05	1.0744053328202439	1.0083406106465	0.1456441730260849	1.0112534941070217	1.2630367742644415	0.6111111111111112	36.0
39820	train	1.9249395097764135e-05	1.072407345824229	1.007119865022885	0.15514874044391844	1.0102228398317634	1.2436901198493109	0.6666666666666666	36.0
39830	train	1.9231880459961997e-05	0.9865857789029445	0.9234443233188423	0.19832020004590353	0.9274107273197604	1.1835010316636827	0.5277777777777778	36.0
39840	train	1.9214380525082716e-05	0.9570246350843339	0.8998749462709124	0.1879844605922699	0.9036346354827578	1.0677999920315213	0.6111111111111112	36.0
39850	train	1.919689530031986e-05	1.0342346344557072	0.9664174125591913	0.1712285222278701	0.9698419830037487	1.287853029039171	0.5555555555555556	36.0
39860	train	1.9179424792860945e-05	1.0657492702080216	1.0131742393927512	0.15299127623438835	1.016234064917439	0.9903041058116488	0.75	36.0
39870	train	1.9161969009887435e-05	1.0108151033484694	0.9505300425495131	0.1798932682722807	0.9541279079149587	1.1337439086702135	0.6111111111111112	36.0
39880	train	1.914452795857476e-05	1.041756945604834	0.988725973653879	0.1675462027390798	0.9920768977086606	0.9936009579234653	0.6388888888888888	36.0
39890	train	1.912710164609224e-05	1.0101088211871663	0.9540269539691487	0.19642081525590685	0.9579553702742668	1.043069018257989	0.6944444444444444	36.0
39900	train	1.9109690079603205e-05	1.0564462709436717	0.9856484204838576	0.16574937949577967	0.9889634080737731	1.3496572573979695	0.5555555555555556	36.0
39910	train	1.9092293266264883e-05	1.0340811713094924	0.9689374185656918	0.18242203444242477	0.9725858592545403	1.2299062410990398	0.5833333333333334	36.0
39920	train	1.907491121322844e-05	0.9905966485139884	0.9296310873757294	0.16911849876244864	0.9330134573509784	1.1516638232602014	0.6388888888888888	36.0
39930	train	1.905754392763899e-05	1.0409607531802374	0.9759875203877539	0.15824605921904247	0.9791524415721348	1.2361662321620517	0.5277777777777778	36.0
39940	train	1.9040191416635567e-05	1.087815151036903	1.0222241083245722	0.13811272755265236	1.0249863628756253	1.2565757632255554	0.6388888888888888	36.0
39950	train	1.902285368735113e-05	1.0283848745920328	0.9631784112550882	0.1695229709148407	0.966568870673385	1.2363200783729553	0.5277777777777778	36.0
39960	train	1.9005530746912577e-05	1.0046487837071236	0.9344983763530866	0.18370763460795084	0.9381725290452456	1.329525093237559	0.5	36.0
39970	train	1.898822260244069e-05	0.9883699522614413	0.9315685586995482	0.18306280672550201	0.9352298148340583	1.0628027485476599	0.6944444444444444	36.0
39980	train	1.8970929261050226e-05	0.9249355633930143	0.8695246460744848	0.19995509170823628	0.8735237479086495	1.0282363096872966	0.6944444444444444	36.0
39990	train	1.8953650729849796e-05	0.9842118578529927	0.9261584231300394	0.19256793790393406	0.930009781888118	1.084041519297494	0.6666666666666666	36.0
40000	train	1.8936387015941958e-05	1.050888295402591	0.9850538277862448	0.15413037637869517	0.9881364353138188	1.255037201775445	0.5555555555555556	36.0
40000	val		1.0621566363593118	0.9916466881308987	0.17418960944074272	0.9951304803197136	1.3405231207919617	0.5260416666666666	192.0
40010	train	1.8919138126423178e-05	1.093735782698951	1.0187236959531856	0.17016074309746423	1.022126910815135	1.4321774376763239	0.5	36.0
40020	train	1.8901904068383816e-05	0.930853769969715	0.8788428088113069	0.19223162449068493	0.8826874413011206	0.9633265733718872	0.7777777777777778	36.0
40030	train	1.888468484890815e-05	1.03957041989909	0.9668689984428855	0.18354989141225814	0.9705399962711307	1.3806084725591872	0.5	36.0
40040	train	1.886748047507435e-05	0.9375142330372778	0.8771032352557891	0.21759575506051382	0.8814551503569994	1.121181653605567	0.6944444444444444	36.0
40050	train	1.8850290953954483e-05	1.0035930448716275	0.9279352657277112	0.18909686969386208	0.9317172031215885	1.4375168350007799	0.4444444444444444	36.0
40060	train	1.883311629261451e-05	1.0614366151156949	0.9958391668892166	0.16116732408603032	0.9990625133709372	1.2474820348951552	0.5555555555555556	36.0
40070	train	1.881595649811428e-05	1.0006962109116742	0.951916068875925	0.16822032299306658	0.9552804753357863	0.9083147115177579	0.8611111111111112	36.0
40080	train	1.8798811577507562e-05	0.9577607533168075	0.9011306516079053	0.19676588848233223	0.9050659693775519	1.0538956787851121	0.5555555555555556	36.0
40090	train	1.8781681537841952e-05	0.9013825112234295	0.8386187150851628	0.19788927771151066	0.842576500639393	1.17612021168073	0.5555555555555556	36.0
40100	train	1.8764566386158973e-05	1.0544823940584995	0.9855054498702226	0.1552216129170524	0.9886098821285636	1.3174502385987177	0.5555555555555556	36.0
40110	train	1.8747466129494024e-05	1.0059700344052107	0.9470228193249496	0.17874821689393786	0.9505977836628283	1.1074450148476496	0.5833333333333334	36.0
40120	train	1.8730380774876374e-05	1.0090912624769603	0.9602844274944591	0.16997491816679636	0.963683925857795	0.9081467323833041	0.7222222222222222	36.0
40130	train	1.8713310329329158e-05	1.0776632533791743	1.0129043622139178	0.15114893350336286	1.015927340883985	1.2347182499037848	0.5833333333333334	36.0
40140	train	1.86962547998694e-05	0.9687478142547556	0.9006154457828683	0.19754112164179485	0.9045662682157042	1.2836309207810297	0.5555555555555556	36.0
40150	train	1.8679214193507984e-05	1.005128046726415	0.9510396075664919	0.17664180596669515	0.9545724436858257	1.0111120608117845	0.7222222222222222	36.0
40160	train	1.8662188517249654e-05	1.0588023618233895	0.9928966158071522	0.16590738594532012	0.9962147635260585	1.2517519659466214	0.5555555555555556	36.0
40170	train	1.864517777809303e-05	1.11562177221406	1.0434758402615305	0.1348799483643638	1.0461734392288178	1.3889666597048442	0.5	36.0
40180	train	1.8628181983030576e-05	0.9886680942603938	0.9372704528797658	0.17567127346992492	0.9407838783491643	0.957684318224589	0.7222222222222222	36.0
40190	train	1.8611201139048636e-05	0.9962428433267323	0.9222185669244708	0.2038284291823705	0.9262951355081182	1.3989541563722823	0.4166666666666667	36.0
40200	train	1.859423525312737e-05	1.0677058314074976	1.0059852223187589	0.15308928589026133	1.009047008036564	1.1731764674186707	0.6666666666666666	36.0
40210	train	1.857728433224083e-05	1.0745349174863765	1.0148547701994581	0.16412147134542465	1.0181371996263666	1.1279543572001987	0.6388888888888888	36.0
40220	train	1.8560348383356887e-05	1.1420028956165982	1.0773796264303466	0.11576709213356177	1.0796949682730177	1.2461585468716092	0.6111111111111112	36.0
40230	train	1.8543427413437286e-05	1.0481399534337155	0.983553543354978	0.16564537187417347	0.9868664507924615	1.22547005282508	0.6666666666666666	36.0
40240	train	1.8526521429437583e-05	1.0054251875443079	0.9455324682887545	0.17595062322086757	0.9490514807531718	1.12747413582272	0.6111111111111112	36.0
40250	train	1.8509630438307212e-05	1.1355480454903402	1.0630876363557138	0.13647904644409817	1.0658172172845957	1.3946165641148884	0.5	36.0
40260	train	1.8492754446989398e-05	1.0573317514486564	0.9971831676523671	0.16134879390398663	1.0004101435304469	1.13843215836419	0.5833333333333334	36.0
40270	train	1.847589346242123e-05	0.9940649368325031	0.9412710041926128	0.19880000170734194	0.9452470042267597	0.9763586521148682	0.6388888888888888	36.0
40280	train	1.8459047491533618e-05	1.0472388548907259	0.9706266299641747	0.15590681384007135	0.9737447662409762	1.4698817729949951	0.4722222222222222	36.0
40290	train	1.8442216541251317e-05	1.0088981929955796	0.9474017119279751	0.1672613008154763	0.9507469379442846	1.1630251010258992	0.6666666666666666	36.0
40300	train	1.8425400618492882e-05	1.0048578249167925	0.9453795700091316	0.18944295545419057	0.9491684291182154	1.113787915971544	0.6111111111111112	36.0
40310	train	1.840859973017072e-05	0.9518148684943191	0.8993168941747286	0.21035286039113998	0.9035239513825514	0.9658183422353532	0.7777777777777778	36.0
40320	train	1.8391813883191023e-05	0.9969058416457185	0.9412167264360066	0.18823780367771784	0.9449814825095609	1.0384871827231512	0.6944444444444444	36.0
40330	train	1.8375043084453827e-05	1.0049033823256805	0.9334830389647134	0.18062958990534148	0.9370956307628202	1.3561550312572055	0.5555555555555556	36.0
40340	train	1.835828734085297e-05	1.033590680754031	0.9738094656955982	0.18425851066907248	0.9774946359089797	1.1219208969010248	0.6666666666666666	36.0
40350	train	1.8341546659276114e-05	1.0257658206204934	0.9525518744535277	0.18939619312683742	0.9563397983160645	1.388520446088579	0.5	36.0
40360	train	1.832482104660471e-05	1.0621373204044406	1.007116363361667	0.15984251350164413	1.0103132136317	1.0364821354548137	0.75	36.0
40370	train	1.830811050971404e-05	1.0558060294056073	0.9837966992521421	0.16580537756284078	0.9871128068033989	1.3738644520441692	0.5277777777777778	36.0
40380	train	1.8291415055473157e-05	1.033780220940441	0.9644472639210325	0.16567273686329523	0.9677607186582984	1.3203900456428528	0.6111111111111112	36.0
40390	train	1.8274734690744943e-05	1.032412025039717	0.979537273867999	0.13382955299069485	0.9822138649278129	1.0039632022380829	0.6388888888888888	36.0
40400	train	1.825806942238606e-05	0.9956161529867622	0.9439786916688522	0.19625711937745413	0.9479038340564012	0.9542463786072202	0.75	36.0
40410	train	1.8241419257246986e-05	1.0554896353525238	0.9922796940150178	0.15328013317452538	0.9953452966785084	1.2028867734803095	0.6388888888888888	36.0
40420	train	1.822478420217195e-05	1.0782233705549735	1.021367302844521	0.14691639608807033	1.0243056307662823	1.078354795773824	0.7222222222222222	36.0
40430	train	1.8208164263999015e-05	1.005102845604486	0.9502138480199045	0.1974959229429563	0.9541637664787637	1.018781582514445	0.6944444444444444	36.0
40440	train	1.8191559449559994e-05	1.0433164334206653	0.9943992439715935	0.14470260391632717	0.99729329604992	0.9204627474149069	0.6666666666666666	36.0
40450	train	1.8174969765680508e-05	0.9973185389525323	0.9406164592193195	0.18839708765347798	0.9443844009723891	1.0586827596028645	0.7222222222222222	36.0
40460	train	1.815839521917995e-05	1.0571325482801126	0.9979062639367772	0.152681548645099	1.0009598949096792	1.1234530674086676	0.6111111111111112	36.0
40470	train	1.8141835816871485e-05	0.9729703745056202	0.9181375448977626	0.19609864751497905	0.9220595178480622	1.0182171331511602	0.7777777777777778	36.0
40480	train	1.8125291565562065e-05	1.059414393364238	0.9975792503775958	0.14561848590771356	1.00049162009575	1.1784554653697543	0.6666666666666666	36.0
40490	train	1.81087624720524e-05	0.972847670858373	0.8971264950685399	0.2165480117003123	0.9014574553025462	1.4278043111165364	0.5555555555555556	36.0
40500	train	1.809224854313698e-05	0.9833230442838663	0.9201257109214989	0.1798043688138326	0.9237217982977756	1.1920249197218153	0.5277777777777778	36.0
40510	train	1.8075749785604066e-05	0.986563196096761	0.9276122043100994	0.16876674478962309	0.9309875392058918	1.1115131378173828	0.6944444444444444	36.0
40520	train	1.8059266206235662e-05	1.0268025220925603	0.958018957889245	0.18442231747839186	0.9617074042388128	1.3019023570749495	0.5833333333333334	36.0
40530	train	1.8042797811807542e-05	1.0426098611971284	0.9685634019064121	0.14957076112429302	0.9715548171288979	1.4211008813646104	0.5277777777777778	36.0
40540	train	1.8026344609089243e-05	0.9912582791958332	0.9236473526207023	0.18421130776405334	0.9273315787759834	1.2785340083969965	0.5833333333333334	36.0
40550	train	1.8009906604844057e-05	1.0450846830314822	0.9786775931854804	0.15543459604183832	0.9817862851063172	1.2659679585032992	0.6111111111111112	36.0
40560	train	1.7993483805829033e-05	0.9277077037383482	0.8674824867271085	0.24015932281812033	0.8722856731834708	1.1084406110975478	0.6666666666666666	36.0
40570	train	1.7977076218794955e-05	1.0470083405438313	0.9793690749535875	0.15318636099497476	0.9824328021734869	1.2915107674068875	0.6111111111111112	36.0
40580	train	1.7960683850486364e-05	1.039239171764141	0.9664576602603517	0.14982534903619024	0.9694541672410756	1.395700090461307	0.5277777777777778	36.0
40590	train	1.7944306707641546e-05	1.0365396946321441	0.9746546195034035	0.1561828797062238	0.977778277097528	1.1752283506923251	0.6666666666666666	36.0
40600	train	1.7927944796992526e-05	1.0706034903527435	1.0058623109295437	0.13248882740736007	1.008512087477691	1.2418280575010512	0.5277777777777778	36.0
40610	train	1.7911598125265068e-05	0.9830498389153062	0.9272518944159195	0.18024369411998326	0.9308567682983192	1.0438614123397403	0.6111111111111112	36.0
40620	train	1.7895266699178676e-05	1.0329955737766867	0.9693367713468518	0.17812464237213135	0.9728992641942944	1.2019261916478474	0.5833333333333334	36.0
40630	train	1.7878950525446568e-05	1.0580742399598753	0.9899120438799853	0.1603085564242469	0.9931182150084703	1.2991204990281	0.5555555555555556	36.0
40640	train	1.786264961077571e-05	1.0176806466078676	0.9580325766102391	0.1690098027388255	0.9614127726650156	1.1253574788570404	0.5555555555555556	36.0
40650	train	1.7846363961866798e-05	1.0442261738490526	0.9730924284701346	0.1691060264905294	0.9764745489999451	1.3550324969821506	0.5	36.0
40660	train	1.7830093585414246e-05	0.9360734452549194	0.8794891235043846	0.20049298604329427	0.8834989832252504	1.0514892405933804	0.75	36.0
40670	train	1.781383848810619e-05	1.0215240612782601	0.9512183763011525	0.17456767161687214	0.9547097297334899	1.3362866308954027	0.5	36.0
40680	train	1.7797598676624492e-05	1.038141202398944	0.9858927899090529	0.1680502603451411	0.9892537951159558	0.9777481456597646	0.6388888888888888	36.0
40690	train	1.7781374157644715e-05	1.0898628614407913	1.0239946839573122	0.15947930365800858	1.0271842700304723	1.2535718282063801	0.5833333333333334	36.0
40700	train	1.7765164937836165e-05	1.024939572253296	0.950165317447784	0.20319301784038543	0.9542291778045917	1.414207888974084	0.5	36.0
40710	train	1.7748971023861816e-05	0.916394253719561	0.8538784408864032	0.22051217087677547	0.8582886843039387	1.1621113883124456	0.6111111111111112	36.0
40720	train	1.773279242237838e-05	0.9987436305723097	0.9427336100049986	0.18172109921773275	0.9463680319893533	1.0475119716591306	0.75	36.0
40730	train	1.771662914003628e-05	0.9760210250091352	0.9016355148724515	0.18634426510996288	0.9053624001746507	1.4131724966896906	0.5277777777777778	36.0
40740	train	1.770048118347962e-05	0.9788080600801262	0.9172022282235972	0.18777116512258848	0.920957651526049	1.157008171081543	0.6666666666666666	36.0
40750	train	1.7684348559346237e-05	1.0432613732432414	0.9710100579442338	0.16400633835130268	0.9742901847112598	1.3794237706396315	0.4166666666666667	36.0
40760	train	1.7668231274267608e-05	0.9929261917636428	0.9412040080062847	0.18950236837069193	0.9449940553736985	0.9586427277988858	0.6388888888888888	36.0
40770	train	1.765212933486896e-05	1.0098703416144823	0.9532707354920746	0.19256550632417202	0.9571220456185581	1.0549659199184842	0.6666666666666666	36.0
40780	train	1.763604274776919e-05	1.0278016864148958	0.9650281687896963	0.15115296790997187	0.9680512281478958	1.1950091653399997	0.5833333333333334	36.0
40790	train	1.7619971519580887e-05	1.0076881591474944	0.9373290389772191	0.1901398797829946	0.941131836572879	1.3311264514923096	0.5277777777777778	36.0
40800	train	1.7603915656910324e-05	1.0195616703624195	0.9618536521555316	0.17534915854533514	0.9653606353264383	1.0840207007196214	0.6111111111111112	36.0
40810	train	1.7587875166357464e-05	0.9348905168638025	0.8711117239791878	0.1900363498263889	0.8749124509757156	1.199561317761739	0.5833333333333334	36.0
40820	train	1.757185005451594e-05	1.0498892306515397	0.9833831318711727	0.16011713643868764	0.9865854745999464	1.266075121031867	0.5277777777777778	36.0
40830	train	1.7555840327973077e-05	0.9121065348656723	0.8526964499690548	0.20454020698865255	0.8567872541088278	1.1063856151368883	0.6388888888888888	36.0
40840	train	1.753984599330986e-05	1.025278727853	0.9623753431749342	0.15376142226159573	0.9654505716201661	1.1965631246566772	0.6388888888888888	36.0
40850	train	1.7523867057100978e-05	1.0448247406571067	0.9907122461851063	0.1577146260274781	0.9938665387056559	1.0191640390290155	0.75	36.0
40860	train	1.7507903525914738e-05	0.9642879621506759	0.8858359005306524	0.2246663639942805	0.890329227810538	1.4791746868027582	0.4722222222222222	36.0
40870	train	1.7491955406313158e-05	1.049521352704314	1.0067681880809674	0.12452868061761062	1.0092587616933195	0.8052518202198876	0.75	36.0
40880	train	1.7476022704851908e-05	1.0944943075673994	1.0178687687679016	0.1626368827290005	1.0211215064224817	1.4674560228983562	0.5277777777777778	36.0
40890	train	1.7460105428080317e-05	0.9732887413692938	0.9143878440485199	0.20553178009059694	0.9184984796503318	1.0958052343792386	0.6388888888888888	36.0
40900	train	1.7444203582541383e-05	0.9853739428368551	0.9202756274671035	0.18286234264572462	0.9239328743200179	1.2288213703367445	0.5555555555555556	36.0
40910	train	1.7428317174771747e-05	1.0117018701679275	0.9500740823051266	0.16773527767509222	0.9534287878586284	1.1654616461859808	0.6666666666666666	36.0
40920	train	1.7412446211301722e-05	1.0236931118858539	0.9668237450678497	0.17910359899202982	0.9704058170476904	1.0657458967632718	0.6666666666666666	36.0
40930	train	1.7396590698655243e-05	1.009219133091705	0.9390627183179759	0.17674479881922403	0.9425976142943604	1.3324303759468927	0.5	36.0
40940	train	1.7380750643349927e-05	1.030786962997307	0.975922609525975	0.1700399253103468	0.9793234080321819	1.0292710993025038	0.6666666666666666	36.0
40950	train	1.736492605189703e-05	1.0328937766992006	0.9663623169976425	0.1611859705299139	0.9695860364082408	1.2661548058191936	0.5833333333333334	36.0
40960	train	1.7349116930801416e-05	1.03228581996681	0.9680075752594904	0.1642224391301473	0.9712920240420934	1.2198759184943304	0.5833333333333334	36.0
40970	train	1.7333323286561643e-05	1.1027739127937504	1.0356764131913794	0.15124870505597857	1.038701387292499	1.2814505100250244	0.5277777777777778	36.0
40980	train	1.7317545125669865e-05	1.033971848956079	0.9671322693308169	0.1602696321076817	0.9703376619729704	1.2726837396621704	0.5555555555555556	36.0
40990	train	1.7301782454611892e-05	0.9493140723719252	0.879632790954317	0.19565902998050053	0.883545971553927	1.315362016359965	0.5833333333333334	36.0
41000	train	1.7286035279867173e-05	1.0037403480215237	0.9430935803721381	0.17557802630795372	0.9466051408982972	1.142704142464532	0.5833333333333334	36.0
41000	val		1.0572966198727176	0.9903175945620402	0.17173771855867012	0.9937523489332135	1.2708854187900822	0.5104166666666666	192.0
41010	train	1.7270303607908764e-05	0.9451502624296229	0.8768703138639279	0.2059792180856069	0.88098989822564	1.2832072840796576	0.5833333333333334	36.0
41020	train	1.7254587445203373e-05	1.0417698203065326	0.9846171849672991	0.17724072684844336	0.988161999504268	1.0721564160452948	0.5833333333333334	36.0
41030	train	1.723888679821131e-05	1.005566835252681	0.9402705423847556	0.1621874620517095	0.9435142916257898	1.2410508725378249	0.6388888888888888	36.0
41040	train	1.7223201673386525e-05	1.0621875174296291	1.0009789022424875	0.14744267612695694	1.0039277557650266	1.1651952332920499	0.6666666666666666	36.0
41050	train	1.7207532077176572e-05	0.9299096999059513	0.8666690131648112	0.2020332227150599	0.8707096776191123	1.1840004457367792	0.5555555555555556	36.0
41060	train	1.7191878016022652e-05	1.0355033435862648	0.9662166667919744	0.1714867295490371	0.9696464013829551	1.317138844066196	0.5833333333333334	36.0
41070	train	1.717623949635953e-05	0.96303545302779	0.8856188476992699	0.19867460305492082	0.8895923397603683	1.4688622653484344	0.5277777777777778	36.0
41080	train	1.716061652461562e-05	1.005176605897392	0.9422308057982842	0.17945437331994374	0.9458198932646831	1.1871342526541815	0.6111111111111112	36.0
41090	train	1.7145009107212942e-05	1.0467953176771756	0.9969628445282732	0.15597661087910333	1.0000823767458553	0.9342588186264038	0.6944444444444444	36.0
41100	train	1.712941725056711e-05	0.9373198781947205	0.8789293167398946	0.18866699834664663	0.8827026567068276	1.09234442975786	0.7777777777777778	36.0
41110	train	1.711384096108735e-05	1.073360229364662	1.0252042306048625	0.15528615514437358	1.02830995370775	0.9010055131382413	0.7222222222222222	36.0
41120	train	1.7098280245176482e-05	0.9865510650946319	0.9165344402498953	0.1775603401992056	0.9200856470538794	1.3293083608150482	0.5833333333333334	36.0
41130	train	1.7082735109230937e-05	1.0926429749765654	1.0213638845422526	0.1270493263999621	1.0239048710702519	1.3747620781262715	0.5555555555555556	36.0
41140	train	1.7067205559640725e-05	1.07579992821816	0.9965413893031088	0.16750764350096384	0.999891542173128	1.5181677209006414	0.4444444444444444	36.0
41150	train	1.7051691602789462e-05	0.979787876722325	0.9253895516300624	0.18453281819820405	0.9290802079940265	1.0141533745659723	0.6944444444444444	36.0
41160	train	1.7036193245054362e-05	1.0538347955848695	0.9985401438025223	0.1498944889754057	1.0015380335820305	1.0459352400567796	0.6944444444444444	36.0
41170	train	1.7020710492806186e-05	0.9758104190094886	0.9160249525173125	0.19286570946375528	0.9198822667065877	1.118563046058019	0.6111111111111112	36.0
41180	train	1.7005243352409334e-05	0.9325118473826836	0.874599032616515	0.20651003470023474	0.8787292333105197	1.075652281443278	0.6666666666666666	36.0
41190	train	1.6989791830221742e-05	1.0515844152937717	0.9977578455577678	0.1547037422657013	1.000851920403082	1.014649897813797	0.6666666666666666	36.0
41200	train	1.697435593259496e-05	1.0791625659231894	1.0245623900656453	0.15596494774023692	1.02768168902045	1.029617538054784	0.6944444444444444	36.0
41210	train	1.6958935665874094e-05	1.0949805014925171	1.0220817726450133	0.13478006919225058	1.0247773740288584	1.404062549273173	0.5555555555555556	36.0
41220	train	1.6943531036397842e-05	0.9571720954714076	0.8913685503167765	0.1917930164684852	0.8952044106461462	1.2393536965052288	0.6111111111111112	36.0
41230	train	1.6928142050498467e-05	0.9528295133785031	0.8877609354531389	0.20535148845778572	0.8918679652222946	1.2192309631241693	0.6388888888888888	36.0
41240	train	1.6912768714501792e-05	1.0381443204736263	0.9911365448689013	0.17309650613201988	0.9945984749915417	0.8709169096416898	0.8055555555555556	36.0
41250	train	1.6897411034727214e-05	0.9350608531012327	0.8845327780353549	0.19794832170009613	0.8884917444693569	0.9313821726375155	0.75	36.0
41260	train	1.68820690174877e-05	0.9754338324962979	0.9228511456713668	0.19239516804615656	0.92669904903229	0.9746956692801582	0.6666666666666666	36.0
41270	train	1.6866742669089777e-05	1.048330210853625	0.9769117960795846	0.16166986338794231	0.9801451933473434	1.3637003501256306	0.5833333333333334	36.0
41280	train	1.6851431995833533e-05	0.9661956493228802	0.9083315544164972	0.19638408223787943	0.9122592360612547	1.07872826523251	0.6666666666666666	36.0
41290	train	1.6836137004012592e-05	0.9572250187951656	0.9100603425064019	0.18216586940818363	0.9137036598945656	0.8704271780120002	0.8055555555555556	36.0
41300	train	1.682085769991415e-05	0.9492442491671021	0.9044469607890224	0.20688075986173418	0.9085845759862571	0.8131934636169009	0.8055555555555556	36.0
41310	train	1.680559408981895e-05	0.9504737274536514	0.8932108358895471	0.19786555071671805	0.8971681469038815	1.0661116109953985	0.6388888888888888	36.0
41320	train	1.6790346180001294e-05	1.0108801639031644	0.9544723322972266	0.18433892875909805	0.9581591108724086	1.0544210606151156	0.5555555555555556	36.0
41330	train	1.6775113976729023e-05	1.077412609087694	1.0104012278531345	0.14695046904186407	1.0133402372339717	1.2814474370744493	0.5833333333333334	36.0
41340	train	1.675989748626351e-05	0.9625125443993849	0.8877462868682718	0.23199317157268523	0.8923861502997256	1.402527881993188	0.4444444444444444	36.0
41350	train	1.6744696714859688e-05	1.0783839831118196	1.0196841437549466	0.15047240803639095	1.0226935919156745	1.113807823922899	0.6944444444444444	36.0
41360	train	1.6729511668766017e-05	0.9728546427355098	0.9103347227291154	0.18256501033902167	0.9139860229358958	1.177372395992279	0.6111111111111112	36.0
41370	train	1.6714342354224495e-05	1.0304208547457303	0.9716627789124096	0.196737935145696	0.9755975376153235	1.096466342608134	0.5833333333333334	36.0
41380	train	1.669918877747066e-05	0.9627018551270197	0.9203122821026408	0.16931461956765917	0.923698574493994	0.780065612660514	0.8055555555555556	36.0
41390	train	1.6684050944733578e-05	1.0083676940397817	0.9434929516941041	0.15081733051273558	0.9465092983043588	1.2371679147084553	0.5555555555555556	36.0
41400	train	1.6668928862235815e-05	1.0263143738989833	0.9686877864252994	0.1726998880505562	0.9721417841863105	1.0834517942534552	0.6944444444444444	36.0
41410	train	1.665382253619352e-05	1.0563768765931896	0.9763742950580754	0.17598916052116287	0.9798940782684986	1.5296559664938185	0.5555555555555556	36.0
41420	train	1.663873197281631e-05	0.9743236849195696	0.9184797426051832	0.1681470846136411	0.921842684297456	1.049620012442271	0.6666666666666666	36.0
41430	train	1.662365717830735e-05	0.9568956660071442	0.8827763902195058	0.2194143986950318	0.8871646781934065	1.394619756274753	0.5555555555555556	36.0
41440	train	1.6608598158863333e-05	1.041325062564419	0.9820781732447341	0.1669750064611435	0.985417673373957	1.118147783809238	0.6944444444444444	36.0
41450	train	1.6593554920674436e-05	1.0782175073191942	1.0194520624146284	0.14835669348637262	1.0224191962843558	1.115966220696767	0.6666666666666666	36.0
41460	train	1.6578527469924373e-05	0.9733167699175865	0.9164457984498267	0.18476688265800476	0.9201411361029868	1.0635126762919955	0.6388888888888888	36.0
41470	train	1.6563515812790366e-05	0.983653815423778	0.9096359885586613	0.18858516299062306	0.9134076918184738	1.4049224721060858	0.5277777777777778	36.0
41480	train	1.654851995544313e-05	1.0246401781843586	0.9505256401008847	0.1874615011943711	0.9542748701247721	1.4073061611917284	0.5	36.0
41490	train	1.6533539904046915e-05	0.9813799301419341	0.9282370796435757	0.19624138375123343	0.9321619073186004	0.9843604564666748	0.6944444444444444	36.0
41500	train	1.6518575664759426e-05	0.9956961289225419	0.9518573551388316	0.17363984303341973	0.9553301519995	0.8073195384608375	0.7777777777777778	36.0
41510	train	1.6503627243731917e-05	1.035068730678462	0.9693551756603549	0.16356316208839417	0.9726264389021227	1.2488458355267842	0.5833333333333334	36.0
41520	train	1.648869464710911e-05	1.0742522226260072	1.002467467323207	0.17461197475592297	1.0059597068183255	1.3658503161536322	0.4166666666666667	36.0
41530	train	1.6473777881029233e-05	1.0523081891756896	0.9936595151654053	0.15978455472560155	0.9968552062599173	1.1090596583154466	0.6388888888888888	36.0
41540	train	1.6458876951624007e-05	1.037438786725589	0.9793116946290483	0.15575840771198274	0.982426862783288	1.1002384788460202	0.6666666666666666	36.0
41550	train	1.6443991865018637e-05	1.0879577380393788	1.0241696772583502	0.15603789538145066	1.0272904351659793	1.2133460574679904	0.5555555555555556	36.0
41560	train	1.6429122627331827e-05	1.0006675589436016	0.9310422763248671	0.16833089292049408	0.934408894183277	1.3251732952064939	0.5277777777777778	36.0
41570	train	1.6414269244675758e-05	1.0562311556293666	0.9875743261695669	0.16475454618533453	0.9908694170932736	1.3072347707218595	0.5	36.0
41580	train	1.639943172315609e-05	0.9746943273238379	0.9197497554446629	0.18326085607210796	0.923414972566105	1.0255870951546564	0.75	36.0
41590	train	1.6384610068871978e-05	0.9326786856833721	0.8683430872675735	0.20915317204263476	0.8725261507084262	1.2030506994989183	0.6111111111111112	36.0
41600	train	1.6369804287916028e-05	1.047771803450889	0.9747870139005845	0.15810297131538392	0.9779490733268922	1.3964546024799347	0.6111111111111112	36.0
41610	train	1.6355014386374353e-05	0.9407888559993445	0.8782924939688384	0.22096451289123958	0.8827117842266632	1.1615414354536269	0.75	36.0
41620	train	1.6340240370326507e-05	0.9910382571776055	0.9353089528324878	0.18078922852873802	0.9389247374030626	1.0422703954908583	0.6666666666666666	36.0
41630	train	1.632548224584554e-05	1.0426049547675427	0.9864195631560194	0.14970912204848397	0.9894137455969891	1.0638241834110684	0.6111111111111112	36.0
41640	train	1.6310740018997952e-05	0.9423419556930261	0.8690870123354525	0.1730774243672689	0.8725485608227979	1.3958678974045649	0.4722222222222222	36.0
41650	train	1.6296013695843726e-05	1.0263267459536791	0.9644466666180425	0.17852394580841063	0.9680171455342107	1.166192008389367	0.6111111111111112	36.0
41660	train	1.6281303282436293e-05	1.0355101288918718	0.9725379993333482	0.15422126526633897	0.975622424638675	1.1977540850639343	0.6111111111111112	36.0
41670	train	1.6266608784822544e-05	1.027612464036666	0.9711852273902523	0.1595145422551367	0.974375518235355	1.0647389160262213	0.6944444444444444	36.0
41680	train	1.6251930209042834e-05	0.886265919672578	0.8200995497973058	0.22644002040227254	0.8246283502053513	1.2327513893445332	0.6111111111111112	36.0
41690	train	1.6237267561130973e-05	0.9477859265528707	0.8805904166654668	0.19685260206460953	0.884527468706759	1.2651691569222345	0.4722222222222222	36.0
41700	train	1.6222620847114226e-05	1.1001819746447756	1.040830865759302	0.14540370553731918	1.0437389398700483	1.128860695494546	0.6388888888888888	36.0
41710	train	1.6207990073013295e-05	1.013333616278357	0.9561418586788443	0.17657330830891926	0.9596733248450227	1.073205828666687	0.6666666666666666	36.0
41720	train	1.6193375244842352e-05	1.065274714468334	0.9959822055132944	0.15143666309969767	0.9990109387752883	1.3252755138609145	0.5555555555555556	36.0
41730	train	1.6178776368608982e-05	1.0609868018207218	1.0067556055314606	0.14079534237583477	1.0095715123789772	1.0283057888348897	0.6944444444444444	36.0
41740	train	1.6164193450314242e-05	1.0908867541566458	1.042055464828839	0.1462669496734937	1.0449808038223087	0.9181190066867404	0.7222222222222222	36.0
41750	train	1.6149626495952624e-05	1.0588717686372917	1.0101726316317505	0.14912156263987222	1.013155062884548	0.9143341150548723	0.7222222222222222	36.0
41760	train	1.613507551151204e-05	1.0067947949079568	0.9368218217499947	0.2236417477329572	0.9412946567046538	1.3100027640660603	0.4722222222222222	36.0
41770	train	1.6120540502973855e-05	1.0340125154305202	0.976717738009269	0.1727562507703191	0.9801728630246753	1.076793048116896	0.6111111111111112	36.0
41780	train	1.6106021476312866e-05	1.0023441644616007	0.9346058164146621	0.1769911895195643	0.9381456402050534	1.283970485130946	0.6388888888888888	36.0
41790	train	1.6091518437497294e-05	0.9616144082840641	0.9161816744701425	0.1701774110396703	0.9195852226909359	0.8405837118625641	0.7777777777777778	36.0
41800	train	1.6077031392488793e-05	1.063876787390483	0.9947440217993384	0.16804419259230297	0.9981049056511845	1.31543763478597	0.5555555555555556	36.0
41810	train	1.6062560347242432e-05	0.9454217333991277	0.8815828278725956	0.23396070301532745	0.8862620419329021	1.1831938293245103	0.5833333333333334	36.0
41820	train	1.6048105307706727e-05	1.0053100154501668	0.9518829450079938	0.189262093603611	0.9556681868800659	0.99283657140202	0.6666666666666666	36.0
41830	train	1.6033666279823584e-05	1.0247780808475282	0.9716858863830566	0.16024004419644675	0.9748906872669856	0.9977478716108534	0.6388888888888888	36.0
41840	train	1.6019243269528342e-05	1.1002878555074245	1.0418675985980275	0.14117615769306818	1.0446911217518888	1.111934675110711	0.7777777777777778	36.0
41850	train	1.600483628274976e-05	1.1409911718402088	1.0795957943863783	0.14921734084685642	1.0825801412033154	1.1682206127378676	0.6111111111111112	36.0
41860	train	1.5990445325410012e-05	1.031885742396236	0.9782022460799621	0.16270090142885843	0.9814562641085393	1.0085895657539368	0.7777777777777778	36.0
41870	train	1.5976070403424665e-05	0.9228357595275265	0.8615328674088341	0.1938021555542946	0.86540891051992	1.1485369801521301	0.6388888888888888	36.0
41880	train	1.596171152270271e-05	1.0419544120759159	0.9797405261096415	0.15372364968061447	0.9828149991032538	1.1827882594532437	0.6666666666666666	36.0
41890	train	1.594736868914655e-05	1.1431720071046996	1.0787467532995128	0.11958739509185155	1.0811385012013497	1.2406701180669997	0.5277777777777778	36.0
41900	train	1.593304190865197e-05	1.0501700458648973	0.9860321410222026	0.15167888667848375	0.9890657187557723	1.2220865421824985	0.5833333333333334	36.0
41910	train	1.5918731187108177e-05	1.0575994018639054	0.9939121420813858	0.17034332764645418	0.9973190086343149	1.2056078645918105	0.6388888888888888	36.0
41920	train	1.590443653039777e-05	1.0589764846598433	1.009575861649579	0.15805094771915013	1.0127368806039618	0.92479208111763	0.75	36.0
41930	train	1.589015794439673e-05	1.104914139847902	1.0453817489620192	0.14599459966023762	1.048301640955224	1.132249977853563	0.6944444444444444	36.0
41940	train	1.587589543497445e-05	0.9088743566924418	0.8502069433981264	0.21192674338817596	0.8544454782658899	1.0885775685310364	0.5833333333333334	36.0
41950	train	1.5861649007993712e-05	0.9988929470629258	0.9459665649219449	0.2014944644437896	0.9499964542108207	0.9779298570421007	0.6944444444444444	36.0
41960	train	1.5847418669310676e-05	1.0940902810672075	1.0359648602377194	0.1381523453940948	1.0387279071456013	1.1072474784321256	0.6666666666666666	36.0
41970	train	1.5833204424774907e-05	0.962305707963219	0.8958738963242148	0.17292153611779212	0.8993323270465706	1.2594676183329687	0.5277777777777778	36.0
41980	train	1.5819006280229346e-05	0.9172480908642682	0.850802706772467	0.22117185923788282	0.8552261439572247	1.2404389381408691	0.5	36.0
41990	train	1.58048242415103e-05	1.0316894665646676	0.9585103302652429	0.1536779726545016	0.961583889718333	1.4021115369266934	0.4722222222222222	36.0
42000	train	1.579065831444748e-05	1.003093949839814	0.9447198912819327	0.15112022658189136	0.9477422958135705	1.1070330805248685	0.6666666666666666	36.0
42000	val		1.0572362047349988	0.9891809610096504	0.17439991299778138	0.992668959269606	1.2913449093078573	0.515625	192.0
42010	train	1.577650850486396e-05	1.0507048631339941	0.9865670340719827	0.17647735195027459	0.9900965811109882	1.2121656404601202	0.6111111111111112	36.0
42020	train	1.5762374818576187e-05	1.089997907996782	1.0384309875507571	0.15246380203300053	1.041480263591417	0.9703528881072998	0.6944444444444444	36.0
42030	train	1.5748257261394004e-05	1.0591182137320285	1.0167383657352638	0.14749559263388315	1.0196882775879414	0.788598722881741	0.8611111111111112	36.0
42040	train	1.573415583912059e-05	0.9426768492747107	0.8832816426312353	0.21699390510718028	0.887621520733379	1.1011065708266363	0.6388888888888888	36.0
42050	train	1.5720070557552505e-05	1.1118747799280952	1.0433635986406278	0.12774533095459142	1.0459185052597195	1.319125493367513	0.4722222222222222	36.0
42060	train	1.5706001422479683e-05	1.07780999803253	1.0213181932572655	0.15335276673237483	1.024385248591913	1.0684949888123407	0.7222222222222222	36.0
42070	train	1.5691948439685417e-05	1.0169912240347725	0.9511152990435356	0.16451345715257856	0.9544055681865872	1.2517131169637044	0.6111111111111112	36.0
42080	train	1.5677911614946348e-05	0.9491848133452641	0.9004652270788523	0.20419448614120483	0.9045491168016765	0.8927139308717515	0.8333333333333334	36.0
42090	train	1.5663890954032487e-05	1.0411186566459145	0.9771629651526947	0.13808788706858952	0.9799247228940665	1.2238786750369601	0.5833333333333334	36.0
42100	train	1.56498864627072e-05	0.9296231034704533	0.8716344813812262	0.18362778590785134	0.8753070370993833	1.0863213274214003	0.6388888888888888	36.0
42110	train	1.5635898146727203e-05	1.0078444462025706	0.9447925028441228	0.1788823162515958	0.9483701491691546	1.189485940668318	0.5833333333333334	36.0
42120	train	1.5621926011842566e-05	0.9484606881214053	0.8912871671656307	0.21392626729276445	0.895565692511486	1.0578999121983845	0.6944444444444444	36.0
42130	train	1.5607970063796707e-05	1.0315253397381936	0.954126808019807	0.1883387772573365	0.9578935835649537	1.4726351234647963	0.5	36.0
42140	train	1.5594030308326385e-05	1.0627988169217297	0.9961284582440246	0.15189650158087412	0.9991663882756421	1.272648572921753	0.5555555555555556	36.0
42150	train	1.5580106751161726e-05	0.9916064285998585	0.9356852726611867	0.18625075928866863	0.9394102878469601	1.0439228150579665	0.6666666666666666	36.0
42160	train	1.556619939802615e-05	1.0326446897651047	0.9770281197162427	0.16540352006753287	0.9803361901175933	1.0461699929502275	0.6666666666666666	36.0
42170	train	1.5552308254636453e-05	1.0303439020970182	0.9781195266040215	0.15843023955821992	0.9812881313951859	0.9811154140366448	0.7222222222222222	36.0
42180	train	1.5538433326702766e-05	1.0156649453462336	0.961508674511099	0.16563121875127157	0.9648212988861244	1.0168729292021856	0.5833333333333334	36.0
42190	train	1.5524574619928543e-05	1.0427803196637555	0.9753526856960911	0.1832375642326143	0.9790174369807434	1.2752576536602445	0.6111111111111112	36.0
42200	train	1.5510732140010577e-05	1.0009394879333318	0.9367326051187653	0.1712700972954432	0.9401580070646742	1.2156296173731487	0.6111111111111112	36.0
42210	train	1.5496905892638988e-05	0.9867036277633152	0.932901080403683	0.1770656475176414	0.9364423933540359	1.005224688185586	0.6666666666666666	36.0
42220	train	1.548309588349722e-05	1.0129770352007086	0.9628958251272111	0.1633160099387169	0.9661621453259854	0.9362977974944644	0.75	36.0
42230	train	1.5469302118262056e-05	1.1340157294010194	1.083897600462212	0.12036289523045222	1.0863048583668211	0.9542174206839668	0.7222222222222222	36.0
42240	train	1.5455524602603586e-05	1.0048460220846276	0.9577739487740141	0.169956211745739	0.9611730730089288	0.873458981513977	0.7222222222222222	36.0
42250	train	1.5441763342185228e-05	1.0462293194141012	0.9909063078568402	0.174925097823143	0.994404809813303	1.0364901920159657	0.75	36.0
42260	train	1.5428018342663717e-05	0.9532743552940861	0.8933476879150777	0.18829969399505192	0.8971136817949787	1.1232134699821472	0.6944444444444444	36.0
42270	train	1.54142896096891e-05	1.0797923088849277	1.0173439936784265	0.13853810148106682	1.0201147557080479	1.1935510635375977	0.5833333333333334	36.0
42280	train	1.5400577148904733e-05	1.0998886000798762	1.0253605645252553	0.15900689860184988	1.0285407024972923	1.426957951651679	0.4444444444444444	36.0
42290	train	1.5386880965947305e-05	0.9862921201159695	0.9266437533799282	0.16912496586640677	0.9300262526972564	1.125317348374261	0.6944444444444444	36.0
42300	train	1.537320106644679e-05	1.0840363273600229	1.0205773069308355	0.1669250547885895	1.0239158080266073	1.2024103866683111	0.6388888888888888	36.0
42310	train	1.5359537456026485e-05	1.074612092768768	1.0213490500009255	0.15924736360708872	1.0245339972730672	1.0015619099140167	0.6944444444444444	36.0
42320	train	1.5345890140302982e-05	1.105906894220183	1.0460349171326588	0.14510455313656065	1.0489370081953902	1.1393977204958599	0.6944444444444444	36.0
42330	train	1.5332259124886175e-05	0.9040200801439737	0.846296642496949	0.21343558530012766	0.8505653542029515	1.0690945188204448	0.6111111111111112	36.0
42340	train	1.5318644415379258e-05	0.9606167799533698	0.885991939005053	0.1958738366762797	0.8899094157385786	1.4141472842958238	0.5277777777777778	36.0
42350	train	1.5305046017378727e-05	0.9385471913784547	0.8799591329349216	0.20604531094431877	0.884080039153808	1.0893430444929335	0.6111111111111112	36.0
42360	train	1.5291463936474375e-05	0.9504311255189757	0.9060573521328946	0.18723425848616493	0.9098020373026179	0.8125817643271552	0.8333333333333334	36.0
42370	train	1.5277898178249267e-05	1.0350446959487751	0.9937309472082875	0.16859201176298988	0.9971027874435473	0.7588381701045566	0.7777777777777778	36.0
42380	train	1.5264348748279785e-05	0.9533330942347443	0.9008060982447329	0.1981661279996236	0.9047694208047253	0.9712734686003791	0.75	36.0
42390	train	1.5250815652135586e-05	1.061368791443795	1.001263618385815	0.12664643923441568	1.0037965471705033	1.151444885465834	0.6388888888888888	36.0
42400	train	1.5237298895379614e-05	0.980140258513323	0.9273255840128878	0.179097029424849	0.9309075246013848	0.9846546782387627	0.75	36.0
42410	train	1.5223798483568097e-05	1.010544278112343	0.9453513558869142	0.1947520145525535	0.9492463961779652	1.2259576386875577	0.5555555555555556	36.0
42420	train	1.5210314422250546e-05	1.0028005651575556	0.9374921590508418	0.17544313364972672	0.9410010217238364	1.2359908686743841	0.5555555555555556	36.0
42430	train	1.5196846716969746e-05	0.9976149326827328	0.9368778916166426	0.16517363140980404	0.9401813642448387	1.1486713687578838	0.5277777777777778	36.0
42440	train	1.5183395373261769e-05	0.9211543523177	0.8597068663144601	0.19926566481590272	0.8636921796107782	1.149243454138438	0.6944444444444444	36.0
42450	train	1.5169960396655944e-05	0.9868003902994091	0.9223770934239853	0.19982975522677104	0.9263736885285208	1.2085340354177687	0.6111111111111112	36.0
42460	train	1.5156541792674901e-05	1.1103087777554677	1.0354385890821305	0.1407712519168854	1.0382540141204681	1.441095272699992	0.5	36.0
42470	train	1.5143139566834497e-05	1.0383554816640657	0.9746167061293034	0.1577420011162758	0.9777715461516289	1.2116787102487352	0.6111111111111112	36.0
42480	train	1.5129753724643893e-05	0.9696892198415141	0.909001589880209	0.18205513142877155	0.9126426925087844	1.1409305466545954	0.6666666666666666	36.0
42490	train	1.51163842716055e-05	1.016593972354121	0.9631939844379694	0.16358737647533417	0.9664657319674761	1.0025648077329	0.6666666666666666	36.0
42500	train	1.5103031213214997e-05	1.0391540538914799	0.9788295904776586	0.13127958608998191	0.9814551821994583	1.1539774338404338	0.6111111111111112	36.0
42510	train	1.5089694554961322e-05	1.0780851137574237	1.0234300603695103	0.1468416222681602	1.0263668928148735	1.0343644188510046	0.6666666666666666	36.0
42520	train	1.5076374302326685e-05	0.9911696133605735	0.9321828947241535	0.19248701706528665	0.9360326350654592	1.102739565902286	0.75	36.0
42530	train	1.5063070460786512e-05	0.93671107431803	0.8666167665079619	0.24072406440973282	0.8714312477961565	1.3055965304374695	0.5555555555555556	36.0
42540	train	1.5049783035809524e-05	1.0447857435603989	0.9787276703774982	0.15294178028901417	0.9817865059832784	1.2599847515424092	0.5277777777777778	36.0
42550	train	1.5036512032857679e-05	0.955453729775319	0.8990077825893323	0.18086145631968975	0.9026250117157262	1.0565743611918554	0.7222222222222222	36.0
42560	train	1.5023257457386178e-05	0.9262390513166934	0.8616683954442689	0.22893391301234564	0.8662470737045158	1.1998395522435505	0.5555555555555556	36.0
42570	train	1.5010019314843489e-05	1.0908547291706958	1.0337621482429529	0.14417117171817356	1.0366455716773164	1.0841831498675876	0.6666666666666666	36.0
42580	train	1.4996797610671307e-05	0.9803974755073046	0.9086006147130783	0.19829921424388885	0.9125665989979561	1.356617530186971	0.5277777777777778	36.0
42590	train	1.4983592350304578e-05	0.9895038791325794	0.9367572298043741	0.2055448994040489	0.9408681277924551	0.9727150268024869	0.6944444444444444	36.0
42600	train	1.4970403539171475e-05	1.0182677863503553	0.9545332919225155	0.16442213356494903	0.9578217345938145	1.2089210351308186	0.5833333333333334	36.0
42610	train	1.495723118269343e-05	1.0698028967261748	1.0164383992268413	0.1424764300386111	1.0192879278276135	1.0102993779712253	0.75	36.0
42620	train	1.4944075286285098e-05	1.0040131114426534	0.9373369834232373	0.17727575912362054	0.9408824986057097	1.2626122567388747	0.5833333333333334	36.0
42630	train	1.4930935855354367e-05	1.1220027666398795	1.0618940632815737	0.12339798857768376	1.0643620230531274	1.152814871735043	0.6111111111111112	36.0
42640	train	1.4917812895302364e-05	1.014628230612773	0.9505794669071486	0.18493956625461577	0.9542782582322409	1.2069994476106432	0.6666666666666666	36.0
42650	train	1.490470641152345e-05	1.0661558023620903	0.9933208055690851	0.14414653579394024	0.9962037362849638	1.399041321542528	0.6388888888888888	36.0
42660	train	1.4891616409405191e-05	1.067294673140192	1.0033969897101427	0.15550538276632628	1.0065070973654693	1.2157515154944525	0.5833333333333334	36.0
42670	train	1.4878542894328406e-05	0.9980456953412128	0.9383587112974671	0.19051409867547808	0.9421689932709766	1.1175340414047241	0.6388888888888888	36.0
42680	train	1.4865485871667118e-05	1.0196667940658743	0.9619571091806639	0.17310034483671188	0.9654191160773982	1.0849535597695246	0.5833333333333334	36.0
42690	train	1.485244534678858e-05	0.9436078402438862	0.8810649806607392	0.22079999425581523	0.8854809805458556	1.1625371939606137	0.6388888888888888	36.0
42700	train	1.4839421325053244e-05	1.0019039064827444	0.9355838127947068	0.1987605235642857	0.9395590232659925	1.246897664335039	0.5555555555555556	36.0
42710	train	1.4826413811814808e-05	0.962096065989728	0.8865278990450123	0.22484298745791118	0.8910247587941705	1.4214261439111497	0.4444444444444444	36.0
42720	train	1.4813422812420162e-05	1.0199025086332019	0.9675602565393172	0.15574449424942335	0.9706751464243056	0.9845472441779243	0.6666666666666666	36.0
42730	train	1.480044833220942e-05	1.0475640043197476	0.9958625859398049	0.14764412343502045	0.9988154684085053	0.9749707182248434	0.7777777777777778	36.0
42740	train	1.4787490376515896e-05	1.0607779074656511	1.007847488757393	0.14404904800984594	1.0107284697175898	1.0009887549612257	0.7222222222222222	36.0
42750	train	1.477454895066612e-05	0.9559919318828204	0.8996700677547076	0.23306067453490364	0.9043312812454056	1.0332130127482944	0.75	36.0
42760	train	1.4761624059979823e-05	1.1341869201563726	1.0757055471062258	0.12954142317175865	1.078296375569661	1.117810891734229	0.5555555555555556	36.0
42770	train	1.4748715709769941e-05	1.0420319856838434	0.9596645820648521	0.16094542108476162	0.9628834904865473	1.5829699039459229	0.4444444444444444	36.0
42780	train	1.4735823905342602e-05	0.9404086388488475	0.8899584094756043	0.18555894792079924	0.8936695884340203	0.9347810082965426	0.6666666666666666	36.0
42790	train	1.4722948651997157e-05	0.9734746205509072	0.9101105251113936	0.1902460033694903	0.9139154451787834	1.1911835074424744	0.6111111111111112	36.0
42800	train	1.4710089955026114e-05	0.9198982956809131	0.8628202654721664	0.205658334824774	0.8669334321686619	1.0592972702450223	0.6111111111111112	36.0
42810	train	1.4697247819715205e-05	1.0059797508434272	0.9499728734293729	0.19748151923219362	0.9539225038140168	1.0411449405882094	0.75	36.0
42820	train	1.4684422251343352e-05	0.9382048074280941	0.8815114982964983	0.19884149647421306	0.8854883282259826	1.0543295840422313	0.6388888888888888	36.0
42830	train	1.467161325518266e-05	0.9484909299006823	0.8755815696475338	0.2060495709379514	0.8797025610662927	1.3757673766877916	0.5833333333333334	36.0
42840	train	1.4658820836498423e-05	1.0044930276484842	0.9578757567946999	0.17222522099812826	0.9613202612146625	0.8634553286764357	0.8611111111111112	36.0
42850	train	1.4646045000549114e-05	0.9959666038929713	0.9393941336121121	0.19774143298467	0.9433489622718055	1.052352832423316	0.7222222222222222	36.0
42860	train	1.463328575258641e-05	1.0188886657792509	0.9547197467954469	0.1687421495715777	0.9580945897868784	1.215881519847446	0.6111111111111112	36.0
42870	train	1.4620543097855146e-05	1.019045155628592	0.9663057055000499	0.18813118959466615	0.9700683292919432	0.9795365267329745	0.6388888888888888	36.0
42880	train	1.4607817041593349e-05	1.0384537619355734	0.9794631945428003	0.17314964532852173	0.9829261874493708	1.1105514897240534	0.6666666666666666	36.0
42890	train	1.4595107589032222e-05	1.0786382674628194	1.0205715543979104	0.14367299361361396	1.0234450142701828	1.103865063852734	0.6944444444444444	36.0
42900	train	1.4582414745396145e-05	1.0238199904227414	0.9559281859825876	0.17260252088308334	0.9593802364002492	1.288795080449846	0.5555555555555556	36.0
42910	train	1.4569738515902655e-05	1.0758359746644024	1.0105502272820266	0.15684163239267138	1.01368705992988	1.24297829469045	0.5277777777777778	36.0
42920	train	1.4557078905762473e-05	1.059803752919057	1.0048479323519788	0.14838125109672545	1.0078155573739134	1.0397639109028711	0.6111111111111112	36.0
42930	train	1.4544435920179492e-05	0.9765827069997098	0.923615098372364	0.19175151934226353	0.9274501287592093	0.9826515648100111	0.7222222222222222	36.0
42940	train	1.4531809564350765e-05	1.1303644063939722	1.0636342746035163	0.12843804651250443	1.0662030355337664	1.2832274172041152	0.5833333333333334	36.0
42950	train	1.451919984346651e-05	1.0560810898588535	1.0045312624479106	0.1470557445039352	1.0074723773379892	0.9721742504172854	0.6944444444444444	36.0
42960	train	1.45066067627101e-05	1.0484465706536181	0.9881962164894416	0.17404032349586487	0.9916770229593589	1.1353909538851843	0.6111111111111112	36.0
42970	train	1.4494030327258095e-05	1.0625594035946218	1.0097829111280925	0.17035269886255264	1.0131899651053435	0.9873887697855631	0.7222222222222222	36.0
42980	train	1.4481470542280166e-05	1.0200504140017406	0.9523342881723883	0.1693146684103542	0.9557205815405954	1.2865966492229037	0.5	36.0
42990	train	1.446892741293918e-05	1.011936941167273	0.9546146514553738	0.18078465428617266	0.9582303445410972	1.0741319325235155	0.5833333333333334	36.0
43000	train	1.4456400944391144e-05	1.054711947212417	0.9945636840361347	0.19036850333213806	0.9983710541027775	1.1268178621927898	0.6111111111111112	36.0
43000	val		1.0555162804723874	0.9884829362528972	0.17183567084009121	0.991919649669699	1.27193261605377	0.5625	192.0
43010	train	1.444389114178521e-05	1.0614632163677882	1.0045201322536605	0.14658714234828948	1.0074518751006263	1.0802268253432379	0.6944444444444444	36.0
43020	train	1.44313980102637e-05	0.9537595245032856	0.9003251333755933	0.20692433615525563	0.9044636200986984	0.9859180880917443	0.6944444444444444	36.0
43030	train	1.4418921554962047e-05	1.07170908444077	1.0193448403108472	0.13971332377857631	1.0221391067864187	0.9913995530870225	0.6388888888888888	36.0
43040	train	1.4406461781008865e-05	1.0231314771505764	0.9615401868819432	0.17396321727169883	0.9650194512273772	1.1622405184639826	0.6388888888888888	36.0
43050	train	1.4394018693525892e-05	1.0238410086446315	0.9796514264590186	0.17364994105365542	0.9831244252800917	0.8143316672907935	0.7222222222222222	36.0
43060	train	1.4381592297628014e-05	1.0493567658842329	0.9798177502227217	0.15664536940554777	0.9829506576108327	1.328122165468004	0.5	36.0
43070	train	1.4369182598423248e-05	1.0428698204754046	0.9947517518035157	0.16557898273070654	0.9980633314581299	0.8961297803454928	0.6666666666666666	36.0
43080	train	1.4356789601012754e-05	1.0948608202017953	1.0398714160367128	0.13526544057660633	1.042576724848245	1.0456819070710077	0.7222222222222222	36.0
43090	train	1.434441331049083e-05	1.0089124760770956	0.9505369071904978	0.192183804180887	0.9543805832741155	1.0906378560596042	0.6388888888888888	36.0
43100	train	1.4332053731944896e-05	1.0145268981361906	0.9404629629887992	0.1833789348602295	0.9441305416860037	1.4079271290037367	0.5277777777777778	36.0
43110	train	1.4319710870455514e-05	1.0541193967872722	0.9927223442475528	0.16414521800147164	0.9960052486075822	1.1622829635938008	0.6111111111111112	36.0
43120	train	1.430738473109637e-05	1.0565912494468968	0.9957981292150034	0.16205479204654694	0.9990392250559343	1.1510404878192477	0.6666666666666666	36.0
43130	train	1.429507531893426e-05	1.0381431138016042	0.9918708418439418	0.15979967614014942	0.9950668353667448	0.8615255686971877	0.7777777777777778	36.0
43140	train	1.428278263902913e-05	0.9624104669126982	0.9135486372808398	0.20986429651578267	0.9177459232111554	0.8932908740308549	0.7777777777777778	36.0
43150	train	1.4270506696434028e-05	0.991809729619171	0.9017368848704753	0.19889604672789574	0.9057148058050333	1.7218984762827556	0.4166666666666667	36.0
43160	train	1.4258247496195137e-05	0.9758143262815047	0.9131142656154833	0.1659701264773806	0.9164336681450309	1.1876131627294753	0.6388888888888888	36.0
43170	train	1.4246005043351752e-05	0.9584304237226069	0.8914253590364675	0.21570253372192383	0.8957394097109059	1.253820280234019	0.5277777777777778	36.0
43180	train	1.423377934293628e-05	1.0671961063828848	1.007481917959463	0.14595680336157482	1.0104010540266946	1.1359010471238031	0.6388888888888888	36.0
43190	train	1.4221570399974244e-05	1.0352265098146665	0.9778137563518751	0.16969154079755147	0.9812075871678261	1.0803784529368083	0.6666666666666666	36.0
43200	train	1.4209378219484285e-05	0.9509864179646265	0.8868707172528199	0.21125056296586991	0.8910957285121373	1.1978137890497844	0.6111111111111112	36.0
43210	train	1.419720280647814e-05	1.026555035100118	0.9493631326513845	0.15823171784480414	0.9525277670082806	1.4805453618367512	0.4722222222222222	36.0
43220	train	1.4185044165960664e-05	1.087524590115273	1.0312691993594407	0.13530020974576473	1.0339752035543561	1.070987731218338	0.6666666666666666	36.0
43230	train	1.4172902302929822e-05	0.9599453124425094	0.8988377124961496	0.19870192868014178	0.9028117510697524	1.1426712274551392	0.7222222222222222	36.0
43240	train	1.4160777222376664e-05	1.144806122420197	1.0713370615289926	0.12181716991795434	1.0737734049273517	1.4206543498569064	0.5555555555555556	36.0
43250	train	1.414866892928536e-05	1.0284911811962003	0.9563573764874811	0.19035693754752478	0.9601645152384316	1.3665333191553752	0.5	36.0
43260	train	1.4136577428633166e-05	1.0216679357722074	0.9546492987855941	0.19158457343777022	0.9584809902543495	1.2637389103571575	0.5833333333333334	36.0
43270	train	1.4124502725390446e-05	0.9844732734563126	0.9172861097092934	0.18762687096993128	0.921038647128692	1.2686925265524123	0.4722222222222222	36.0
43280	train	1.4112444824520649e-05	1.0789137882993665	1.0146416809664216	0.16221572872665194	1.0178859955409547	1.2205558551682367	0.5555555555555556	36.0
43290	train	1.4100403730980336e-05	1.0634166779655405	0.9877302324346227	0.17351562927166622	0.991200545020056	1.4443226589096918	0.5277777777777778	36.0
43300	train	1.408837944971913e-05	1.0261732084133828	0.9687514000712438	0.1599634803003735	0.9719506696772513	1.084450774722629	0.6111111111111112	36.0
43310	train	1.4076371985679764e-05	1.0830609710163919	1.0189115286474806	0.1579520795494318	1.0220705702384691	1.2198080155584548	0.5555555555555556	36.0
43320	train	1.4064381343798056e-05	1.0768120494327857	0.9972058506815216	0.16764436248275968	1.0005587379311767	1.5250662300321791	0.3888888888888889	36.0
43330	train	1.4052407529002911e-05	0.9219254376647961	0.8600066371667476	0.2069426787396272	0.8641454907415401	1.1555989384651184	0.6111111111111112	36.0
43340	train	1.40404505462163e-05	1.020523237363465	0.9617901235911256	0.16212492353386349	0.9650326220618028	1.1098123060332403	0.5833333333333334	36.0
43350	train	1.4028510400353287e-05	1.0208390673932084	0.9712183975179145	0.1738683031871915	0.9746957635816583	0.9228660762310028	0.6944444444444444	36.0
43360	train	1.4016587096322024e-05	1.0129508187747711	0.968819546521708	0.16833919866217506	0.9721863304949515	0.8152897655963898	0.7777777777777778	36.0
43370	train	1.4004680639023726e-05	0.9987301334914542	0.9431303381764535	0.1929458909564548	0.9469892559955826	1.034817549917433	0.6388888888888888	36.0
43380	train	1.3992791033352686e-05	0.9728923489802087	0.909032127011452	0.21187637911902535	0.9132696545938325	1.1924538877275255	0.6111111111111112	36.0
43390	train	1.3980918284196279e-05	0.9479585382141552	0.8905603791406965	0.16594860785537296	0.8938793512978039	1.0815837383270264	0.6111111111111112	36.0
43400	train	1.3969062396434937e-05	1.0390501100351561	0.9749861331148428	0.1769653484225273	0.9785254400832933	1.2104933990372553	0.6111111111111112	36.0
43410	train	1.3957223374942169e-05	1.099338381295189	1.0426895719648581	0.11522631429963642	1.0449940982508508	1.0868856608867645	0.6666666666666666	36.0
43420	train	1.3945401224584548e-05	0.9681586179817072	0.9029922764749346	0.18517061620950698	0.9066956887991248	1.2292585836516485	0.6666666666666666	36.0
43430	train	1.3933595950221728e-05	1.0026552429556443	0.935053462809284	0.1838929479320844	0.9387313217679257	1.2784784237543743	0.6111111111111112	36.0
43440	train	1.392180755670639e-05	0.9775207764357408	0.9175943227724975	0.19750136964850956	0.9215443501654678	1.1195285254054599	0.6111111111111112	36.0
43450	train	1.391003604888431e-05	0.8527984665743541	0.800520162308749	0.18688209354877472	0.8042578041797245	0.9708132478925917	0.6388888888888888	36.0
43460	train	1.3898281431594307e-05	1.0810281299326618	1.0102134497238993	0.15235842019319534	1.0132606181277632	1.3553502360979717	0.5555555555555556	36.0
43470	train	1.3886543709668256e-05	1.0265151098939898	0.9659858873848904	0.12396529751519363	0.9684651933351943	1.16099833117591	0.6111111111111112	36.0
43480	train	1.3874822887931096e-05	0.9224041362534017	0.8566063265002486	0.20537697573502858	0.8607138660149491	1.2338054047690497	0.6111111111111112	36.0
43490	train	1.3863118971200813e-05	1.0715639094100333	1.004339691147467	0.15100759665171307	1.007359843080501	1.284081326590644	0.5833333333333334	36.0
43500	train	1.3851431964288444e-05	0.9235323280003299	0.8672117304212481	0.22392903019984564	0.871690311025245	1.0368403395016987	0.7222222222222222	36.0
43510	train	1.3839761871998077e-05	0.9606437646721928	0.896715812243534	0.19985601206620535	0.9007129324848582	1.1986166437466939	0.5277777777777778	36.0
43520	train	1.3828108699126848e-05	1.0462106827796407	0.9957722913458189	0.16160145070817736	0.9990043203599824	0.9441272483931648	0.75	36.0
43530	train	1.3816472450464931e-05	1.0224027908319724	0.9578532336295802	0.16125348707040152	0.9610783033709882	1.2264897492196825	0.6388888888888888	36.0
43540	train	1.3804853130795555e-05	1.0931606781453136	1.0221004280465704	0.16881829642114185	1.0254767939749934	1.353677683406406	0.5	36.0
43550	train	1.3793250744894977e-05	1.0034087211321296	0.9486309852299262	0.1886554112037023	0.9524040934540002	1.0200925535625882	0.6111111111111112	36.0
43560	train	1.3781665297532511e-05	1.0090139491214178	0.9506003292388872	0.1685993085304896	0.9539723154094969	1.100832674238417	0.5833333333333334	36.0
43570	train	1.3770096793470483e-05	1.0558569752417424	0.9872857308463008	0.14787758638461432	0.9902432825739931	1.3122738533549838	0.6388888888888888	36.0
43580	train	1.3758545237464272e-05	1.0807534517317168	1.0319328272146469	0.13831864297389984	1.0346992000741249	0.9210850331518385	0.6944444444444444	36.0
43590	train	1.3747010634262289e-05	1.0611513663392285	1.0069893937742729	0.1390332362304131	1.0097700584988811	1.0276261568069458	0.6388888888888888	36.0
43600	train	1.3735492988605972e-05	1.032201080104381	0.9782446271651355	0.15251420934995016	0.9812949113521345	1.0181233750449286	0.6944444444444444	36.0
43610	train	1.372399230522979e-05	0.9843765490310122	0.9228703715427117	0.20106410831212998	0.9268916537089543	1.1496979064411588	0.6944444444444444	36.0
43620	train	1.3712508588861245e-05	0.9812146971331496	0.9143229826910422	0.19778898234168688	0.9182787623378759	1.2587186959054735	0.5833333333333334	36.0
43630	train	1.370104184422085e-05	0.9810038288217563	0.9238802622074993	0.20269241333007812	0.9279341104741009	1.061394366953108	0.75	36.0
43640	train	1.3689592076022152e-05	1.1028677130270863	1.0392716263925563	0.13568101326624551	1.0419852466578812	1.217649327384101	0.6388888888888888	36.0
43650	train	1.367815928897173e-05	0.9937751005981637	0.9335390374021503	0.21148334412525097	0.9377687042846553	1.120127926270167	0.6111111111111112	36.0
43660	train	1.3666743487769162e-05	1.0364188317585699	0.9826031004558384	0.15359975708027682	0.9856750955974439	1.0148747232225206	0.6388888888888888	36.0
43670	train	1.3655344677107045e-05	1.0017121860334939	0.9395615063723259	0.19307450950145721	0.9434229965623551	1.165783789422777	0.6388888888888888	36.0
43680	train	1.3643962861671011e-05	0.9793479762305133	0.9280480469527488	0.17295146932204564	0.9315070763391897	0.9568179978264703	0.7222222222222222	36.0
43690	train	1.3632598046139689e-05	1.0234541632098049	0.965164507746242	0.15268339465061823	0.9682181756392543	1.104719751411014	0.6111111111111112	36.0
43700	train	1.3621250235184725e-05	1.0130088793627565	0.9568637244130649	0.18765503416458765	0.9606168250963566	1.0478410853279962	0.6388888888888888	36.0
43710	train	1.3609919433470776e-05	1.060491447051094	1.0096334100470536	0.17387457999090353	1.0131109016468718	0.9476109080844455	0.75	36.0
43720	train	1.3598605645655513e-05	0.9804304999166954	0.9275467826148763	0.17819673899147245	0.9311107173947057	0.9863956504397922	0.7222222222222222	36.0
43730	train	1.35873088763896e-05	0.9917532936717456	0.9228293640979844	0.20534274851282439	0.926936219068241	1.2963414920700922	0.5555555555555556	36.0
43740	train	1.3576029130316711e-05	1.054404948002246	1.0024272027639682	0.1495079552133878	1.005417361868236	0.9797517226801978	0.8055555555555556	36.0
43750	train	1.3564766412073529e-05	0.9954960313564043	0.9299411076763108	0.18065044615003797	0.9335541165993115	1.238838295141856	0.6666666666666666	36.0
43760	train	1.3553520726289728e-05	1.0309536206566439	0.9634107215712281	0.18793505595790017	0.9671694226903861	1.2756839593251545	0.5833333333333334	36.0
43770	train	1.3542292077587995e-05	1.0438148652209003	0.9795986051651994	0.1629951814810435	0.9828585087948203	1.2191271285216014	0.5833333333333334	36.0
43780	train	1.3531080470583982e-05	1.0086503569159886	0.953043743577995	0.18370676934719085	0.9567178789649389	1.038649559020996	0.7222222222222222	36.0
43790	train	1.3519885909886373e-05	0.998965271912468	0.9293737349269646	0.2053759429189894	0.9334812537853444	1.3096803625424702	0.5555555555555556	36.0
43800	train	1.350870840009683e-05	1.0469711301302012	0.9879831094518399	0.16996666093667348	0.9913824426705733	1.1117737491925557	0.5833333333333334	36.0
43810	train	1.3497547945809995e-05	1.0111565124698325	0.9584913702316924	0.17389029363791147	0.9619691761044507	0.9837467273076376	0.6666666666666666	36.0
43820	train	1.3486404551613515e-05	1.009943012140343	0.9493885456775454	0.19212615076038572	0.9532310686927531	1.1342388689517975	0.6666666666666666	36.0
43830	train	1.3475278222088018e-05	1.0088071074479643	0.9398076264785883	0.1757164845863978	0.9433219561703162	1.3097030255529616	0.5555555555555556	36.0
43840	train	1.3464168961807123e-05	0.9129045860174992	0.8498388093117574	0.2199665943781535	0.8542381411993204	1.1733288963635762	0.5833333333333334	36.0
43850	train	1.3453076775337418e-05	0.9526954582751886	0.9024261410787134	0.20328400366836125	0.9064918211520807	0.9240727424621582	0.7222222222222222	36.0
43860	train	1.3442001667238485e-05	1.0629512781452308	1.0050834520377554	0.1637002701560656	1.0083574574408767	1.0918764140870836	0.6388888888888888	36.0
43870	train	1.3430943642062895e-05	1.0510656141836556	0.9829723815718404	0.13996769818994734	0.9857717355356393	1.3058775729603238	0.6388888888888888	36.0
43880	train	1.3419902704356162e-05	0.99392703634757	0.9395181107811615	0.17000657618045806	0.9429182423047707	1.0201758808559842	0.6666666666666666	36.0
43890	train	1.340887885865682e-05	0.9147037650939626	0.847702472827183	0.19659324611226717	0.8516343377494284	1.2613885468906827	0.5833333333333334	36.0
43900	train	1.3397872109496338e-05	1.0312524697172447	0.972125001796862	0.14394755413134894	0.9750039528794889	1.1249703367551167	0.5833333333333334	36.0
43910	train	1.338688246139918e-05	1.052794354527811	0.9905587076797615	0.15399360346297422	0.993638579749021	1.183115495575799	0.6666666666666666	36.0
43920	train	1.3375909918882781e-05	0.9949193923166495	0.9186143251996339	0.18245933329065642	0.9222635118654471	1.4531176090240479	0.4166666666666667	36.0
43930	train	1.336495448645753e-05	0.9873162417442812	0.9411729697756848	0.18390606405834356	0.9448510910568516	0.8493030137485928	0.7222222222222222	36.0
43940	train	1.3354016168626799e-05	1.053029323099488	0.9992319254694056	0.13723046994871563	1.00197653486838	1.0210557646221585	0.6388888888888888	36.0
43950	train	1.3343094969886914e-05	0.9516572832314558	0.8980378829984255	0.19109778453906376	0.9018598386892067	0.9959488908449808	0.75	36.0
43960	train	1.3332190894727167e-05	1.0165661077533574	0.9592491558195232	0.1585264661245876	0.9624196851420149	1.0829284522268507	0.6666666666666666	36.0
43970	train	1.3321303947629815e-05	0.9836494215395618	0.9330331740445463	0.1742511014143626	0.9365181960728336	0.9426245093345642	0.6111111111111112	36.0
43980	train	1.3310434133070065e-05	0.9062674701816742	0.8468073272645709	0.24028882384300232	0.851613103741431	1.093087328804864	0.5833333333333334	36.0
43990	train	1.3299581455516101e-05	1.0824800065565303	1.0173480412603944	0.13682069132725397	1.0200844550869395	1.2479110293918185	0.6388888888888888	36.0
44000	train	1.3288745919429028e-05	0.9812369292209935	0.9321324584944769	0.18756792197624841	0.9358838169340019	0.9070622457398309	0.6944444444444444	36.0
44000	val		1.0557732616540356	0.9877210107234978	0.17411182129109828	0.9912032471493198	1.291400290094316	0.5208333333333334	192.0
44010	train	1.3277927529262937e-05	1.030878827955326	0.9667245172487372	0.15981397777795792	0.9699207968042963	1.219160623020596	0.5833333333333334	36.0
44020	train	1.3267126289464856e-05	0.9593867981033191	0.9037113284001747	0.20843313965532514	0.9078799911932811	1.0301361382007599	0.6388888888888888	36.0
44030	train	1.325634220447477e-05	1.066457091710867	1.0050017814092185	0.1488996007376247	1.007979773423971	1.169546365737915	0.6944444444444444	36.0
44040	train	1.3245575278725613e-05	0.9930811501691549	0.9300373906235183	0.18277658096381597	0.9336929222427947	1.1877645585272048	0.5555555555555556	36.0
44050	train	1.3234825516643253e-05	1.0277949927081267	0.9622337339351177	0.16023298005263012	0.9654383935361703	1.2471319834391277	0.4722222222222222	36.0
44060	train	1.3224092922646512e-05	0.9885073190633429	0.9304703026053613	0.18380223049057853	0.9341463472151729	1.0872194369633992	0.6944444444444444	36.0
44070	train	1.3213377501147158e-05	1.040699374905556	0.9734956508027145	0.14841753823889625	0.9764640015674925	1.2847074667612712	0.5	36.0
44080	train	1.3202679256549897e-05	1.0146899231208224	0.9670802224774685	0.1598017853167322	0.9702762581838031	0.888273298740387	0.75	36.0
44090	train	1.3191998193252367e-05	1.027342725467402	0.9694585986154459	0.16229207068681717	0.9727044400291822	1.092765708764394	0.6388888888888888	36.0
44100	train	1.3181334315645164e-05	1.0063160706340428	0.9498531045131374	0.17377518365780512	0.9533286081862935	1.059749248954985	0.6666666666666666	36.0
44110	train	1.3170687628111785e-05	1.0147104534782723	0.9510972501381658	0.15623548825581868	0.9542219599032822	1.2097698714998033	0.6388888888888888	36.0
44120	train	1.3160058135028691e-05	1.0968844997520972	1.0277308781497076	0.1458134986460209	1.030647148122628	1.3247470325893826	0.5833333333333334	36.0
44130	train	1.3149445840765264e-05	1.0516937176939534	0.995225190393463	0.14676106224457422	0.9981604116383546	1.0706661211119757	0.6666666666666666	36.0
44140	train	1.313885074968382e-05	1.0484638556750077	0.9954506115858546	0.1391574980484115	0.9982337615468228	1.0046018825636969	0.75	36.0
44150	train	1.3128272866139598e-05	1.0831569256479163	1.0226110097197645	0.14872261550691393	1.0255854620299028	1.151429272360272	0.5555555555555556	36.0
44160	train	1.3117712194480771e-05	0.9823464532658563	0.9311626145705686	0.18755229231384066	0.9349136604168454	0.9486558569802178	0.7222222222222222	36.0
44170	train	1.3107168739048426e-05	0.9856595102875122	0.9252346128030309	0.18713093859453997	0.9289772315749216	1.1336455742518108	0.6666666666666666	36.0
44180	train	1.3096642504176583e-05	1.0593586474214498	0.9890548383150998	0.16479300757249196	0.9923506984665497	1.3401589790980022	0.5555555555555556	36.0
44190	train	1.3086133494192175e-05	1.032078682131314	0.9682802957264022	0.18047301554017597	0.9718897560372057	1.203778521882163	0.5833333333333334	36.0
44200	train	1.3075641713415068e-05	0.995933199001299	0.9379285760037899	0.1847646969060103	0.94162386994191	1.086186581187778	0.6944444444444444	36.0
44210	train	1.3065167166158028e-05	1.0020576722138135	0.9351375234934696	0.20506254782279332	0.9392387744499254	1.2563779552777607	0.5	36.0
44220	train	1.3054709856726748e-05	0.9716894649391924	0.9017768486266885	0.17716442048549652	0.9053201370363985	1.3273865580558777	0.5833333333333334	36.0
44230	train	1.3044269789419838e-05	1.0700251087925305	1.0183100949772335	0.16053985059261322	1.0215208919890857	0.9700843360688951	0.5833333333333334	36.0
44240	train	1.3033846968528803e-05	1.013977034870028	0.9540381589737927	0.17401332966983318	0.9575184255671894	1.129172186056773	0.6666666666666666	36.0
44250	train	1.3023441398338086e-05	0.9754983203051748	0.9174461534061296	0.18034282326698303	0.9210530098714692	1.088906208674113	0.6666666666666666	36.0
44260	train	1.3013053083125012e-05	1.016020150163131	0.9533922889542721	0.16686426138594038	0.9567295741819909	1.1858115196228027	0.6666666666666666	36.0
44270	train	1.3002682027159831e-05	1.0025831983799511	0.9394356797741295	0.1799010851730903	0.9430337014775912	1.190989938047197	0.6388888888888888	36.0
44280	train	1.2992328234705693e-05	0.9978698455494773	0.9398804524940383	0.19432499408721923	0.9437669523757827	1.0820578634738922	0.5277777777777778	36.0
44290	train	1.298199171001865e-05	1.0750549019970521	1.0005070719220266	0.15262881169716516	1.0035596481559699	1.429905076821645	0.4722222222222222	36.0
44300	train	1.297167245734766e-05	0.9797184094085507	0.9093108173834826	0.20990855660703447	0.9135089885156233	1.3241884178585477	0.4722222222222222	36.0
44310	train	1.296137048093457e-05	1.0065709935087543	0.9359623068198808	0.18002354188097847	0.9395627776575004	1.3401643170250788	0.6388888888888888	36.0
44320	train	1.2951085785014136e-05	0.9986947450818237	0.9421938729353081	0.180043040286927	0.9457947337410466	1.0580002268155415	0.6944444444444444	36.0
44330	train	1.2940818373814013e-05	0.9702063404033464	0.9131356162339331	0.18487152126100329	0.9168330466591532	1.0674658748838637	0.6111111111111112	36.0
44340	train	1.2930568251554738e-05	1.0155888069386148	0.9610963449658482	0.18016365468502044	0.9646996180595486	1.0177837775813208	0.6388888888888888	36.0
44350	train	1.2920335422449756e-05	1.0748885768607708	1.013994301890875	0.17287871539592742	1.0174518761987936	1.1487340132395427	0.6111111111111112	36.0
44360	train	1.2910119890705394e-05	1.0356379473952446	0.9818388678015597	0.16218290080626804	0.9850825258176851	1.0111084315511916	0.7222222222222222	36.0
44370	train	1.2899921660520865e-05	1.0058924381204895	0.9424249213869489	0.18471920986970267	0.946119305584343	1.1954626507229276	0.6666666666666666	36.0
44380	train	1.288974073608829e-05	1.0575561499882067	1.0053744856099278	0.16280168977876505	1.0086305194055032	0.9785126116540697	0.7222222222222222	36.0
44390	train	1.2879577121592647e-05	1.1506840587695821	1.0918386346555802	0.12692993506789207	1.094377233356938	1.1261365082528856	0.6111111111111112	36.0
44400	train	1.2869430821211827e-05	0.9463585599018715	0.8841655952486973	0.1886030419005288	0.8879376560867079	1.16841807630327	0.6111111111111112	36.0
44410	train	1.2859301839116588e-05	1.105000550541013	1.0390675559070999	0.13734388103087744	1.0418144335277175	1.26372234026591	0.6388888888888888	36.0
44420	train	1.2849190179470562e-05	0.990861107948421	0.9270420501063253	0.17726892067326439	0.9305874285197906	1.205473588572608	0.5555555555555556	36.0
44430	train	1.2839095846430292e-05	1.0058791529257411	0.9497537660055009	0.1621024658282598	0.9529958153220661	1.0576667520735	0.6111111111111112	36.0
44440	train	1.2829018844145154e-05	1.056810260869722	0.9988996203319833	0.15327038864294687	1.0019650281048422	1.0969046552975972	0.6666666666666666	36.0
44450	train	1.2818959176757428e-05	1.010320440355471	0.9473086667294615	0.14193068941434225	0.9501472805177483	1.2034631967544556	0.6388888888888888	36.0
44460	train	1.280891684840227e-05	0.9918443421298699	0.930414378143791	0.1612830897172292	0.9336400399381356	1.1640860438346863	0.5833333333333334	36.0
44470	train	1.2798891863207701e-05	1.0468548693727255	0.9821709710164999	0.17335988084475198	0.9856381686333949	1.2243340147866144	0.6388888888888888	36.0
44480	train	1.278888422529461e-05	0.9927626018095076	0.9322276341618492	0.17011872596210903	0.9356300086810914	1.1426518625683255	0.5833333333333334	36.0
44490	train	1.2778893938776763e-05	1.0066595154711653	0.9416299756939922	0.17056215703487396	0.9450412188346897	1.2323659327295091	0.5833333333333334	36.0
44500	train	1.2768921007760782e-05	0.9818824349814019	0.9112490721053575	0.1874107857545217	0.914997287820448	1.337702943219079	0.4444444444444444	36.0
44510	train	1.2758965436346172e-05	1.0512744095105049	0.9927374338088548	0.15170631905396778	0.9957715601899342	1.1100569864114125	0.6388888888888888	36.0
44520	train	1.2749027228625285e-05	0.9925529421493893	0.9256208517344944	0.20242233872413634	0.9296692985089771	1.2576728728082445	0.5277777777777778	36.0
44530	train	1.2739106388683356e-05	1.0616232267730035	0.990720699112872	0.16152224391698838	0.9939511439912118	1.3534416556358337	0.6111111111111112	36.0
44540	train	1.2729202920598449e-05	0.9744319473335312	0.9078465326689183	0.20215632468461991	0.9118896591626108	1.2508457634184096	0.5555555555555556	36.0
44550	train	1.271931682844151e-05	1.0022443096827427	0.9407366292831923	0.17014305045207342	0.9441394902922338	1.1620963878101773	0.6388888888888888	36.0
44560	train	1.2709448116276343e-05	1.0084924388599046	0.9470857345334338	0.18551853994528453	0.9507961053323395	1.1539266705513	0.5555555555555556	36.0
44570	train	1.2699596788159602e-05	1.068743906801565	1.0255042291372585	0.16282747437556586	1.02876077862477	0.7996625635359023	0.7222222222222222	36.0
44580	train	1.2689762848140798e-05	0.9557271423266773	0.9057573757760835	0.18996435801188152	0.9095566629363211	0.9234095878071256	0.6666666666666666	36.0
44590	train	1.267994630026229e-05	1.0469417610124334	0.9840522476754836	0.18171710918347042	0.987686589859153	1.1851034230656095	0.5833333333333334	36.0
44600	train	1.2670147148559289e-05	0.9775245525415927	0.9169576534058839	0.18263732170065244	0.9206103998398969	1.1382830540339153	0.6111111111111112	36.0
44610	train	1.2660365397059856e-05	0.9612853033240925	0.8993121196193454	0.2043348064025243	0.9033988157473959	1.1577297515339322	0.5833333333333334	36.0
44620	train	1.2650601049784898e-05	0.9583126013035038	0.8972412248837741	0.19623318066199621	0.9011658884970141	1.1429342561297946	0.6111111111111112	36.0
44630	train	1.2640854110748172e-05	1.077087230390565	1.0217655980715383	0.1437468409538269	1.024640534890615	1.0489339099989996	0.75	36.0
44640	train	1.2631124583956288e-05	1.0416545276286096	0.9684635070868887	0.2006730596224467	0.9724769682793376	1.3835511869854398	0.5	36.0
44650	train	1.2621412473408664e-05	1.1235816989353928	1.0678571312141056	0.13144207745790482	1.0704859727632636	1.0619145234425862	0.7222222222222222	36.0
44660	train	1.2611717783097594e-05	0.9313976940414621	0.8720351928771847	0.22611611882845561	0.8765575152537538	1.0968035757541656	0.6388888888888888	36.0
44670	train	1.26020405170082e-05	0.9867660734298234	0.9261416143783998	0.16604964087406796	0.9294626071958811	1.146069324678845	0.5555555555555556	36.0
44680	train	1.2592380679118439e-05	0.9232327705078809	0.8533818815105645	0.19242156628105375	0.8572303128361856	1.3200491534339056	0.5833333333333334	36.0
44690	train	1.2582738273399099e-05	1.0080588687430856	0.9420020356844898	0.18022787521282832	0.9456065931887464	1.2490455110867817	0.5555555555555556	36.0
44700	train	1.2573113303813817e-05	1.0610058668727536	1.0109137747494572	0.15451522171497345	1.0140040791837566	0.9400357537799411	0.6666666666666666	36.0
44710	train	1.2563505774319056e-05	1.028859164852962	0.9570634445903021	0.15086281150579453	0.960080700820418	1.3755692806508806	0.5	36.0
44720	train	1.2553915688864103e-05	0.9463578415981887	0.8861468044789591	0.19552794694900513	0.8900573634179392	1.1260095636049907	0.6111111111111112	36.0
44730	train	1.254434305139108e-05	1.0410956984333797	0.9823367498721616	0.16025321268373066	0.9855418141258362	1.1110776861508687	0.6666666666666666	36.0
44740	train	1.2534787865834948e-05	1.013517581823793	0.9567421391391028	0.16522794589400291	0.9600466980569828	1.069417675336202	0.6666666666666666	36.0
44750	train	1.252525013612346e-05	1.028853988106048	0.9597545609093333	0.1721134583155314	0.9631968300756439	1.3131431606080797	0.5	36.0
44760	train	1.2515729866177236e-05	0.9796754673338907	0.9070694928252342	0.19592278699080148	0.9109879485650503	1.3737503753768072	0.5277777777777778	36.0
44770	train	1.2506227059909691e-05	0.9726294357198113	0.9154941330735188	0.18206936568021775	0.9191355203871231	1.0698783066537645	0.5555555555555556	36.0
44780	train	1.2496741721227068e-05	1.0477960998251368	0.986359283408456	0.15925702266395092	0.989544423861735	1.1650335192680359	0.5555555555555556	36.0
44790	train	1.2487273854028446e-05	1.0189389693346418	0.9654469915436502	0.15987301568190257	0.9686444518572883	1.0058903495470684	0.7222222222222222	36.0
44800	train	1.247782346220569e-05	0.9173990510432215	0.8536456266239244	0.24412820736567178	0.8585281907712379	1.1774172054396734	0.5	36.0
44810	train	1.2468390549643503e-05	1.0597746357532472	0.988995192817065	0.17543760355975893	0.9925039448882602	1.345413817299737	0.4722222222222222	36.0
44820	train	1.2458975120219402e-05	1.0192671613553361	0.9752770432358845	0.16760781308015188	0.9786291994974875	0.812759237156974	0.8055555555555556	36.0
44830	train	1.2449577177803714e-05	1.027782900800536	0.9546559861337772	0.1834683898422453	0.9583253539306221	1.3891509373982747	0.5555555555555556	36.0
44840	train	1.2440196726259582e-05	1.0160168337667972	0.9502527954405489	0.1908395304566338	0.9540695860496815	1.2389449543423123	0.6666666666666666	36.0
44850	train	1.2430833769442945e-05	1.0105490399419854	0.9571810083607425	0.16427596078978646	0.9604665275765383	1.001650247308943	0.5833333333333334	36.0
44860	train	1.2421488311202582e-05	1.0269735650567113	0.9846201978638336	0.1610677879717615	0.9878415536232689	0.7826402286688486	0.7222222222222222	36.0
44870	train	1.2412160355380029e-05	1.0164582451239057	0.9594454249131839	0.16466231644153595	0.9627386712420146	1.0743914776378207	0.7222222222222222	36.0
44880	train	1.2402849905809675e-05	1.079764542768128	1.0148016401981916	0.15066714274386564	1.017814983053069	1.2389911943011813	0.6111111111111112	36.0
44890	train	1.2393556966318692e-05	1.0213195199396763	0.9652276721391301	0.14946984499692917	0.9682170690390687	1.0620490180121527	0.5833333333333334	36.0
44900	train	1.2384281540727049e-05	0.9856926827332053	0.9303480664177742	0.21298196290930113	0.9346077056759603	1.0216995411449008	0.6944444444444444	36.0
44910	train	1.2375023632847526e-05	1.0480716972315252	0.9867981642912433	0.17262053986390433	0.9902505750885214	1.1564224428600736	0.5833333333333334	36.0
44920	train	1.2365783246485706e-05	0.9300887809210728	0.8712895188742589	0.20636614163716635	0.8754168417070022	1.0934387842814128	0.6111111111111112	36.0
44930	train	1.235656038543996e-05	1.0789378275011432	1.0248104933293258	0.14637359054315657	1.027737965140189	1.0239972472190857	0.7222222222222222	36.0
44940	train	1.2347355053501454e-05	1.0007627966652268	0.9524853480110519	0.16742895245552064	0.9558339270601623	0.8985773921012878	0.6944444444444444	36.0
44950	train	1.2338167254454152e-05	0.9871045079179791	0.9288694963205048	0.16291100614600712	0.9321277164434248	1.0995358294910855	0.6388888888888888	36.0
44960	train	1.2328996992074813e-05	0.869765823113999	0.8039753894029962	0.23811443114564532	0.8087376780259091	1.2205629017617967	0.5833333333333334	36.0
44970	train	1.2319844270132995e-05	1.0146454896836734	0.9555910563776151	0.17552624973985884	0.9591015813724123	1.1108781662252214	0.6666666666666666	36.0
44980	train	1.2310709092391022e-05	1.0723760141399568	1.0040956186884376	0.16643464151355955	1.0074243115187087	1.2990340524249606	0.5555555555555556	36.0
44990	train	1.2301591462604022e-05	1.0398416015754708	0.98505621631118	0.15044618977440727	0.9880651401066681	1.0355292293760512	0.6388888888888888	36.0
45000	train	1.2292491384519912e-05	0.9604903125788262	0.904921950707054	0.17302638590335845	0.9083824784251211	1.0421566830741034	0.6388888888888888	36.0
45000	val		1.0544405334820128	0.9867372899131308	0.17389666903924123	0.9902152232939156	1.2845062037619452	0.53125	192.0
45010	train	1.2283408861879392e-05	0.9875036932970679	0.9332450849227372	0.17769918938477833	0.9367990687104327	1.0140924917327032	0.6666666666666666	36.0
45020	train	1.2274343898415944e-05	0.9627663523973238	0.9160207899565046	0.18392320573329926	0.9196992540711706	0.8613419665230645	0.7222222222222222	36.0
45030	train	1.2265296497855829e-05	1.0521626172481306	0.9961811828134782	0.17258563223812315	0.9996328954582407	1.0505944357977972	0.6666666666666666	36.0
45040	train	1.2256266663918089e-05	0.9908620441796526	0.9244076031289642	0.18850240608056387	0.9281776512505755	1.253687858581543	0.5	36.0
45050	train	1.2247254400314552e-05	0.9023942640791794	0.8522950549626146	0.21148768564065298	0.8565248086754277	0.9173891080750359	0.6388888888888888	36.0
45060	train	1.2238259710749826e-05	1.0205285480887776	0.9473045236340251	0.17321579058965048	0.950768839445818	1.395194172859192	0.4444444444444444	36.0
45070	train	1.2229282598921278e-05	0.9888537939154257	0.9210149862015349	0.18387374672151746	0.9246924611359653	1.2832266555892096	0.6111111111111112	36.0
45080	train	1.2220323068519063e-05	1.0558931814636332	1.00650684137863	0.13647344559431077	1.0092363102905162	0.933137423462338	0.7777777777777778	36.0
45090	train	1.22113811232261e-05	1.1178346221816458	1.0487084736133865	0.14463627735773724	1.0516011991605412	1.324668460422092	0.5555555555555556	36.0
45100	train	1.2202456766718093e-05	1.0382060850746975	0.9717489432382131	0.15135078297721016	0.9747759588977574	1.2686025235388014	0.6388888888888888	36.0
45110	train	1.2193550002663503e-05	0.9338722730811717	0.8791774220113571	0.17562400115032992	0.8826899020343637	1.0236474209361606	0.6944444444444444	36.0
45120	train	1.2184660834723562e-05	1.0749553723868817	1.0133382834295024	0.12620288350929817	1.0158623410996883	1.181860625743866	0.5	36.0
45130	train	1.2175789266552281e-05	1.0142310129110148	0.9517006254978442	0.16775299136837324	0.9550556853252117	1.1835065517160628	0.5277777777777778	36.0
45140	train	1.2166935301796419e-05	1.0122946006273423	0.9517302606977125	0.16509915923788435	0.9550322438824702	1.145247134897444	0.6388888888888888	36.0
45150	train	1.2158098944095512e-05	1.0597942422286497	0.9971465868707325	0.13215178002913794	0.9997896224713153	1.2000923951466878	0.6388888888888888	36.0
45160	train	1.2149280197081842e-05	1.0662755111632203	1.0119651533607763	0.13378826611571842	1.0146409186830907	1.0326918496025934	0.6944444444444444	36.0
45170	train	1.2140479064380477e-05	0.9795390361945715	0.902745271123679	0.20772502039160048	0.906899771531511	1.4527852932612102	0.4444444444444444	36.0
45180	train	1.2131695549609221e-05	1.046232265288974	0.9853376934482109	0.16163751979668936	0.9885704438441446	1.1532364288965862	0.5833333333333334	36.0
45190	train	1.2122929656378648e-05	0.9840238469493833	0.9308784619224515	0.18498407006263734	0.9345781433237043	0.9889140725135803	0.6388888888888888	36.0
45200	train	1.2114181388292078e-05	1.0573183107235022	0.9884237454193817	0.19056395689646402	0.992235024557311	1.301665723323822	0.5277777777777778	36.0
45210	train	1.2105450748945605e-05	0.8770150731952627	0.8141867126575748	0.24451253513495128	0.8190769633602738	1.1587621966997783	0.6666666666666666	36.0
45220	train	1.2096737741928061e-05	0.979831412858056	0.9232861983408069	0.15080667187770208	0.926302331778361	1.0705816215938992	0.5833333333333334	36.0
45230	train	1.2088042370821028e-05	1.113730467755222	1.0622062594429889	0.12670738788114655	1.0647404072006117	0.9798012110922072	0.6666666666666666	36.0
45240	train	1.2079364639198861e-05	0.9938016560610087	0.9463460934827014	0.19486282070477803	0.9502433498967969	0.8711661232842339	0.7222222222222222	36.0
45250	train	1.2070704550628632e-05	1.0271700603831322	0.9625691556998601	0.14501799643039703	0.9654695156284681	1.234010895093282	0.5833333333333334	36.0
45260	train	1.2062062108670177e-05	0.9925720546701752	0.9281252036021024	0.18582299947738648	0.9318416635916501	1.2146078215705023	0.5555555555555556	36.0
45270	train	1.2053437316876083e-05	1.070311980909268	1.0100990698729886	0.15410149428579542	1.0131810997587045	1.1426176230112712	0.6666666666666666	36.0
45280	train	1.2044830178791673e-05	1.0255426447669502	0.9578172993838625	0.17537290304899217	0.9613247574448424	1.284357746442159	0.6388888888888888	36.0
45290	train	1.2036240697955018e-05	1.0400336328670592	0.9863010957531013	0.16788254429896673	0.9896587466390806	1.007497724559572	0.7222222222222222	36.0
45300	train	1.2027668877896936e-05	1.0034766525233998	0.9383867103694425	0.17271074006954829	0.9418409251708335	1.2327145470513239	0.5555555555555556	36.0
45310	train	1.2019114722140965e-05	1.087499392916284	1.0297301782232409	0.18024685068262947	1.0333351152368935	1.0832855535878076	0.6944444444444444	36.0
45320	train	1.2010578234203403e-05	1.02894588603879	0.9647692056924599	0.17315606441762713	0.9682323269808125	1.2142711811595492	0.4722222222222222	36.0
45330	train	1.2002059417593277e-05	1.0461204934421175	0.9878293138050033	0.16190162301063538	0.991067346265216	1.10106294353803	0.6666666666666666	36.0
45340	train	1.1993558275812347e-05	0.9628796852761357	0.910205191999725	0.21327578773101172	0.9144707077543452	0.968179550435808	0.6944444444444444	36.0
45350	train	1.1985074812355117e-05	1.000718162136831	0.9325770424646386	0.180619540810585	0.9361894332808502	1.2905745771196153	0.6111111111111112	36.0
45360	train	1.1976609030708816e-05	1.0742097665470154	1.0151828860509373	0.1428079820341534	1.0180390456916204	1.1234144171079	0.5833333333333334	36.0
45370	train	1.1968160934353407e-05	1.0227383541935304	0.9774391847392206	0.1621387004852295	0.9806819587489253	0.8411279088921018	0.7222222222222222	36.0
45380	train	1.1959730526761583e-05	1.0485949778808699	0.9942700684918508	0.15684228837490083	0.9974069142593489	1.02376127243042	0.6388888888888888	36.0
45390	train	1.1951317811398766e-05	0.9457692289033627	0.8907972677229936	0.19517441590627035	0.894700756041119	1.021369457244873	0.6944444444444444	36.0
45400	train	1.194292279172311e-05	1.0116434521395403	0.9409236402480242	0.15945385272304216	0.944112717302485	1.3506146967411041	0.5277777777777778	36.0
45410	train	1.1934545471185481e-05	1.1384926623044185	1.0830880057335999	0.12109561637043953	1.0855099180610086	1.059654884868198	0.6666666666666666	36.0
45420	train	1.1926185853229485e-05	0.9807644186938462	0.9319865871907596	0.16134493425488472	0.9352134858758573	0.9110186563597785	0.6944444444444444	36.0
45430	train	1.1917843941291445e-05	0.9795044557193594	0.9357048775361322	0.16931341091791788	0.9390911457544906	0.8082661992973752	0.8055555555555556	36.0
45440	train	1.1909519738800404e-05	1.026795012156298	0.9607587601742449	0.16899309886826408	0.9641386221516102	1.2531278000937567	0.5833333333333334	36.0
45450	train	1.190121324917813e-05	1.082875065221177	1.028102959053834	0.14301512092351915	1.0309632614723043	1.0382360749774509	0.6388888888888888	36.0
45460	train	1.1892924475839106e-05	1.035986242464124	0.9845478952221793	0.1408413586517175	0.9873647223952137	0.9724304013782077	0.6666666666666666	36.0
45470	train	1.1884653422190533e-05	1.043970743860665	0.9758977775400178	0.14945390737719005	0.9788868556875616	1.3016777634620667	0.5277777777777778	36.0
45480	train	1.187640009163233e-05	1.006400966267155	0.9476203940083909	0.1827534591158231	0.9512754631907074	1.1025100615289476	0.6666666666666666	36.0
45490	train	1.1868164487557129e-05	1.03013447788571	0.9721341581399046	0.1533906598885854	0.9752019713376763	1.0986501309606764	0.5833333333333334	36.0
45500	train	1.1859946613350275e-05	1.0258927152317514	0.9699507701656966	0.160715418557326	0.9731650785368432	1.0545527338981628	0.6666666666666666	36.0
45510	train	1.1851746472389827e-05	1.0094185946699707	0.9592580262306726	0.1871310497323672	0.96300064722532	0.9283589488930173	0.7222222222222222	36.0
45520	train	1.184356406804655e-05	0.9952762556968517	0.9220620090132011	0.18737780650456745	0.9258095651432925	1.389333811071184	0.5555555555555556	36.0
45530	train	1.1835399403683923e-05	0.8905676033325908	0.8241758988858512	0.2283978114525477	0.8287438551149021	1.2364749643537734	0.6111111111111112	36.0
45540	train	1.182725248265813e-05	0.9258831310917048	0.8750429545159911	0.19861077765623728	0.8790151700691159	0.9373592204517789	0.6666666666666666	36.0
45550	train	1.1819123308318068e-05	1.0256358362640354	0.9548075867060569	0.16958225953082243	0.9581992318966733	1.3487320873472426	0.4722222222222222	36.0
45560	train	1.181101188400533e-05	1.0880017106400408	1.013636557352193	0.16045133479767376	1.0168455840481465	1.4231225318378873	0.5555555555555556	36.0
45570	train	1.1802918213054212e-05	1.0051254776176877	0.947606565166553	0.17080045888821285	0.9510225743443173	1.0820580654674106	0.5555555555555556	36.0
45580	train	1.1794842298791722e-05	0.92476685867902	0.8654554417483974	0.21082465946674347	0.8696719349377323	1.1018984748257532	0.6666666666666666	36.0
45590	train	1.1786784144537563e-05	0.9525080831043593	0.89510661262201	0.20719350079695384	0.899250482637949	1.0651520093282063	0.6666666666666666	36.0
45600	train	1.1778743753604133e-05	1.0150177762512398	0.9622597141170534	0.1623072847723961	0.9655058598125013	0.9902383287747701	0.6944444444444444	36.0
45610	train	1.1770721129296543e-05	1.0066438321938327	0.9445590725379066	0.1705965424577395	0.9479710033870614	1.1734565761354234	0.6111111111111112	36.0
45620	train	1.176271627491258e-05	1.0191896802419806	0.958943279019765	0.1813628040254116	0.9625705351002731	1.1323829028341506	0.6944444444444444	36.0
45630	train	1.175472919374274e-05	1.043043159382307	0.9914532039809811	0.14060388895727338	0.9942652817601266	0.9755575524436103	0.6944444444444444	36.0
45640	train	1.1746759889070212e-05	1.0337920388365172	0.9781789598515678	0.14846950670083364	0.9811483499855844	1.052873777018653	0.6388888888888888	36.0
45650	train	1.1738808364170877e-05	1.019899334925858	0.9520221236134052	0.1751990685860316	0.9555261049851258	1.2874645988146465	0.5833333333333334	36.0
45660	train	1.1730874622313303e-05	1.031910902640219	0.963548865067623	0.16448392967383066	0.9668385436610997	1.3014471795823839	0.5277777777777778	36.0
45670	train	1.1722958666758753e-05	1.050185103441695	0.9894119868001204	0.17360771497090657	0.9928841410995386	1.146019246843126	0.5833333333333334	36.0
45680	train	1.1715060500761182e-05	0.9784601607235431	0.9113723627705204	0.20418046083715227	0.9154559719872634	1.2600837747255962	0.5555555555555556	36.0
45690	train	1.170718012756723e-05	0.9779197413437714	0.9104005962523966	0.168573800722758	0.9137720722668518	1.2829533815383911	0.6111111111111112	36.0
45700	train	1.1699317550416207e-05	1.0729820413251163	1.0147769584118764	0.14766588310400644	1.0177302760739566	1.1050353050231934	0.6388888888888888	36.0
45710	train	1.169147277254013e-05	1.0767839483339576	1.0146570179978	0.1423451691865921	1.017503921381532	1.1856005390485127	0.5833333333333334	36.0
45720	train	1.168364579716369e-05	0.9999427007496429	0.9455931613041367	0.17981832722822824	0.9491895278487013	1.0150634580188327	0.6944444444444444	36.0
45730	train	1.1675836627504263e-05	1.0007221342243329	0.9471239003324748	0.16853687663873038	0.9504946378652495	1.0045499271816678	0.6944444444444444	36.0
45740	train	1.1668045266771902e-05	1.053154031016615	0.998137953994857	0.14714655578136443	1.0010808851104844	1.0414629181226094	0.6666666666666666	36.0
45750	train	1.1660271718169339e-05	1.0170745367450695	0.9456602985471336	0.18874424944321314	0.9494351835359979	1.3527870641814337	0.4166666666666667	36.0
45760	train	1.1652515984891986e-05	0.9163602295372605	0.8533159269578311	0.20074491285615498	0.8573308252149542	1.1805880864461262	0.6111111111111112	36.0
45770	train	1.1644778070127937e-05	1.0230858266366867	0.9675611763543566	0.17983723349041408	0.9711579210241649	1.038558112250434	0.6388888888888888	36.0
45780	train	1.163705797705795e-05	0.9452254593123761	0.8826904204073648	0.1744132066766421	0.8861786845408977	1.1809354954295688	0.5277777777777778	36.0
45790	train	1.1629355708855473e-05	1.092732880852545	1.0295950620375651	0.1579269158343474	1.0327536003542521	1.1995856099658542	0.6111111111111112	36.0
45800	train	1.1621671268686604e-05	1.0707080559777342	1.0090651251852965	0.15313000579675037	1.0121277253012315	1.1716066135300531	0.5555555555555556	36.0
45810	train	1.1614004659710136e-05	1.131092602506917	1.073283584146673	0.11527542935477363	1.0755890927337686	1.1100701954629686	0.6388888888888888	36.0
45820	train	1.1606355885077523e-05	1.0577346543575834	1.0056124085955	0.17132890886730617	1.0090389867728462	0.9739133516947428	0.6388888888888888	36.0
45830	train	1.1598724947932883e-05	1.0937325264502964	1.0259404213426246	0.16042703203856945	1.029148961983396	1.291671289338006	0.6111111111111112	36.0
45840	train	1.1591111851413014e-05	1.0637232602600606	1.0035423634348002	0.15945492386817933	1.0067314619121637	1.13983596695794	0.6944444444444444	36.0
45850	train	1.1583516598647355e-05	1.0028590606095593	0.9589078757804832	0.17022034923235577	0.9623122827651304	0.8109355568885803	0.7777777777777778	36.0
45860	train	1.1575939192758043e-05	1.0211457976842369	0.9515925629580463	0.17116696718666288	0.9550159023017796	1.322597907649146	0.5833333333333334	36.0
45870	train	1.156837963685986e-05	1.0027891443485442	0.9576081694345762	0.16458840072154998	0.9608999374490071	0.8377841379907396	0.7777777777777778	36.0
