step	split	lr	loss	mlm_loss	rc_loss	selection_loss	region_loss	region_acc	region_valid_count
14010	train	8.523217581736747e-05	1.0835492643756712	1.0098453328917136	0.12902683913707733	1.0124258696744552	1.4224678940243192	0.5277777777777778	36.0
14020	train	8.521079914567018e-05	1.1288569211678607	1.0496282593724036	0.14558883210023243	1.0525400360144082	1.526337703069051	0.4166666666666667	36.0
14030	train	8.518941005545452e-05	1.0789231906378112	1.0010648571528171	0.15641033798456191	1.0041930639125083	1.494602534506056	0.3611111111111111	36.0
14040	train	8.516800855551274e-05	1.077939412997204	0.9958179067135233	0.14631789343224633	0.9987442645821683	1.5839029683007135	0.4166666666666667	36.0
14050	train	8.514659465464219e-05	0.9732154021526389	0.8928269346917682	0.2152746394276619	0.8971324274803214	1.52165949344635	0.4444444444444444	36.0
14060	train	8.512516836164531e-05	1.0667120602892186	0.9849592416319263	0.1498077561457952	0.9879553967548422	1.5751332706875272	0.4166666666666667	36.0
14070	train	8.510372968532966e-05	1.0010354051932133	0.9166159994348324	0.19960613548755646	0.9206081221445835	1.6085456609725952	0.3333333333333333	36.0
14080	train	8.508227863450782e-05	1.112050681022729	1.026816708171956	0.1345343581504292	1.0295073953349645	1.6508657137552898	0.3055555555555556	36.0
14090	train	8.506081521799756e-05	1.0688145881179525	0.9872456713136918	0.1688186079263687	0.9906220434722192	1.5638508929146662	0.4166666666666667	36.0
14100	train	8.503933944462166e-05	1.0551160647968452	0.9768739199638367	0.15799756762054232	0.9800338713162475	1.501643869611952	0.4444444444444444	36.0
14110	train	8.5017851323208e-05	1.0075600005971734	0.9187420383016942	0.19900806844234467	0.9227221996705411	1.6967560185326471	0.3611111111111111	36.0
14120	train	8.499635086258954e-05	1.0612016129333783	0.9842773316061174	0.13978547561499807	0.9870730411184174	1.4825714362992182	0.4722222222222222	36.0
14130	train	8.497483807160428e-05	1.117211412795641	1.0357182608494406	0.1636159136891365	1.0389905791232235	1.5644166734483507	0.4444444444444444	36.0
14140	train	8.495331295909536e-05	1.0644872266219265	0.9784113525582228	0.16028953393300374	0.9816171432368829	1.6574016677008734	0.3888888888888889	36.0
14150	train	8.493177553391091e-05	1.1047747251044648	1.0252201507473262	0.14989924099710253	1.0282181355672682	1.5311317907439337	0.4166666666666667	36.0
14160	train	8.491022580490417e-05	1.1294797459118402	1.0578759661563073	0.1359771074106296	1.06059550830452	1.377684752146403	0.5	36.0
14170	train	8.488866378093338e-05	1.161327614390157	1.075266216642296	0.14052465011676152	1.078076709644631	1.6650180949105158	0.3055555555555556	36.0
14180	train	8.486708947086192e-05	1.0700558217319636	0.9886072094691584	0.14348915798796547	0.9914769926289176	1.5715765820609198	0.4166666666666667	36.0
14190	train	8.484550288355818e-05	1.0728382579086122	0.9970384451844192	0.13458550886975396	0.9997301553618143	1.4621620509359572	0.5555555555555556	36.0
14200	train	8.482390402789554e-05	1.1489306280180966	1.0770045535430466	0.13133028729094398	1.0796311592888654	1.385989374584622	0.4444444444444444	36.0
14210	train	8.480229291275252e-05	1.1865762351836668	1.1182263426866041	0.10662613312403361	1.1203588653490848	1.3243473966916401	0.5833333333333334	36.0
14220	train	8.478066954701258e-05	1.1104316882619223	1.0379726741508273	0.1319335162639618	1.0406113444761065	1.3964068757163153	0.5833333333333334	36.0
14230	train	8.475903393956434e-05	1.135736218025702	1.060967774918097	0.10895208517710368	1.0631468166216391	1.451788028081258	0.4166666666666667	36.0
14240	train	8.473738609930132e-05	1.125304403946368	1.0457709915726396	0.17137283997403252	1.0491984483721204	1.5221191114849515	0.3888888888888889	36.0
14250	train	8.471572603512218e-05	1.0245025341548233	0.9491174202698179	0.19852659751971563	0.9530879522202123	1.42829163869222	0.5555555555555556	36.0
14260	train	8.46940537559305e-05	1.1985323109110089	1.1192731531573559	0.08933364897966385	1.121059826136949	1.5494496954811945	0.3611111111111111	36.0
14270	train	8.467236927063499e-05	1.0219105353500253	0.9352373446437193	0.19250368972619375	0.9390874184382432	1.6564623382356432	0.3611111111111111	36.0
14280	train	8.465067258814928e-05	1.1360035976044285	1.049552444329389	0.14007417609294256	1.052353927851248	1.6729933950636122	0.3888888888888889	36.0
14290	train	8.462896371739208e-05	1.1268289355515697	1.0468190003414213	0.137309626241525	1.0495651928662517	1.5452748537063599	0.3888888888888889	36.0
14300	train	8.460724266728707e-05	0.9983174149848377	0.9164045276235231	0.1887753407160441	0.920180034437844	1.5627476109398737	0.4166666666666667	36.0
14310	train	8.458550944676298e-05	1.0924411382445258	1.0029887583853698	0.17370087818966973	1.0064627759491631	1.7195672459072537	0.3333333333333333	36.0
14320	train	8.456376406475348e-05	1.0182389551492874	0.9406097447963897	0.18696956170929802	0.9443491360305757	1.4777963823742337	0.5277777777777778	36.0
14330	train	8.45420065301973e-05	1.0754340225342092	0.9921257697095318	0.1793122192223867	0.9957120140939796	1.5944401688045926	0.3055555555555556	36.0
14340	train	8.452023685203813e-05	1.0774841252536458	0.9993439721800436	0.1741383597254753	1.0028267393745531	1.4931477175818548	0.4166666666666667	36.0
14350	train	8.449845503922469e-05	1.0260471727967309	0.9496394936263607	0.1790018007159233	0.9532195296406791	1.4565528631210327	0.5277777777777778	36.0
14360	train	8.447666110071062e-05	1.0828520681709832	0.995199982383263	0.15955179433027902	0.9983910182698686	1.6892209980222914	0.3055555555555556	36.0
14370	train	8.44548550454546e-05	0.9303979406697672	0.8428545507613892	0.2644259919013296	0.8481430705994157	1.6450974014070299	0.3888888888888889	36.0
14380	train	8.443303688242028e-05	1.103961115051175	1.0259311816283712	0.15261435757080713	1.0289834687797872	1.4995529254277546	0.4444444444444444	36.0
14390	train	8.441120662057627e-05	1.175981116636269	1.095208127734071	0.11189948717753093	1.0974461174776218	1.5706999831729465	0.3888888888888889	36.0
14400	train	8.438936426889618e-05	1.1242919157841977	1.0260721691928814	0.1490827521516217	1.0290538242359137	1.904761830965678	0.3333333333333333	36.0
14410	train	8.43675098363586e-05	1.068432634775073	0.9728741659696539	0.18121816913286845	0.9764985293523113	1.838682108455234	0.3611111111111111	36.0
14420	train	8.4345643331947e-05	1.0199500108285675	0.9331472700493796	0.19253861010074616	0.9369980422513945	1.6590393715434604	0.3055555555555556	36.0
14430	train	8.432376476464992e-05	1.0828972273075788	1.0044725521575286	0.16456740846236548	1.007763900326776	1.502666539616055	0.4444444444444444	36.0
14440	train	8.430187414346081e-05	1.092333646917257	1.0085340162612464	0.1493437880029281	1.011520892021305	1.6162550979190402	0.4166666666666667	36.0
14450	train	8.427997147737806e-05	1.1415421305112048	1.0688239592325692	0.13066252072652182	1.0714372096470997	1.4020984172821045	0.5277777777777778	36.0
14460	train	8.425805677540503e-05	1.0630689868921959	0.9817195971603118	0.16034280161062878	0.9849264531925244	1.5628506739934285	0.3888888888888889	36.0
14470	train	8.423613004655005e-05	1.12347417978151	1.0523702100063697	0.13512549611429372	1.0550727199286556	1.3680291970570881	0.5555555555555556	36.0
14480	train	8.421419129982634e-05	1.0820984943390248	1.0026914965656424	0.1451895574728648	1.0055952877150998	1.530064132478502	0.4722222222222222	36.0
14490	train	8.419224054425212e-05	1.138087432426737	1.0587636425089764	0.114672090113163	1.0610570843112397	1.5406069623099432	0.3888888888888889	36.0
14500	train	8.417027778885049e-05	1.0664279502996081	0.9878109374677083	0.18135262860192192	0.9914379900397468	1.4997992051972284	0.4444444444444444	36.0
14510	train	8.414830304264951e-05	1.0883884446295897	1.0041058216051393	0.17912078027923903	1.007688237210724	1.6140041483773127	0.4166666666666667	36.0
14520	train	8.412631631468218e-05	1.0218793514817957	0.9374492426166934	0.2075177960925632	0.9415995985385447	1.6055950588650174	0.3333333333333333	36.0
14530	train	8.410431761398641e-05	1.1127526419555678	1.028734705873218	0.1473148510687881	1.0316810028945937	1.6214327812194824	0.3611111111111111	36.0
14540	train	8.408230694960504e-05	1.0799930159450994	1.0036334696363831	0.15296787644426027	1.0066928271652684	1.4660037755966187	0.4444444444444444	36.0
14550	train	8.406028433058581e-05	1.1457851611372767	1.0759242103543816	0.13928779338796934	1.0787099662221409	1.341503898302714	0.4444444444444444	36.0
14560	train	8.403824976598141e-05	1.0615996963489422	0.9839130418342058	0.17830711205800373	0.9874791840753658	1.4824102454715304	0.4166666666666667	36.0
14570	train	8.40162032648494e-05	1.0599887420716616	0.967466183236844	0.19315225879351297	0.9713292284127142	1.7731902731789484	0.25	36.0
14580	train	8.399414483625225e-05	0.9906119428022504	0.9233418652160764	0.20069700082143146	0.927355805232505	1.2651227513949077	0.6111111111111112	36.0
14590	train	8.397207448925737e-05	1.0912301437469833	1.016178281169386	0.17645863592624664	1.019707453887911	1.4304537971814473	0.5277777777777778	36.0
14600	train	8.394999223293704e-05	1.1066277449615252	1.036920954360548	0.13430216021481015	1.039606997564844	1.340414947933621	0.6111111111111112	36.0
14610	train	8.392789807636844e-05	1.0428868943595513	0.9699490519043761	0.14739645421504974	0.972896980988677	1.3997982674174838	0.3888888888888889	36.0
14620	train	8.390579202863364e-05	1.1073805628585047	1.026753299285196	0.15331829525530338	1.029819665190302	1.5512179533640544	0.3888888888888889	36.0
14630	train	8.38836740988196e-05	1.1015298543057253	1.01622098864927	0.15591141002045739	1.019339216849679	1.6438127491209242	0.4722222222222222	36.0
14640	train	8.386154429601817e-05	1.140813061279986	1.0642733970653022	0.12871843638519445	1.066847765793006	1.4793059097396002	0.5833333333333334	36.0
14650	train	8.383940262932609e-05	1.155747595880764	1.075094302106404	0.1399530228227377	1.0778933625628588	1.5570846663581	0.4722222222222222	36.0
14660	train	8.381724910784493e-05	1.037866960559531	0.9639063601055846	0.17964784428477287	0.9674993169912801	1.4073528713650174	0.4166666666666667	36.0
14670	train	8.379508374068121e-05	1.0359480235625018	0.9568197524033033	0.18005618535810047	0.9604208761104653	1.5105429490407307	0.4166666666666667	36.0
14680	train	8.377290653694623e-05	1.1078360387977961	1.0340441236824132	0.17003741214672724	1.0374448719253477	1.407823337448968	0.5277777777777778	36.0
14690	train	8.375071750575621e-05	1.1014718438544469	1.032153605701221	0.13552767969667912	1.0348641592951546	1.3321536911858454	0.5	36.0
14700	train	8.372851665623225e-05	1.057147231544248	0.9844226050594036	0.16477071692546208	0.9877180193979128	1.3885842429267035	0.5277777777777778	36.0
14710	train	8.370630399750027e-05	1.0442218801266454	0.9656668150643345	0.19253255592452156	0.969517466182825	1.4940882788764105	0.3333333333333333	36.0
14720	train	8.368407953869104e-05	1.0802262213201594	1.008523331818111	0.17443477610747019	1.0120120273402604	1.3642838795979817	0.5277777777777778	36.0
14730	train	8.366184328894021e-05	1.0776668805111125	0.9981944954498287	0.17118464969098568	1.0016181884436484	1.520973841349284	0.5	36.0
14740	train	8.363959525738825e-05	1.0985313603129028	1.0218528794427089	0.15385294126139748	1.0249299382679369	1.4720284408993192	0.5	36.0
14750	train	8.361733545318049e-05	1.0998013631023331	1.019561276280287	0.12951351412468487	1.0221515465627806	1.5529963307910495	0.3888888888888889	36.0
14760	train	8.35950638854671e-05	1.0737868638600567	0.9932076525455374	0.1548654834429423	0.9963049622143962	1.549638032913208	0.4166666666666667	36.0
14770	train	8.357278056340306e-05	1.1080259071063447	1.0219818618625185	0.13770199256638685	1.0247359017138462	1.665800107849969	0.2777777777777778	36.0
14780	train	8.355048549614825e-05	1.0566640996670167	0.9675643521615638	0.19545819527573055	0.9714735160670784	1.7038116719987657	0.2777777777777778	36.0
14790	train	8.352817869286728e-05	1.0908822921142247	1.0087919285206597	0.1582834633688132	1.011957597788036	1.5784938865237765	0.3333333333333333	36.0
14800	train	8.350586016272965e-05	1.1650019535992742	1.0955286095017394	0.10362476160128911	1.097601104733765	1.3480169773101807	0.6111111111111112	36.0
14810	train	8.348352991490967e-05	1.0121972084917648	0.9288129917328247	0.22297996282577515	0.9332725909893402	1.578492350048489	0.3611111111111111	36.0
14820	train	8.346118795858646e-05	1.1123305905678218	1.0300900312084302	0.17718840142091116	1.0336337992368485	1.573935826619466	0.3611111111111111	36.0
14830	train	8.343883430294396e-05	1.0816927421722542	1.0040989000897007	0.16643921203083462	1.0074276843303174	1.4853011568387349	0.4722222222222222	36.0
14840	train	8.341646895717091e-05	1.083495298342971	0.9995745066143422	0.15445628017187119	1.0026636322177795	1.6166333225038316	0.3611111111111111	36.0
14850	train	8.339409193046084e-05	1.1151894575790033	1.0397815275624858	0.12534018026457894	1.0422883311677773	1.4580225282245212	0.4722222222222222	36.0
14860	train	8.337170323201212e-05	1.0930780739462778	1.0136877437591294	0.15732369845112165	1.0168342177281517	1.5248771243625217	0.3888888888888889	36.0
14870	train	8.33493028710279e-05	1.0976342599746267	1.0228206228475618	0.1574454534177979	1.0259695319159177	1.4332945611741807	0.4722222222222222	36.0
14880	train	8.332689085671612e-05	1.1432447875952851	1.0612811359928183	0.13229425872365633	1.0639270211672913	1.5863553285598755	0.5277777777777778	36.0
14890	train	8.33044671982895e-05	1.1496934710798505	1.0802256801715668	0.1236072838306427	1.0826978258481796	1.3399129046334162	0.5	36.0
14900	train	8.328203190496556e-05	1.1157575429400455	1.0351720918371266	0.13367665360371273	1.0378456249092007	1.558238360616896	0.3888888888888889	36.0
14910	train	8.325958498596663e-05	1.0764116284687566	0.9980208729975005	0.14176780399349	1.0008562290773704	1.511107987827725	0.3611111111111111	36.0
14920	train	8.323712645051975e-05	1.079172844225033	0.9951133879403578	0.1939745725442966	0.9989928793912437	1.603599296675788	0.3888888888888889	36.0
14930	train	8.321465630785681e-05	0.9790678964843258	0.9032190291739077	0.21383342544237774	0.9074956976827553	1.4314439760314093	0.4166666666666667	36.0
14940	train	8.319217456721443e-05	1.0970930802922962	1.0096119142507367	0.13966979831457138	1.012405310217028	1.6937554015053644	0.4166666666666667	36.0
14950	train	8.316968123783398e-05	1.113903358941733	1.028799152786989	0.14632266180382836	1.0317256060230657	1.6435550583733454	0.3333333333333333	36.0
14960	train	8.314717632896164e-05	1.1214304830713937	1.0382719750123424	0.12990351104074055	1.0408700452331572	1.6112087567647297	0.4722222222222222	36.0
14970	train	8.312465984984833e-05	0.9846069145587161	0.9027607538149166	0.2169176135212183	0.907099106085341	1.5501561694675021	0.4444444444444444	36.0
14980	train	8.310213180974971e-05	1.0662399526700224	0.988289957701979	0.17404139869742924	0.9917707856759276	1.489383339881897	0.4444444444444444	36.0
14990	train	8.307959221792621e-05	1.058237335410486	0.9693826484614978	0.16366520855161878	0.9726559526325301	1.711627655559116	0.3611111111111111	36.0
15000	train	8.305704108364301e-05	1.0650587824434028	0.9929227073407821	0.17170168310403824	0.9963567410028629	1.3740408288107977	0.5277777777777778	36.0
15000	val		1.1183426330863289	1.0371264713102644	0.1555958394292091	1.0402383880988486	1.5620848997496068	0.4322916666666667	192.0
15010	train	8.303447841617003e-05	1.1179156392109209	1.0404647671969547	0.14522545288006464	1.0433692762545559	1.490927259127299	0.4722222222222222	36.0
15020	train	8.301190422478193e-05	1.1111665854435058	1.0227697272927454	0.14411811903119087	1.0256520896733692	1.7102899154027302	0.3888888888888889	36.0
15030	train	8.29893185187581e-05	1.0635024800528325	0.9839304726533662	0.17752084508538246	0.9874808895550738	1.520431809955173	0.5555555555555556	36.0
15040	train	8.296672130738268e-05	1.0900851395573687	1.0060173318181524	0.15436269236462458	1.009104585665445	1.6196110778384738	0.5	36.0
15050	train	8.294411259994453e-05	1.1034082899645168	1.0226282045730484	0.15202104051907858	1.02566862538343	1.554793291621738	0.3888888888888889	36.0
15060	train	8.292149240573723e-05	1.0993612496368697	1.0177129371774805	0.12674269328514734	1.0202477910431833	1.5822691718737285	0.3611111111111111	36.0
15070	train	8.289886073405908e-05	1.0916165239808815	1.0111959649156719	0.15297151688072416	1.0142553952532865	1.5472225745519002	0.4166666666666667	36.0
15080	train	8.287621759421311e-05	1.1103942361010348	1.0314718279523885	0.12696665152907372	1.0340111609829699	1.5276615023612976	0.4166666666666667	36.0
15090	train	8.28535629955071e-05	1.0408221427644242	0.9621169979335482	0.1915351338684559	0.9659477006109173	1.497488843070136	0.4722222222222222	36.0
15100	train	8.283089694725341e-05	0.9864257232609424	0.9037294644627007	0.23098795488476753	0.908349223560396	1.5615299940109253	0.4166666666666667	36.0
15110	train	8.28082194587693e-05	1.1226362195607738	1.0359281654581713	0.15080865011328742	1.038944338460437	1.6738376220067341	0.3611111111111111	36.0
15120	train	8.278553053937655e-05	1.0454335630553233	0.9639384986493921	0.165084728350242	0.9672401932163969	1.5638673967785306	0.4722222222222222	36.0
15130	train	8.276283019840174e-05	1.1153018548080562	1.0317723174713622	0.1610015539659394	1.0349923485506811	1.6061901251475017	0.3611111111111111	36.0
15140	train	8.274011844517615e-05	1.147411785095704	1.0496109908388824	0.1436979744051184	1.0524849503269849	1.898536695374383	0.25	36.0
15150	train	8.271739528903569e-05	1.1123663731643048	1.0262670393597901	0.1434958597852124	1.0291369565554944	1.6645883321762085	0.3611111111111111	36.0
15160	train	8.269466073932101e-05	1.0554678415261345	0.9737297000241913	0.17733320552441809	0.9772763641346797	1.5638295478290982	0.3888888888888889	36.0
15170	train	8.267191480537741e-05	1.112623735194391	1.0343082206861702	0.14610851059357324	1.0372303908980416	1.5078668859269884	0.4166666666666667	36.0
15180	train	8.264915749655492e-05	1.0937677140332496	1.020655073784845	0.15670795241991678	1.0237892328332434	1.3995696240001254	0.5555555555555556	36.0
15190	train	8.262638882220816e-05	1.1267572324158122	1.0499114908656846	0.13885578910509747	1.0526886066477865	1.4813725153605144	0.4444444444444444	36.0
15200	train	8.26036087916965e-05	1.062812904843511	0.9769354256677845	0.1792713036139806	0.9805208517400641	1.6458410620689392	0.3055555555555556	36.0
15210	train	8.258081741438395e-05	1.0898789473262145	1.005233581046599	0.1617534098525842	1.0084686492436508	1.6282059616512723	0.3888888888888889	36.0
15220	train	8.255801469963918e-05	0.9996519295918347	0.9308706249145072	0.1915685494740804	0.9347019959039888	1.2989986737569172	0.6111111111111112	36.0
15230	train	8.253520065683552e-05	1.136806054595969	1.05745055759999	0.13178130818737877	1.0600861837637376	1.5343974166446261	0.3888888888888889	36.0
15240	train	8.251237529535096e-05	0.9245713666371034	0.8385787073315706	0.21617954845229784	0.8429022983006166	1.6333813667297363	0.4444444444444444	36.0
15250	train	8.248953862456815e-05	1.0660397505282795	0.979996293940753	0.1885884036620458	0.9837680620139939	1.6454337702857122	0.3333333333333333	36.0
15260	train	8.246669065387439e-05	1.0753622282376063	0.9910251987446409	0.16765531414636858	0.9943783050275683	1.6196784642007616	0.3611111111111111	36.0
15270	train	8.24438313926616e-05	1.0780184396206463	1.0018651596571793	0.16719114234050114	1.0052089825039894	1.4561891423331366	0.5277777777777778	36.0
15280	train	8.242096085032637e-05	1.0819419920567253	1.0043152599589935	0.16880062421162922	1.007691272443226	1.4850143922699823	0.5277777777777778	36.0
15290	train	8.239807903626993e-05	1.1293296783818814	1.0495949954278614	0.11511825439002779	1.0518973605156619	1.5486463573243883	0.3888888888888889	36.0
15300	train	8.23751859598981e-05	1.0664244721255487	0.9812369255345847	0.15668621559937795	0.9843706498465723	1.6410764455795288	0.4722222222222222	36.0
15310	train	8.235228163062137e-05	1.1814444593474194	1.1041145556719691	0.10369200673368242	1.1061883958066427	1.5051212708155315	0.5	36.0
15320	train	8.232936605785485e-05	1.114441719867265	1.0239841410459503	0.1532031590739886	1.02704820422743	1.7478703127966986	0.25	36.0
15330	train	8.230643925101827e-05	1.001313506525909	0.9275500583272726	0.21810386909378898	0.9319121357091483	1.3880274163352118	0.5555555555555556	36.0
15340	train	8.228350121953595e-05	1.0909152089363738	1.009387887226847	0.1572281042734782	1.0125324493123165	1.5676551924811468	0.4166666666666667	36.0
15350	train	8.22605519728369e-05	0.9773942714242695	0.8957077112107037	0.20801239046785566	0.8998679590200608	1.5505262480841742	0.4166666666666667	36.0
15360	train	8.223759152035464e-05	1.0195997133973103	0.93286467477658	0.18720421505471072	0.9366087590776742	1.6598190863927205	0.4166666666666667	36.0
15370	train	8.221461987152735e-05	1.1368656908715606	1.050473457715065	0.11862841165728039	1.0528460259482106	1.6803932984670003	0.3333333333333333	36.0
15380	train	8.219163703579784e-05	1.055418284306116	0.9701336103371652	0.2100752360290951	0.9743351150577471	1.62166338496738	0.4722222222222222	36.0
15390	train	8.216864302261343e-05	1.1153361159651278	1.0328298152988618	0.1290130445526706	1.0354100761899152	1.5985207955042522	0.2777777777777778	36.0
15400	train	8.214563784142614e-05	1.1146931641817939	1.033174442257734	0.16389265718559423	1.036452295401446	1.5648173756069608	0.3888888888888889	36.0
15410	train	8.212262150169252e-05	1.1138595728552825	1.0440032391061207	0.12176945888333851	1.0464386282837874	1.3484188914299011	0.5277777777777778	36.0
15420	train	8.209959401287371e-05	1.129382318897938	1.048748965919576	0.14067070931196213	1.0515623801058152	1.5563987758424547	0.4444444444444444	36.0
15430	train	8.207655538443543e-05	1.0736748576480262	0.9797976908486531	0.151101133475701	0.9828197135181671	1.8171028825971816	0.3055555555555556	36.0
15440	train	8.2053505625848e-05	1.0762232767107	0.9879612892232249	0.18706588546435038	0.9917026069325119	1.6904133955637615	0.4722222222222222	36.0
15450	train	8.203044474658632e-05	1.0764118965779748	0.9969264478450027	0.15652152573068936	1.0000568783596164	1.5271003643671672	0.5	36.0
15460	train	8.200737275612984e-05	1.076485312612676	1.0006869933656422	0.15154546168115404	1.0037179025992653	1.4553482002682157	0.4722222222222222	36.0
15470	train	8.198428966396257e-05	1.0247080904233714	0.9408606426737303	0.16814827173948288	0.9442236081085199	1.609689646297031	0.3611111111111111	36.0
15480	train	8.19611954795731e-05	1.1177576538058187	1.038361418608036	0.17537431170543036	1.0418689048421448	1.5177749792734783	0.4166666666666667	36.0
15490	train	8.193809021245459e-05	1.080314662936102	1.0137516051028543	0.17028261886702645	1.0171572574801948	1.2631481091181438	0.6111111111111112	36.0
15500	train	8.191497387210472e-05	0.9963368113227525	0.9178553867659144	0.21440098881721498	0.9221434065422587	1.4838680956098769	0.4444444444444444	36.0
15510	train	8.189184646802576e-05	1.1016662061406917	1.0227827496522413	0.14995819826920828	1.0257819136176254	1.517685850461324	0.4444444444444444	36.0
15520	train	8.186870800972453e-05	1.163642117434323	1.0854895943356027	0.09954401147034433	1.0874804745650095	1.5232328573862712	0.3888888888888889	36.0
15530	train	8.184555850671235e-05	1.025010562218489	0.9467219413922183	0.1752527943915791	0.9502269972800499	1.4956712987687852	0.4444444444444444	36.0
15540	train	8.18223979685051e-05	1.0972664898338464	1.0156132039194352	0.15514477559675774	1.0187160994313704	1.5710078080495198	0.3888888888888889	36.0
15550	train	8.179922640462323e-05	1.1498989881640065	1.063016229318121	0.12199017951885859	1.065456032908498	1.6888591051101685	0.3055555555555556	36.0
15560	train	8.177604382459167e-05	1.0592347430004336	0.9782536616074036	0.14464684658580357	0.9811465985391197	1.5617628892262776	0.3333333333333333	36.0
15570	train	8.175285023793992e-05	1.155587286924454	1.0770272293886862	0.11095410858591398	1.0792463115604045	1.5268195072809856	0.5	36.0
15580	train	8.172964565420198e-05	1.0189148037539204	0.944259766066036	0.16010269025961557	0.9474618198712284	1.4290596776538425	0.4722222222222222	36.0
15590	train	8.170643008291638e-05	1.0653968834334155	0.9868688639999587	0.16099115106321515	0.990088687021223	1.506163928243849	0.4444444444444444	36.0
15600	train	8.168320353362616e-05	1.0965436759730078	1.0168384911093344	0.16715954575273725	1.0201816820243892	1.5272398789723713	0.4444444444444444	36.0
15610	train	8.165996601587889e-05	1.0733002684470225	0.9965804433282424	0.16595467842287487	0.9998995368966999	1.4680146310064528	0.5277777777777778	36.0
15620	train	8.163671753922662e-05	1.1253695747340142	1.0536905671905563	0.1281403104464213	1.0562533733994848	1.382324026690589	0.5	36.0
15630	train	8.161345811322591e-05	1.1288315902497559	1.042806755183093	0.13316843360662461	1.0454701238552255	1.667229327890608	0.3888888888888889	36.0
15640	train	8.159018774743786e-05	1.107819272142059	1.0304766812371609	0.15483431766430536	1.033573367590447	1.4849180910322402	0.4166666666666667	36.0
15650	train	8.156690645142804e-05	1.0043266452079405	0.9304403010996238	0.17518952190876008	0.933944091537799	1.4076510734028287	0.4722222222222222	36.0
15660	train	8.154361423476649e-05	1.1291371888921924	1.0566026616682214	0.1110655487411552	1.0588239726430444	1.406264324982961	0.5	36.0
15670	train	8.152031110702775e-05	1.0556212961919662	0.9745983806332837	0.1449461935294999	0.9774973045038737	1.562479833761851	0.2777777777777778	36.0
15680	train	8.149699707779089e-05	1.0867188685271494	1.0130037838849775	0.1598499971959326	1.0162007838288962	1.410361693965064	0.5277777777777778	36.0
15690	train	8.14736721566394e-05	1.1077925574621474	1.0270517003676212	0.13911306709051133	1.0298339617094314	1.5591719150543213	0.5	36.0
15700	train	8.14503363531613e-05	1.1086349450061963	1.0235309417283969	0.16880244318218457	1.0269069905920405	1.634559088283115	0.4166666666666667	36.0
15710	train	8.142698967694904e-05	1.089606457011802	1.0150804485846587	0.14675083061059316	1.0180154651968707	1.4318198362986247	0.4722222222222222	36.0
15720	train	8.140363213759954e-05	0.9890603773681862	0.9076686733320564	0.17634444534778596	0.9111955622390121	1.5572963025834825	0.3888888888888889	36.0
15730	train	8.138026374471423e-05	1.0592910645518183	0.9939389366438137	0.14354626130726603	0.996809861869959	1.2496240536371868	0.5833333333333334	36.0
15740	train	8.135688450789897e-05	1.0257253290410682	0.9520652620092872	0.18293317705392836	0.9557239255503658	1.4000280698140461	0.4444444444444444	36.0
15750	train	8.133349443676406e-05	1.1119049722420298	1.0405482610199641	0.13981442153453827	1.0433445494506548	1.371208455827501	0.5555555555555556	36.0
15760	train	8.131009354092431e-05	1.121220223379566	1.049770403692226	0.1374707031581137	1.0525198177553883	1.3740081124835544	0.5555555555555556	36.0
15770	train	8.128668182999892e-05	1.1245991988132777	1.0469286941224054	0.12530820444226265	1.0494348582112507	1.503286812040541	0.4722222222222222	36.0
15780	train	8.126325931361156e-05	1.0689971669920033	0.984195514845293	0.20233490963776907	0.9882422130380484	1.6150990790790982	0.4166666666666667	36.0
15790	train	8.123982600139035e-05	1.0658163550031337	0.9833378784958106	0.1603803506919316	0.9865454855096492	1.58541738986969	0.4444444444444444	36.0
15800	train	8.121638190296783e-05	1.0315886201766775	0.9488645172590328	0.17951690074470308	0.9524548552739268	1.582675298055013	0.4166666666666667	36.0
15810	train	8.1192927027981e-05	1.1319874941002466	1.0600893726720881	0.13339887683590254	1.0627573502088061	1.38460287782881	0.4722222222222222	36.0
15820	train	8.116946138607124e-05	1.1727463857380185	1.0985622197436922	0.1206300954023997	1.10097482165174	1.4354312817255657	0.4166666666666667	36.0
15830	train	8.114598498688442e-05	1.105470330605065	1.031374224665253	0.14260276059309643	1.034226279877115	1.424881014559004	0.5277777777777778	36.0
15840	train	8.11224978400708e-05	1.1718164440167653	1.0915548317761263	0.1239728747556607	1.0940342892712396	1.5556430949105158	0.4166666666666667	36.0
15850	train	8.109899995528505e-05	1.0826125240566882	1.009123426898574	0.14987912774085999	1.0121210094533912	1.4098302920659382	0.4722222222222222	36.0
15860	train	8.107549134218628e-05	0.9518274585912833	0.8667522481094011	0.20820321059889263	0.870916312321379	1.6182229253980849	0.4166666666666667	36.0
15870	train	8.105197201043794e-05	1.1035353315692558	1.0202378338894658	0.1425797070066134	1.0230894280295981	1.6089180707931519	0.4166666666666667	36.0
15880	train	8.102844196970801e-05	1.0859303529755546	1.009543296671206	0.15265421370665233	1.0125963809453389	1.4666794406043158	0.5555555555555556	36.0
15890	train	8.100490122966875e-05	1.1507682711778935	1.07436167958533	0.12994453931848207	1.0769605703716996	1.4761540161238775	0.4444444444444444	36.0
15900	train	8.098134979999689e-05	1.1165633966727577	1.0406850627780149	0.12617680008212726	1.0432085987796573	1.4670959578620062	0.4444444444444444	36.0
15910	train	8.095778769037352e-05	1.085218091185075	1.0134445362063897	0.13716973022868237	1.0161879308109634	1.380603207482232	0.4722222222222222	36.0
15920	train	8.093421491048415e-05	1.1052333974694322	1.0294155630325388	0.1631248543659846	1.0326780601198584	1.4511067469914753	0.5	36.0
15930	train	8.091063147001863e-05	1.1372029349829655	1.0550778675411379	0.12464439185957114	1.0575707553783293	1.592643592092726	0.4444444444444444	36.0
15940	train	8.088703737867127e-05	1.0479996582283477	0.9714225739949842	0.16940722713867823	0.9748107185377578	1.463778793811798	0.3888888888888889	36.0
15950	train	8.086343264614068e-05	1.1587297018782312	1.0824869398887966	0.13626968761285146	1.0852123336410537	1.4703473647435505	0.4722222222222222	36.0
15960	train	8.083981728212987e-05	1.0716003314126203	0.9948602210119702	0.16942231936587226	0.9982486673992876	1.467033280266656	0.5	36.0
15970	train	8.081619129634623e-05	1.0010022397674585	0.9204496451256141	0.1904812842607498	0.9242592708108291	1.5348593791325886	0.3611111111111111	36.0
15980	train	8.079255469850151e-05	1.0760695208707385	0.987265839818345	0.17367549985647202	0.9907393498154745	1.706603421105279	0.3888888888888889	36.0
15990	train	8.076890749831182e-05	1.0459809937574698	0.9629965183752062	0.2022766779576029	0.9670420519343582	1.5787788364622328	0.4722222222222222	36.0
16000	train	8.074524970549764e-05	1.091147676523072	1.0119576944565203	0.16676118224859238	1.015292918101492	1.5170951684315999	0.4722222222222222	36.0
16000	val		1.1176726468567555	1.0376453064763782	0.14966357483349763	1.0406385779730483	1.5406813776741426	0.4479166666666667	192.0
16010	train	8.072158132978379e-05	1.0948390524825973	1.0124756926393201	0.16331629858662686	1.0157420186110526	1.5819406774308946	0.4166666666666667	36.0
16020	train	8.069790238089943e-05	1.1025146651810032	1.025773417060139	0.13389099389314651	1.028451236938002	1.4812685648600261	0.5	36.0
16030	train	8.067421286857812e-05	1.1223067311418877	1.0487853788309123	0.12660893301169077	1.0513175574911462	1.4197834730148315	0.5	36.0
16040	train	8.065051280255768e-05	1.0673467833606454	0.9909731069720173	0.15788789900640646	0.9941308649521455	1.4643183681699965	0.4722222222222222	36.0
16050	train	8.062680219258034e-05	1.0190381487121638	0.9409915670663571	0.18058406809965769	0.9446032484283503	1.4886980056762695	0.5	36.0
16060	train	8.060308104839262e-05	1.1052475201041974	1.0316849509247286	0.13160032158096632	1.034316957356348	1.4186112549569871	0.5833333333333334	36.0
16070	train	8.05793493797454e-05	1.0799050937628611	0.9966375627453986	0.19707675874233246	1.0005790979202454	1.5865199168523152	0.3333333333333333	36.0
16080	train	8.055560719639388e-05	1.1196504093112711	1.0410777445915456	0.14711572371778034	1.0440200590659012	1.512607004907396	0.4722222222222222	36.0
16090	train	8.053185450809756e-05	1.0396084328916257	0.9592735509501483	0.190609163708157	0.9630857342243114	1.5304539733462863	0.4444444444444444	36.0
16100	train	8.050809132462025e-05	1.034004647766206	0.9510861035946209	0.19050228388773072	0.9548961492723755	1.5821699698766072	0.3611111111111111	36.0
16110	train	8.048431765573014e-05	1.086144473173432	1.008688118873251	0.15332747830284965	1.011754668439308	1.4877960946824815	0.5	36.0
16120	train	8.046053351119965e-05	1.1124934131931332	1.0350228214253385	0.1512046872327725	1.038046915169994	1.4889299604627821	0.5	36.0
16130	train	8.043673890080559e-05	1.0081421134645396	0.9351812509836078	0.1935216600696246	0.9390516841850003	1.3818085855907865	0.6388888888888888	36.0
16140	train	8.041293383432899e-05	1.1177290940655853	1.0346342338297354	0.1526468555132548	1.0376871709400004	1.6008384625116985	0.4722222222222222	36.0
16150	train	8.03891183215552e-05	1.0773645798499414	0.9938454303113979	0.17559344818194708	0.9973572992750369	1.600145611498091	0.4722222222222222	36.0
16160	train	8.036529237227391e-05	1.065339989571926	0.9815900180165871	0.16892647246519724	0.984968547465891	1.6074288421207004	0.3611111111111111	36.0
16170	train	8.034145599627906e-05	1.0889199403098593	1.0124965951844753	0.1565283098154598	1.0156271613807846	1.4658555785814922	0.4166666666666667	36.0
16180	train	8.031760920336889e-05	0.9752382700961488	0.9086753436000802	0.18919267877936363	0.9124591971756675	1.2555814584096272	0.5833333333333334	36.0
16190	train	8.029375200334588e-05	1.126199622442425	1.04660722761694	0.122299558420976	1.0490532187853596	1.54292807314131	0.4444444444444444	36.0
16200	train	8.026988440601687e-05	1.1339429293906527	1.0595349691272613	0.12838638263444105	1.06210269677995	1.4368046522140503	0.4166666666666667	36.0
16210	train	8.02460064211929e-05	1.1033915742136853	1.027867583758912	0.1606472364316384	1.0310805284875448	1.4462209145228069	0.5277777777777778	36.0
16220	train	8.022211805868931e-05	1.1240402516084669	1.040377715600804	0.11798730803032716	1.0427374617614107	1.6260557969411213	0.3333333333333333	36.0
16230	train	8.019821932832572e-05	1.14306394020849	1.0697385178436853	0.12369909013311069	1.0722124996463476	1.4170288112428453	0.5555555555555556	36.0
16240	train	8.017431023992599e-05	1.150336320010377	1.0867279958965574	0.13001764400137794	1.089328348776585	1.2201594246758356	0.5555555555555556	36.0
16250	train	8.015039080331822e-05	1.0660742214730399	0.992849284716217	0.1414831562174691	0.9956789478405664	1.4079054726494684	0.5277777777777778	36.0
16260	train	8.012646102833481e-05	0.9966884572778996	0.9270944792648842	0.2021928339575728	0.9311383359440356	1.31100242667728	0.5	36.0
16270	train	8.010252092481239e-05	0.9954664906513215	0.9148278807419725	0.2010700727502505	0.9188492821969775	1.5323441690868802	0.4722222222222222	36.0
16280	train	8.007857050259181e-05	1.1456810601869407	1.0804818449093252	0.13771656807512045	1.0832361762708276	1.2488976783222623	0.6388888888888888	36.0
16290	train	8.005460977151821e-05	1.1240826047279733	1.0449529625957175	0.15015594909588495	1.0479560815776352	1.5225304630067613	0.4444444444444444	36.0
16300	train	8.003063874144092e-05	1.0671351938704579	0.9845200501773022	0.16991585344076157	0.9879183672461174	1.5843365324868097	0.4444444444444444	36.0
16310	train	8.000665742221353e-05	1.079888465361601	0.9962080685563941	0.13974237094322842	0.9990029159752587	1.6177109877268474	0.4722222222222222	36.0
16320	train	7.998266582369388e-05	1.097052682450256	1.018937441088267	0.134623678194152	1.0216299146521501	1.5084553559621174	0.4722222222222222	36.0
16330	train	7.995866395574396e-05	0.9769822668180022	0.9127479327862614	0.20881370372242397	0.9169242068607099	1.2011611991458468	0.6388888888888888	36.0
16340	train	7.993465182823007e-05	1.0993040607687758	1.0254397359474097	0.14086560739411247	1.028257048095292	1.4209402534696791	0.5277777777777778	36.0
16350	train	7.991062945102268e-05	1.0971541188350284	1.018205814925263	0.1373968613644441	1.020953752152552	1.5240073336495294	0.4722222222222222	36.0
16360	train	7.988659683399648e-05	1.0198526092654614	0.9496375760389184	0.15659175316492716	0.9527694111022169	1.3416639632648892	0.6111111111111112	36.0
16370	train	7.986255398703036e-05	1.094700060095042	1.0126291033391988	0.15509304714699587	1.0157309642821386	1.5793819162580702	0.3888888888888889	36.0
16380	train	7.983850092000744e-05	1.0341548657159996	0.9607246045842096	0.14676584717300203	0.9636599215276697	1.4098988837665982	0.5277777777777778	36.0
16390	train	7.981443764281502e-05	0.9970565651248414	0.9105196673893782	0.16256828357776007	0.9137710330609333	1.665710641278161	0.3611111111111111	36.0
16400	train	7.979036416534461e-05	1.128571045910396	1.0585801385393516	0.11958843767642975	1.0609719072928803	1.3519827723503113	0.5833333333333334	36.0
16410	train	7.976628049749193e-05	1.0906176176110596	1.0217170060746892	0.18728548636039097	1.025462715801897	1.3030980361832514	0.5833333333333334	36.0
16420	train	7.974218664915682e-05	1.086475018312511	1.0098838803337453	0.1501503884792328	1.01288688810333	1.471762604183621	0.4722222222222222	36.0
16430	train	7.971808263024336e-05	1.016562616240988	0.9406229189737073	0.18421545169419712	0.9443072280075913	1.445107764667935	0.3888888888888889	36.0
16440	train	7.969396845065983e-05	1.0543101166459716	0.9759442841863761	0.19743160530924797	0.9798929162925611	1.4883440070682101	0.3611111111111111	36.0
16450	train	7.966984412031865e-05	1.0598490246358518	0.9845430340197852	0.14310185642292103	0.9874050711482436	1.4488790697521634	0.5	36.0
16460	train	7.96457096491364e-05	1.0850362157529592	1.0127431216819858	0.13956874305451358	1.0155344965430761	1.390034384197659	0.5277777777777778	36.0
16470	train	7.962156504703388e-05	1.0218120700723812	0.9511372083366133	0.20562727914916146	0.9552497539195965	1.3312463230556912	0.5277777777777778	36.0
16480	train	7.959741032393598e-05	1.0942287822738823	1.0023852874016301	0.17015154659748077	1.0057883183335798	1.7688092788060505	0.4444444444444444	36.0
16490	train	7.957324548977184e-05	1.1594797255878897	1.084930541907938	0.12083809077739716	1.087347303723486	1.4426484372880723	0.4722222222222222	36.0
16500	train	7.954907055447469e-05	1.0278698934570933	0.956630014656913	0.17274760868814257	0.9600849668306759	1.3556985325283475	0.5833333333333334	36.0
16510	train	7.952488552798194e-05	1.108432055880214	1.0227596967845347	0.15728104909261068	1.0259053177663868	1.6505347622765436	0.3888888888888889	36.0
16520	train	7.950069042023512e-05	1.004398929352657	0.9287461579625103	0.1823713645339012	0.9323935852531883	1.4401068819893732	0.4722222222222222	36.0
16530	train	7.947648524117996e-05	1.0122490913605435	0.9344914389586193	0.18329261740048727	0.9381572913066291	1.4818360010782878	0.4166666666666667	36.0
16540	train	7.945227000076626e-05	1.1038519507560514	1.0395501699792062	0.13067604353030524	1.0421636908498124	1.2337651981247797	0.6111111111111112	36.0
16550	train	7.942804470894801e-05	1.1090132240838884	1.0283643897924566	0.12407492183976704	1.030845888229252	1.563346717092726	0.3611111111111111	36.0
16560	train	7.940380937568332e-05	1.071365930290817	0.996706425830853	0.1813686208592521	1.000333798248038	1.4206426408555772	0.5555555555555556	36.0
16570	train	7.937956401093438e-05	1.0760754842380291	1.0157271024140655	0.1581399420897166	1.0188899012558599	1.1437116596433852	0.5277777777777778	36.0
16580	train	7.935530862466759e-05	1.0736717555582185	1.0027110506057402	0.17011336833238602	1.0061133179723878	1.3511687517166138	0.5	36.0
16590	train	7.93310432268534e-05	1.097064298802628	1.022810325957683	0.13112474530935286	1.02543282086387	1.43262955877516	0.4166666666666667	36.0
16600	train	7.930676782746642e-05	1.1197138810094296	1.0459052538063227	0.14263827974597612	1.0487580194012422	1.419117232163747	0.5	36.0
16610	train	7.928248243648531e-05	1.1197370310822798	1.030271809008354	0.16798794170220693	1.0336315678423982	1.7221092647976346	0.3055555555555556	36.0
16620	train	7.92581870638929e-05	1.1397592310204478	1.062908926375479	0.1155871306028631	1.0652206689875363	1.4907712406582303	0.4722222222222222	36.0
16630	train	7.923388171967612e-05	1.146851793268761	1.0724140589198545	0.151298022766908	1.0754400193751927	1.428235477871365	0.5277777777777778	36.0
16640	train	7.920956641382595e-05	1.0888206441316686	1.014522225093214	0.15499922037124633	1.0176222095006389	1.4239686926205952	0.5277777777777778	36.0
16650	train	7.918524115633749e-05	1.1267654194594576	1.0560984930556172	0.15780077874660492	1.0592545086305494	1.3502182165781658	0.5277777777777778	36.0
16660	train	7.916090595720996e-05	1.069287825060554	0.9865752148456053	0.15516668475336498	0.9896785485406726	1.5921855303976271	0.5555555555555556	36.0
16670	train	7.913656082644663e-05	1.1128881350331654	1.0239756242109486	0.15888432413339615	1.0271533106936166	1.7146964867909749	0.3611111111111111	36.0
16680	train	7.911220577405484e-05	1.0394906356409561	0.9607583487506084	0.17346284455723232	0.964227605641753	1.5052605999840631	0.4166666666666667	36.0
16690	train	7.908784081004608e-05	1.0249545872584038	0.9520379644309535	0.1984260415037473	0.9560064852610284	1.3789620399475098	0.5555555555555556	36.0
16700	train	7.906346594443584e-05	1.11834853547128	1.0360544000464542	0.1442241238223182	1.0389388825229007	1.5881930589675903	0.4166666666666667	36.0
16710	train	7.90390811872437e-05	1.063652346037517	0.9777876209908292	0.18555864691734314	0.981498793929176	1.6430710421668158	0.4166666666666667	36.0
16720	train	7.901468654849331e-05	1.0462285326286653	0.9780649348958829	0.16405487143331104	0.9813460323245491	1.2976500060823228	0.5555555555555556	36.0
16730	train	7.899028203821239e-05	1.1305159928658848	1.051918982783216	0.14329240918159486	1.054784830966848	1.5146232379807367	0.3611111111111111	36.0
16740	train	7.896586766643273e-05	1.142106839494305	1.0671863129169383	0.12654377851221296	1.0697171884871826	1.4477930201424494	0.4722222222222222	36.0
16750	train	7.894144344319016e-05	1.1688830267971655	1.0896524416161146	0.12392486880222957	1.0921309389921592	1.5350417561001248	0.5	36.0
16760	train	7.891700937852452e-05	1.1845339311126206	1.11502936504417	0.10896891728043556	1.1172087433897788	1.346503754456838	0.6388888888888888	36.0
16770	train	7.889256548247975e-05	1.0071952930907493	0.9334188299199029	0.19575502309534284	0.9373339303818098	1.397227254178789	0.5	36.0
16780	train	7.88681117651038e-05	1.0363828535650361	0.9610509176990246	0.17994145138396156	0.9646497467267039	1.4346621367666457	0.5277777777777778	36.0
16790	train	7.88436482364487e-05	0.9847189869650532	0.904475271039704	0.21477215571535957	0.9087707141540112	1.5189654562208388	0.5	36.0
16800	train	7.881917490657043e-05	1.0785333659462648	0.9998497558182329	0.17595344285170236	1.003368824675267	1.5032908254199557	0.4444444444444444	36.0
16810	train	7.879469178552912e-05	1.118216017302366	1.0378863611252693	0.13527861436208088	1.0405919334125109	1.5524816777971056	0.3055555555555556	36.0
16820	train	7.877019888338881e-05	1.102489243906892	1.0253674819043843	0.15548157518108685	1.028477113408006	1.4802426099777222	0.5	36.0
16830	train	7.87456962102176e-05	1.154170394204954	1.070585170280408	0.14575676974796115	1.0735003056753671	1.6134017705917358	0.4166666666666667	36.0
16840	train	7.872118377608766e-05	1.015474163825481	0.9383451285976524	0.22645276619328392	0.9428741839215181	1.4519995980792575	0.5	36.0
16850	train	7.869666159107506e-05	1.0231710065649369	0.9469921695461102	0.1758706998966989	0.9505095835440441	1.4532284604178534	0.5277777777777778	36.0
16860	train	7.867212966526002e-05	1.140837840756809	1.0716141950630829	0.12512859536541832	1.0741167669703913	1.3344214757283528	0.6111111111111112	36.0
16870	train	7.864758800872664e-05	1.0981112535503088	1.0238057703614147	0.13474801282087961	1.0265007306178324	1.4322104586495294	0.5277777777777778	36.0
16880	train	7.862303663156307e-05	1.1735276924402367	1.0975791484644861	0.10346887658039729	1.099648525996094	1.4775833288828533	0.4444444444444444	36.0
16890	train	7.859847554386146e-05	1.0506521286077988	0.9752997102016566	0.15889623016119003	0.9784776348048804	1.4434898760583665	0.5277777777777778	36.0
16900	train	7.857390475571794e-05	1.0066052782410153	0.9270646934251422	0.20414893825848898	0.931147672190312	1.5091521210140653	0.3888888888888889	36.0
16910	train	7.854932427723267e-05	1.086989874872342	1.0172848677298514	0.1507816712061564	1.0203005011539745	1.3337874743673537	0.5555555555555556	36.0
16920	train	7.85247341185097e-05	1.0448154140725885	0.9613226704513186	0.1593813126285871	0.9645102967038903	1.6061023473739624	0.4166666666666667	36.0
16930	train	7.850013428965714e-05	1.1497412089520336	1.0745715604363522	0.11777047254145145	1.0769269698871813	1.4562847812970479	0.5277777777777778	36.0
16940	train	7.847552480078704e-05	0.9674620749472126	0.8927484367375782	0.2462226210369004	0.8976728891583162	1.395783715777927	0.5	36.0
16950	train	7.845090566201547e-05	1.099127080136061	1.0298253301549491	0.13103288329309887	1.0324459878208112	1.3336218463049994	0.5833333333333334	36.0
16960	train	7.842627688346239e-05	1.0395595347455968	0.9589383623808547	0.19050186091945284	0.9627483995992437	1.5362227029270596	0.4722222222222222	36.0
16970	train	7.840163847525176e-05	1.0639999242814322	0.9887927526095119	0.1393356505367491	0.9915794656202469	1.4484091732237074	0.5555555555555556	36.0
16980	train	7.837699044751153e-05	1.0448900789461277	0.9474600275697054	0.1737458015481631	0.9509349436006687	1.8791027069091797	0.2777777777777778	36.0
16990	train	7.835233281037354e-05	1.0603669534528706	0.9801308580508947	0.17702891826629638	0.9836714364162207	1.5339103407329984	0.4444444444444444	36.0
17000	train	7.832766557397364e-05	1.0863417036577094	1.0097253942483693	0.13956430844134754	1.0125166804171961	1.4765004648102655	0.4722222222222222	36.0
17000	val		1.115095158110942	1.0363185091786151	0.15268348645749782	1.039372178907765	1.51445958406354	0.453125	192.0
17010	train	7.830298874845156e-05	1.066905011910475	0.9945533127005994	0.15920929461717606	0.9977374985929429	1.3833502663506403	0.4444444444444444	36.0
17020	train	7.827830234395106e-05	1.0576487198149145	0.9859165368585103	0.17103100766738255	0.989337157011858	1.36623125606113	0.4444444444444444	36.0
17030	train	7.825360637061976e-05	1.0300789138633177	0.9573580224108199	0.20458995716439354	0.9614498215541077	1.3725818461842008	0.5277777777777778	36.0
17040	train	7.822890083860924e-05	1.1093382773918075	1.0217669482981657	0.14470738917589188	1.0246610960816835	1.6935436262024774	0.4444444444444444	36.0
17050	train	7.820418575807502e-05	1.1098168710938332	1.041758203910911	0.14014318254258898	1.0445610675617627	1.3051160706414118	0.6111111111111112	36.0
17060	train	7.817946113917652e-05	1.0961558648907137	1.0292411526028142	0.1567180072888732	1.0323755127485916	1.275607042842441	0.5	36.0
17070	train	7.815472699207713e-05	1.0537365739276345	0.9801316084941563	0.1632424969640043	0.9833964584334364	1.4068023098839655	0.4722222222222222	36.0
17080	train	7.812998332694409e-05	1.0567465360364376	0.9769612561730271	0.1934529890616735	0.9808303159542605	1.518324401643541	0.3611111111111111	36.0
17090	train	7.810523015394862e-05	1.0984550332802685	1.023733454109379	0.15362920446528328	1.0268060381986848	1.432979901631673	0.5555555555555556	36.0
17100	train	7.808046748326579e-05	1.1673213909253337	1.089224363358636	0.12050824165344239	1.0916345281917048	1.5137372546725802	0.3611111111111111	36.0
17110	train	7.805569532507457e-05	1.1086523517662454	1.0285676291943426	0.15394185980161032	1.0316464663903748	1.540117707517412	0.3888888888888889	36.0
17120	train	7.803091368955793e-05	1.0402669065399386	0.9542616157270223	0.19565708769692314	0.9581747574809607	1.6418429811795552	0.4444444444444444	36.0
17130	train	7.800612258690262e-05	1.0433896670611273	0.9812088846718178	0.15283189043402673	0.9842655224804983	1.1824828916125827	0.6111111111111112	36.0
17140	train	7.798132202729933e-05	1.0680104981079832	0.998198303465062	0.16424373475213846	1.0014831781601048	1.3305463989575703	0.5277777777777778	36.0
17150	train	7.795651202094262e-05	1.1054452418168432	1.0393504544592613	0.1286985528965791	1.0419244255171929	1.2704163259930081	0.5833333333333334	36.0
17160	train	7.793169257803097e-05	1.0257332301884738	0.9437419134792204	0.1904724289973577	0.9475513620591676	1.5636373625861273	0.4166666666666667	36.0
17170	train	7.790686370876671e-05	1.0941159434234196	1.028319827544864	0.14555758320622975	1.0312309792089887	1.2576992842886183	0.6111111111111112	36.0
17180	train	7.788202542335604e-05	1.0903226523083038	1.013011808575682	0.1616059144337972	1.016243926864358	1.4815745088789198	0.4166666666666667	36.0
17190	train	7.785717773200907e-05	1.0927962756922924	1.0237028924462943	0.14205448627471923	1.0265439821717888	1.3250458704100714	0.5555555555555556	36.0
17200	train	7.78323206449397e-05	1.0291967443886476	0.9621345997159425	0.18496458046138287	0.9658338913251702	1.2672570612695482	0.6111111111111112	36.0
17210	train	7.780745417236577e-05	1.1858055627542599	1.1108235969860054	0.08609977768113215	1.1125455925396281	1.4651994042926364	0.4722222222222222	36.0
17220	train	7.778257832450895e-05	1.0591434296398534	0.979039580069897	0.18398797512054443	0.9827193395723078	1.5284818013509114	0.4444444444444444	36.0
17230	train	7.775769311159475e-05	1.0762925174040792	1.0020784603095583	0.16015800999270546	1.0052816205094124	1.4202179378933377	0.5	36.0
17240	train	7.773279854385255e-05	1.0882892890113354	1.0067594566283387	0.16069941222667694	1.009973444872872	1.5663168827692668	0.4166666666666667	36.0
17250	train	7.770789463151556e-05	1.0008930665085305	0.9220739949043846	0.2062928686539332	0.9261998522774633	1.4938642846213446	0.4444444444444444	36.0
17260	train	7.768298138482084e-05	1.1499172289597845	1.072368841110288	0.12434733596940835	1.0748557878296763	1.5012288226021662	0.4722222222222222	36.0
17270	train	7.765805881400928e-05	0.9956264590304863	0.9208887311731879	0.17863953527477053	0.9244615218786834	1.4232987430360582	0.5	36.0
17280	train	7.76331269293256e-05	1.1061525142005137	1.04336145850298	0.1393421453734239	1.0461483014104485	1.2000842558013067	0.6944444444444444	36.0
17290	train	7.760818574101838e-05	1.098692859609185	1.0261271565416703	0.14363215068976085	1.0289997995554656	1.3938612010743883	0.5	36.0
17300	train	7.758323525934e-05	1.0965752569553444	1.020907399046804	0.15756271531184515	1.024058653353041	1.450332072046068	0.5	36.0
17310	train	7.755827549454663e-05	1.1889479199195176	1.1122377786142232	0.11865406918028991	1.114610859997829	1.4867411984337702	0.5	36.0
17320	train	7.75333064568983e-05	1.1448961057901843	1.069703760694179	0.12795833647251129	1.0722629274236293	1.4526635673311021	0.5555555555555556	36.0
17330	train	7.750832815665886e-05	1.0788893431366904	1.000189751314596	0.15469314654668173	1.0032836142455297	1.512114577823215	0.4444444444444444	36.0
17340	train	7.748334060409592e-05	1.039505432361851	0.9702742377398641	0.16360455254713693	0.9735463287908068	1.3191820714208815	0.5555555555555556	36.0
17350	train	7.745834380948093e-05	1.0155986484313293	0.9404935863538865	0.16923336270782682	0.943878253608043	1.4344078964657254	0.5277777777777778	36.0
17360	train	7.743333778308913e-05	1.1136552008754295	1.036974656856684	0.13554429014523825	1.0396855426595888	1.4793931643168132	0.4166666666666667	36.0
17370	train	7.740832253519953e-05	1.104758598886507	1.0321587660735618	0.15524483058187696	1.0352636626851994	1.3898987240261502	0.5555555555555556	36.0
17380	train	7.738329807609499e-05	0.9944484458405866	0.9003569936791155	0.2270991106828054	0.9048989758927716	1.7909893989562988	0.2777777777777778	36.0
17390	train	7.73582644160621e-05	1.0488661990299948	0.9674957517023014	0.17997648566961288	0.9710952814156937	1.555418352286021	0.3333333333333333	36.0
17400	train	7.733322156539126e-05	1.14194425785772	1.0577020404452944	0.11900908437867959	1.060082222132868	1.6372407144970365	0.3888888888888889	36.0
17410	train	7.730816953437662e-05	1.0377514911853847	0.9601496340496913	0.18166660351885688	0.9637829661200685	1.4793705013063219	0.4722222222222222	36.0
17420	train	7.728310833331614e-05	1.068349492012687	0.9877618991261331	0.15661376218001047	0.9908941743697333	1.5491063528590732	0.4166666666666667	36.0
17430	train	7.725803797251153e-05	1.1080259764946596	1.0258549487680624	0.1618654297457801	1.029092257362978	1.5786743826336331	0.4722222222222222	36.0
17440	train	7.723295846226827e-05	1.04745620917643	0.9696583141522096	0.20172052996026146	0.9736927247514149	1.4752696885002985	0.4166666666666667	36.0
17450	train	7.720786981289561e-05	1.1198142593040745	1.048469376526493	0.12261686380952597	1.0509217138026834	1.3778509100278218	0.5555555555555556	36.0
17460	train	7.718277203470653e-05	1.0188824314719653	0.9310183149953236	0.21330232322216033	0.9352843614597668	1.671961400243971	0.4166666666666667	36.0
17470	train	7.715766513801778e-05	1.0789752881496388	0.9911918081743094	0.16963827709356943	0.9945845737161808	1.6878142886691623	0.4166666666666667	36.0
17480	train	7.713254913314986e-05	1.0973413930068112	1.00767676632354	0.17847464641644842	1.011246259251869	1.721902675098843	0.2777777777777778	36.0
17490	train	7.7107424030427e-05	1.1067728695496937	1.041649170053504	0.15218791315952937	1.0446929283166946	1.2415988246599834	0.5555555555555556	36.0
17500	train	7.708228984017721e-05	1.132690712769472	1.0529948199946617	0.1214029115314285	1.0554228782252904	1.5453566908836365	0.4444444444444444	36.0
17510	train	7.705714657273219e-05	1.15849664002304	1.0771402537125156	0.1344000283214781	1.0798282542789452	1.573367714881897	0.5	36.0
17520	train	7.703199423842736e-05	1.093838578054925	1.0131960404809515	0.14559229049417707	1.016107886290835	1.554613835281796	0.5	36.0
17530	train	7.700683284760193e-05	1.0919040062661967	1.0097268262640635	0.13797766384151247	1.0124863795408938	1.588352534506056	0.4166666666666667	36.0
17540	train	7.69816624105988e-05	1.0802119225813704	1.0055080857358705	0.16817060148432142	1.0088714977655568	1.426808496316274	0.4722222222222222	36.0
17550	train	7.695648293776455e-05	1.1451514733813783	1.069509347870871	0.13472101936737696	1.0722037682582186	1.4589541024631925	0.5277777777777778	36.0
17560	train	7.693129443944956e-05	1.0395253482668736	0.9700390611341403	0.1668261270970106	0.9733755836760805	1.3229952918158636	0.6111111111111112	36.0
17570	train	7.690609692600783e-05	1.1376413126405613	1.0646725777834525	0.12029796292384466	1.0670785370419293	1.4112555119726393	0.5277777777777778	36.0
17580	train	7.688089040779712e-05	1.0687218131332206	0.9888824983893442	0.1506766209171878	0.991896030807688	1.536515646510654	0.4722222222222222	36.0
17590	train	7.685567489517888e-05	1.045057971303987	0.9676768445971882	0.19592208787798882	0.9715952863547479	1.469253698984782	0.5277777777777778	36.0
17600	train	7.683045039851824e-05	1.18999106592709	1.1097571571016396	0.11961826682090759	1.1121495224380578	1.5568308697806463	0.4444444444444444	36.0
17610	train	7.680521692818407e-05	1.0717726294546055	0.9955056509390864	0.15931949019432068	0.9986920407429728	1.4616117742326524	0.5277777777777778	36.0
17620	train	7.677997449454886e-05	1.0945374026338377	1.0331288866970392	0.1515154457754559	1.0361591956125482	1.167564140425788	0.6388888888888888	36.0
17630	train	7.675472310798884e-05	1.0859020146854108	1.0192293401189034	0.14801212896903357	1.022189582698284	1.2742486397425334	0.6111111111111112	36.0
17640	train	7.67294627788839e-05	1.0480105355579243	0.9676755958164983	0.15994420564836925	0.9708744799294657	1.542721112569173	0.4722222222222222	36.0
17650	train	7.67041935176176e-05	1.0859267943600472	1.003651857021748	0.16179258823394777	1.006887708786427	1.5807817114724054	0.3888888888888889	36.0
17660	train	7.667891533457719e-05	1.0233288422633577	0.9473709857539371	0.1956052217218611	0.9512830901883743	1.4409150414996676	0.5277777777777778	36.0
17670	train	7.665362824015357e-05	1.1748370667913763	1.0924107533956608	0.11222492499897878	1.0946552518956405	1.603636297914717	0.4444444444444444	36.0
17680	train	7.662833224474132e-05	1.0267552094844057	0.939748493381216	0.19200582491854826	0.943588609879587	1.6633319920963712	0.3611111111111111	36.0
17690	train	7.660302735873863e-05	1.0955983916130676	1.021852839162649	0.15733661337031257	1.0249995714300553	1.4119764036602445	0.5	36.0
17700	train	7.657771359254743e-05	1.0629076549454768	0.9889602725616004	0.16264687379201254	0.9922132100374406	1.4138888981607225	0.4722222222222222	36.0
17710	train	7.655239095657324e-05	1.0308244742636141	0.968461403335226	0.17643633898761538	0.9719901301149784	1.1766868829727173	0.6388888888888888	36.0
17720	train	7.65270594612252e-05	1.0852679881502505	1.0163604809599767	0.16199646372761992	1.019600410234529	1.3133515583144293	0.5	36.0
17730	train	7.650171911691621e-05	1.0373712696155302	0.9624970008618691	0.20458104461431503	0.9665886217541554	1.415652957227495	0.5277777777777778	36.0
17740	train	7.647636993406265e-05	1.1074287216543406	1.0294605330125406	0.12321408515175183	1.0319248147155757	1.5100781387752957	0.4166666666666667	36.0
17750	train	7.645101192308465e-05	1.061235960761012	0.9779597884889787	0.16655927523970604	0.9812909739937729	1.598899735344781	0.5	36.0
17760	train	7.642564509440591e-05	1.0130271139221834	0.9256645793859275	0.19651777545611063	0.9295949348950497	1.6686435805426703	0.3888888888888889	36.0
17770	train	7.640026945845381e-05	1.0517890404375791	0.9876743631938166	0.16170574559105766	0.9909084781056378	1.2176112466388278	0.6111111111111112	36.0
17780	train	7.63748850256593e-05	1.0379617813098196	0.9735132613315612	0.1712940682967504	0.9769391426974963	1.2204527722464666	0.6111111111111112	36.0
17790	train	7.634949180645695e-05	1.1192758410576098	1.037064822621125	0.1459005226691564	1.039982833074508	1.5858601596620348	0.4166666666666667	36.0
17800	train	7.632408981128494e-05	1.0960647722866514	1.0187268419682693	0.14522761354843775	1.021631394239238	1.488667560948266	0.5	36.0
17810	train	7.629867905058511e-05	1.0789777617120926	1.0055401031372466	0.15040377577145894	1.0085481786526758	1.4085916611883376	0.5277777777777778	36.0
17820	train	7.627325953480282e-05	1.0628371493539057	0.9977636419687843	0.16972361455361049	1.0011581142598565	1.2335807018809848	0.5277777777777778	36.0
17830	train	7.624783127438714e-05	1.1060535955837063	1.0428458947020132	0.13571601940525901	1.0455602150901184	1.2098676098717585	0.5833333333333334	36.0
17840	train	7.62223942797906e-05	1.0491536329989977	0.9758482061878192	0.18073001379768053	0.9794628064637728	1.3938165307044983	0.5555555555555556	36.0
17850	train	7.619694856146939e-05	1.1186654504879612	1.0455116945913399	0.1253837595383326	1.0480193697821065	1.4129216141170926	0.5	36.0
17860	train	7.617149412988333e-05	1.060496860493218	0.9887945290893266	0.15750908686055076	0.9919447108265377	1.3710429933336046	0.5833333333333334	36.0
17870	train	7.614603099549575e-05	1.1137317100690127	1.0345290859599563	0.12933330138524374	1.0371157519876613	1.5323191616270277	0.4444444444444444	36.0
17880	train	7.612055916877358e-05	1.0229920552930067	0.9480322637585299	0.21726277967294058	0.9523775193519887	1.41229071882036	0.4722222222222222	36.0
17890	train	7.609507866018733e-05	1.0759842653489038	0.995122604146526	0.15105005933178794	0.9981436053331617	1.5568132003148396	0.3888888888888889	36.0
17900	train	7.606958948021107e-05	1.0903645775094775	1.020599828528048	0.13781286465624967	1.023356085821173	1.3401698337660894	0.5833333333333334	36.0
17910	train	7.604409163932245e-05	1.0550651243501086	0.9805843960583057	0.19259272267421088	0.98443625051179	1.4125774767663744	0.4722222222222222	36.0
17920	train	7.601858514800265e-05	1.0674390702207326	0.9975171294536298	0.1611271932721138	1.000739673319072	1.3339879380332098	0.4722222222222222	36.0
17930	train	7.599307001673644e-05	1.0130356145570687	0.9260093071199138	0.23628314932187397	0.9307349701063513	1.64601288901435	0.3888888888888889	36.0
17940	train	7.596754625601212e-05	1.177149573576904	1.102336669952462	0.10340551311771075	1.1044047802148163	1.4548958672417536	0.4444444444444444	36.0
17950	train	7.594201387632156e-05	1.117056911044268	1.044169761957425	0.14207018570353588	1.0470111656714958	1.4009149074554443	0.6111111111111112	36.0
17960	train	7.591647288816013e-05	1.0132902599077482	0.9346651520895685	0.19351917902628582	0.9385355356700942	1.495094484753079	0.4722222222222222	36.0
17970	train	7.58909233020268e-05	1.0397759546986705	0.958186555234242	0.15029890773197016	0.9611925333888814	1.5716684261957805	0.3888888888888889	36.0
17980	train	7.5865365128424e-05	1.1174046819848096	1.0337161846898273	0.14248399684826532	1.0365658646267926	1.6167763471603394	0.3333333333333333	36.0
17990	train	7.583979837785775e-05	1.0231789439883432	0.9416746994256909	0.17417213767766954	0.9451581421792443	1.5604160361819797	0.4444444444444444	36.0
18000	train	7.58142230608376e-05	1.1540885375136998	1.0864714227148096	0.1273350790143013	1.0890181242950956	1.301408264372084	0.6111111111111112	36.0
18000	val		1.1120431996601028	1.03253038656999	0.1661951502512895	1.0358542895750158	1.5237782017017405	0.4322916666666667	192.0
18010	train	7.578863918787655e-05	1.0504378044620577	0.979717729987246	0.182797705133756	0.9833736840899212	1.3412824074427288	0.5555555555555556	36.0
18020	train	7.576304676949118e-05	1.0862603900301573	1.0164812308021502	0.14418209261364406	1.019364872654423	1.3379103475146823	0.5555555555555556	36.0
18030	train	7.573744581620158e-05	1.0891921949952625	1.0045203555858582	0.1557867725690206	1.0076360910372386	1.6311220791604784	0.3888888888888889	36.0
18040	train	7.571183633853133e-05	1.0729227593133759	0.990938716506618	0.16572079807519913	0.994253132468122	1.5733925369050767	0.4166666666666667	36.0
18050	train	7.568621834700753e-05	1.105251452399309	1.026618926432082	0.1295779330862893	1.0292104850938077	1.5208193461100261	0.4444444444444444	36.0
18060	train	7.566059185216074e-05	1.0619834549900196	0.9821709178596373	0.1667132889231046	0.9855051836380994	1.5295654270384047	0.4444444444444444	36.0
18070	train	7.563495686452505e-05	1.0644089584075256	0.9907926007796836	0.16655021160840988	0.9941236050118517	1.4057070679134793	0.5	36.0
18080	train	7.560931339463804e-05	1.051342019527959	0.9763310023482216	0.17463099242498478	0.9798236221967213	1.4303679466247559	0.5	36.0
18090	train	7.558366145304079e-05	1.0263403013179067	0.9592125365663929	0.18743785868088406	0.9629612937400106	1.2675801515579224	0.5555555555555556	36.0
18100	train	7.555800105027782e-05	1.0011855046546223	0.9262681033309064	0.19430220706595314	0.9301541474722255	1.4206271436479356	0.4722222222222222	36.0
18110	train	7.553233219689717e-05	1.1391755469336793	1.0713526459480012	0.11669181659817696	1.0736864822799648	1.30978129307429	0.5	36.0
18120	train	7.550665490345032e-05	1.0723315988162883	1.008016100460926	0.15201501465506023	1.0110564007540273	1.225503961245219	0.6111111111111112	36.0
18130	train	7.548096918049226e-05	1.1260485544062389	1.0623563553714157	0.13913981666167577	1.0651391517046491	1.218188054031796	0.6111111111111112	36.0
18140	train	7.545527503858139e-05	1.077170250532396	0.9952954424055424	0.1801527434339126	0.9988984972742206	1.5654350651635065	0.3888888888888889	36.0
18150	train	7.542957248827961e-05	1.0117696328439665	0.9293584471257215	0.1560638588335779	0.932479724302393	1.5857981708314683	0.4722222222222222	36.0
18160	train	7.540386154015229e-05	1.1240402523023858	1.0623661828092046	0.12468767476578553	1.0648599363045204	1.1836063199573092	0.6388888888888888	36.0
18170	train	7.537814220476819e-05	1.06802025175436	0.9898544198615055	0.16551638953387737	0.993164747652183	1.497110082043542	0.3888888888888889	36.0
18180	train	7.53524144926996e-05	1.0471519881405735	0.9759061472450665	0.21021218970417976	0.9801103910391501	1.3408319420284696	0.5277777777777778	36.0
18190	train	7.532667841452217e-05	1.1377366243131888	1.059457022400243	0.12519863154739141	1.061960995031191	1.5155125856399536	0.5555555555555556	36.0
18200	train	7.530093398081505e-05	1.144549032261758	1.0738503905078989	0.12551650487714344	1.0763607206054417	1.3637662331263225	0.5833333333333334	36.0
18210	train	7.527518120216082e-05	0.9698108809337366	0.9014684534424227	0.19430634441475073	0.9053545803307177	1.2891260120603774	0.5833333333333334	36.0
18220	train	7.524942008914546e-05	1.0858687838306382	1.0050696550697442	0.17584645830922657	1.0085865842359287	1.5456439918941922	0.4722222222222222	36.0
18230	train	7.522365065235837e-05	1.0538632683464433	0.9748396679767515	0.18318928364250395	0.9785034536496016	1.5071962939368353	0.4166666666666667	36.0
18240	train	7.519787290239244e-05	1.073848473682309	0.9965427917822913	0.15474563154081503	0.9996377044131076	1.4842153853840299	0.4722222222222222	36.0
18250	train	7.517208684984386e-05	1.0925366492052544	1.0174313085390134	0.15753431717554728	1.0205819948825243	1.4390930864546034	0.5	36.0
18260	train	7.514629250531237e-05	1.0174054820838863	0.9463169456293146	0.1871632804473241	0.950060211238261	1.3469054169125028	0.6111111111111112	36.0
18270	train	7.512048987940103e-05	1.073439463131134	1.0010696545102573	0.14044255018234253	1.0038785055139041	1.3912191523445978	0.5833333333333334	36.0
18280	train	7.509467898271629e-05	1.0418173370028088	0.9771406668687412	0.1596637186076906	0.980333941240895	1.2296679152382746	0.5555555555555556	36.0
18290	train	7.506885982586808e-05	1.044627992146793	0.9655587626854218	0.17395179292985372	0.969037798544019	1.5118038720554776	0.5	36.0
18300	train	7.504303241946966e-05	1.1086738315894522	1.0216234742278176	0.15802960760063595	1.0247840663798304	1.6777953041924372	0.4722222222222222	36.0
18310	train	7.50171967741377e-05	1.065020953096401	0.9792486822513585	0.16228100756804148	0.9824943024027194	1.65053301387363	0.3611111111111111	36.0
18320	train	7.499135290049228e-05	1.1126052497469092	1.0382175423247322	0.17048627684513729	1.041627267861635	1.419559637705485	0.5555555555555556	36.0
18330	train	7.496550080915681e-05	1.1001716321890591	1.0233694829296773	0.16764176438252132	1.0267223182173277	1.468986279434628	0.5277777777777778	36.0
18340	train	7.493964051075812e-05	1.061505621880887	0.9845176514691093	0.1559694876273473	0.9876370412216563	1.477371613184611	0.4444444444444444	36.0
18350	train	7.491377201592639e-05	1.124103485474446	1.0524153338499782	0.1490341756078932	1.0553960173621362	1.3741493622461955	0.5	36.0
18360	train	7.488789533529522e-05	1.045064869798399	0.9804226793991297	0.16255937330424786	0.9836738668652147	1.227820058663686	0.5833333333333334	36.0
18370	train	7.486201047950148e-05	1.0386049562768902	0.9597682051933573	0.18085808058579764	0.9633853668050733	1.5043917894363403	0.4722222222222222	36.0
18380	train	7.48361174591855e-05	1.045229001309007	0.9660479936323526	0.17688011791970995	0.9695855959907468	1.5128681063652039	0.4444444444444444	36.0
18390	train	7.481021628499092e-05	1.0926141080894598	1.0122964606786962	0.16091966728369395	1.0155148540243701	1.541985081301795	0.5555555555555556	36.0
18400	train	7.47843069675647e-05	0.9823745545746755	0.9004309385420751	0.1909856379032135	0.9042506513001394	1.5624780654907227	0.4166666666666667	36.0
18410	train	7.475838951755721e-05	1.1616883917325067	1.0914085993177354	0.0929991967148251	1.093268583252032	1.3683961696094937	0.5	36.0
18420	train	7.473246394562213e-05	1.081079125201174	0.9917450070667284	0.1853667911556032	0.9954523428898405	1.712535646226671	0.4444444444444444	36.0
18430	train	7.47065302624165e-05	1.1349303147665273	1.056996416827534	0.12070220543278588	1.0594104609361898	1.5103970766067505	0.4444444444444444	36.0
18440	train	7.468058847860063e-05	1.0874249560909643	1.023141101738861	0.15605960885683695	1.0262622939159978	1.223253243499332	0.6944444444444444	36.0
18450	train	7.465463860483825e-05	0.9608885191282938	0.8749257721372422	0.2334367791811625	0.8795945077208654	1.6258802281485663	0.3611111111111111	36.0
18460	train	7.462868065179636e-05	1.1305889252264762	1.064604242871814	0.15403736531734466	1.067684990178161	1.2580787009663053	0.6944444444444444	36.0
18470	train	7.46027146301453e-05	0.9747977159317184	0.8959334546787059	0.2073696459333102	0.9000808475973721	1.4943373666869268	0.4166666666666667	36.0
18480	train	7.457674055055871e-05	1.0312767436842516	0.9574345187419383	0.18289788564046225	0.9610924764547475	1.4036853445900812	0.4166666666666667	36.0
18490	train	7.455075842371356e-05	1.0953086658309137	1.023159968755997	0.13512203246355056	1.025862409405268	1.3889251285129123	0.5555555555555556	36.0
18500	train	7.452476826029012e-05	1.1130381420845719	1.0308577421103846	0.13792749643325805	1.0336162920390497	1.5884370009104412	0.4444444444444444	36.0
18510	train	7.449877007097196e-05	1.0793559270919921	1.0035901996564431	0.14611859164304203	1.006512571489304	1.4568671120537653	0.5	36.0
18520	train	7.447276386644595e-05	1.0657044660127841	1.0001905311554686	0.16230504545900556	1.0034366320646488	1.2453566789627075	0.6388888888888888	36.0
18530	train	7.444674965740227e-05	1.085242442727037	1.014593495650372	0.1441591837339931	1.0174766793250518	1.3553152680397034	0.5555555555555556	36.0
18540	train	7.442072745453439e-05	1.0907999881721455	1.0210563653492515	0.17075555937157738	1.0244714765366831	1.3265702327092488	0.5833333333333334	36.0
18550	train	7.439469726853903e-05	1.1077601564450394	1.0479129268351526	0.11924631347258886	1.0502978531046043	1.1492460668087006	0.6666666666666666	36.0
18560	train	7.436865911011622e-05	1.1090736982076876	1.0320552604413211	0.13803475350141525	1.0348159555113494	1.4851548539267645	0.4444444444444444	36.0
18570	train	7.434261298996925e-05	1.1504080849273883	1.0756436603256117	0.12050840786347787	1.0780538284828811	1.4470851288901434	0.4444444444444444	36.0
18580	train	7.431655891880474e-05	0.9774884855821857	0.9095720727319647	0.1885821438497967	0.9133437156089607	1.2828953994645014	0.5833333333333334	36.0
18590	train	7.42904969073325e-05	1.1000787468355842	1.01006508199476	0.15034860434631506	1.0130720540816864	1.7401338550779555	0.3888888888888889	36.0
18600	train	7.426442696626565e-05	1.0482436528870593	0.9750745186112785	0.1646983896692594	0.9783684864046637	1.397503329647912	0.5833333333333334	36.0
18610	train	7.423834910632056e-05	1.0424861274138284	0.9690921757215499	0.16035344061397372	0.9722992445338294	1.403737657599979	0.5277777777777778	36.0
18620	train	7.421226333821683e-05	1.056530091081881	0.9846665993678801	0.15327589611212414	0.9877321172901227	1.3759594758351643	0.5555555555555556	36.0
18630	train	7.418616967267737e-05	1.067725120019659	0.9987145478966282	0.14551850594580173	1.001624918015544	1.3220040400822957	0.5277777777777778	36.0
18640	train	7.416006812042828e-05	1.0660695010733712	0.9940125727499962	0.16505779723326366	0.9973137286946615	1.3751154475741916	0.4722222222222222	36.0
18650	train	7.413395869219891e-05	1.1193054698178322	1.0304416071808158	0.15505441774924597	1.0335426955358007	1.7152554856406317	0.3888888888888889	36.0
18660	train	7.41078413987219e-05	1.0815545332049972	1.007975784545042	0.16239036569992701	1.0112235918590406	1.4066188269191318	0.5277777777777778	36.0
18670	train	7.408171625073302e-05	1.096907410390657	1.0045522046552584	0.1706686013688644	1.0079655766826356	1.7788366741604276	0.3611111111111111	36.0
18680	train	7.40555832589714e-05	1.0950703461556854	1.014023864625814	0.15365515814887154	1.0170969677887913	1.559467567337884	0.3888888888888889	36.0
18690	train	7.402944243417929e-05	1.1201144990391165	1.052185161041713	0.13245323859155178	1.0548342258135441	1.3056054645114474	0.5833333333333334	36.0
18700	train	7.40032937871022e-05	1.075101167776589	1.015566416583198	0.13310676564772925	1.0182285518961525	1.1374523176087274	0.6388888888888888	36.0
18710	train	7.397713732848884e-05	1.0406001830983826	0.9485547074002029	0.18134877036015193	0.9521816828074059	1.7683700058195326	0.4444444444444444	36.0
18720	train	7.395097306909116e-05	1.1578825608812293	1.0942965003895282	0.1164455854644378	1.096625412098817	1.2251429756482441	0.5833333333333334	36.0
18730	train	7.39248010196643e-05	1.0020213119926267	0.9278893886449151	0.19878985633452734	0.9318651857716056	1.4031225244204204	0.5555555555555556	36.0
18740	train	7.389862119096659e-05	1.1263328946916509	1.0516213739866926	0.13244802256425223	1.0542703344379778	1.4412512050734625	0.5277777777777778	36.0
18750	train	7.387243359375956e-05	1.021178043907708	0.9538470356422922	0.1823879356185595	0.9574947943546634	1.2736649910608928	0.6111111111111112	36.0
18760	train	7.384623823880796e-05	1.1030457868082482	1.030580610035508	0.1373637579381466	1.0333278851942709	1.3943580322795444	0.5555555555555556	36.0
18770	train	7.38200351368797e-05	1.0133594140647897	0.9484328674183006	0.1909385042058097	0.9522516375024168	1.2221555312474568	0.5277777777777778	36.0
18780	train	7.37938242987459e-05	1.0514043199441343	0.9772499740376913	0.15525715467002657	0.9803551171310918	1.4209840562608507	0.5	36.0
18790	train	7.376760573518083e-05	1.0176079888543705	0.9520935365558882	0.17702882687250773	0.9556341130933383	1.239477515220642	0.5555555555555556	36.0
18800	train	7.374137945696196e-05	1.1298631723717782	1.06209726757433	0.13333982891506618	1.0647640641526315	1.3019821643829346	0.6111111111111112	36.0
18810	train	7.371514547486991e-05	1.0732533664140502	0.9934572381277946	0.15666497151056927	0.996590537558006	1.5332565771208868	0.5277777777777778	36.0
18820	train	7.368890379968852e-05	1.138042797573148	1.0667890714384505	0.11923668699132071	1.0691738051782769	1.3773798478974237	0.5	36.0
18830	train	7.366265444220469e-05	1.0253270719645295	0.9515405303568848	0.1955430269241333	0.9554513908953675	1.397513621383243	0.5	36.0
18840	train	7.363639741320857e-05	1.0568453675499692	0.9847068808732233	0.16199420094490052	0.9879467648921213	1.3779720531569586	0.5833333333333334	36.0
18850	train	7.361013272349343e-05	1.05936323823395	0.9835636456495783	0.1566139981150627	0.9866959256118796	1.4533462524414062	0.5277777777777778	36.0
18860	train	7.35838603838557e-05	1.0226380505462702	0.9464092803796348	0.16480746616919836	0.9497054297030187	1.458652416865031	0.4166666666666667	36.0
18870	train	7.355758040509494e-05	1.0136294068063587	0.9392171978204074	0.22877477233608565	0.9437926932671291	1.39673427078459	0.5277777777777778	36.0
18880	train	7.353129279801386e-05	0.9924477589607991	0.9072999090599441	0.19652947038412094	0.9112304984676265	1.6243452098634508	0.2777777777777778	36.0
18890	train	7.35049975734183e-05	1.0797840223789454	1.0014431456804513	0.16770832737286887	1.0047973122279088	1.4997342030207317	0.4722222222222222	36.0
18900	train	7.347869474211722e-05	1.0659715263508673	0.9947286893431925	0.1518713217228651	0.9977661157776497	1.3641082114643521	0.5	36.0
18910	train	7.345238431492274e-05	1.0847245853168739	1.0005466085877326	0.16295250331362088	1.003805658654005	1.6183785332573786	0.4166666666666667	36.0
18920	train	7.342606630265008e-05	1.086051089542288	1.0188648448094841	0.15754986504713694	1.0220158421104268	1.2807049486372206	0.5555555555555556	36.0
18930	train	7.339974071611757e-05	1.079082112533446	1.0069448065651083	0.16770867009957632	1.0102989799670998	1.3756626513269212	0.5833333333333334	36.0
18940	train	7.337340756614667e-05	1.0267832070894198	0.9602493734466193	0.18048539261023203	0.9638590812988239	1.2584825158119202	0.5555555555555556	36.0
18950	train	7.334706686356194e-05	1.0839355338464292	1.0121063812093714	0.17153967751397026	1.0155371747596507	1.3679671817355685	0.5	36.0
18960	train	7.332071861919106e-05	1.0168291240717338	0.9485734605046146	0.16023135781288148	0.9517780876608721	1.3010207282172308	0.6388888888888888	36.0
18970	train	7.32943628438648e-05	1.0084414108474042	0.9339571458477761	0.18066791113879946	0.9375705040705521	1.4174181355370417	0.5555555555555556	36.0
18980	train	7.326799954841699e-05	1.0121810667617577	0.9417459476087425	0.21966029277869634	0.9461391534643164	1.3208382659488254	0.5555555555555556	36.0
18990	train	7.324162874368462e-05	1.030988720378294	0.9474301819447157	0.1889338696996371	0.9512088593387085	1.5955972207917108	0.3888888888888889	36.0
19000	train	7.321525044050772e-05	1.0905514036028416	1.0261958824255897	0.14520852640271187	1.0291000529536438	1.229027012983958	0.6388888888888888	36.0
19000	val		1.1104941776185002	1.0299494982511779	0.15345531689766315	1.0330186045891312	1.5495114605873823	0.4114583333333333	192.0
19010	train	7.318886464972941e-05	1.1016636691240214	1.0276581634046662	0.1464404304112707	1.0305869720128915	1.4215339422225952	0.6111111111111112	36.0
19020	train	7.31624713821959e-05	1.1602128471879176	1.0770791813745775	0.1513286809126536	1.0801057549928306	1.60214184390174	0.3888888888888889	36.0
19030	train	7.313607064875647e-05	1.0793674158157922	1.0202519599428954	0.1341509815926353	1.0229349795747482	1.1286487248208787	0.6388888888888888	36.0
19040	train	7.310966246026346e-05	1.0749571520686005	1.012886500517513	0.14945038656393686	1.0158755082487916	1.1816328763961792	0.6388888888888888	36.0
19050	train	7.308324682757225e-05	1.0569541069012658	0.9841052754860895	0.1806835565302107	0.9877189466166937	1.3847032056914435	0.5	36.0
19060	train	7.305682376154135e-05	1.0867562262710795	1.0147708277773722	0.14528586280842623	1.0176765450335408	1.3815936247507732	0.6111111111111112	36.0
19070	train	7.303039327303226e-05	1.0320410349542082	0.9671579645316648	0.16492798427740732	0.970456524217213	1.2316902147399054	0.6666666666666666	36.0
19080	train	7.300395537290956e-05	1.126141133949675	1.0622084798702114	0.12568079680204391	1.0647220958062522	1.2283807628684573	0.6388888888888888	36.0
19090	train	7.297751007204088e-05	1.068888717015769	0.9977392000193589	0.14607569724321365	1.0006607139642232	1.3645600610309176	0.5277777777777778	36.0
19100	train	7.295105738129688e-05	1.0689709461109307	1.004786981259101	0.16843255311250688	1.0081556323213512	1.2163062757915921	0.5833333333333334	36.0
19110	train	7.292459731155126e-05	1.0349775088357387	0.9573220044484527	0.17730891249246067	0.960868182698302	1.4821865227487352	0.5277777777777778	36.0
19120	train	7.289812987368074e-05	1.1516376989222523	1.0830224883394397	0.1226947471499443	1.0854763832824386	1.323226312796275	0.5555555555555556	36.0
19130	train	7.287165507856512e-05	1.1386693384189188	1.0697133782031252	0.12206408753991127	1.0721546599539233	1.3302935692999098	0.5277777777777778	36.0
19140	train	7.284517293708719e-05	1.1398518370886332	1.0638167025777718	0.12560590356588364	1.0663288206490895	1.4704603287908766	0.5	36.0
19150	train	7.28186834601327e-05	1.0276120176922232	0.9508516358197678	0.17013174369931222	0.9542542706937541	1.4671549399693806	0.5277777777777778	36.0
19160	train	7.279218665859052e-05	1.075957839575673	0.9960350362120433	0.16602864471219836	0.9993556091062872	1.5320446093877156	0.5	36.0
19170	train	7.276568254335247e-05	1.0644087650636387	0.9906200285182615	0.19734337677558264	0.9945668960537731	1.396837380197313	0.5277777777777778	36.0
19180	train	7.27391711253134e-05	1.1849984092578834	1.1121045576225268	0.09961330083509286	1.1140968236392286	1.4180317123730977	0.5277777777777778	36.0
19190	train	7.271265241537116e-05	1.173037413146474	1.1043523648080342	0.10924146489964591	1.1065371941060271	1.3300043808089361	0.6111111111111112	36.0
19200	train	7.268612642442657e-05	1.0458720651219782	0.9618076075729891	0.15466168853971693	0.9649008413437834	1.6194244755638971	0.3888888888888889	36.0
19210	train	7.265959316338347e-05	1.086750306219946	1.0131911169135808	0.15756849447886148	1.016342486803158	1.4081563883357577	0.5	36.0
19220	train	7.263305264314868e-05	1.00076505822356	0.9284878363617474	0.19430934306648043	0.9323740232230769	1.3678207000096638	0.5277777777777778	36.0
19230	train	7.2606504874632e-05	1.1631667528006782	1.0891415515230778	0.13395343273878096	1.0918206201778533	1.4269226524564955	0.4166666666666667	36.0
19240	train	7.257994986874622e-05	1.1617649875773182	1.087600508486264	0.11415089737801325	1.0898835264338245	1.437629222869873	0.5277777777777778	36.0
19250	train	7.255338763640711e-05	1.1102454779436406	1.048566782546396	0.12001143809821871	1.0509670113083605	1.1855693327056036	0.6666666666666666	36.0
19260	train	7.25268181885334e-05	1.124665674383901	1.063723687829702	0.11870716909567515	1.0660978312116156	1.1713568634457059	0.6944444444444444	36.0
19270	train	7.250024153604678e-05	1.0458191206860423	0.9766624720700462	0.17516453564167023	0.9801657627828796	1.3130671580632527	0.4722222222222222	36.0
19280	train	7.247365768987189e-05	1.0895509962647918	1.0235540406481851	0.13904055539104673	1.026334851756006	1.2643228901757135	0.5833333333333334	36.0
19290	train	7.244706666093637e-05	1.0777063700662632	1.005975016708829	0.1583939569691817	1.0091428958482127	1.3712694843610127	0.5277777777777778	36.0
19300	train	7.242046846017078e-05	1.113957011098586	1.0392824177724678	0.13476263731718063	1.0419776705188113	1.4395868115954928	0.5	36.0
19310	train	7.239386309850862e-05	1.078424576024826	0.9907625456988306	0.1786997781859504	0.9943365412625496	1.6817606952455308	0.4444444444444444	36.0
19320	train	7.236725058688639e-05	0.9958682695196316	0.9399433466493665	0.18343771398067474	0.94361210092898	1.0451233718130324	0.7777777777777778	36.0
19330	train	7.234063093624344e-05	1.118677049211266	1.0522810043004842	0.13949567514161268	1.0550709178033164	1.2721226281589932	0.6666666666666666	36.0
19340	train	7.231400415752213e-05	1.1256456409148505	1.0519849103939665	0.12529557943344116	1.0544908219826352	1.4230963786443074	0.5	36.0
19350	train	7.228737026166771e-05	1.0692591770190656	0.9992572083273191	0.15116944660743079	1.0022805972594677	1.3395715951919556	0.5277777777777778	36.0
19360	train	7.22607292596284e-05	1.0979334124055198	1.0342295885311257	0.14430665920178096	1.0371157217151612	1.2163538138071697	0.5833333333333334	36.0
19370	train	7.223408116235527e-05	1.0737050152397822	0.9960933668457803	0.17184466222922007	0.9995302600903647	1.483495102988349	0.5	36.0
19380	train	7.220742598080236e-05	0.9982282472005208	0.9165286160857201	0.17893788715203604	0.9201073738287608	1.562417467435201	0.3888888888888889	36.0
19390	train	7.21807637259266e-05	1.0792454848733282	1.0035950915230714	0.1944528048237165	1.0074841476195457	1.4352267450756497	0.5	36.0
19400	train	7.215409440868789e-05	1.0238201923603856	0.941680041876274	0.1883741956618097	0.9454475257895102	1.5674533314175076	0.4166666666666667	36.0
19410	train	7.212741804004889e-05	1.0638513377968666	0.9840999348575072	0.17966959898670515	0.9876933268372413	1.5231602191925049	0.4722222222222222	36.0
19420	train	7.210073463097532e-05	1.1154943367482875	1.0451922506532723	0.1418821523586909	1.048029893700446	1.3492888609568279	0.5277777777777778	36.0
19430	train	7.207404419243568e-05	1.1047219046220984	1.0370949389517399	0.14769125126657032	1.0400487639770712	1.2934628129005432	0.6388888888888888	36.0
19440	train	7.204734673540143e-05	1.0811330699742274	1.0004294430493086	0.16976143854359785	1.0038246718201806	1.546167963080936	0.5	36.0
19450	train	7.202064227084685e-05	1.0421893179497805	0.9646244523805069	0.18443943162759144	0.9683132410130587	1.477521538734436	0.4722222222222222	36.0
19460	train	7.199393080974917e-05	1.1337144790743676	1.0608437838973157	0.13530454287926355	1.063549874754901	1.4032920863893297	0.5555555555555556	36.0
19470	train	7.196721236308846e-05	1.0671434999974212	0.9972117252909448	0.17113611288368702	1.0006344475486186	1.3301810489760504	0.5555555555555556	36.0
19480	train	7.194048694184765e-05	1.024448190850297	0.9519378473582659	0.1780457148949305	0.9554987616561645	1.3789885838826497	0.5277777777777778	36.0
19490	train	7.191375455701255e-05	1.0186914507113611	0.9363229277295585	0.1977118899424871	0.9402771655284082	1.5682857036590576	0.4444444444444444	36.0
19500	train	7.188701521957184e-05	1.0502880514547939	0.9711670393035525	0.1655225783586502	0.9744774908707255	1.516211211681366	0.4444444444444444	36.0
19510	train	7.186026894051707e-05	1.0231011586775955	0.9428110271914711	0.17816033876604503	0.946374233966792	1.5345384942160711	0.4722222222222222	36.0
19520	train	7.183351573084258e-05	1.1197581948564348	1.0519388456734582	0.12383212049802145	1.0544154880834187	1.3068541354603238	0.5	36.0
19530	train	7.180675560154564e-05	1.0893328210159368	1.0022689778385123	0.1873355358839035	1.0060156885561904	1.6663426491949294	0.4166666666666667	36.0
19540	train	7.177998856362632e-05	1.01442088353041	0.9333842494759612	0.18562565942605336	0.9370967626644823	1.546482417318556	0.4166666666666667	36.0
19550	train	7.175321462808754e-05	1.048748879242733	0.97268019688672	0.15525825570027033	0.9757853620007254	1.4592703448401556	0.4722222222222222	36.0
19560	train	7.172643380593505e-05	0.9337488419472701	0.8597132243457298	0.20269782468676567	0.8637671808394651	1.3996332221561008	0.4444444444444444	36.0
19570	train	7.169964610817742e-05	0.9505587478448149	0.87739813829818	0.19530142893393834	0.8813041668768588	1.3850916193591223	0.5277777777777778	36.0
19580	train	7.167285154582611e-05	1.0592434107958508	0.9902358859271704	0.17011539079248905	0.9936381937430202	1.3121043410566118	0.5	36.0
19590	train	7.164605012989528e-05	1.080996999626516	1.0073374707932194	0.1408961849908034	1.0101553944930355	1.41683210266961	0.5	36.0
19600	train	7.161924187140204e-05	1.0833120932951388	1.00939996672751	0.16379277308781942	1.0126758221892664	1.4127254221174452	0.4722222222222222	36.0
19610	train	7.159242678136623e-05	1.0193057450844467	0.951473774690789	0.17956749300161998	0.9550651245508214	1.2848124106725056	0.5555555555555556	36.0
19620	train	7.156560487081051e-05	1.015346215760987	0.9320715878535782	0.20509782019588682	0.936173544257496	1.5834534300698175	0.3333333333333333	36.0
19630	train	7.153877615076038e-05	0.983771156821186	0.9168527236822923	0.19330962312718233	0.9207189161448359	1.2610448135270014	0.6666666666666666	36.0
19640	train	7.151194063224408e-05	1.0194500683112364	0.9324908818334429	0.18939203437831667	0.9362787225210092	1.6634269158045452	0.3888888888888889	36.0
19650	train	7.148509832629272e-05	1.0480889485703826	0.977841721517535	0.15782214370038775	0.9809981643915427	1.3418156835767958	0.6111111111111112	36.0
19660	train	7.145824924394011e-05	1.056234963850486	0.9755766424657316	0.160065200800697	0.9787779464817455	1.5491403473748102	0.4444444444444444	36.0
19670	train	7.143139339622293e-05	1.1072090576032974	1.031253592458716	0.14531841079394023	1.0341599606745948	1.4609819385740492	0.5	36.0
19680	train	7.140453079418059e-05	1.0868790109963198	1.0119029519800655	0.1659244406554434	1.0152214407931743	1.433151404062907	0.4166666666666667	36.0
19690	train	7.13776614488553e-05	1.0160847598236638	0.9453626406032348	0.16544054986702073	0.9486714516005752	1.3482661644617717	0.5833333333333334	36.0
19700	train	7.135078537129202e-05	1.0897685172411629	1.0240819418184786	0.14848877241214117	1.0270517172667213	1.2543359994888306	0.5833333333333334	36.0
19710	train	7.13239025725385e-05	0.9897089180565862	0.9234462096592111	0.20856338863571486	0.9276174774319254	1.2418288124932184	0.5833333333333334	36.0
19720	train	7.129701306364525e-05	1.0616255480778405	0.9811285967494568	0.17137138644854227	0.9845560244784277	1.541390471988254	0.4166666666666667	36.0
19730	train	7.127011685566551e-05	1.112807283211327	1.045219998547014	0.1460433214902878	1.0481408649768198	1.2933283646901448	0.6388888888888888	36.0
19740	train	7.124321395965531e-05	1.0842098322336033	1.009614980633804	0.1462741494178772	1.0125404636221615	1.4333873722288344	0.5555555555555556	36.0
19750	train	7.121630438667341e-05	1.0982281569653096	1.0141094400746964	0.1456142949561278	1.017021725973819	1.6241286198298137	0.3888888888888889	36.0
19760	train	7.118938814778132e-05	0.9835775727242859	0.9181110832337505	0.2103488360842069	0.9223180599554346	1.2251902553770277	0.6388888888888888	36.0
19770	train	7.116246525404328e-05	1.0676587185500859	0.991321736746907	0.16669228424628577	0.9946555824318327	1.4600627223650615	0.5	36.0
19780	train	7.113553571652629e-05	1.0416178383560561	0.972845003693649	0.18757509475662595	0.9765965055887815	1.3004266553454928	0.5555555555555556	36.0
19790	train	7.110859954630008e-05	1.1089066732545825	1.0331783621231847	0.13861760447422664	1.0359507142126692	1.459119180838267	0.5	36.0
19800	train	7.108165675443705e-05	1.014677810214543	0.9434879063823989	0.18072222421566644	0.9471023508667122	1.3515091869566176	0.4722222222222222	36.0
19810	train	7.105470735201239e-05	1.0250518670893591	0.9547156918595449	0.18493498033947414	0.9584143914663343	1.3327495124604967	0.5555555555555556	36.0
19820	train	7.102775135010397e-05	1.1064127436693376	1.037563772093839	0.13757028761837217	1.0403151778462065	1.3219513164626226	0.4722222222222222	36.0
19830	train	7.100078875979239e-05	1.0374667921639067	0.9638494904729971	0.18193041160702705	0.9674880987051376	1.3995738691753812	0.5277777777777778	36.0
19840	train	7.097381959216097e-05	1.1366709240729886	1.053944927333654	0.14813537233405644	1.0569076347803352	1.595265785853068	0.4722222222222222	36.0
19850	train	7.09468438582957e-05	1.050194584250821	0.9675684744487604	0.19143101986911562	0.9713970948461427	1.575949788093567	0.4166666666666667	36.0
19860	train	7.091986156928527e-05	1.056780430018718	0.9672907954270459	0.17964712902903557	0.9708837380076266	1.717933840221829	0.3888888888888889	36.0
19870	train	7.08928727362211e-05	1.0343331635667465	0.9477745933051158	0.18115830731888613	0.9513977594514935	1.6587080823050604	0.3888888888888889	36.0
19880	train	7.086587737019725e-05	1.0244576783646953	0.9540913234323076	0.16735402163532045	0.957438403865014	1.3403854899936252	0.5555555555555556	36.0
19890	train	7.083887548231056e-05	1.0956998173867298	1.0100487073899607	0.13666598581605488	1.0127820271062817	1.6583558056089613	0.3611111111111111	36.0
19900	train	7.081186708366043e-05	0.9946049727321342	0.9236981434345917	0.22749997476736705	0.928248142929939	1.3271365960439045	0.5833333333333334	36.0
19910	train	7.0784852185349e-05	1.1060460459156443	1.0313394904630324	0.142021049062411	1.0341799114442807	1.43732268942727	0.3888888888888889	36.0
19920	train	7.075783079848109e-05	1.1447626321566406	1.0695762962850235	0.1280171091357867	1.0721366384677393	1.4525198737780254	0.4722222222222222	36.0
19930	train	7.073080293416417e-05	1.1416540132784427	1.088695721919197	0.11805274027089278	1.0910567767246149	1.0119447310765584	0.75	36.0
19940	train	7.070376860350836e-05	1.1211109213044075	1.0513864356785843	0.13718658106194603	1.0541301672998231	1.3396150800916884	0.5555555555555556	36.0
19950	train	7.067672781762648e-05	1.1264820068150545	1.0490692399795352	0.14285418497664587	1.0519263236790681	1.4911136627197266	0.4722222222222222	36.0
19960	train	7.064968058763393e-05	1.148608144425591	1.0754173667761087	0.1506069873770078	1.0784295065236489	1.4035727580388386	0.6111111111111112	36.0
19970	train	7.062262692464885e-05	1.0334067468407575	0.9498311616873897	0.18599400917689005	0.9535510418709274	1.5971140993965998	0.4444444444444444	36.0
19980	train	7.059556683979194e-05	1.0475839894803547	0.9833747524810018	0.1669801092810101	0.986714354666622	1.2173926962746515	0.6388888888888888	36.0
19990	train	7.05685003441866e-05	1.1108705310664408	1.0343872084013455	0.11712618097662926	1.0367297320208781	1.4828159809112549	0.3611111111111111	36.0
20000	train	7.054142744895885e-05	1.1143793059404177	1.037704609912185	0.12320231497287751	1.0401686562116426	1.4842129945755005	0.4444444444444444	36.0
20000	val		1.1093971406065684	1.0301977619517646	0.1589047697594224	1.0333758573469531	1.520425665192306	0.453125	192.0
20010	train	7.051434816523733e-05	1.095466163631239	1.0261511489675692	0.15036136160294214	1.0291583761996281	1.326155748632219	0.5833333333333334	36.0
20020	train	7.04872625041533e-05	1.0663433309310608	0.9966130780260364	0.15903043498595557	0.9997936867257555	1.3309928841061063	0.5555555555555556	36.0
20030	train	7.046017047684067e-05	1.0875875719656714	0.9992098105155925	0.14789178669452668	1.002167646249483	1.7083985143237643	0.3333333333333333	36.0
20040	train	7.043307209443593e-05	1.0525050770306972	0.9674739189675504	0.1714802947309282	0.970903524862169	1.6320310433705647	0.3333333333333333	36.0
20050	train	7.040596736807821e-05	1.0730822849182189	0.9921305281660192	0.1706397458910942	0.9955433230838411	1.5507792366875544	0.5	36.0
20060	train	7.037885630890925e-05	1.054380576289715	0.9895092746718277	0.18984957039356232	0.993306266079699	1.2214862042003207	0.6388888888888888	36.0
20070	train	7.035173892807336e-05	1.0708563128587412	1.0013030890352337	0.1613453316191832	1.0045299956676172	1.3265263438224792	0.5277777777777778	36.0
20080	train	7.032461523671747e-05	0.9857399348898538	0.9064570408546734	0.22923583620124394	0.9110417575786982	1.4939635462231107	0.5555555555555556	36.0
20090	train	7.029748524599114e-05	1.1634548543352026	1.1022613595285156	0.11206665684779485	1.1045026926654715	1.1790432333946228	0.5555555555555556	36.0
20100	train	7.027034896704645e-05	1.156055085962563	1.0725057146008303	0.12380366524060567	1.0749817879056425	1.6214659611384075	0.5277777777777778	36.0
20110	train	7.024320641103812e-05	1.119308206618483	1.0472968245353849	0.13243147234121957	1.0499454539822093	1.3872550527254741	0.5	36.0
20120	train	7.021605758912342e-05	1.1204613620910313	1.0295567844185498	0.16471366584300995	1.03285105773541	1.7522060871124268	0.3888888888888889	36.0
20130	train	7.01889025124622e-05	0.9980222802391253	0.9323432857490846	0.17157100803322262	0.9357747059097491	1.2449514865875244	0.6944444444444444	36.0
20140	train	7.016174119221689e-05	1.0573718164567858	0.9760344615252194	0.14115015765031177	0.9788574646782257	1.5702870355712042	0.4166666666666667	36.0
20150	train	7.013457363955249e-05	1.0307162813957629	0.96316494904784	0.15147498746713003	0.9661944487971826	1.290436651971605	0.5833333333333334	36.0
20160	train	7.010739986563656e-05	1.070467098473281	0.9984485477726693	0.17754416664441428	1.0019994311055576	1.369353347354465	0.4722222222222222	36.0
20170	train	7.008021988163919e-05	1.0444841714759185	0.973490446218185	0.17441746911832265	0.9769787956005515	1.3501075175073411	0.5555555555555556	36.0
20180	train	7.005303369873306e-05	1.1279703451238385	1.0561303186127522	0.13968392544322544	1.0589239971216167	1.380926960044437	0.4444444444444444	36.0
20190	train	7.002584132809337e-05	1.0757606214148738	0.9860992029918172	0.15776887660225233	0.9892545805238623	1.7301208178202312	0.3055555555555556	36.0
20200	train	6.999864278089789e-05	1.0785988013424463	1.009622174716127	0.14836495940883954	1.0125894739043038	1.3201865487628512	0.5277777777777778	36.0
20210	train	6.997143806832692e-05	1.028451585562203	0.9641309293685758	0.158491227361891	0.9673007539158136	1.2230166329277887	0.5833333333333334	36.0
20220	train	6.994422720156327e-05	1.0465520464773215	0.9668700977961222	0.14722651207730883	0.9698146280376684	1.5347483687930636	0.3888888888888889	36.0
20230	train	6.991701019179232e-05	1.0786689714354882	1.0068221001455464	0.15045967598756155	1.0098312936652976	1.3767535554038153	0.5555555555555556	36.0
20240	train	6.988978705020193e-05	1.0263882787741128	0.9510976389431527	0.19063593447208405	0.9549103576325944	1.4295584228303697	0.5	36.0
20250	train	6.986255778798253e-05	1.1045706155922064	1.033593643492399	0.15484782639476988	1.0366906000202942	1.3576003114382427	0.6111111111111112	36.0
20260	train	6.983532241632703e-05	1.0683442553304114	0.9909601596483731	0.1543247679869334	0.9940466550081118	1.4859520064459906	0.4722222222222222	36.0
20270	train	6.980808094643087e-05	1.0921337176466837	1.0189003592039003	0.16451708376407623	1.0221907008791817	1.3988603353500366	0.5555555555555556	36.0
20280	train	6.978083338949196e-05	1.0887257752033102	1.0129839878491587	0.16620388958189222	1.0163080656407966	1.4483541912502713	0.5833333333333334	36.0
20290	train	6.975357975671079e-05	1.0281578845102146	0.942587343381935	0.1898963139170692	0.9463852696602764	1.6354522969987657	0.4722222222222222	36.0
20300	train	6.972632005929027e-05	1.031902578257663	0.9682163811286882	0.1561877029016614	0.9713401351867215	1.21124886141883	0.5555555555555556	36.0
20310	train	6.969905430843583e-05	1.089268121979929	1.0118643297244745	0.16064773897329968	1.0150772845039404	1.483816749519772	0.5	36.0
20320	train	6.967178251535539e-05	1.0881729965247606	1.0079382722415422	0.16069697009192574	1.0111522116433806	1.5404156976275973	0.4722222222222222	36.0
20330	train	6.964450469125936e-05	1.0103692208542636	0.9397635275934348	0.2088057498137156	0.9439396425897092	1.328591565291087	0.5277777777777778	36.0
20340	train	6.961722084736064e-05	1.1075716641452995	1.0255769195859339	0.16118902730799856	1.0288007001320938	1.5754192802641127	0.4722222222222222	36.0
20350	train	6.958993099487455e-05	1.1063016796855156	1.0301999853996462	0.14306673308213552	1.0330613200612888	1.4648071924845378	0.5277777777777778	36.0
20360	train	6.956263514501895e-05	0.9905708076640686	0.9117621165184233	0.18212560357318985	0.9154046285898871	1.503323581483629	0.4166666666666667	36.0
20370	train	6.953533330901411e-05	1.0988020688410396	1.0240901385031602	0.15587981790304184	1.027207734861221	1.4318866795963712	0.5277777777777778	36.0
20380	train	6.950802549808281e-05	0.9927149174966273	0.9189351105184547	0.19975219269593555	0.9229301543723734	1.3956952624850802	0.5555555555555556	36.0
20390	train	6.948071172345024e-05	1.0448968196136161	0.9864005698103777	0.18639970595637959	0.9901285639295053	1.0953651136822171	0.6944444444444444	36.0
20400	train	6.945339199634406e-05	1.0862259955875961	1.0177809766603398	0.1381094753742218	1.0205431661678244	1.3136565883954365	0.5	36.0
20410	train	6.942606632799439e-05	1.083321905743098	1.0115064434319891	0.16581340299712288	1.0148227114919317	1.369983885023329	0.5555555555555556	36.0
20420	train	6.939873472963376e-05	1.0873583016529633	1.0169673640133559	0.14441642065842947	1.0198556924265245	1.3500521845287747	0.5833333333333334	36.0
20430	train	6.937139721249716e-05	1.0002455839665931	0.9242292195709747	0.21359423299630484	0.9285011042309008	1.434889594713847	0.5	36.0
20440	train	6.934405378782205e-05	1.0595845134856048	0.9904583206906991	0.1604325771331787	0.9936669722333626	1.318350825044844	0.6111111111111112	36.0
20450	train	6.931670446684823e-05	1.1133412954102377	1.0482080346237044	0.15098214646180472	1.0512276775529406	1.2422723571459453	0.5833333333333334	36.0
20460	train	6.928934926081801e-05	1.0948711801922593	1.0252406503812743	0.14743657559156417	1.0281893818931056	1.333635965983073	0.5	36.0
20470	train	6.926198818097604e-05	1.1279804582622786	1.0535381163551218	0.12101434916257858	1.0559584033383733	1.4404410984781053	0.5277777777777778	36.0
20480	train	6.923462123856947e-05	1.0698854516507914	1.005738979277849	0.13141918637686306	1.0083673630053862	1.230361772908105	0.5555555555555556	36.0
20490	train	6.92072484448478e-05	1.0148035090458765	0.9402395773721113	0.19097850968440375	0.9440591475657993	1.4148872296015422	0.4722222222222222	36.0
20500	train	6.917986981106295e-05	1.0695844902003975	1.0073989922210744	0.13521581391493478	1.0101033084993731	1.1896236340204875	0.5555555555555556	36.0
20510	train	6.915248534846922e-05	1.0673329599479526	0.9937176395634502	0.18150626917680104	0.9973477649469862	1.3997039000193279	0.5	36.0
20520	train	6.912509506832337e-05	1.0665238424993215	0.9930938292831174	0.14771634787321092	0.9960481562405816	1.409513725174798	0.4444444444444444	36.0
20530	train	6.909769898188448e-05	1.0804424178677212	1.0041815244632373	0.16237163841724395	1.0074289572315822	1.4602692127227783	0.4722222222222222	36.0
20540	train	6.907029710041406e-05	1.0232016456192616	0.9564461847232498	0.1565650369351109	0.9595774854619521	1.2724832031461928	0.6111111111111112	36.0
20550	train	6.904288943517598e-05	1.0302336789438047	0.9575113184652975	0.19595654408137003	0.9614304493469249	1.376064591937595	0.6388888888888888	36.0
20560	train	6.90154759974365e-05	1.046927188230489	0.9804654732773049	0.16971264531215033	0.9838597261835479	1.2613492409388225	0.6111111111111112	36.0
20570	train	6.898805679846424e-05	1.0422866952785654	0.9640044893856318	0.18503990272680917	0.9677052874401679	1.491628156767951	0.4444444444444444	36.0
20580	train	6.896063184953021e-05	1.0204157503865883	0.9531339543649943	0.18193765564097297	0.9567727074778137	1.2728608581754897	0.5555555555555556	36.0
20590	train	6.893320116190777e-05	1.067631035895327	0.9954923435312303	0.16552619263529778	0.9988028673839362	1.3765633702278137	0.5	36.0
20600	train	6.890576474687264e-05	1.1144579108103332	1.0426458977165372	0.131803335621953	1.0452819644289761	1.3835189276271396	0.5	36.0
20610	train	6.887832261570288e-05	1.072489518529144	1.0000265185428665	0.1557961023516125	1.0031424405898988	1.3869415587849088	0.5	36.0
20620	train	6.885087477967893e-05	1.0732703292637513	0.9989528109069776	0.1698307933078872	1.0023494267731354	1.418418049812317	0.5	36.0
20630	train	6.882342125008355e-05	1.1070865145154931	1.0265104837975374	0.1409076472123464	1.0293286367417844	1.5551575554741754	0.3611111111111111	36.0
20640	train	6.879596203820185e-05	1.0431247427317905	0.9659727147473302	0.1696800175640318	0.9693663150986108	1.4751685526635911	0.5555555555555556	36.0
20650	train	6.876849715532128e-05	1.070059500826828	0.9912030062510893	0.1692739733391338	0.994588485717872	1.5094203021791246	0.4166666666666667	36.0
20660	train	6.87410266127316e-05	1.070338608998136	0.9850595526676141	0.17185853090551165	0.9884967232857244	1.6368377142482333	0.4166666666666667	36.0
20670	train	6.871355042172493e-05	1.0700281171489783	0.9971631877113409	0.17336393064922756	1.0006304663243255	1.3879530164930556	0.5555555555555556	36.0
20680	train	6.868606859359569e-05	1.0681423789613804	0.9938427353753012	0.18651342143615088	0.9975730038040242	1.4113875031471252	0.4166666666666667	36.0
20690	train	6.86585811396406e-05	1.0864849894606552	1.0090681041028913	0.15227694287896157	1.0121136429604705	1.487426930003696	0.3611111111111111	36.0
20700	train	6.863108807115875e-05	1.0397049174521746	0.9686546000819455	0.19863197952508926	0.9726272396724472	1.3415535555945501	0.6111111111111112	36.0
20710	train	6.86035893994515e-05	1.0280033671821873	0.9435135771010372	0.18870556416610876	0.9472876883843594	1.6143135759565566	0.3611111111111111	36.0
20720	train	6.857608513582248e-05	1.031189041354887	0.9445736343226158	0.20490524979929128	0.9486717393186016	1.650346040725708	0.3611111111111111	36.0
20730	train	6.854857529157766e-05	1.0453945210659896	0.9644464874434201	0.17476230983932814	0.9679417336402066	1.5490557485156589	0.3333333333333333	36.0
20740	train	6.852105987802534e-05	1.0172144981357407	0.9535567894908739	0.17613374590873718	0.9570794644090486	1.202700674533844	0.6111111111111112	36.0
20750	train	6.849353890647603e-05	1.0280101814002591	0.9536340875012854	0.21344116436583654	0.9579029107886021	1.4021454122331407	0.5	36.0
20760	train	6.846601238824258e-05	0.9249268489233048	0.84569004600095	0.2497919797897339	0.8506858855967446	1.4848192665312026	0.4722222222222222	36.0
20770	train	6.843848033464008e-05	1.0232787047070326	0.9495215113105437	0.1800225133697192	0.9531219615779382	1.403134862581889	0.4166666666666667	36.0
20780	train	6.841094275698593e-05	1.1624435644721973	1.0926350832193417	0.12413737426201503	1.095117830704582	1.3465146753523085	0.5277777777777778	36.0
20790	train	6.838339966659978e-05	1.081829792648245	1.01501917192309	0.1578298658132553	1.0181757692393552	1.2730804681777954	0.5277777777777778	36.0
20800	train	6.835585107480357e-05	1.0483518603619295	0.9728096719468325	0.1839838953067859	0.9764893498529683	1.437250210179223	0.5277777777777778	36.0
20810	train	6.832829699292151e-05	1.024566988285115	0.9532883528561035	0.1784951537847519	0.9568582559317985	1.3541746470663283	0.5833333333333334	36.0
20820	train	6.830073743227996e-05	1.1138423661603951	1.0347123564794087	0.12785771836837131	1.0372695108467762	1.5314571062723796	0.4166666666666667	36.0
20830	train	6.82731724042077e-05	1.0616826735487166	0.9864461661428793	0.15960409326685798	0.9896382480082164	1.4408885108100042	0.4722222222222222	36.0
20840	train	6.82456019200356e-05	1.102121043997818	1.0134607393852344	0.14266718758477104	1.0163140831369297	1.7161392172177632	0.3888888888888889	36.0
20850	train	6.821802599109692e-05	1.092442810642393	1.0238913235806804	0.1358302434285482	1.0266079284492513	1.3166976438628302	0.5833333333333334	36.0
20860	train	6.819044462872703e-05	0.9833769795617062	0.9063068045431307	0.19120557804902394	0.9101309161041112	1.4649212691518996	0.3888888888888889	36.0
20870	train	6.816285784426359e-05	1.1343606848111265	1.062954333102423	0.1321364864706993	1.065597062831837	1.3752724395857916	0.5555555555555556	36.0
20880	train	6.813526564904651e-05	1.0802623514555514	1.001110426322217	0.1560155560572942	1.004230737443363	1.5206322802437677	0.4444444444444444	36.0
20890	train	6.810766805441787e-05	1.070523942253266	1.0056633418711762	0.14925488912396961	1.0086484396536557	1.2375100519922044	0.5555555555555556	36.0
20900	train	6.808006507172203e-05	1.0060745315957003	0.9444997527325748	0.19081550712386766	0.9483160628750522	1.1551693744129605	0.5833333333333334	36.0
20910	train	6.80524567123055e-05	1.0334820435883205	0.9536618243099849	0.17327258653110927	0.9571272760406071	1.5270953509542677	0.4166666666666667	36.0
20920	train	6.802484298751704e-05	0.9788498880158351	0.8924785341014947	0.21422472182247373	0.8967630285379442	1.6417371895578172	0.3611111111111111	36.0
20930	train	6.799722390870765e-05	1.1123619960912279	1.026799745973767	0.14426053067048392	1.0296849565871766	1.6535407900810242	0.4166666666666667	36.0
20940	train	6.796959948723043e-05	1.0488094538947599	0.9834357680612793	0.16342218766609828	0.9867042118146012	1.2421048416031732	0.6111111111111112	36.0
20950	train	6.794196973444078e-05	1.1713928248719536	1.0913380420608152	0.10444225453668171	1.093426887151549	1.5593187544080946	0.4722222222222222	36.0
20960	train	6.791433466169624e-05	1.0579628752693795	0.9916109562359183	0.17726159716645876	0.9951561881792476	1.2561337418026395	0.6111111111111112	36.0
20970	train	6.788669428035652e-05	1.076978381241167	1.0133432615678886	0.18032944252093633	1.0169498504183072	1.2005706164571974	0.6666666666666666	36.0
20980	train	6.785904860178357e-05	0.9870263939568821	0.9098402202993059	0.1790120432774226	0.9134204611648543	1.472118655840556	0.5277777777777778	36.0
20990	train	6.783139763734146e-05	0.9008948600080198	0.8223059847325006	0.2611684538424015	0.8275293538093487	1.4673101239734225	0.5277777777777778	36.0
21000	train	6.780374139839647e-05	1.0646409899841012	0.9946367110328802	0.16551046901279026	0.997946920413136	1.3338813914193048	0.5833333333333334	36.0
21000	val		1.1032435419377034	1.025699330372795	0.1592329093882211	1.0288839885605594	1.4871910675428808	0.4375	192.0
21010	train	6.777607989631703e-05	1.0673903078541132	1.0017063561761517	0.17310253623872995	1.0051684069009263	1.2444380190637376	0.6111111111111112	36.0
21020	train	6.774841314247373e-05	1.1239479019545553	1.041594627013111	0.1448573629061381	1.0444917742712336	1.5891225536664326	0.3888888888888889	36.0
21030	train	6.772074114823935e-05	0.9773361933495412	0.9060055395603984	0.19213776600857577	0.90984829488057	1.349757969379425	0.4722222222222222	36.0
21040	train	6.769306392498877e-05	1.0875759916967354	1.0099262174930375	0.16559114307165146	1.0132380403544705	1.4867590268452961	0.3888888888888889	36.0
21050	train	6.76653814840991e-05	1.0579520043841528	0.9840553860046658	0.16600635449091594	0.9873755130944841	1.4115298257933722	0.5277777777777778	36.0
21060	train	6.763769383694949e-05	1.0396189635098436	0.9641194017165694	0.1785568743944168	0.9676905392044577	1.4385684861077204	0.4722222222222222	36.0
21070	train	6.76100009949213e-05	1.047064177090351	0.9768137629903929	0.16001654764016468	0.9800140939431962	1.3410016629430983	0.5833333333333334	36.0
21080	train	6.758230296939805e-05	1.0321093824887762	0.9444801914163254	0.1934131644666195	0.9483484547056579	1.675218555662367	0.3611111111111111	36.0
21090	train	6.755459977176533e-05	1.0230507088941883	0.9474647255052345	0.18350595533847808	0.951134844612004	1.4383172856436834	0.5	36.0
21100	train	6.752689141341086e-05	1.086462314836868	1.0149212516390829	0.1725310521821181	1.0183718726827253	1.3618088430828519	0.5555555555555556	36.0
21110	train	6.749917790572451e-05	0.9376415715388303	0.88131065381287	0.18502192944288254	0.8850110924017276	1.0526095827420552	0.6944444444444444	36.0
21120	train	6.747145926009826e-05	1.0201823007267175	0.9526590455275236	0.1927071437239647	0.9565131884020028	1.2733822464942932	0.5555555555555556	36.0
21130	train	6.744373548792618e-05	1.0192052005541787	0.9446328469361662	0.18011492441097895	0.9482351454243858	1.419401102595859	0.5	36.0
21140	train	6.741600660060451e-05	1.0953832592270996	1.0236903509201831	0.12196177409754859	1.026129586402134	1.3850734564993117	0.4444444444444444	36.0
21150	train	6.738827260953149e-05	1.118953101945419	1.0474546597525467	0.15927188098430634	1.0506400973722327	1.3662600914637248	0.5277777777777778	36.0
21160	train	6.736053352610756e-05	1.06576760038123	0.9780710291370962	0.19245598514874776	0.9819201488400712	1.6769490308231778	0.4166666666666667	36.0
21170	train	6.733278936173521e-05	1.1373190930693593	1.064877441829782	0.10799832548946142	1.0670374083395713	1.4056336945957608	0.5	36.0
21180	train	6.730504012781899e-05	1.1704121461212484	1.093018011159352	0.11124813705682754	1.0952429739004885	1.5033834444151983	0.4444444444444444	36.0
21190	train	6.727728583576558e-05	1.01028973071038	0.936416152201685	0.20561084151268005	0.9405283690319386	1.3952272335688274	0.5555555555555556	36.0
21200	train	6.724952649698371e-05	1.0984541843232187	1.0232385531686607	0.1390227556583427	1.0260190082818277	1.4487035208278232	0.5833333333333334	36.0
21210	train	6.722176212288421e-05	1.0855518023889459	1.0111582513042154	0.1368345253997379	1.0138949418122103	1.433137211534712	0.4722222222222222	36.0
21220	train	6.719399272487995e-05	1.1137565538813152	1.034174257937022	0.13965865621964138	1.0369674310614148	1.5357824563980103	0.4722222222222222	36.0
21230	train	6.716621831438588e-05	1.097529525678887	1.013102269492084	0.16496006647745767	1.0164014708216331	1.6225610971450806	0.5277777777777778	36.0
21240	train	6.713843890281904e-05	1.0777836707360606	1.0116341690348645	0.14798395501242745	1.014593848135113	1.2637964520189497	0.7222222222222222	36.0
21250	train	6.711065450159847e-05	1.0551305504386606	0.9863785027012211	0.156991845369339	0.9895183396086078	1.312244216601054	0.6388888888888888	36.0
21260	train	6.708286512214529e-05	1.0620083488851433	0.9933484806282301	0.14425043016672134	0.9962334892315645	1.3154971930715773	0.5555555555555556	36.0
21270	train	6.705507077588266e-05	1.0078781569866089	0.9262332990303054	0.20856736600399017	0.9304046463503852	1.5494702127244737	0.5	36.0
21280	train	6.70272714742358e-05	1.076681599792063	1.0064823297961416	0.1827557689199845	1.0101374451745413	1.33088309235043	0.5277777777777778	36.0
21290	train	6.699946722863195e-05	1.1622283308241563	1.0864093383219966	0.11581560870011648	1.088725650495999	1.4700536065631442	0.4444444444444444	36.0
21300	train	6.697165805050038e-05	1.0587491570822056	0.9942451248685508	0.16524939301113287	0.9975501127287735	1.2239808870686426	0.5555555555555556	36.0
21310	train	6.694384395127242e-05	1.0166990124392719	0.9581812497352439	0.1631948029001554	0.961445145793247	1.1050773329204984	0.7222222222222222	36.0
21320	train	6.691602494238134e-05	1.080570808997559	0.9971964103157065	0.1623829404513041	1.0004440691247325	1.6025347974565294	0.4444444444444444	36.0
21330	train	6.688820103526251e-05	0.9812251398246791	0.9097729926421879	0.20228871454795203	0.913818766933147	1.348127457830641	0.6111111111111112	36.0
21340	train	6.68603722413533e-05	1.087104574173092	1.0107797772514149	0.16953977843125662	1.01417057282004	1.4586800270610385	0.4722222222222222	36.0
21350	train	6.683253857209306e-05	1.0669839690008471	0.9879289781794325	0.15170574585596722	0.9909630930965518	1.5204175180859036	0.4722222222222222	36.0
21360	train	6.680470003892318e-05	1.109669449120779	1.0371214196731837	0.1280320001145204	1.0396820596754741	1.3997477889060974	0.5555555555555556	36.0
21370	train	6.677685665328702e-05	1.1159537047165355	1.0390736091982378	0.14183071504036585	1.0419102234990452	1.480869624349806	0.5277777777777778	36.0
21380	train	6.674900842662993e-05	1.1409545433437198	1.0603833381416436	0.13278412073850632	1.0630390205564137	1.558310455746121	0.5277777777777778	36.0
21390	train	6.672115537039927e-05	1.0456888969167328	0.95806163165025	0.17021418008066358	0.9614659152518633	1.6844596332973905	0.3888888888888889	36.0
21400	train	6.66932974960444e-05	1.0369866085899189	0.9760767158321854	0.16107398470242817	0.9792981955262339	1.153768261273702	0.6388888888888888	36.0
21410	train	6.66654348150166e-05	1.1587282511143513	1.0950202674632563	0.10948215052485466	1.0972099104737534	1.2303668128119574	0.6111111111111112	36.0
21420	train	6.66375673387692e-05	1.0242240249211627	0.9492736684045895	0.1752856324116389	0.9527793810528222	1.4288928773668077	0.5277777777777778	36.0
21430	train	6.660969507875748e-05	1.1122409823705273	1.0465807778341423	0.14292490382989248	1.04943927591074	1.256034129195743	0.6388888888888888	36.0
21440	train	6.658181804643862e-05	1.0628805880439176	0.9928676058625407	0.18464284597171676	0.9965604627819751	1.3264025052388508	0.5555555555555556	36.0
21450	train	6.655393625327185e-05	1.1447236010519903	1.0648211637268372	0.14064528855184713	1.067634069497874	1.5417906310823228	0.4722222222222222	36.0
21460	train	6.652604971071832e-05	1.0938861161386113	1.0289653043944116	0.14154771425657803	1.031796258679543	1.241797149181366	0.6388888888888888	36.0
21470	train	6.649815843024113e-05	1.055321769436867	0.9803223076336957	0.16311674813429514	0.9835846425963816	1.4347425368097093	0.4722222222222222	36.0
21480	train	6.647026242330534e-05	0.996553611245542	0.9173791046640501	0.17837547179725435	0.9209466140999952	1.5121399429109361	0.4722222222222222	36.0
21490	train	6.644236170137793e-05	1.0732562830242154	0.9983484217798679	0.15105517829457918	1.0013695253457595	1.4377351535691156	0.5277777777777778	36.0
21500	train	6.641445627592783e-05	1.0868772948511918	1.0126570187835375	0.1479320819179217	1.015615660421896	1.4252326885859172	0.5	36.0
21510	train	6.638654615842594e-05	1.0255066510085504	0.9530923083634086	0.18303603347804812	0.9567530290329695	1.375072439511617	0.4722222222222222	36.0
21520	train	6.635863136034502e-05	1.1103100684060125	1.0469141674002975	0.12274953133116166	1.0493691580269207	1.218818207581838	0.6666666666666666	36.0
21530	train	6.63307118931598e-05	1.0936285053165808	1.0245385104721176	0.15129069570038053	1.0275643243861252	1.3212836186091106	0.5	36.0
21540	train	6.630278776834692e-05	0.9977379922359311	0.9377524930194805	0.18660450809531742	0.9414845831813868	1.1250681810908847	0.6666666666666666	36.0
21550	train	6.627485899738494e-05	1.0307575103440658	0.9653302155566323	0.16632327189048132	0.968656680994442	1.2420165869924757	0.5555555555555556	36.0
21560	train	6.62469255917543e-05	1.0421507685761742	0.9697196218849314	0.17546785821517308	0.9732289790492349	1.3784357905387878	0.5277777777777778	36.0
21570	train	6.621898756293739e-05	1.0871873895650248	1.0283805715864043	0.12582609636916053	1.0308970935137876	1.1258059210247464	0.6944444444444444	36.0
21580	train	6.619104492241849e-05	0.9552298648602215	0.8797718238611799	0.2541740487019221	0.8848553048352183	1.4074912005000644	0.5	36.0
21590	train	6.616309768168372e-05	1.1016521049429604	1.027510771421129	0.14316191382351376	1.030374009697599	1.4255619049072266	0.5277777777777778	36.0
21600	train	6.613514585222116e-05	1.1269154722627965	1.04617270966407	0.1380370944738388	1.048933451553547	1.5596404141849942	0.5	36.0
21610	train	6.610718944552076e-05	1.0005966598377987	0.9241068170057102	0.18156523009141287	0.9277381216075384	1.4571707646052043	0.5	36.0
21620	train	6.607922847307432e-05	1.081001827784931	1.010337268147424	0.1506526437898477	1.013350321023221	1.353030135234197	0.6111111111111112	36.0
21630	train	6.605126294637558e-05	1.1497647183370048	1.0674783909178232	0.1572710939993461	1.07062381279781	1.5828181107838948	0.3888888888888889	36.0
21640	train	6.602329287692006e-05	0.9834262962316511	0.9111269789511997	0.196832009156545	0.9150636191343305	1.3672535419464111	0.5277777777777778	36.0
21650	train	6.599531827620523e-05	1.0986278076891058	1.031861807567274	0.13190199087063473	1.0344998473846867	1.282559206088384	0.5833333333333334	36.0
21660	train	6.59673391557304e-05	1.0370045389645275	0.9650722484833311	0.16460631390412647	0.9683643747614136	1.3728032840622797	0.5555555555555556	36.0
21670	train	6.593935552699671e-05	1.0381369797711564	0.9713801210448139	0.164741027686331	0.9746749415985405	1.269240763452318	0.5833333333333334	36.0
21680	train	6.591136740150718e-05	1.0817182675561368	1.0066057948000953	0.15741143541203606	1.009754023508336	1.439284880956014	0.3611111111111111	36.0
21690	train	6.588337479076667e-05	1.0950676778195227	1.0211921323658286	0.12948748096823692	1.0237818819851934	1.4257159166865878	0.5833333333333334	36.0
21700	train	6.585537770628187e-05	1.063502383210868	1.0017057164661856	0.15849700719118118	1.0048756566100092	1.172534532017178	0.6388888888888888	36.0
21710	train	6.582737615956134e-05	0.964698105528813	0.8884146010294834	0.19690832826826307	0.8923527675948487	1.446906758679284	0.5277777777777778	36.0
21720	train	6.579937016211546e-05	1.0322333675122728	0.9658451704677414	0.19112759000725216	0.9696677222678864	1.2513129048877292	0.5555555555555556	36.0
21730	train	6.577135972545646e-05	1.0092997274256528	0.9319022229395091	0.18802195973694324	0.935662662134248	1.4727413058280945	0.5	36.0
21740	train	6.574334486109832e-05	1.078915075243052	1.0007783356512947	0.14850241243839263	1.0037483839000625	1.503333826859792	0.4722222222222222	36.0
21750	train	6.571532558055692e-05	1.1389044059948452	1.0598578292059893	0.14676005827883878	1.062793030371566	1.5222275124655829	0.5277777777777778	36.0
21760	train	6.568730189534994e-05	1.0902634625264436	1.0200625984663862	0.14059458755784565	1.022874490217543	1.3477794461780124	0.5277777777777778	36.0
21770	train	6.565927381699684e-05	1.0396226056043143	0.9653721043176618	0.1821770216855738	0.9690156447513734	1.4121392170588176	0.5555555555555556	36.0
21780	train	6.56312413570189e-05	1.0319902371062424	0.9588209762931121	0.19166053632895153	0.9626541870196912	1.3867210017310247	0.6111111111111112	36.0
21790	train	6.560320452693922e-05	0.9425011478766294	0.862723143488615	0.21546666986412472	0.8670324768858975	1.5093734198146396	0.4722222222222222	36.0
21800	train	6.557516333828269e-05	0.9789818425053041	0.9095312725411866	0.20208856215079626	0.9135730437842026	1.308175974422031	0.5555555555555556	36.0
21810	train	6.554711780257596e-05	1.0976648162684213	1.0351266184703878	0.13580270918707052	1.0378426726541292	1.196442872285843	0.6111111111111112	36.0
21820	train	6.55190679313475e-05	1.0055514623092887	0.9310606416431346	0.19573829074700674	0.9349754074580747	1.4115210970242817	0.3888888888888889	36.0
21830	train	6.549101373612755e-05	1.0347775763815112	0.9564742938225932	0.17414535582065582	0.9599572009390063	1.4964075088500977	0.5833333333333334	36.0
21840	train	6.546295522844814e-05	1.1201557578439294	1.0498367158699147	0.13696674009164175	1.0525760506717474	1.3515941434436374	0.4722222222222222	36.0
21850	train	6.543489241984306e-05	1.1103195949594213	1.0442596078515085	0.1467375139395396	1.0471943581302994	1.2625047365824382	0.5833333333333334	36.0
21860	train	6.540682532184785e-05	1.0638512851990518	0.9854948429528796	0.18111209372679393	0.9891170848274154	1.4946840074327257	0.4166666666666667	36.0
21870	train	6.537875394599987e-05	1.0891286508917946	1.0028610705912249	0.15731074959039687	1.0060072855830329	1.662427306175232	0.3611111111111111	36.0
21880	train	6.535067830383816e-05	0.9854414501291195	0.9087663559617281	0.16422048211097717	0.9120507656039476	1.4678136905034382	0.4722222222222222	36.0
21890	train	6.53225984069036e-05	1.0457653541799083	0.9689262418385044	0.14644459386666617	0.9718551337158378	1.4782044092814128	0.5555555555555556	36.0
21900	train	6.529451426673875e-05	1.1381680645045604	1.0714981721918087	0.1096317358314991	1.0736908069084385	1.289545151922438	0.4444444444444444	36.0
21910	train	6.526642589488793e-05	0.9972828836036758	0.9288926327519652	0.20091275291310418	0.9329108878102272	1.287439915868971	0.5555555555555556	36.0
21920	train	6.523833330289723e-05	1.018669681850397	0.9388858994088142	0.19061681690315405	0.9426982357468773	1.5194289220703974	0.4722222222222222	36.0
21930	train	6.521023650231444e-05	1.1526005370255896	1.0850784413519756	0.12588474651177725	1.087596136282211	1.3000880148675706	0.5277777777777778	36.0
21940	train	6.518213550468911e-05	0.999746734710733	0.922798400076429	0.16179392039775847	0.9260342784843841	1.4742491245269775	0.4722222222222222	36.0
21950	train	6.515403032157249e-05	1.0411310255507045	0.972459003683204	0.18391360715031624	0.9761372758262103	1.2998749944898818	0.4722222222222222	36.0
21960	train	6.512592096451754e-05	1.1431838807065158	1.065269374935879	0.14132550545036793	1.0680958850448863	1.5017599132325914	0.4722222222222222	36.0
21970	train	6.509780744507897e-05	1.049242324754124	0.9779761982141519	0.14317036867141725	0.9808396055875803	1.368054383330875	0.5277777777777778	36.0
21980	train	6.506968977481319e-05	1.085736855983046	1.0151289867263444	0.15888143392900625	1.0183066154049245	1.3486048115624323	0.5277777777777778	36.0
21990	train	6.504156796527833e-05	1.0370784510750748	0.9579376761362794	0.18929891453848946	0.9617236544270492	1.5070959329605103	0.4444444444444444	36.0
22000	train	6.501344202803415e-05	1.0649733907700965	0.9964957540572122	0.163343621861367	0.9997626264944396	1.3042152855131361	0.5555555555555556	36.0
22000	val		1.0977760958235214	1.0219511251205864	0.1585185534312766	1.025121496189212	1.4530919926861923	0.4791666666666667	192.0
22010	train	6.498531197464222e-05	1.10341776664017	1.0379333524484604	0.14798333371678987	1.0408930191227963	1.2504949503474765	0.5555555555555556	36.0
22020	train	6.49571778166657e-05	1.117472446479201	1.0549243474514614	0.13956335186958313	1.057715614488853	1.1951366398069594	0.6944444444444444	36.0
22030	train	6.492903956566951e-05	1.1160994833345894	1.0503601760866594	0.1574091171224912	1.0535083584291092	1.2518224981096056	0.5555555555555556	36.0
22040	train	6.490089723322018e-05	1.1035102356521571	1.0339523695395176	0.13193292698512474	1.03659102807922	1.3383841514587402	0.4722222222222222	36.0
22050	train	6.4872750830886e-05	1.0941001163453143	1.0206419370436286	0.17089678843816122	1.0240598728123917	1.4008048706584506	0.4444444444444444	36.0
22060	train	6.484460037023689e-05	1.0346127213761445	0.9557506469976804	0.17977968007326126	0.9593462405991456	1.5053296155399747	0.4444444444444444	36.0
22070	train	6.481644586284443e-05	1.0579894365446318	0.9922605118976583	0.1500832856529289	0.9952621776107169	1.2545451786783006	0.5555555555555556	36.0
22080	train	6.478828732028187e-05	1.0782012979814055	1.0105056188631696	0.16366812172863218	1.0137789812977422	1.2884463336732652	0.5	36.0
22090	train	6.476012475412411e-05	1.0373602914039743	0.9596339160426908	0.17686605287922752	0.9631712371002753	1.4837810860739813	0.4444444444444444	36.0
22100	train	6.473195817594777e-05	1.0918438543178353	1.0256135800048094	0.14885245462258656	1.028590629097261	1.2650645044114854	0.5	36.0
22110	train	6.4703787597331e-05	1.0814765241504265	1.0028558070926752	0.13182538064817587	1.0054923147056387	1.5196841888957553	0.4444444444444444	36.0
22120	train	6.467561302985371e-05	1.048726058713759	0.9716982000359216	0.14945964266856512	0.9746873928892928	1.4807733164893255	0.5	36.0
22130	train	6.464743448509739e-05	1.003150632515443	0.941189105677829	0.1769841793510649	0.9447287892648503	1.168436865011851	0.6388888888888888	36.0
22140	train	6.461925197464515e-05	1.0087613517623397	0.9336161370656145	0.19172548751036325	0.9374506468158218	1.4262140989303589	0.3888888888888889	36.0
22150	train	6.45910655100818e-05	1.0274743912686928	0.9643937609993772	0.17166976630687714	0.9678271563255147	1.1929446988635592	0.5833333333333334	36.0
22160	train	6.456287510299367e-05	1.0537959615683758	0.972012350886683	0.18160860240459442	0.9756445229347749	1.5630287726720173	0.3611111111111111	36.0
22170	train	6.453468076496884e-05	1.0938390740595185	1.016722821388833	0.14885409126679103	1.019699903214169	1.4827834169069927	0.5277777777777778	36.0
22180	train	6.450648250759689e-05	1.0788481622548116	1.0029780634023626	0.14960207127862507	1.005970104827935	1.45756114853753	0.4444444444444444	36.0
22190	train	6.447828034246906e-05	1.0988123904349871	1.0261209989470708	0.12571342686812084	1.0286352674844332	1.4035424590110779	0.5277777777777778	36.0
22200	train	6.445007428117822e-05	1.0457676215889504	0.9757501880317049	0.1705819398164749	0.9791618268280344	1.3321158952183194	0.6111111111111112	36.0
22210	train	6.44218643353188e-05	0.9494534277229685	0.8792157927926226	0.23008078436056772	0.883817408479834	1.3127203848626878	0.4444444444444444	36.0
22220	train	6.439365051648686e-05	1.0696482469177244	0.9955173872546353	0.1492141529917717	0.9985016703144708	1.4229315320650737	0.5555555555555556	36.0
22230	train	6.436543283628003e-05	1.0463441706926249	0.981417166308955	0.16381573875745137	0.984693481084104	1.2330137921704187	0.5555555555555556	36.0
22240	train	6.43372113062975e-05	1.1109672820478762	1.0366146537572232	0.13737365437878502	1.0393621268447988	1.4321031040615506	0.4722222222222222	36.0
22250	train	6.43089859381401e-05	1.0795205353472328	1.0030961869597796	0.1746066759030024	1.0065883204778396	1.4586442973878648	0.4722222222222222	36.0
22260	train	6.428075674341022e-05	0.9693960541952775	0.890708272993809	0.20588613748550416	0.8948259957435191	1.4914011690351698	0.5	36.0
22270	train	6.425252373371179e-05	1.1274135589643646	1.060138741123444	0.13201899081468582	1.0627791209397377	1.2926887604925368	0.6111111111111112	36.0
22280	train	6.422428692065038e-05	1.072932370708687	1.003175896975368	0.1610979421271218	1.0063978558179103	1.3306902978155348	0.5555555555555556	36.0
22290	train	6.419604631583303e-05	1.1467576562188582	1.0683860739061417	0.13157532695266935	1.0710175804451951	1.51480151547326	0.4444444444444444	36.0
22300	train	6.416780193086841e-05	1.0873690163781204	1.009734055137299	0.16792642573515573	1.0130925836520022	1.485528654522366	0.4444444444444444	36.0
22310	train	6.413955377736671e-05	1.0428122859284508	0.9861134966299162	0.15111665427684784	0.9891358297154532	1.0735291242599487	0.6666666666666666	36.0
22320	train	6.411130186693969e-05	1.0049916571690456	0.9349568232212281	0.1796239051553938	0.938549301324336	1.3288471168941922	0.5277777777777778	36.0
22330	train	6.408304621120064e-05	1.0079951882290792	0.9285742377666585	0.18569031274980968	0.9322880440216547	1.5141428841484919	0.4444444444444444	36.0
22340	train	6.405478682176437e-05	1.0513949887375178	0.9776817817409975	0.16196373850107193	0.9809210565110189	1.4094786445299785	0.5555555555555556	36.0
22350	train	6.402652371024729e-05	1.1635881596354491	1.083834023281718	0.13082196397913826	1.0864504625613007	1.5427539414829678	0.5277777777777778	36.0
22360	train	6.399825688826726e-05	1.0275049943672683	0.9689120721532636	0.18404798656702043	0.972593031884604	1.0982392496532865	0.7222222222222222	36.0
22370	train	6.396998636744372e-05	0.9124767434152716	0.852740608376207	0.2097702076037725	0.8569360125282824	1.1108146177397833	0.6388888888888888	36.0
22380	train	6.39417121593976e-05	1.1190629894296156	1.0379113822605701	0.12384909060266283	1.0403883640726235	1.5734925071398418	0.4444444444444444	36.0
22390	train	6.39134342757514e-05	1.0647401747187653	0.9966432725635513	0.16874788618750042	1.0000182302873013	1.2944388886292775	0.5555555555555556	36.0
22400	train	6.388515272812903e-05	1.0974913477104835	1.0369876898942985	0.12830112501978874	1.0395537123946943	1.1587527063157823	0.5833333333333334	36.0
22410	train	6.385686752815601e-05	1.0140251725287566	0.9426115060718189	0.17301313330729803	0.9460717687379648	1.3590680758158367	0.5555555555555556	36.0
22420	train	6.382857868745929e-05	1.0935899561540576	1.0221193148721879	0.17461650172869364	1.0256116449067618	1.3595662249459162	0.4722222222222222	36.0
22430	train	6.380028621766736e-05	1.0900973188196217	1.0148717780061491	0.14997484700547326	1.0178712749462586	1.4445208774672613	0.5277777777777778	36.0
22440	train	6.37719901304102e-05	1.0680727805059689	0.9995442038471373	0.17890658477942148	1.0031223355427257	1.2990088992648654	0.5277777777777778	36.0
22450	train	6.374369043731923e-05	1.046826641907485	0.9620456413926598	0.14066405594348907	0.9648589225115296	1.6393543879191081	0.3055555555555556	36.0
22460	train	6.371538715002739e-05	1.0919971883387687	1.011883384192949	0.1522328027834495	1.014928040248618	1.5413829618030124	0.3888888888888889	36.0
22470	train	6.368708028016911e-05	1.0193198879885124	0.9452113086683002	0.20671246262888113	0.9493455579208778	1.3994866013526917	0.4444444444444444	36.0
22480	train	6.365876983938027e-05	1.0800630405554248	1.0128322042765625	0.1574741333723068	1.0159816869440086	1.2816270722283258	0.6388888888888888	36.0
22490	train	6.36304558392982e-05	1.020369689845221	0.9515078096918034	0.18434714525938034	0.9551947525969909	1.3034987449645996	0.4722222222222222	36.0
22500	train	6.360213829156176e-05	1.0917455451481128	1.0262337320373374	0.1345013916492462	1.0289237598703223	1.25643570555581	0.5277777777777778	36.0
22510	train	6.35738172078112e-05	1.0567086331636615	0.9844671856652605	0.20352940410375595	0.9885377737473356	1.3634171883265178	0.5555555555555556	36.0
22520	train	6.354549259968823e-05	1.0933470477767004	1.030518744929686	0.16206349598036873	1.0337600148492934	1.1917406585481432	0.6666666666666666	36.0
22530	train	6.351716447883605e-05	1.0306183870015861	0.9716208115993262	0.16967947085698445	0.975014401016466	1.1120797197024028	0.6944444444444444	36.0
22540	train	6.348883285689928e-05	1.0949330931619732	1.026215747887402	0.1399819226935506	1.0290153863412732	1.3183541364139981	0.5833333333333334	36.0
22550	train	6.346049774552398e-05	1.0760587160937596	0.9919824973562633	0.17751360601849026	0.9955327694766332	1.6105189323425293	0.4444444444444444	36.0
22560	train	6.343215915635762e-05	0.8702198689024497	0.7894145134562436	0.269503020743529	0.7948045738711141	1.5083059006267123	0.3333333333333333	36.0
22570	train	6.340381710104914e-05	1.0866557457080657	1.0191982600620562	0.15953314552704492	1.022388922972597	1.2853364547093709	0.6111111111111112	36.0
22580	train	6.33754715912489e-05	1.1100018447365048	1.032303565971621	0.1334947516520818	1.0349734610046628	1.5005676746368408	0.4722222222222222	36.0
22590	train	6.334712263860866e-05	1.107453743034311	1.0326419433921985	0.14350922488503987	1.0355121278898993	1.4388323028882344	0.5555555555555556	36.0
22600	train	6.33187702547816e-05	1.051566340423339	0.9872736698356405	0.16677718857924143	0.9906092136072253	1.2191425363222759	0.5	36.0
22610	train	6.32904144514223e-05	0.9968685931503698	0.9318810298515615	0.20135777890682222	0.935908185429698	1.2192081544134352	0.5833333333333334	36.0
22620	train	6.32620552401868e-05	1.0525668140859044	0.9852777491040332	0.15142561619480452	0.9883062614279293	1.2852110531595018	0.5555555555555556	36.0
22630	train	6.323369263273247e-05	1.1750102609125528	1.1032766249372978	0.10124718050161997	1.1053015685473302	1.39417384730445	0.5277777777777778	36.0
22640	train	6.32053266407181e-05	0.9836328656113581	0.921845149520679	0.20306868056456248	0.9259065231319702	1.1545268495877583	0.6388888888888888	36.0
22650	train	6.31769572758039e-05	1.032521748046969	0.9544484891006297	0.17130938255124623	0.9578746767516546	1.4929414259062872	0.5	36.0
22660	train	6.314858454965143e-05	1.142485814303314	1.081158206219629	0.11065754567583402	1.0833713571331456	1.182289143403371	0.5833333333333334	36.0
22670	train	6.312020847392366e-05	1.086680852777961	1.0146792950919348	0.1552963490997042	1.017785222073929	1.377912614080641	0.4444444444444444	36.0
22680	train	6.309182906028491e-05	1.081155312166931	1.0054992813597008	0.16804000900851357	1.0088600815398712	1.4459046125411987	0.5	36.0
22690	train	6.306344632040089e-05	1.0756715994835746	1.0047109053261598	0.15079862227042515	1.0077268777715682	1.3588944342401292	0.4166666666666667	36.0
22700	train	6.303506026593865e-05	1.0211597884680172	0.957671964856271	0.1894948286935687	0.9614618614301425	1.193958540757497	0.5555555555555556	36.0
22710	train	6.300667090856667e-05	1.0496272275422058	0.9769827744769428	0.1629078131583002	0.9802409307401089	1.3877259360419378	0.5833333333333334	36.0
22720	train	6.297827825995472e-05	1.1203234043972	1.0516482039003259	0.1377220462475504	1.0544026448252768	1.318415191438463	0.6111111111111112	36.0
22730	train	6.294988233177392e-05	1.0762201508390676	1.0079557831924264	0.1783284776740604	1.0115223527459076	1.2939559618632	0.5	36.0
22740	train	6.29214831356968e-05	1.1128290651040122	1.041574700111003	0.1413334415604671	1.0444013689422122	1.3685539232359991	0.5555555555555556	36.0
22750	train	6.289308068339717e-05	1.0163747096883167	0.9517905923419768	0.182825767993927	0.9554471077018554	1.2185520397292242	0.6111111111111112	36.0
22760	train	6.286467498655024e-05	1.158092999214193	1.0939840760637596	0.12625707884629567	1.0965092176406854	1.2316756314701505	0.5555555555555556	36.0
22770	train	6.28362660568325e-05	1.0349997097914752	0.9625120625097225	0.20958405137062072	0.966703743537135	1.3659193250868056	0.5555555555555556	36.0
22780	train	6.280785390592176e-05	1.016873443335053	0.9428640893364184	0.1800921931862831	0.946465933200144	1.4081502026981778	0.4722222222222222	36.0
22790	train	6.277943854549723e-05	1.1211762118044732	1.04838863789074	0.14878953397274017	1.0513644285701949	1.3962356646855671	0.5	36.0
22800	train	6.275101998723936e-05	1.169171939237273	1.101022534454885	0.09845439220468204	1.1029916222989786	1.323606338765886	0.4722222222222222	36.0
22810	train	6.272259824282995e-05	1.0183333284068876	0.9438381747645246	0.2075060879190763	0.9479882965229061	1.4069006376796298	0.5	36.0
22820	train	6.269417332395212e-05	1.1013324342647155	1.0413166085295174	0.15035289724667866	1.0443236664744509	1.1401753558052912	0.6388888888888888	36.0
22830	train	6.266574524229027e-05	1.1104856924209021	1.0412404461198075	0.14864772144291136	1.0442134005486656	1.3254458374447293	0.5277777777777778	36.0
22840	train	6.26373140095301e-05	1.0536266496876785	0.9927612491527275	0.14524991158396006	0.9956662473844067	1.1592080460654364	0.6388888888888888	36.0
22850	train	6.260887963735863e-05	1.0410123957923898	0.9750507062440298	0.17284398923317593	0.9785075860286933	1.2500961952739291	0.6111111111111112	36.0
22860	train	6.258044213746417e-05	1.1407080326724528	1.0759161738470342	0.11658876968754663	1.078247949240785	1.2492016686333551	0.6111111111111112	36.0
22870	train	6.255200152153628e-05	0.9845520817046002	0.8932865067725018	0.21339529951413472	0.8975544127627845	1.739953378836314	0.3611111111111111	36.0
22880	train	6.252355780126583e-05	1.007152202952765	0.9484178609671154	0.17631450593471526	0.9519441510858098	1.1041610373391046	0.6944444444444444	36.0
22890	train	6.249511098834494e-05	1.0795571894845655	1.0023747721358287	0.16659981189739137	1.0057067683737766	1.4770084222157795	0.4444444444444444	36.0
22900	train	6.246666109446706e-05	1.029506059203532	0.9647942107309766	0.1524214069876406	0.9678426388707294	1.2332684066560533	0.6111111111111112	36.0
22910	train	6.243820813132683e-05	1.0734105837570425	0.9951339202351169	0.18815038104852042	0.9988969278560873	1.490273118019104	0.4722222222222222	36.0
22920	train	6.240975211062021e-05	1.09010989389075	1.0187431712697266	0.13011441814402738	1.021345459632607	1.375288685162862	0.5277777777777778	36.0
22930	train	6.238129304404439e-05	1.0308459061575557	0.9761136153034989	0.15546010351843303	0.9792228173738676	1.0324617756737604	0.7222222222222222	36.0
22940	train	6.235283094329781e-05	1.1333407903899064	1.0679665673960557	0.13415723707940844	1.070649712137644	1.2538215650452509	0.5277777777777778	36.0
22950	train	6.232436582008017e-05	1.0971606814567478	1.0284863387218017	0.16617971509695054	1.0318099330237407	1.3070149686601427	0.5	36.0
22960	train	6.229589768609241e-05	1.0440986495539335	0.9707185743285339	0.1443223487585783	0.9736050213037055	1.4098725650045607	0.5277777777777778	36.0
22970	train	6.226742655303669e-05	1.1207945636791856	1.0509826111606204	0.12886168594871247	1.0535598448795946	1.3446943759918213	0.6388888888888888	36.0
22980	train	6.223895243261644e-05	1.099093545335347	1.0127913335540042	0.15140802827146319	1.0158194941194334	1.6654810243182712	0.3611111111111111	36.0
22990	train	6.221047533653627e-05	1.1358676515669948	1.062083577280375	0.1365960356261995	1.064815497992899	1.4210430714819167	0.4722222222222222	36.0
23000	train	6.218199527650208e-05	1.0807710440367468	1.0227538495868453	0.16612187922000884	1.0260762871712454	1.093895137310028	0.6944444444444444	36.0
23000	val		1.0942250334873607	1.0196262077582057	0.16808300348996774	1.022987867828005	1.4247433131871123	0.46875	192.0
23010	train	6.21535122642209e-05	1.032416223624657	0.9529924731843773	0.19957850376764932	0.9569840432597303	1.5086436072985332	0.4166666666666667	36.0
23020	train	6.212502631140103e-05	0.9906641854424026	0.9226734868018575	0.18253908678889275	0.9263242685376353	1.2867983380953472	0.6111111111111112	36.0
23030	train	6.2096537429752e-05	1.0255303323147174	0.9452236592382998	0.226119327545166	0.9497460457892031	1.5156857305102878	0.4444444444444444	36.0
23040	train	6.20680456309845e-05	0.9792508176714408	0.905834972005774	0.20351979633172354	0.9099053679324085	1.3869089947806463	0.4722222222222222	36.0
23050	train	6.20395509268104e-05	1.04391437685311	0.977178615074888	0.15623117072714698	0.9803032384894309	1.272222767273585	0.6111111111111112	36.0
23060	train	6.201105332894282e-05	1.1383772893425996	1.0731770018184028	0.11537010918060939	1.075484404002015	1.257857706811693	0.5555555555555556	36.0
23070	train	6.198255284909607e-05	1.0769644209937848	1.0063003630005583	0.14629649768273037	1.0092262929542128	1.3547625607914395	0.5555555555555556	36.0
23080	train	6.195404949898557e-05	0.9689893597628827	0.891164597531109	0.20907583004898495	0.8953461141320886	1.472864912615882	0.4722222222222222	36.0
23090	train	6.192554329032802e-05	1.0683496977255647	1.0107032155493136	0.17344635327657063	1.0141721426148451	1.0835511022143893	0.6388888888888888	36.0
23100	train	6.189703423484122e-05	1.0765344493873268	1.0040563414117378	0.13093301157156625	1.0066750016431691	1.3971889548831515	0.5277777777777778	36.0
23110	train	6.186852234424416e-05	1.1272295019417742	1.0511684532933505	0.1357314425210158	1.0538830821437708	1.466928395960066	0.5277777777777778	36.0
23120	train	6.184000763025704e-05	1.0503635281051364	0.9735598025115165	0.18737128873666128	0.9773072282862497	1.461125996377733	0.4444444444444444	36.0
23130	train	6.181149010460113e-05	1.0877790804066374	1.0234228783580774	0.15987397047380605	1.0266203577675534	1.2231744527816772	0.6388888888888888	36.0
23140	train	6.178296977899891e-05	1.0258442809028105	0.9631452011284903	0.18117940736313662	0.966768789275753	1.181509832541148	0.6944444444444444	36.0
23150	train	6.175444666517408e-05	1.0377766792356509	0.9495842650909759	0.1910596208439933	0.9534054575078558	1.6874244345559015	0.3611111111111111	36.0
23160	train	6.172592077485133e-05	0.9807335895254028	0.9124980346026168	0.2011270554115375	0.9165205757108476	1.2842602762911055	0.5833333333333334	36.0
23170	train	6.16973921197566e-05	1.0515057301793718	0.9803662579199562	0.16216459539201525	0.9836095498277966	1.3579236070315044	0.5833333333333334	36.0
23180	train	6.166886071161698e-05	1.1126402034913734	1.0352359871687393	0.12912591596444448	1.0378185054880282	1.4964339600669012	0.4166666666666667	36.0
23190	train	6.16403265621606e-05	1.0047856510271223	0.9256047468307539	0.19745737148655784	0.9295538942604851	1.5046351353327434	0.4722222222222222	36.0
23200	train	6.161178968311682e-05	1.0865876484622978	1.0259855683754306	0.15631920397281646	1.029111952454887	1.1495139201482136	0.6944444444444444	36.0
23210	train	6.158325008621604e-05	1.0199299297598365	0.9399478900773877	0.18432710000446864	0.943634432077477	1.5259099536471896	0.5555555555555556	36.0
23220	train	6.155470778318982e-05	0.8971625050894282	0.813689391082379	0.24109528296523625	0.8185112967416838	1.5730241669548883	0.3333333333333333	36.0
23230	train	6.152616278577082e-05	1.041859816685403	0.9702467197428987	0.16182096881998909	0.9734831391192984	1.3675335513220892	0.5833333333333334	36.0
23240	train	6.149761510569282e-05	1.0363233618528729	0.9653798405386756	0.17821086049079896	0.9689440577484917	1.3475860820876226	0.5277777777777778	36.0
23250	train	6.14690647546907e-05	0.9727103101744496	0.894893132310865	0.17996463966038492	0.8984924251040727	1.4843577014075384	0.4444444444444444	36.0
23260	train	6.144051174450038e-05	1.053440562252883	0.9769651677456338	0.15933765669663746	0.9801519208795666	1.4657728274663289	0.4722222222222222	36.0
23270	train	6.141195608685899e-05	0.9596088563042481	0.8900786635250779	0.20697357422775692	0.8942181350096331	1.3078144258923001	0.5555555555555556	36.0
23280	train	6.138339779350464e-05	1.1119211514515597	1.0496200539724283	0.13847259183724722	1.0523895058091732	1.1906329128477309	0.5833333333333334	36.0
23290	train	6.135483687617659e-05	1.0336903713389887	0.958640672717954	0.18710753669341404	0.9623828234518222	1.426150957743327	0.5277777777777778	36.0
23300	train	6.132627334661513e-05	1.0364188787771547	0.977242008033721	0.15153977076212566	0.9802728034489635	1.1229215065638225	0.5555555555555556	36.0
23310	train	6.129770721656169e-05	1.1267846900024778	1.0586759897237454	0.14412806580464047	1.0615585510398382	1.304522779252794	0.5	36.0
23320	train	6.126913849775867e-05	1.0221069215764522	0.9575608262449422	0.18633575903044808	0.9612875414255512	1.216387603018019	0.5555555555555556	36.0
23330	train	6.124056720194962e-05	1.0058122820356457	0.9428460341889627	0.20617762125200695	0.9469695866140029	1.1768539084328546	0.6388888888888888	36.0
23340	train	6.121199334087912e-05	1.1359982999758444	1.0512452526776184	0.15313911127547422	1.0543080349031277	1.6338053014543321	0.4444444444444444	36.0
23350	train	6.118341692629283e-05	0.9921260030715894	0.9219937418549489	0.21743246416250864	0.926342391138199	1.315672238667806	0.5	36.0
23360	train	6.11548379699374e-05	1.0638573142116408	0.9793915518050532	0.1866237039367358	0.9831240258837879	1.6146657665570576	0.4166666666666667	36.0
23370	train	6.112625648356056e-05	1.0822753092139334	1.0162484544223584	0.1592667373518149	1.0194337891693948	1.2568304008907742	0.5555555555555556	36.0
23380	train	6.10976724789111e-05	1.0902436491855636	1.0289658214789617	0.14199268917242686	1.0318056752624103	1.168759478463067	0.5555555555555556	36.0
23390	train	6.10690859677388e-05	1.0477241229209286	0.9772039993464599	0.17123341891500685	0.98062866772476	1.3419091039233737	0.5277777777777778	36.0
23400	train	6.104049696179451e-05	1.1596907528993907	1.092238739956494	0.1112241933743159	1.0944632238239802	1.3045505815082126	0.5277777777777778	36.0
23410	train	6.101190547283008e-05	1.0381237529444964	0.9716755710437833	0.15620019866360557	0.9747995750170554	1.2664835585488214	0.5555555555555556	36.0
23420	train	6.098331151259841e-05	1.0799984052344134	1.0177844505439835	0.1400891457994779	1.0205862334599731	1.1882434354888067	0.6111111111111112	36.0
23430	train	6.0954715092853394e-05	1.0851083278428624	1.015386491103746	0.17722182273864745	1.018930927558519	1.3235480056868658	0.5833333333333334	36.0
23440	train	6.092611622534992e-05	1.0987231184069601	1.0363989028379441	0.12001638269672792	1.0387992304918787	1.198477758301629	0.6111111111111112	36.0
23450	train	6.0897514921843916e-05	1.0054873375798588	0.9386793718821086	0.18392641984281086	0.9423579002789648	1.26258874601788	0.5	36.0
23460	train	6.086891119409231e-05	0.9522861295187457	0.8854044823292875	0.20833802620569866	0.8895712428534015	1.2542977333068848	0.5555555555555556	36.0
23470	train	6.084030505385299e-05	1.0608220676861535	0.9875359345874566	0.1914618621979441	0.9913651718314155	1.3891379170947604	0.4444444444444444	36.0
23480	train	6.081169651288487e-05	1.1132882835766744	1.0375954925981898	0.14051764706770578	1.040405845539544	1.4576487607426114	0.4444444444444444	36.0
23490	train	6.078308558294784e-05	1.097776465781958	1.0216786960877622	0.14484422852595646	1.0245755806582812	1.4640177024735346	0.4722222222222222	36.0
23500	train	6.075447227580278e-05	1.0025547024189745	0.9340944910509039	0.16637427334984142	0.9374219765179007	1.3026545180214777	0.4722222222222222	36.0
23510	train	6.072585660321152e-05	1.0244931107617214	0.9491052860872741	0.1911369181341595	0.9529280244499573	1.4313017262352838	0.4722222222222222	36.0
23520	train	6.069723857693691e-05	1.0900919622952734	1.015793397728767	0.1548383951187134	1.0188901656311413	1.4240359332826402	0.5833333333333334	36.0
23530	train	6.066861820874271e-05	1.0291462944165763	0.9663213310158151	0.20223135103782017	0.9703659580365714	1.1756067276000977	0.5833333333333334	36.0
23540	train	6.06399955103937e-05	1.118979961197229	1.0368100266032603	0.13300076872110367	1.0394700419776823	1.5901983843909369	0.3888888888888889	36.0
23550	train	6.0611370493655564e-05	1.0103792462683436	0.9397218701279876	0.20219145665566127	0.9437656992611008	1.3322709401448567	0.5277777777777778	36.0
23560	train	6.058274317029498e-05	1.1362143038359866	1.049544270144329	0.13560142243901888	1.0522562985931092	1.6791601048575506	0.4166666666666667	36.0
23570	train	6.0554113552079554e-05	1.0283449168834484	0.9553368547525734	0.1705060412486394	0.9587469755775462	1.3919588261180453	0.5555555555555556	36.0
23580	train	6.052548165077787e-05	1.0530426373098738	0.9874756633587461	0.17452698945999146	0.9909662031479459	1.2415286832385592	0.6388888888888888	36.0
23590	train	6.0496847478159384e-05	1.120565335768314	1.0455028350787214	0.11880197065571944	1.047878874491836	1.4537292255295649	0.5277777777777778	36.0
23600	train	6.046821104599452e-05	1.1105494203397774	1.0359607595598508	0.13263200968503952	1.0386133997535516	1.4387204117245145	0.5	36.0
23610	train	6.043957236605465e-05	1.0697844497411078	0.9986240413005444	0.15806100020805994	1.0017852613047056	1.3599837687280443	0.5	36.0
23620	train	6.0410931450112054e-05	1.0742966072151323	1.0095407062725152	0.1519471858938535	1.0125796499903923	1.2343391444947984	0.5555555555555556	36.0
23630	train	6.038228830993993e-05	1.005268304441907	0.9362489438002686	0.18605927460723454	0.9399701292924133	1.3059635029898748	0.6388888888888888	36.0
23640	train	6.035364295731239e-05	1.0867233728494883	1.0113116787930303	0.15371308426062266	1.0143859404782427	1.4467486474249098	0.4444444444444444	36.0
23650	train	6.032499540400445e-05	1.0643532806600016	0.9963122835389323	0.16149227817853293	0.999542129102503	1.29622303114997	0.5277777777777778	36.0
23660	train	6.029634566179204e-05	1.0801341015607933	1.0052746822778535	0.17861719677845636	1.0088470262134226	1.4257415069474115	0.5277777777777778	36.0
23670	train	6.0267693742452e-05	0.9826542970495472	0.9102754275197927	0.20369998330161684	0.9143494271858251	1.3660973972744412	0.5	36.0
23680	train	6.023903965776202e-05	1.105289218071316	1.0294514842595137	0.1506223181883494	1.0324639306232808	1.456505748960707	0.4444444444444444	36.0
23690	train	6.021038341950076e-05	1.0379210947924205	0.9557347595400295	0.19527749518553417	0.9596403094437402	1.5656157069736056	0.4444444444444444	36.0
23700	train	6.018172503944768e-05	1.0831817760422016	1.0129229622570195	0.15985573430856068	1.0161200769431906	1.341233981980218	0.4722222222222222	36.0
23710	train	6.015306452938316e-05	1.0570139866584733	0.988846911632107	0.15606349582473436	0.9919681815486017	1.3009161021974351	0.5833333333333334	36.0
23720	train	6.0124401901088455e-05	1.107812537550385	1.0451926496288397	0.14805382159021166	1.048153726060644	1.19317622979482	0.6111111111111112	36.0
23730	train	6.0095737166345706e-05	1.0757271779245448	1.0152594443559293	0.1570798436800639	1.0184010412295306	1.1465227339002821	0.6111111111111112	36.0
23740	train	6.00670703369379e-05	1.1010997040928499	1.0347742341552604	0.13345964054266612	1.0374434269661137	1.2731255425347223	0.5555555555555556	36.0
23750	train	6.0038401424648855e-05	1.0638284453728954	0.9869276991631415	0.16326062132914862	0.9901929115897244	1.4727106756634183	0.4722222222222222	36.0
23760	train	6.0009730441263316e-05	1.0239324328703352	0.9586976674267983	0.17621778945128122	0.962222023215824	1.234208193090227	0.6111111111111112	36.0
23770	train	5.9981057398566816e-05	1.0336828207652042	0.9626225700557501	0.19081157992283504	0.9664388016542068	1.3448803822199504	0.5277777777777778	36.0
23780	train	5.995238230834578e-05	1.0391936883526525	0.9812369018293898	0.1638601506749789	0.9845141048428894	1.0935916701952617	0.7222222222222222	36.0
23790	train	5.992370518238744e-05	1.0563681964584493	0.9867115166692241	0.16821025609970092	0.990075721791218	1.3258494933446248	0.5833333333333334	36.0
23800	train	5.98950260324799e-05	0.9968780204894123	0.9236168670629771	0.18204356531302135	0.9272577383692375	1.3924056424034967	0.5555555555555556	36.0
23810	train	5.9866344870412046e-05	0.9818166205621807	0.9066120470236123	0.21891131003697714	0.9109902732243519	1.4165269467565749	0.5277777777777778	36.0
23820	train	5.983766170797363e-05	1.1509894358044235	1.072982362782826	0.12756967627339894	1.075533756308294	1.5091135899225872	0.6111111111111112	36.0
23830	train	5.9808976556955216e-05	1.0098192674066437	0.9338262456800356	0.2003149390220642	0.9378325444604768	1.4397344589233398	0.4444444444444444	36.0
23840	train	5.97802894291482e-05	1.0747448692015302	0.9999264120351763	0.16870230436325073	1.0033004581224414	1.4288882215817769	0.4444444444444444	36.0
23850	train	5.9751600336344775e-05	0.9710684077314917	0.9056329339450316	0.1959263285001119	0.9095514605150339	1.230338944329156	0.5555555555555556	36.0
23860	train	5.9722909290337925e-05	1.0613153628199643	0.9854436934083051	0.16907911300659179	0.9888252756684369	1.449801743030548	0.5	36.0
23870	train	5.9694216302921464e-05	1.0483481385757587	0.9771922604429877	0.17626533373480752	0.9807175671176839	1.3526114291614957	0.5555555555555556	36.0
23880	train	5.9665521385889993e-05	1.05380619251702	0.9935501396388521	0.1867223878701528	0.9972845873962551	1.1304321024152968	0.6388888888888888	36.0
23890	train	5.9636824551038914e-05	1.113272495001867	1.0470520524981766	0.13376050773594114	1.0497272626528953	1.2709046469794378	0.5833333333333334	36.0
23900	train	5.960812581016441e-05	1.0660270784944315	0.9907154627541719	0.17493978184130457	0.994214258390998	1.436256402068668	0.5	36.0
23910	train	5.957942517506347e-05	1.0622347358230042	1.006190172283678	0.15130981244146824	1.0092163685325073	1.0603673458099365	0.75	36.0
23920	train	5.95507226575338e-05	1.0751508326117767	1.009804218431437	0.16247070456544557	1.013053632522746	1.2419440017806158	0.5833333333333334	36.0
23930	train	5.9522018269373946e-05	1.0800768318334915	1.011118441028035	0.16566970547040302	1.014431835137443	1.3128999339209662	0.4444444444444444	36.0
23940	train	5.949331202238319e-05	1.011077848574433	0.9457366029264993	0.18510811113648945	0.9494387651492291	1.232781668504079	0.6111111111111112	36.0
23950	train	5.946460392836159e-05	0.9878835985967476	0.9110184991467951	0.1982343484958013	0.9149831861167111	1.4580082496007283	0.5	36.0
23960	train	5.943589399910996e-05	1.0193906437600935	0.9574947373680224	0.20079022298256557	0.9615105418276737	1.1576020386483934	0.6111111111111112	36.0
23970	train	5.9407182246429864e-05	1.0628664716395955	1.0007881506628349	0.148037688434124	1.0037489044315173	1.1823513441615634	0.6388888888888888	36.0
23980	train	5.937846868212363e-05	1.017120818484604	0.9411384112193646	0.18839830491277906	0.9449063773176202	1.4442888233396742	0.4444444444444444	36.0
23990	train	5.934975331799429e-05	1.0954181214431054	1.0145461366599593	0.14678985327482225	1.0174819337254557	1.5587237543529935	0.4444444444444444	36.0
24000	train	5.932103616584568e-05	1.1547793906911121	1.0755923252040056	0.11947764911585385	1.0779818781863226	1.5359502500957913	0.4444444444444444	36.0
24000	val		1.0935577999419661	1.0175913987474077	0.16136661667195296	1.0208187310808468	1.454781377222389	0.515625	192.0
24010	train	5.9292317237482324e-05	1.0790413841433357	1.018335604638063	0.1562742150078217	1.0214610889382194	1.1516059041023254	0.6388888888888888	36.0
24020	train	5.926359654470948e-05	1.062167932524633	0.9840146173017074	0.1782869483033816	0.987580356267775	1.4917515251371596	0.3888888888888889	36.0
24030	train	5.923487409933316e-05	1.0899615600282995	1.0222506709305823	0.14325526273912853	1.0251157761853649	1.29691567685869	0.6666666666666666	36.0
24040	train	5.920614991316005e-05	1.0640032877733447	0.9887103751841657	0.16728686624103123	0.9920561125089863	1.4389435052871704	0.4722222222222222	36.0
24050	train	5.917742399799758e-05	0.9750832193241824	0.9080215281807359	0.20135950669646263	0.9120487183146652	1.2606900201903448	0.5555555555555556	36.0
24060	train	5.9148696365653905e-05	1.129953348401314	1.051641256813996	0.14842685187856355	1.054609793851567	1.5068710909949408	0.4722222222222222	36.0
24070	train	5.9119967027937884e-05	1.0571083386629152	0.9855868184456554	0.18588752879036796	0.9893045690214628	1.3560753928290472	0.4722222222222222	36.0
24080	train	5.909123599665903e-05	1.1164273861626235	1.0276153179386702	0.1488743782043457	1.0305928055027571	1.7166916131973267	0.3611111111111111	36.0
24090	train	5.90625032836276e-05	1.0851624994011215	1.0177238829547988	0.153761874884367	1.020799120452486	1.2872675789727106	0.6111111111111112	36.0
24100	train	5.903376890065451e-05	0.9813694290906316	0.9152857367783911	0.20009548134273952	0.9192876464052459	1.2416356537077162	0.5833333333333334	36.0
24110	train	5.90050328595514e-05	1.0446722488974725	0.9585300068598848	0.18043808225128385	0.9621387685049104	1.6506696078512404	0.4722222222222222	36.0
24120	train	5.897629517213058e-05	1.145565716533038	1.069978964999159	0.13031786183516184	1.0725853222358621	1.4596078859435186	0.5	36.0
24130	train	5.8947555850205006e-05	1.09291981870531	1.0183857392562656	0.16030670950810114	1.0215918734464275	1.4265589051776462	0.4166666666666667	36.0
24140	train	5.891881490558832e-05	1.0419498055577505	0.9751492105623314	0.19943424413601557	0.9791378954450517	1.2562382022539775	0.75	36.0
24150	train	5.889007235009486e-05	1.1241249365256225	1.056479751382867	0.11041919142007828	1.0586881352112685	1.3087360262870789	0.5	36.0
24160	train	5.8861328195539604e-05	0.9830086408790489	0.9038623011446535	0.20361524025599162	0.9079346059497734	1.5014806985855103	0.3333333333333333	36.0
24170	train	5.8832582453738176e-05	1.084885541924259	1.0194185210053333	0.15008482916487587	1.0224202175886308	1.2493064867125616	0.5555555555555556	36.0
24180	train	5.880383513650688e-05	0.9665512026177312	0.8936072579184968	0.21222705476813847	0.8978517990138596	1.3739880720774333	0.5277777777777778	36.0
24190	train	5.877508625566263e-05	1.0830600595506035	1.0146747004645071	0.15574343192080656	1.0177895691029233	1.305409808953603	0.5	36.0
24200	train	5.8746335823023025e-05	1.057702420290222	0.9981563015009732	0.16581741372744244	1.001472649775522	1.124595410294003	0.6388888888888888	36.0
24210	train	5.8717583850406275e-05	1.0493337861187884	0.9957676893874302	0.1437608984609445	0.9986429073566491	1.0138175752427843	0.6666666666666666	36.0
24220	train	5.8688830349631214e-05	1.0791222218625747	1.0180546555807692	0.17295422684401274	1.0215137401176495	1.1521696348985035	0.5555555555555556	36.0
24230	train	5.866007533251736e-05	1.0630809403368902	0.9992693644340572	0.15368939439455667	1.0023431523219484	1.2147557602988348	0.5555555555555556	36.0
24240	train	5.863131881088478e-05	1.0003404455790132	0.9357069065182615	0.21122787098089854	0.9399314639378795	1.2081796328226726	0.6388888888888888	36.0
24250	train	5.8602560796554206e-05	0.995734035759746	0.9295648768639355	0.1725380261739095	0.9330156373874137	1.254367967446645	0.5555555555555556	36.0
24260	train	5.8573801301346975e-05	1.0616423801231956	0.9977986514186105	0.1758867139617602	1.0013163856978458	1.2065198885069952	0.5555555555555556	36.0
24270	train	5.854504033708501e-05	1.0672351352432585	0.999112603888831	0.1570509562889735	1.0022536230146106	1.2996302445729573	0.5555555555555556	36.0
24280	train	5.8516277915590863e-05	1.092872422699056	1.005414183186745	0.14532118290662766	1.0083206068448776	1.6910363170835707	0.3611111111111111	36.0
24290	train	5.848751404868771e-05	1.0327045301127427	0.9618494786929415	0.16249852751692137	0.9650994492432798	1.352101617389255	0.5833333333333334	36.0
24300	train	5.8458748748199254e-05	1.0039332340281615	0.9354558389837287	0.1854195131195916	0.9391642292461205	1.2953800956408184	0.5	36.0
24310	train	5.8429982025949836e-05	1.1515669785714917	1.0764625900596485	0.12412032733360927	1.0789449966063207	1.4524396393034193	0.5	36.0
24320	train	5.840121389376437e-05	1.0223729968531743	0.9588914528122029	0.1644922917087873	0.9621812986463787	1.2038339641359117	0.6388888888888888	36.0
24330	train	5.837244436346834e-05	1.1326610972758973	1.064837146031543	0.14133616288503012	1.0676638692892435	1.299944559733073	0.5277777777777778	36.0
24340	train	5.8343673446887835e-05	1.0351881897944666	0.9668260595035344	0.1813303381204605	0.9704526662659436	1.2947104705704584	0.6111111111111112	36.0
24350	train	5.831490115584947e-05	1.0598815701245305	0.99167607828038	0.1535820369919141	0.9947477190202182	1.3026770220862494	0.6388888888888888	36.0
24360	train	5.828612750218045e-05	1.0921652095407268	1.0191798392987934	0.15846358156866497	1.0223491109301668	1.396321972211202	0.5277777777777778	36.0
24370	train	5.825735249770855e-05	1.096988693347114	1.0196474951626902	0.15748411044478416	1.0227971773715858	1.4838303195105658	0.4722222222222222	36.0
24380	train	5.822857615426207e-05	1.0368848805628754	0.9693188667175708	0.18561425370474657	0.9730311517916658	1.2770745754241943	0.5555555555555556	36.0
24390	train	5.81997984836699e-05	1.0527869405124413	0.9831963925028149	0.17959558289675487	0.9867883041607499	1.319972727033827	0.5277777777777778	36.0
24400	train	5.817101949776143e-05	1.0837576246718164	1.026701574387775	0.14207775973611408	1.0295431295824973	1.0842899017863803	0.6666666666666666	36.0
24410	train	5.814223920836663e-05	1.0378457188449257	0.9658336741071892	0.1844854031999906	0.969523382171189	1.3664467334747314	0.5555555555555556	36.0
24420	train	5.8113457627315976e-05	1.1159574421432275	1.0471030782514141	0.13652762439515856	1.0498336307393172	1.3224762280782063	0.5277777777777778	36.0
24430	train	5.808467476644049e-05	1.0514749867591797	0.9792850785659623	0.1506968985001246	0.9822990165359647	1.3835194044642978	0.5277777777777778	36.0
24440	train	5.8055890637571756e-05	1.1164639008552204	1.0432919068363344	0.1364526944855849	1.0460209607260462	1.4088588025834825	0.4444444444444444	36.0
24450	train	5.802710525254179e-05	1.1028177670210784	1.0322576699599806	0.14279263031979403	1.0351135225663766	1.354084889094035	0.4722222222222222	36.0
24460	train	5.79983186231832e-05	1.043581567872953	0.9728163528635021	0.1783430501818657	0.9763832138671394	1.343967080116272	0.5555555555555556	36.0
24470	train	5.796953076132907e-05	1.092891460468066	1.0163147443066294	0.15165938884019853	1.0193479320834333	1.4708705676926508	0.5	36.0
24480	train	5.794074167881304e-05	0.9960469169600388	0.9326865645204399	0.18020920238147178	0.9362907485680693	1.1951233678393893	0.6111111111111112	36.0
24490	train	5.7911951387469174e-05	1.0441793696610517	0.9767350089164297	0.17948507393399873	0.9803247103951097	1.277093185318841	0.5	36.0
24500	train	5.788315989913209e-05	1.048504410778945	0.9752931646957648	0.16912382592757544	0.9786756412143163	1.396575391292572	0.4444444444444444	36.0
24510	train	5.7854367225636874e-05	1.0636165143140341	0.9948033016610329	0.16947130064169566	0.9981927276738668	1.3084757328033447	0.6111111111111112	36.0
24520	train	5.782557337881911e-05	0.9871459152052969	0.9030515022989946	0.18758822398053276	0.9068032667786052	1.6068529685338337	0.4166666666666667	36.0
24530	train	5.779677837051486e-05	1.1273822819252894	1.0477333542906189	0.13484933901400792	1.050430341070899	1.5390388170878093	0.4444444444444444	36.0
24540	train	5.7767982212560666e-05	1.061380955080765	0.9914943844549299	0.18873135844866434	0.9952690116239031	1.3222388691372342	0.5555555555555556	36.0
24550	train	5.773918491679354e-05	0.9760843128378862	0.9144126456105717	0.1713258158415556	0.9178391619274028	1.1649030182096693	0.5833333333333334	36.0
24560	train	5.771038649505097e-05	1.055146659145651	1.0006068383868183	0.14469730564289623	1.0035007844996762	1.032917492919498	0.75	36.0
24570	train	5.768158695917089e-05	1.0231465869316343	0.9496602090864265	0.2058276062210401	0.9537767612108472	1.387396514415741	0.4722222222222222	36.0
24580	train	5.765278632099169e-05	0.9962353796601767	0.9200788933335551	0.18095704851051173	0.9236980343037653	1.4507469071282282	0.5	36.0
24590	train	5.762398459235225e-05	1.057782053570029	0.9830956920816604	0.1810594136516253	0.9867168803546928	1.4213034643067255	0.5277777777777778	36.0
24600	train	5.7595181785091856e-05	0.9992333875881104	0.929116076437447	0.17154306856294474	0.9325469378087059	1.3337289955880907	0.5277777777777778	36.0
24610	train	5.756637791105027e-05	1.0364524214293778	0.9599106489445985	0.18999560011757743	0.9637105609469501	1.4548372096485562	0.5	36.0
24620	train	5.753757298206765e-05	1.0171434568113153	0.9494932632723847	0.1885178801086214	0.9532636208745572	1.2775967187351651	0.5555555555555556	36.0
24630	train	5.750876700998463e-05	0.9841040721313733	0.923207620144875	0.19477417320013046	0.9271031036088776	1.140019370449914	0.6944444444444444	36.0
24640	train	5.7479960006642265e-05	1.068369698660155	0.994199281490425	0.16671888927618664	0.9975336592759487	1.4167207876841228	0.5	36.0
24650	train	5.745115198388201e-05	0.9672650502939495	0.9011391481743394	0.22325682557291454	0.9056042846857977	1.2332153121630351	0.6666666666666666	36.0
24660	train	5.742234295354577e-05	1.0259669804656997	0.9609058722440893	0.17854630698760351	0.9644767983838414	1.2298036416371663	0.6944444444444444	36.0
24670	train	5.739353292747584e-05	0.9977960249234626	0.9215907468563375	0.20583496962984402	0.9257074462489343	1.4417715734905667	0.4722222222222222	36.0
24680	train	5.736472191751494e-05	1.0614292420184848	0.9920221115014193	0.1683328915387392	0.9953887693321941	1.3208094537258148	0.5555555555555556	36.0
24690	train	5.7335909935506175e-05	1.0260275668058723	0.9544993104193539	0.17838402506377962	0.9580669909206294	1.3592115177048578	0.4722222222222222	36.0
24700	train	5.730709699329306e-05	1.0731319409918303	1.0053851462589218	0.16227987967431545	1.0086307438524083	1.290023942788442	0.5555555555555556	36.0
24710	train	5.727828310271955e-05	0.9761094421270903	0.8984209996501686	0.1990160250829326	0.9024013201518273	1.4741624395052593	0.4166666666666667	36.0
24720	train	5.72494682756299e-05	1.0968330056836548	1.0272138964090425	0.13593397413690886	1.0299325758917806	1.3380085958374872	0.5833333333333334	36.0
24730	train	5.7220652523868805e-05	1.0990623370918742	1.026447059119388	0.14241802394390107	1.029295419598266	1.3953383498721652	0.5	36.0
24740	train	5.7191835859281334e-05	1.0665543882558977	0.9908751751844487	0.16955032603194317	0.9942661817050875	1.4457641310162015	0.5	36.0
24750	train	5.716301829371294e-05	1.1347375584658472	1.0743540271470766	0.12468358874320984	1.0768476989219409	1.1577971908781264	0.6666666666666666	36.0
24760	train	5.7134199839009434e-05	1.1292980975856757	1.0536543998072918	0.12906074855062696	1.0562356147783043	1.461249656147427	0.4444444444444444	36.0
24770	train	5.710538050701698e-05	1.0218707313203237	0.9506121899085	0.18530702259805468	0.9543183303604611	1.351048019197252	0.5833333333333334	36.0
24780	train	5.7076560309582145e-05	1.008896180441718	0.939214228508281	0.19433972901768154	0.9431010230886346	1.3159031470616658	0.5277777777777778	36.0
24790	train	5.7047739258551785e-05	1.0516670075918244	0.9812846103110253	0.18074727257092793	0.9848995557624439	1.3353490365876093	0.5277777777777778	36.0
24800	train	5.701891736577318e-05	1.0551185607168907	0.9894182762060398	0.15824339638153712	0.9925831441336705	1.2507083316644032	0.5833333333333334	36.0
24810	train	5.6990094643093894e-05	1.097777117794453	1.0466233482086318	0.1409150739510854	1.0494416496876535	0.9667093621359931	0.6944444444444444	36.0
24820	train	5.696127110236188e-05	0.9520095699760434	0.8741843245989531	0.2224671733048227	0.8786336680650496	1.4675180382198758	0.3888888888888889	36.0
24830	train	5.69324467554254e-05	0.9666995808224177	0.9052913160827718	0.20271524637937546	0.9093456210103593	1.1470791962411668	0.6111111111111112	36.0
24840	train	5.690362161413306e-05	1.0983394502743746	1.0231500827250877	0.1374029591679573	1.0258981419084467	1.448826167318556	0.4166666666666667	36.0
24850	train	5.687479569033377e-05	1.0612210098400578	0.9811033598609964	0.17523479859034222	0.9846080558328032	1.5322590801450942	0.4722222222222222	36.0
24860	train	5.68459689958768e-05	1.1117045705942274	1.0399712077911987	0.12126399390399456	1.0423964876692786	1.386161658498976	0.5	36.0
24870	train	5.6817141542611685e-05	1.04804524470561	0.9847871992905263	0.16802061763074663	0.9881476116431412	1.1979526612493727	0.5833333333333334	36.0
24880	train	5.6788313342388344e-05	1.0515412066310224	0.9746324533700522	0.1588581475118796	0.9778096163202898	1.4746318062146504	0.4722222222222222	36.0
24890	train	5.675948440705692e-05	1.0802902624850965	1.00018128979185	0.1658573235784258	1.0034984362634185	1.53583652443356	0.4444444444444444	36.0
24900	train	5.673065474846793e-05	1.0624195203169737	0.9856147744540923	0.1540472442905108	0.9886957193399025	1.4744760195414226	0.3333333333333333	36.0
24910	train	5.670182437847214e-05	1.0421474599757228	0.9789921638023622	0.15199462870756786	0.9820320563765136	1.2023080719841852	0.5833333333333334	36.0
24920	train	5.667299330892063e-05	1.0530854655884312	0.9745401460179958	0.15593619147936502	0.9776588698475831	1.5085319148169622	0.5	36.0
24930	train	5.6644161551664775e-05	1.112865362182106	1.0416046746057062	0.14268329739570618	1.0444583405536203	1.3681404325697157	0.4444444444444444	36.0
24940	train	5.6615329118556206e-05	1.0738561901155823	1.0037085024387022	0.12903649691078398	1.006289232376918	1.3513391547732883	0.5	36.0
24950	train	5.6586496021446854e-05	1.073879498843125	0.9996066868342673	0.15647005372577244	1.0027360879087828	1.4228682186868455	0.4722222222222222	36.0
24960	train	5.655766227218891e-05	1.0457127451392483	0.9756857127440445	0.15112513800462088	0.9787082155041369	1.3400905927022297	0.5277777777777778	36.0
24970	train	5.652882788263485e-05	1.068233549571576	0.9994262303907431	0.15268140584230422	1.0024798585075891	1.3150738212797377	0.5555555555555556	36.0
24980	train	5.6499992864637384e-05	1.1223631313813436	1.0512935829822594	0.11880688555538654	1.0536697206933672	1.3738682137595282	0.5555555555555556	36.0
24990	train	5.6471157230049525e-05	1.1188748127921124	1.059271731694907	0.14777064075072607	1.0622271445099214	1.132953365643819	0.6388888888888888	36.0
25000	train	5.64423209907245e-05	1.1475236596103093	1.0900214019933256	0.11441487198074658	1.0923096994329407	1.1042792035473719	0.6944444444444444	36.0
25000	val		1.0907502698631664	1.015335971610214	0.1599104987366664	1.0185341815849474	1.444321765564382	0.5052083333333334	192.0
25010	train	5.641348415851577e-05	1.062811382930842	1.005235265920262	0.16116278494397798	1.0084585216191415	1.0870572262340121	0.5833333333333334	36.0
25020	train	5.638464674527712e-05	1.0483970276006693	0.9677568428538211	0.17126119136810303	0.9711820666811832	1.544299218389723	0.4444444444444444	36.0
25030	train	5.6355808762862486e-05	1.0168773909427526	0.9420936233733564	0.1789133238295714	0.9456718898499479	1.424110021856096	0.4444444444444444	36.0
25040	train	5.63269702231261e-05	1.08574799169946	1.0021943368395825	0.1354779920851191	1.0049038966812849	1.6168819003634982	0.3888888888888889	36.0
25050	train	5.629813113792236e-05	1.0194089906738355	0.9499048598931386	0.1735280238919788	0.9533754203709781	1.3206714060571458	0.6388888888888888	36.0
25060	train	5.626929151910596e-05	1.0299400440028037	0.9668161971738661	0.1655062923828761	0.9701263230215237	1.1962744196256	0.6666666666666666	36.0
25070	train	5.6240451378531744e-05	1.0467788984508277	0.972002915736466	0.1525587249133322	0.9750540902347327	1.4344961643218994	0.5	36.0
25080	train	5.621161072805483e-05	1.0323677725434672	0.9753456900789047	0.15917008072137834	0.9785290916933322	1.0767736170026991	0.5833333333333334	36.0
25090	train	5.6182769579530505e-05	1.0324208715115588	0.9494476095591586	0.2095738192399343	0.9536390859439573	1.5756357113520305	0.3888888888888889	36.0
25100	train	5.61539279448143e-05	1.0396060420621587	0.9726017919293695	0.17279205936938524	0.9760576331167572	1.2709681789080303	0.5555555555555556	36.0
25110	train	5.6125085835761895e-05	1.0715391532026624	0.9961677392896244	0.18349020779132844	0.999837543445451	1.4340321951442294	0.3888888888888889	36.0
25120	train	5.60962432642292e-05	1.0731786893080733	1.0010452292731464	0.1677047903339068	1.0043993250798247	1.375587284564972	0.4722222222222222	36.0
25130	train	5.6067400242072304e-05	1.0858044316387698	1.0188095358485836	0.16021835741897425	1.022013902996963	1.2758105728361342	0.6111111111111112	36.0
25140	train	5.6038556781147494e-05	1.0983689802100092	1.0474256478789612	0.12627305669917	1.0499511090129445	0.9683574239412943	0.6944444444444444	36.0
25150	train	5.600971289331123e-05	1.064806554779	0.9965183738267291	0.16217208860649002	0.9997618155988589	1.3008947836028204	0.5555555555555556	36.0
25160	train	5.5980868590420125e-05	1.0135060408351613	0.9447074812125291	0.18372567411926058	0.9483819946949144	1.3024809228049383	0.5833333333333334	36.0
25170	train	5.5952023884331e-05	1.0267328873283856	0.959343456626653	0.1806782235701879	0.9629570210980567	1.2755173246065776	0.5555555555555556	36.0
25180	train	5.5923178786900804e-05	1.052285309359474	0.9901711529410974	0.13385483622550964	0.9928482496656076	1.188741193877326	0.6666666666666666	36.0
25190	train	5.5894333309986684e-05	0.9195561625839164	0.840483931032905	0.23781116637918684	0.8452401543604887	1.4863201644685533	0.4722222222222222	36.0
25200	train	5.586548746544592e-05	1.074558120585137	1.0093466700315346	0.13416026184956234	1.0120298752685257	1.250564906332228	0.5833333333333334	36.0
25210	train	5.5836641265135975e-05	1.108884972471563	1.0482406576592738	0.15265849530696868	1.0512938275654131	1.1518228981229994	0.6111111111111112	36.0
25220	train	5.580779472091438e-05	1.0716826771418664	1.0051571540554776	0.15979484816392261	1.008353051018756	1.266592522462209	0.5833333333333334	36.0
25230	train	5.57789478446389e-05	1.034457484806496	0.9709254415994731	0.15753645242916214	0.9740761706480564	1.2076262831687927	0.6388888888888888	36.0
25240	train	5.575010064816738e-05	1.0044992313327181	0.9378011159711298	0.21561018093710854	0.942113319589872	1.2477182348569233	0.6388888888888888	36.0
25250	train	5.572125314335782e-05	1.0461149039243385	0.9745661087044137	0.1782262416349517	0.9781306335371127	1.3596854077445135	0.5277777777777778	36.0
25260	train	5.569240534206835e-05	1.0545587188569445	0.9755143172443979	0.19185837606588999	0.9793514847657157	1.5041446818245783	0.4166666666666667	36.0
25270	train	5.566355725615718e-05	1.0563267831833514	0.9935250341426682	0.15569605082273483	0.9966389551591229	1.1937565604845684	0.6388888888888888	36.0
25280	train	5.56347088974827e-05	0.993266870708544	0.9194352776702367	0.1870922433833281	0.9231771225379033	1.4017949634128146	0.4444444444444444	36.0
25290	train	5.5605860277903344e-05	1.079455111312082	1.0145543507011836	0.15270013411839803	1.0176083533835516	1.2369351585706074	0.6111111111111112	36.0
25300	train	5.5577011409277725e-05	1.0792193859253816	1.0226352017887261	0.14366264641284943	1.025508454716983	1.074218624167972	0.75	36.0
25310	train	5.554816230346452e-05	1.0640177284574133	1.0083074128441303	0.16236427302161852	1.0115546983045627	1.0492606030570135	0.6944444444444444	36.0
25320	train	5.5519312972322505e-05	1.0335201204778364	0.9664333491221013	0.16993664503097533	0.9698320820227209	1.2737607691023085	0.6111111111111112	36.0
25330	train	5.549046342771052e-05	1.0133376420623157	0.9312827142330766	0.18104681786563662	0.9349036505903894	1.5686798294385274	0.4166666666666667	36.0
25340	train	5.546161368148756e-05	1.0229818240679986	0.9541967558283959	0.19835012716551623	0.9581637583717062	1.296361313925849	0.6111111111111112	36.0
25350	train	5.543276374551265e-05	1.0351881664637537	0.9615657430367812	0.16615212046437794	0.9648887854460688	1.4059876203536987	0.5	36.0
25360	train	5.5403913631644905e-05	1.090227173414837	1.0054124020275248	0.17271205981572468	1.0088666432238393	1.627210603819953	0.4444444444444444	36.0
25370	train	5.537506335174353e-05	1.0671767385113988	1.0056109098966342	0.1696307937304179	1.0090035257712424	1.1634642548031278	0.6388888888888888	36.0
25380	train	5.534621291766778e-05	1.0465740614889008	0.9717488589187074	0.15935256145894527	0.9749359101478864	1.4327630268202887	0.5277777777777778	36.0
25390	train	5.5317362341276984e-05	1.0632336475448894	0.9843972806422665	0.16648615586260954	0.9877270037595187	1.5101328757074144	0.4722222222222222	36.0
25400	train	5.5288511634430504e-05	1.0027586987959134	0.9362263090193391	0.1690989131728808	0.9396082872827968	1.2630082302623324	0.5277777777777778	36.0
25410	train	5.525966080898779e-05	1.077630547992107	1.0076359844537033	0.15768898917096003	1.0107897642371224	1.3368156750996907	0.5	36.0
25420	train	5.523080987680833e-05	1.0890618653855484	1.0103060496345257	0.17582720816135405	1.0138225937977527	1.5047854317559137	0.5833333333333334	36.0
25430	train	5.5201958849751655e-05	1.098616560326665	1.0259018383274305	0.14745822424689928	1.0288510028123685	1.3953111502859328	0.6111111111111112	36.0
25440	train	5.5173107739677316e-05	1.0828440331337919	1.018918096199771	0.1428204501668612	1.0217745052031082	1.2213905586136713	0.5833333333333334	36.0
25450	train	5.5144256558444925e-05	1.0174759491685565	0.9560286337972715	0.1865185775483648	0.9597590053482389	1.1543388764063518	0.6111111111111112	36.0
25460	train	5.511540531791411e-05	1.094031408829111	1.020041407808779	0.15147317138810953	1.023070871236541	1.4192107518513997	0.5	36.0
25470	train	5.508655402994453e-05	1.055041720636037	0.979772648927914	0.19348703076442084	0.9836423895432025	1.4279866218566895	0.5277777777777778	36.0
25480	train	5.505770270639586e-05	1.142315032993788	1.0832832490843545	0.11148972002168496	1.0855130434847882	1.1360397901799943	0.6388888888888888	36.0
25490	train	5.5028851359127784e-05	1.0400427472745548	0.9830282260466122	0.1713461975256602	0.9864551499971255	1.0717519455485873	0.6944444444444444	36.0
25500	train	5.5e-05	0.9842048766701305	0.9101048744541622	0.2118662115600374	0.9143421986853629	1.3972535596953497	0.5	36.0
25510	train	5.497114864087222e-05	0.9827071336176093	0.9149741103317435	0.18322665095329285	0.9186386433508094	1.2813698053359985	0.5	36.0
25520	train	5.4942297293604146e-05	1.0564946824311408	0.9893268104857066	0.16022465725739796	0.9925313036308545	1.2792675760057237	0.5277777777777778	36.0
25530	train	5.491344597005548e-05	1.1154807687005248	1.04674658519038	0.1603739923901028	1.0499540650381822	1.31053407324685	0.6111111111111112	36.0
25540	train	5.48845946820859e-05	0.9864695783583637	0.9150162098435876	0.18140558650096258	0.9186443215736068	1.3565051356951396	0.5277777777777778	36.0
25550	train	5.485574344155509e-05	1.100082625945139	1.030792932635938	0.1674358417590459	1.0341416494711189	1.3188195294804044	0.5	36.0
25560	train	5.4826892260322695e-05	1.0926313108526498	1.0348906036869847	0.15045511888133156	1.0378997060646113	1.0946320957607694	0.5277777777777778	36.0
25570	train	5.4798041150248356e-05	1.1591479423830235	1.0969768101413373	0.10793705160419147	1.099135551173421	1.2002478241920471	0.5833333333333334	36.0
25580	train	5.4769190123191676e-05	1.0751747652201358	1.0000118278604584	0.16141733113262388	1.0032401744831108	1.4386918147404988	0.5	36.0
25590	train	5.474033919101221e-05	1.041094382383987	0.977808028007777	0.15039160350958505	0.9808158600779687	1.205570446120368	0.5555555555555556	36.0
25600	train	5.47114883655695e-05	1.1156781926164983	1.040186425508058	0.12666294872760772	1.04271968448261	1.459170162677765	0.5277777777777778	36.0
25610	train	5.468263765872303e-05	1.0295604202276638	0.9501284941957565	0.16144597629706064	0.9533574137216977	1.5240601301193237	0.5277777777777778	36.0
25620	train	5.465378708233222e-05	1.0698785863899694	1.0106527967767756	0.14961854815483094	1.0136451677398721	1.1246683730019464	0.6111111111111112	36.0
25630	train	5.462493664825647e-05	1.0900660310502301	1.022988062594379	0.15359416293601194	1.0260599458530992	1.2801217039426167	0.5277777777777778	36.0
25640	train	5.45960863683551e-05	1.0501571190071701	0.9745950832478801	0.17345590988794962	0.9780642014456391	1.4418583512306213	0.5	36.0
25650	train	5.456723625448735e-05	1.0751322813967874	1.009492332445914	0.17728683551152546	1.0130380691561445	1.2418842448128595	0.6666666666666666	36.0
25660	train	5.453838631851244e-05	1.1551027495434132	1.081798496496702	0.12200242405136426	1.0842385449777292	1.41728409131368	0.6388888888888888	36.0
25670	train	5.450953657228948e-05	0.9997277178831693	0.9445425079830285	0.18227657626072566	0.948188039508243	1.030793567498525	0.75	36.0
25680	train	5.44806870276775e-05	1.0916386267755498	1.0186182008134725	0.16526777843634288	1.0219235563821993	1.3943014078670077	0.5833333333333334	36.0
25690	train	5.445183769653548e-05	1.0744970027135738	0.9987832926447453	0.15843900106847286	1.0019520726661149	1.4508986009491815	0.5	36.0
25700	train	5.442298859072227e-05	1.081682437991508	1.0148695339912257	0.14986531535784403	1.0178668402983826	1.276311953862508	0.5277777777777778	36.0
25710	train	5.439413972209665e-05	0.9997245038893909	0.9361957061966683	0.17985694938235813	0.9397928451843154	1.1986331741015117	0.6111111111111112	36.0
25720	train	5.436529110251731e-05	1.070017071348037	0.9947443811247141	0.15632076230314043	0.9978707963707769	1.4429254995452032	0.5555555555555556	36.0
25730	train	5.433644274384284e-05	0.9947419339554638	0.9319579730236329	0.20021910965442657	0.9359623552167214	1.175591574774848	0.6388888888888888	36.0
25740	train	5.4307594657931675e-05	1.0515403577173243	0.9975101161360236	0.15373274746040502	1.0005847710852316	1.019111732641856	0.6944444444444444	36.0
25750	train	5.427874685664219e-05	1.0938883105216768	1.0219633728562143	0.1548161721891827	1.025059696299998	1.3765722844335768	0.5	36.0
25760	train	5.424989935183264e-05	1.1120237102610888	1.045300408461328	0.13551350062092146	1.0480106784737464	1.28026063574685	0.5833333333333334	36.0
25770	train	5.422105215536112e-05	1.1096060436258932	1.0491235632489344	0.1511936676171091	1.0521474366012766	1.1491721404923334	0.6388888888888888	36.0
25780	train	5.419220527908563e-05	1.1818805664393208	1.106346248925186	0.09577191310624282	1.108261687187311	1.4723775850401983	0.4444444444444444	36.0
25790	train	5.416335873486405e-05	1.0633641078140674	0.9885223440146781	0.19156810599896643	0.9923537061346575	1.4202080335881975	0.5277777777777778	36.0
25800	train	5.4134512534554085e-05	1.1129730839867793	1.0354412909785313	0.1552534247438113	1.0385463594734075	1.4885344902674358	0.4444444444444444	36.0
25810	train	5.4105666690013333e-05	0.9989380314532028	0.9203452219350245	0.22304676373799642	0.9248061572097844	1.4826374848683674	0.4444444444444444	36.0
25820	train	5.407682121309921e-05	0.9620841248461143	0.8920465557404892	0.2076367288827896	0.8961992903181449	1.3176966905593872	0.5	36.0
25830	train	5.404797611566902e-05	1.0548777613837181	0.9703644775813148	0.17783931725554997	0.9739212639264259	1.6191299491458468	0.4722222222222222	36.0
25840	train	5.4019131409579885e-05	1.1041438571978008	1.0374602403278215	0.11755115290482838	1.039811263385918	1.2866518762376573	0.5555555555555556	36.0
25850	train	5.399028710668878e-05	1.0871904759679403	1.0191150775095654	0.13165521224339802	1.0217481817544334	1.3088458842701383	0.6944444444444444	36.0
25860	train	5.3961443218852516e-05	1.0497711048652025	0.9912741059127079	0.16074704825878144	0.9944890468778835	1.105641159746382	0.5833333333333334	36.0
25870	train	5.39325997579277e-05	1.0248210171631502	0.9609390402739109	0.18470554649829865	0.9646331512038768	1.203757319185469	0.6666666666666666	36.0
25880	train	5.390375673577081e-05	1.079986904268747	1.0249032684716437	0.14232271330224144	1.0277497227376886	1.0447436306211684	0.6666666666666666	36.0
25890	train	5.387491416423811e-05	1.022296735903171	0.949847125553966	0.21036009242137274	0.9540543274023935	1.364848170015547	0.5555555555555556	36.0
25900	train	5.384607205518571e-05	1.0571351696755755	0.985119588087625	0.1449327697356542	0.9880182434823381	1.382338523864746	0.5277777777777778	36.0
25910	train	5.38172304204695e-05	1.1527406908544804	1.078178172489627	0.10426214502917396	1.0802634153902106	1.449545509285397	0.5	36.0
25920	train	5.3788389271945184e-05	1.0456371567944291	0.9690250651604204	0.17995224595069886	0.9726241100794344	1.460260934299893	0.5	36.0
25930	train	5.375954862146827e-05	1.1537439300031052	1.0832101129039047	0.12198271453380585	1.0856497671945808	1.3618832561704848	0.5277777777777778	36.0
25940	train	5.373070848089406e-05	0.9422039617393096	0.8715424004886231	0.22778171102205913	0.8760980347090642	1.3221185406049092	0.5555555555555556	36.0
25950	train	5.370186886207764e-05	1.0448412127740072	0.9771023511668264	0.16510362923145294	0.9804044237514555	1.2887357804510329	0.5833333333333334	36.0
25960	train	5.3673029776873905e-05	1.0084325491836537	0.9400169123447522	0.17291302588723956	0.9434751728624969	1.2991475264231365	0.5	36.0
25970	train	5.364419123713752e-05	1.0035254521126467	0.9125804516835264	0.19348672591149807	0.9164501862017563	1.7415053182178073	0.3888888888888889	36.0
25980	train	5.3615353254722885e-05	1.102659554994989	1.0314390919442527	0.1638684438334571	1.0347164608209218	1.3588618834813435	0.5833333333333334	36.0
25990	train	5.358651584148423e-05	0.9948167559889856	0.931219029928701	0.1977410697274738	0.9351738513232505	1.1928580933147006	0.6388888888888888	36.0
26000	train	5.355767900927552e-05	0.9833630590574411	0.9108975788059964	0.1805153265595436	0.9145078853371873	1.3771034744050767	0.5555555555555556	36.0
26000	val		1.0886542700551651	1.0132883184706947	0.1629087129517066	1.0165464927297287	1.4421555465087295	0.4479166666666667	192.0
26010	train	5.3528842769950486e-05	0.9975943773569855	0.9223171458922022	0.20171281347672146	0.9263514021617366	1.4248595039049785	0.4444444444444444	36.0
26020	train	5.3500007135362626e-05	1.0239826981040165	0.9332253039955091	0.20179783006509144	0.9372612605968109	1.7344287501441107	0.4166666666666667	36.0
26030	train	5.347117211736517e-05	1.058756081500013	0.9976308595852977	0.15778005454275343	1.0007864606761527	1.1593924164772034	0.6111111111111112	36.0
26040	train	5.34423377278111e-05	0.9977381403952765	0.9350194734377921	0.1908347358306249	0.9388361681544046	1.1780394448174372	0.5833333333333334	36.0
26050	train	5.341350397855316e-05	1.0663530279604911	0.9831832667133861	0.18801755110422771	0.9869436177354707	1.5881882045004103	0.4444444444444444	36.0
26060	train	5.33846708814438e-05	1.1191858904910785	1.0590281808602515	0.13502370876570544	1.0617286550355656	1.14914470911026	0.5833333333333334	36.0
26070	train	5.3355838448335236e-05	1.0419537630932345	0.9712033315059357	0.15936237424612046	0.9743905789908581	1.3512636820475261	0.5	36.0
26080	train	5.332700669107937e-05	1.1144767903537713	1.0469912918691333	0.13131774614254635	1.0496176467919842	1.2971828712357416	0.6111111111111112	36.0
26090	train	5.329817562152786e-05	1.1661826880535602	1.1051276737843407	0.09823118994633356	1.1070922975832673	1.1818078094058566	0.6111111111111112	36.0
26100	train	5.326934525153207e-05	1.0536808842228953	0.9831055777609783	0.15848934551080068	0.9862753646711943	1.3481103910340204	0.5833333333333334	36.0
26110	train	5.3240515592943074e-05	1.0581544860596759	0.9892832233536876	0.15704872061808903	0.9924241977660494	1.3146057658725314	0.6111111111111112	36.0
26120	train	5.3211686657611666e-05	1.0957317320246367	1.0195503133110406	0.15267347378863227	1.0226037827868133	1.4625589847564697	0.5555555555555556	36.0
26130	train	5.318285845738831e-05	1.114717014903707	1.0357884611635233	0.15272464255491894	1.0388429540146218	1.5174812177817028	0.5277777777777778	36.0
26140	train	5.3154031004123205e-05	0.9678301444454245	0.9106681349413182	0.20191640456517537	0.9147064630326217	1.062473628256056	0.7222222222222222	36.0
26150	train	5.312520430966623e-05	1.0760164026940835	0.9964602395337461	0.14996427670121193	0.9994595250677704	1.531137552526262	0.4722222222222222	36.0
26160	train	5.309637838586694e-05	1.0631562234787015	0.9964209475776753	0.16678477244244683	0.9997566430265242	1.2679916090435452	0.5833333333333334	36.0
26170	train	5.30675532445746e-05	1.0433217782887199	0.9699723528006718	0.1913195828596751	0.9737987444578653	1.3904606766170926	0.4444444444444444	36.0
26180	train	5.303872889763812e-05	1.061515371881885	0.9906676698224042	0.1417973985274633	0.9935036177929535	1.3602350817786322	0.5277777777777778	36.0
26190	train	5.3009905356906124e-05	0.9626147024729854	0.8890944458609495	0.17628462115923563	0.8926201382841342	1.399891283777025	0.5	36.0
26200	train	5.298108263422685e-05	1.0806170380540063	1.0208795167599158	0.13331853101650873	1.023545887380246	1.1414230134752061	0.6666666666666666	36.0
26210	train	5.295226074144823e-05	1.0509325496346742	0.9777131159718822	0.19065520353615284	0.9815262200426053	1.3881265918413799	0.5833333333333334	36.0
26220	train	5.292343969041788e-05	1.0248313888560365	0.9617359332691264	0.17033068935076395	0.9651425470561417	1.1937768359978993	0.6388888888888888	36.0
26230	train	5.2894619492983033e-05	1.0494524684848205	0.9903892874156585	0.18487200736999512	0.9940867275630584	1.107314818435245	0.6666666666666666	36.0
26240	train	5.286580016099058e-05	0.9365131296025698	0.8768900311463725	0.19761995722850165	0.8808424302909426	1.1134139862325456	0.6388888888888888	36.0
26250	train	5.283698170628708e-05	1.053218153843773	0.9723440717288117	0.18321937984890407	0.9760084593257897	1.5441938903596666	0.4722222222222222	36.0
26260	train	5.280816414071868e-05	1.0463420578621885	0.9770592144777107	0.17590614060560864	0.9805773372898229	1.315294411447313	0.4444444444444444	36.0
26270	train	5.277934747613122e-05	1.0366911537886176	0.9675067839511368	0.20240730685847147	0.9715549300883062	1.302724474006229	0.5833333333333334	36.0
26280	train	5.275053172437012e-05	1.0896183317081403	1.0348759269657668	0.11802177081505458	1.037236362382068	1.0476393865214453	0.6388888888888888	36.0
26290	train	5.2721716897280464e-05	0.954507132355532	0.8843905305539511	0.21217397931549284	0.888634010140261	1.31746244430542	0.6111111111111112	36.0
26300	train	5.269290300670694e-05	1.0651649991294736	0.9918981256456171	0.17712457602222761	0.9954406171660616	1.3944876392682393	0.4722222222222222	36.0
26310	train	5.2664090064493836e-05	1.0679820297339313	1.0091943752115389	0.16016216824452081	1.0123976185764292	1.1116882231500413	0.6388888888888888	36.0
26320	train	5.263527808248507e-05	1.0161262028730946	0.9423984716319744	0.19771400425169203	0.9463527517170083	1.395469023121728	0.4444444444444444	36.0
26330	train	5.260646707252417e-05	1.1056644525708654	1.0287184083791474	0.14077763880292574	1.031533961155206	1.4826098283131917	0.3333333333333333	36.0
26340	train	5.257765704645423e-05	1.0403673868839838	0.9605181545315415	0.19332361469666162	0.9643846268254748	1.5196552011701796	0.3611111111111111	36.0
26350	train	5.2548848016118e-05	1.0987868978016908	1.036717787527376	0.16061694423357645	1.0399301264120475	1.177135427792867	0.6111111111111112	36.0
26360	train	5.2520039993357745e-05	1.0472341748623568	0.9858727201337799	0.16692938754955927	0.9892113078847711	1.1604573395517137	0.6388888888888888	36.0
26370	train	5.249123299001538e-05	1.051314139808906	0.9820048309952282	0.1660778631766637	0.9853263882587614	1.3197550310028925	0.4722222222222222	36.0
26380	train	5.246242701793236e-05	1.0608008683894667	0.9926987918308635	0.15140739952524504	0.9957269398213684	1.3014785713619657	0.5555555555555556	36.0
26390	train	5.243362208894975e-05	1.0178322859241828	0.934232465356681	0.1979863229725096	0.9381921918161312	1.5928018821610346	0.3888888888888889	36.0
26400	train	5.2404818214908155e-05	1.0438914175936531	0.9685025718543877	0.17476464000840983	0.971997864654556	1.4378710587819417	0.4722222222222222	36.0
26410	train	5.237601540764777e-05	1.1337897428325021	1.0636312674367963	0.14277955343325932	1.0664868585054614	1.3460576865408156	0.6388888888888888	36.0
26420	train	5.234721367900832e-05	0.9865971716311228	0.9150267954104462	0.1893886094292005	0.9188145675990302	1.3556520806418524	0.5555555555555556	36.0
26430	train	5.231841304082913e-05	1.07827194729645	1.0098286247504975	0.15070847504668766	1.0128427942514313	1.3085830609003704	0.6111111111111112	36.0
26440	train	5.228961350494904e-05	0.9686046712475277	0.8896505296770656	0.23057311276594797	0.8942619919323845	1.4868535863028631	0.4166666666666667	36.0
26450	train	5.226081508320647e-05	1.0945956777201074	1.0211343772443775	0.16473049968481063	1.0244289872380736	1.4033338096406724	0.5555555555555556	36.0
26460	train	5.2232017787439345e-05	0.9733174762314065	0.9034559347416464	0.1912279741631614	0.9072804942249096	1.3207396401299372	0.6111111111111112	36.0
26470	train	5.2203221629485145e-05	1.0062322091058673	0.939564503546799	0.17838316410779953	0.943132166828955	1.2620008455382452	0.5	36.0
26480	train	5.21744266211809e-05	1.05351845780105	0.9954805743438396	0.172278487847911	0.9989261441007978	1.091846274005042	0.6666666666666666	36.0
26490	train	5.214563277436313e-05	1.0044175111411262	0.9289521439613483	0.17442153270045915	0.9324405746153575	1.4395387305153742	0.4722222222222222	36.0
26500	train	5.211684010086793e-05	1.0079952554637708	0.9415611811593642	0.19226906342165812	0.9454065624277973	1.2517738607194688	0.5833333333333334	36.0
26510	train	5.208804861253084e-05	1.0731836375574193	1.0078427149294074	0.17441390392680964	1.0113309930079435	1.2370528909895155	0.5555555555555556	36.0
26520	train	5.205925832118697e-05	1.0772230929940312	0.9981988593581024	0.14986393600702286	1.0011961380782428	1.5205390983157687	0.4722222222222222	36.0
26530	train	5.203046923867092e-05	0.9971699631024201	0.9222488754963344	0.20110306723250282	0.9262709368409845	1.4179805252287123	0.5833333333333334	36.0
26540	train	5.20016813768168e-05	0.974707577800443	0.9088762985921802	0.19485866609546873	0.9127734719140896	1.2386821177270677	0.5833333333333334	36.0
26550	train	5.1972894747458216e-05	1.0701123021895622	0.9978703034773404	0.19915208220481873	1.0018533451214369	1.365179141362508	0.5	36.0
26560	train	5.194410936242826e-05	1.0982022855912406	1.0289017475116344	0.15029967377583187	1.031907740987151	1.3258908920817905	0.5	36.0
26570	train	5.1915325233559505e-05	0.9499042517312106	0.8866665414937076	0.21845064759254457	0.8910355544455585	1.1773739457130432	0.5833333333333334	36.0
26580	train	5.188654237268403e-05	1.066663688477961	1.008282587676003	0.16389861578742662	1.0115605599917517	1.1020625697241888	0.6666666666666666	36.0
26590	train	5.1857760791633375e-05	1.0749892526871545	0.992890446683425	0.15094290673732758	0.9959093048181715	1.581598957379659	0.4722222222222222	36.0
26600	train	5.182898050223857e-05	1.0527474875325884	0.9987727306692064	0.15502189265357125	1.0018731685222777	1.017486380206214	0.6388888888888888	36.0
26610	train	5.180020151633011e-05	1.0412239805929704	0.9787096254103227	0.17007482051849365	0.9821111218206926	1.1822571754455566	0.5833333333333334	36.0
26620	train	5.1771423845737935e-05	1.1457329672732655	1.0740333324414528	0.10789468760291736	1.0761912261935112	1.390834821595086	0.4722222222222222	36.0
26630	train	5.1742647502291456e-05	1.0987048634155165	1.0323576196495268	0.15520048042138418	1.0354616292579544	1.2648646831512451	0.5833333333333334	36.0
26640	train	5.171387249781957e-05	1.0759607386598313	1.012018814319636	0.13219604392846426	1.0146627351982054	1.2259600692325168	0.6666666666666666	36.0
26650	train	5.1685098844150554e-05	1.0668846230215294	1.0051284452451397	0.13292167087395987	1.007786878662619	1.181954887178209	0.5833333333333334	36.0
26660	train	5.165632655311218e-05	1.0667643861324327	0.9964188646956356	0.1632154881954193	0.9996831744595439	1.3416242334577773	0.5555555555555556	36.0
26670	train	5.1627555636531664e-05	1.082174797781895	1.0176997005892365	0.1602892047829098	1.0209054846848948	1.2253862619400024	0.5833333333333334	36.0
26680	train	5.159878610623565e-05	1.0720215496024	1.0001631851428587	0.16288459880484474	1.0034208771189557	1.3720134496688843	0.5833333333333334	36.0
26690	train	5.157001797405019e-05	1.0749540687015484	0.998359742478612	0.14294521634777388	1.0012186468055675	1.4747084379196167	0.4722222222222222	36.0
26700	train	5.1541251251800764e-05	0.9824409076773758	0.9104203334653015	0.1969097289774153	0.9143585280448498	1.3616475926505194	0.5277777777777778	36.0
26710	train	5.151248595131231e-05	1.0964647197760937	1.027521689612448	0.16547841454545656	1.0308312579033572	1.3126692374547322	0.5833333333333334	36.0
26720	train	5.148372208440914e-05	1.0604340397644643	0.993157476997568	0.17443846580055025	0.996646246313579	1.2757558690177069	0.5555555555555556	36.0
26730	train	5.145495966291501e-05	0.9354277924260724	0.8603341035274561	0.21147961417833963	0.8645636958110229	1.4172819323009915	0.5555555555555556	36.0
26740	train	5.142619869865305e-05	1.0094682714175343	0.9386963153048845	0.21413000093566048	0.9429789153235977	1.3297871218787298	0.5555555555555556	36.0
26750	train	5.1397439203445805e-05	1.1151495178399893	1.0373433093337627	0.1446088639398416	1.0402354866125596	1.4982806245485942	0.5277777777777778	36.0
26760	train	5.1368681189115226e-05	0.9843470917343459	0.9251520701281919	0.18458428399430382	0.928843755808078	1.1100667185253568	0.5833333333333334	36.0
26770	train	5.133992466748265e-05	1.004477089284587	0.943212877855097	0.19217352867126464	0.9470563484285223	1.1484148171212938	0.6388888888888888	36.0
26780	train	5.131116965036879e-05	1.0447293771351045	0.9823853427423038	0.1787532971551021	0.9859604086854059	1.175379368993971	0.5555555555555556	36.0
26790	train	5.128241614959374e-05	1.1232750711040886	1.0424087730312206	0.1398440529902776	1.0452056540910262	1.5613883402612474	0.4722222222222222	36.0
26800	train	5.1253664176976985e-05	1.0794350026212394	1.0121763392483782	0.1544172431031863	1.015264684110442	1.2834063702159457	0.5555555555555556	36.0
26810	train	5.122491374433738e-05	0.9583650449790593	0.8951105345167751	0.22315755983193716	0.8995736857134139	1.175827185312907	0.5555555555555556	36.0
26820	train	5.1196164863493126e-05	1.1049241794672904	1.036894124293721	0.1467948891222477	1.039830022076166	1.301883147822486	0.5833333333333334	36.0
26830	train	5.1167417546261835e-05	1.0470628353299603	0.9748585734375885	0.1625074714422226	0.978108722866433	1.379082249270545	0.5277777777777778	36.0
26840	train	5.113867180446041e-05	1.0593116405308163	1.001015021042683	0.14905796945095062	1.003996180431702	1.1063092019822862	0.6666666666666666	36.0
26850	train	5.110992764990515e-05	0.9377887919046203	0.8648248075608796	0.21379849314689636	0.8691007774238175	1.373760289616055	0.4444444444444444	36.0
26860	train	5.108118509441168e-05	1.0493457993196786	0.9765489197268095	0.18114113393757078	0.9801717424055609	1.383481138282352	0.5833333333333334	36.0
26870	train	5.105244414979501e-05	1.0572644473178607	0.9848019673915698	0.15633258507365272	0.9879286190930429	1.3867165644963582	0.5	36.0
26880	train	5.1023704827869425e-05	0.993636048013954	0.9196600059088621	0.2002379082971149	0.9236647640748044	1.3994256787829928	0.5	36.0
26890	train	5.0994967140448605e-05	1.0497497419818085	0.9850040241922446	0.14790724776685238	0.9879621691475817	1.2357514566845365	0.5833333333333334	36.0
26900	train	5.09662310993455e-05	1.016614931096003	0.9559063032792996	0.19747391591469446	0.9598557815975934	1.135182989968194	0.6666666666666666	36.0
26910	train	5.093749671637242e-05	1.0506493338145944	0.9842926970652208	0.18144687016805014	0.9879216344685818	1.2545539869202509	0.5	36.0
26920	train	5.090876400334098e-05	1.0360828617004907	0.9760436239462782	0.1549644743402799	0.9791429134330838	1.1387989653481378	0.5555555555555556	36.0
26930	train	5.088003297206213e-05	1.047299918614807	0.966691054651786	0.17482775780889723	0.9701876098079639	1.5422461761368647	0.4722222222222222	36.0
26940	train	5.08513036343461e-05	1.040466141462991	0.9677355700969722	0.1720448171099027	0.9711764664391702	1.3857935004764133	0.5555555555555556	36.0
26950	train	5.0822576002002424e-05	0.981277325764571	0.9139271345654538	0.19164169778426488	0.9177599685211392	1.2703471448686388	0.5555555555555556	36.0
26960	train	5.0793850086839964e-05	1.0342325700582888	0.9709080973064066	0.16473778982957205	0.974202853102998	1.200594339105818	0.6944444444444444	36.0
26970	train	5.076512590066686e-05	0.9955603292578056	0.9277847260064808	0.19392231023973888	0.9316631722112756	1.2779431409305997	0.5555555555555556	36.0
26980	train	5.073640345529052e-05	1.155036625198985	1.0837874867510113	0.12011536955833435	1.086189794142178	1.3769366211361356	0.6388888888888888	36.0
26990	train	5.070768276251769e-05	1.0135302376854358	0.9543500561167403	0.1941567168881496	0.9582331904545033	1.105940944618649	0.6944444444444444	36.0
27000	train	5.0678963834154326e-05	1.127958403269464	1.0661729444960895	0.14422967616054747	1.0690575380193004	1.178017305003272	0.6666666666666666	36.0
27000	val		1.085779873781671	1.0123307446624839	0.16774934933742341	1.0156857316492323	1.4018828426487744	0.4895833333333333	192.0
27010	train	5.0650246682005705e-05	1.060305392243905	0.9903919170913859	0.18407701303561527	0.9940734573520982	1.3246386978361342	0.4722222222222222	36.0
27020	train	5.0621531317876376e-05	1.0664240840520527	0.9999645219822129	0.1598437637090683	1.0031613972563942	1.2652537359131708	0.5833333333333334	36.0
27030	train	5.0592817753570133e-05	1.0649101098108973	0.9938370629461625	0.15253394221266112	0.9968877417904157	1.3604473604096308	0.5	36.0
27040	train	5.0564106000890044e-05	1.0877646180981264	1.0152352322176628	0.13867636832098165	1.0180087595840823	1.3951171702808804	0.5	36.0
27050	train	5.0535396071638414e-05	1.0412347368063668	0.9497655721376809	0.19790606262783209	0.9537236933902375	1.7502208683225844	0.25	36.0
27060	train	5.050668797761681e-05	1.003545663482293	0.940607158932101	0.16629183292388916	0.9439329955905787	1.1922533578342862	0.6388888888888888	36.0
27070	train	5.047798173062606e-05	1.0930970413250733	1.0436012775112034	0.11759835326423247	1.045953244576488	0.9428759349717034	0.7777777777777778	36.0
27080	train	5.0449277342466204e-05	1.0124359782330448	0.9397608506473158	0.19864842957920498	0.9437338192389	1.3740431798828974	0.5555555555555556	36.0
27090	train	5.042057482493655e-05	0.9636704447934329	0.8850780665777755	0.20516112364000744	0.8891812890505757	1.4897831148571439	0.4166666666666667	36.0
27100	train	5.039187418983559e-05	0.9655743778711883	0.8918529317577343	0.23183566911353004	0.8964896451400048	1.3816946546236675	0.5833333333333334	36.0
27110	train	5.0363175448961104e-05	1.0347096870809822	0.9734690627790187	0.17084700763225555	0.9768860029316638	1.1564736829863653	0.6944444444444444	36.0
27120	train	5.0334478614110024e-05	1.012704843727215	0.956090868924191	0.1830837974945704	0.9597525448740825	1.0590459770626492	0.6388888888888888	36.0
27130	train	5.030578369707856e-05	0.9773287392893077	0.9095883912747411	0.21658566428555381	0.9139201045604521	1.2681726945771112	0.6111111111111112	36.0
27140	train	5.02770907096621e-05	1.0803193013888892	1.006785595008628	0.13825645943482717	1.0095507241973245	1.4153715438312955	0.5	36.0
27150	train	5.024839966365524e-05	0.971507801579407	0.8950166117154603	0.2036769621902042	0.8990901509592644	1.4483530124028523	0.5277777777777778	36.0
27160	train	5.021971057085181e-05	1.1148794509927804	1.037611070751519	0.143642143242889	1.0404839136163766	1.4879107475280762	0.4722222222222222	36.0
27170	train	5.0191023443044795e-05	1.1506121539637482	1.0823468647465144	0.13170565913120905	1.0849809779291386	1.3126235206921895	0.6111111111111112	36.0
27180	train	5.016233829202639e-05	1.0140211830479493	0.9518344570275071	0.17515239218870798	0.9553375048712813	1.173673563533359	0.6666666666666666	36.0
27190	train	5.013365512958798e-05	1.0658204150653297	0.9952094829585566	0.1444222328563531	0.9980979276156836	1.35444974899292	0.5555555555555556	36.0
27200	train	5.010497396752011e-05	1.1476276380011587	1.081866263087175	0.12705003966887793	1.0844072638805524	1.2644074824121263	0.6111111111111112	36.0
27210	train	5.007629481761256e-05	1.0196050905842213	0.9477843994887631	0.18729571832550895	0.9515303138552733	1.3614955345789592	0.5277777777777778	36.0
27220	train	5.004761769165423e-05	1.1065271792817886	1.0382679493071745	0.13306664344337252	1.0409292821760419	1.3119579421149359	0.5	36.0
27230	train	5.001894260143319e-05	1.091664087765881	1.0149947886667006	0.16295890808105468	1.0182539668283217	1.4682024187511868	0.4166666666666667	36.0
27240	train	4.9990269558736695e-05	0.9040815235976809	0.8277185834915539	0.2237421820561091	0.8321934271326761	1.4377619293000963	0.4722222222222222	36.0
27250	train	4.996159857535115e-05	1.0233786954628916	0.9625122326593425	0.19296589576535755	0.9663715505746496	1.1401428977648418	0.6388888888888888	36.0
27260	train	4.993292966306212e-05	0.984391313010627	0.9071282254921137	0.22745055394868055	0.9116772365710873	1.4542815287907918	0.4166666666666667	36.0
27270	train	4.99042628336543e-05	0.9566437820255789	0.8786009808043671	0.19217719634373984	0.8824445247312419	1.483985145886739	0.5	36.0
27280	train	4.987559809891155e-05	0.9709707184368885	0.9171603962515311	0.21197103295061323	0.9213998169105434	0.9914180305269029	0.7222222222222222	36.0
27290	train	4.9846935470616846e-05	1.085431196808527	1.01721278715436	0.14639948656161625	1.0201407768855923	1.3058083984586928	0.5277777777777778	36.0
27300	train	4.9818274960552336e-05	1.0625653490091969	1.0052252891195095	0.18245189785957336	1.0088743270767009	1.0738204386499193	0.5833333333333334	36.0
27310	train	4.9789616580499243e-05	1.079645385048092	0.9998655008554134	0.16401636799176533	1.0031458282152488	1.529991136656867	0.4166666666666667	36.0
27320	train	4.976096034223798e-05	1.0597622328017904	0.995560068241234	0.15710552285114923	0.998702178698257	1.2212010820706685	0.6944444444444444	36.0
27330	train	4.973230625754801e-05	1.0952557648956465	1.0179165786146807	0.13173759033282598	1.0205513304213372	1.4940886894861858	0.4444444444444444	36.0
27340	train	4.970365433820796e-05	1.092589919053573	1.0122649011965181	0.14793373582263789	1.0152235759129709	1.5473268628120422	0.4444444444444444	36.0
27350	train	4.9675004595995555e-05	0.8337015268634502	0.7562985438867488	0.24874737858772278	0.7612734914585032	1.4485607080989413	0.5555555555555556	36.0
27360	train	4.9646357042687616e-05	1.0940180423460586	1.0291988130412681	0.1264653931061427	1.031728120903391	1.2457984288533528	0.5277777777777778	36.0
27370	train	4.9617711690060084e-05	1.0554647110803026	0.9914789746108749	0.1479533463716507	0.9944380415383078	1.2205333908398945	0.6388888888888888	36.0
27380	train	4.958906854988795e-05	1.0782798555149864	1.0121103151958086	0.153727725148201	1.0151848696987726	1.2618997163242764	0.5277777777777778	36.0
27390	train	4.956042763394535e-05	1.0649231109635613	0.9920387461317824	0.15416019037365913	0.9951219499392556	1.3960232204861112	0.5277777777777778	36.0
27400	train	4.953178895400548e-05	1.0549378856903442	0.9904286230325164	0.156907572514481	0.9935667744828061	1.2274222241507635	0.5833333333333334	36.0
27410	train	4.950315252184063e-05	1.0584519487746509	1.0035568228077179	0.1445010043680668	1.0064468428950792	1.040102117591434	0.6111111111111112	36.0
27420	train	4.947451834922215e-05	1.1014576229313253	1.0260299518746707	0.1438256658613682	1.028906465191898	1.451023154788547	0.4444444444444444	36.0
27430	train	4.944588644792044e-05	1.0749869627674316	0.9953795402036668	0.16455779870351156	0.9986706961777371	1.526325331793891	0.4444444444444444	36.0
27440	train	4.941725682970502e-05	0.9487571736456635	0.8798652195216897	0.19421118994553885	0.8837494433206005	1.3001546065012615	0.6388888888888888	36.0
27450	train	4.938862950634444e-05	1.0272054025448485	0.9642920809570739	0.15358860956297982	0.9673638531483335	1.1968309879302979	0.5833333333333334	36.0
27460	train	4.936000448960631e-05	1.05246747602046	0.9909183044965446	0.17568464328845343	0.9944319973623137	1.1607095731629267	0.5277777777777778	36.0
27470	train	4.9331381791257286e-05	1.0801391839918946	1.0158293646677456	0.12744707117478052	1.0183783060912412	1.2352175580130682	0.6111111111111112	36.0
27480	train	4.9302761423063106e-05	1.0281636846398285	0.9674123578650347	0.18022354585783823	0.9710168287821914	1.1429371171527438	0.75	36.0
27490	train	4.9274143396788485e-05	1.0777440050094054	1.0027307603076492	0.15274063845475513	1.0057855730767442	1.4391686386532254	0.4444444444444444	36.0
27500	train	4.924552772419723e-05	1.024588229141885	0.9676600453015043	0.16663454671700795	0.9709927362358445	1.0719098581208124	0.6388888888888888	36.0
27510	train	4.921691441705216e-05	1.1114869301697599	1.041439948570164	0.12562134663263957	1.0439523755028168	1.3506910933388605	0.5833333333333334	36.0
27520	train	4.918830348711513e-05	1.05357084249731	0.9774497136004379	0.1644943637980355	0.9807396008763986	1.4566248324182298	0.6111111111111112	36.0
27530	train	4.915969494614702e-05	1.1244984695843734	1.057143637913652	0.11594591413935025	1.059462556196439	1.3007182677586873	0.5	36.0
27540	train	4.91310888059077e-05	1.0707804628571984	1.0066950807069193	0.14944236775239308	1.0096839280619672	1.2219306959046259	0.5277777777777778	36.0
27550	train	4.91024850781561e-05	1.0563546006167508	0.9883890904371517	0.16731856713692347	0.9917354617798902	1.2923827767372131	0.6388888888888888	36.0
27560	train	4.90738837746501e-05	1.0490540962090047	0.9824231917166	0.17042797224389183	0.9858317511614778	1.2644469009505377	0.5277777777777778	36.0
27570	train	4.904528490714663e-05	1.1643113937831933	1.0917003663363074	0.11334963080783685	1.093967358952464	1.4068806966145833	0.5555555555555556	36.0
27580	train	4.9016688487401604e-05	1.0446678040342037	0.9822782421525819	0.16902460075087017	0.9856587341675993	1.1801813973320856	0.6111111111111112	36.0
27590	train	4.898809452716993e-05	1.071587987838976	1.014107280455158	0.1307902211944262	1.0167230848790465	1.0972980591985915	0.6944444444444444	36.0
