step	split	lr	loss	mlm_loss	rc_loss	selection_loss	region_loss	region_acc	region_valid_count
10	train	1e-06	1.5510924203055247	1.433466945375715	0.33437066418784006	1.4401543481009347	2.218761137553624	0.11428571598870414	5.0
20	train	2e-06	1.385733723640442	1.291652628353664	0.11895952160869326	1.2940318073545185	1.8340385471071516	0.28571428997176035	5.0
30	train	3e-06	1.369792171886989	1.2770214591707503	0.047950046935251775	1.2779804468154907	1.8362340075629096	0.314285723226411	5.0
40	train	4e-06	1.3567695106778828	1.2670997551509313	0.027205156162381172	1.267643826348441	1.7825135162898473	0.3714285790920258	5.0
50	train	5e-06	1.361533147948129	1.2658676419939314	0.018180420356137414	1.266231264386858	1.9060379096439908	0.28571429210049765	5.0
60	train	6e-06	1.3449943576540266	1.2564988476889474	0.017264797485300475	1.2568441459110804	1.7630037920815604	0.2285714319774083	5.0
70	train	7e-06	1.3562894718987601	1.2656090600149972	0.01565483451953956	1.265922154699053	1.80734692301069	0.28571429210049765	5.0
80	train	8e-06	1.3517544269561765	1.255092297281538	0.01325937600008079	1.2553574868610926	1.9279383931841167	0.22857143197740828	5.0
90	train	9e-06	1.3574150800704958	1.2592704977308002	0.012798001457537924	1.2595264571053642	1.9577726125717163	0.25714286097458433	5.0
100	train	1e-05	1.350213135991778	1.2627199377332416	0.010561743884214334	1.262931159564427	1.7456393412181312	0.3714285790920258	5.0
110	train	1.1000000000000001e-05	1.3595528091703142	1.2640399762562344	0.009886028644229685	1.2642377274377006	1.9063017538615634	0.2571428609745843	5.0
120	train	1.2e-05	1.3399408204214915	1.252412029675075	0.00965592504612037	1.2526051146643502	1.7467139448438371	0.28571429210049765	5.0
130	train	1.3000000000000001e-05	1.340536253792899	1.2546526874814714	0.01002421522779124	1.2548531634466988	1.7136615003858293	0.3714285812207631	5.0
140	train	1.4e-05	1.3519257307052612	1.260347127914429	0.0097700638164367	1.2605425119400024	1.8276642560958862	0.20000000298023227	5.0
150	train	1.5e-05	1.3351535626820157	1.2513648101261683	0.014952472810234343	1.2516638551439558	1.6697942870003837	0.28571429210049765	5.0
160	train	1.6e-05	1.3553048712866649	1.2571142060416083	0.007233880127647092	1.257258892059326	1.960919908114842	0.34285714796611244	5.0
170	train	1.7e-05	1.3499540090560913	1.2563285997935705	0.016756517280425345	1.2566637311662947	1.8658051320484708	0.11428571598870414	5.0
180	train	1.8e-05	1.3404055493218558	1.2513193913868497	0.016361691323774203	1.251646637916565	1.7751785176140922	0.34285715009484974	5.0
190	train	1.9e-05	1.3500118425914218	1.2584585632596696	0.0061185055944536415	1.258580940110343	1.828617640904018	0.25714286097458433	5.0
200	train	2e-05	1.3550578355789185	1.2608982154301236	0.011899624152907304	1.2611362082617623	1.878431933266776	0.2571428652320589	5.0
210	train	2.1000000000000002e-05	1.3530364888054984	1.2586045946393696	0.0060220554337969846	1.2587250300816126	1.886229259627206	0.22857143197740828	5.0
220	train	2.2000000000000003e-05	1.3601027556828091	1.2696551254817419	0.006567630185080426	1.2697864941188268	1.806324907711574	0.28571428997176035	5.0
230	train	2.3e-05	1.348218287740435	1.2584963185446603	0.005736517387309245	1.2586110319410053	1.7921452522277832	0.28571429210049765	5.0
240	train	2.4e-05	1.3430967160633631	1.2527085031781877	0.005586038609700544	1.2528202363422938	1.8055293049131123	0.25714286097458433	5.0
250	train	2.5e-05	1.3445231233324324	1.2531922033854892	0.007958044963223594	1.253351364816938	1.8234350681304932	0.3142857189689364	5.0
260	train	2.6000000000000002e-05	1.3481535400663105	1.2603989498955863	0.006675651097404106	1.2605324813297816	1.7524210384913854	0.4285714370863779	5.0
270	train	2.7e-05	1.3537521192005704	1.257090926170349	0.005884186431233372	1.2572085857391357	1.9308705329895022	0.14285714498588017	5.0
280	train	2.8e-05	1.336147700037275	1.2512998921530587	0.00725685924823795	1.2514450209481376	1.6940537691116333	0.40000001021793913	5.0
290	train	2.9e-05	1.343891109739031	1.2564092704227992	0.004842872664864575	1.2565061194556102	1.7477000781467982	0.40000000808920183	5.0
300	train	3e-05	1.3507389681679862	1.2540852001735143	0.007373568269291093	1.2542326620646886	1.9301259347370694	0.22857143197740828	5.0
310	train	3.1e-05	1.3450373922075542	1.25145959854126	0.004193772561848164	1.2515434537615096	1.8698787859507968	0.3428571522235871	5.0
320	train	3.2e-05	1.332195452281407	1.2464985166277205	0.004872176929243973	1.2465959446770802	1.7119897774287633	0.3714285854782377	5.0
330	train	3.3e-05	1.3406567573547363	1.2562157426561629	0.0047902173495718405	1.2563115698950629	1.6869036981037686	0.34285714796611244	5.0
340	train	3.4e-05	1.3530649968555997	1.255407214164734	0.005179138854146004	1.255510790007455	1.9510841199329922	0.25714286097458433	5.0
350	train	3.5000000000000004e-05	1.3484434229987008	1.2557309695652552	0.00423009813364063	1.255815557071141	1.8525574207305908	0.28571428997176035	5.0
360	train	3.6e-05	1.3479479721614294	1.257270302091326	0.004450312083853142	1.2573593173708233	1.8117729595729284	0.17142857398305622	5.0
370	train	3.7000000000000005e-05	1.342036076954433	1.2521627800805228	0.0038260521832853556	1.252239295414516	1.7959359203066148	0.34285715009484974	5.0
380	train	3.8e-05	1.3438719851630079	1.2534139496939523	0.0037907319076891455	1.2534897668021066	1.8076442650386266	0.37142857909202576	5.0
390	train	3.9e-05	1.3428366524832591	1.2584442581449238	0.006689055224082299	1.2585780279976981	1.685172200202942	0.4000000102179392	5.0
400	train	4e-05	1.3477009194237846	1.2601288727351598	0.0035606476677847764	1.2602000747408186	1.750016689300537	0.34285714796611244	5.0
410	train	4.1e-05	1.3306165933609007	1.2534449441092357	0.0032587279565632343	1.2535101345607214	1.5421292781829834	0.6857142959322249	5.0
420	train	4.2000000000000004e-05	1.3477413313729423	1.2594860110964092	0.003861884952389768	1.2595632416861398	1.7635618448257446	0.314285716840199	5.0
430	train	4.3e-05	1.3437130110604423	1.2596669537680487	0.0035139674853001323	1.2597372361591883	1.6795152936662947	0.3714285812207631	5.0
440	train	4.4000000000000006e-05	1.3509863444737027	1.2620879922594341	0.002810994628816843	1.2621441909245081	1.776843105043684	0.25714286097458433	5.0
450	train	4.5e-05	1.3414932659694125	1.2487982000623432	0.003961600363254547	1.2488774061203005	1.8523169926234653	0.314285723226411	5.0
460	train	4.6e-05	1.348777413368225	1.2520435197012767	0.00815835501998663	1.2522066831588745	1.9314149618148801	0.14285714498588017	5.0
470	train	4.7e-05	1.3483365944453645	1.2565038544791085	0.004396401412252868	1.2565917628152028	1.8348963601248607	0.2285714341061456	5.0
480	train	4.8e-05	1.3563652890069144	1.2532432419913155	0.0038088494579174687	1.253319433757237	2.0609176499503	0.20000000298023224	5.0
490	train	4.9000000000000005e-05	1.3496680430003576	1.2581116812569753	0.00701862879629646	1.258252075740269	1.828319481440953	0.28571429210049765	5.0
500	train	5e-05	1.3490664958953857	1.2557757241385323	0.007567784815494503	1.2559270688465665	1.8627886090959822	0.17142857398305622	5.0
510	train	5.1000000000000006e-05	1.3384477070399692	1.2466757808412825	0.00530498375051788	1.246781894138881	1.8333163261413574	0.34285715222358704	5.0
520	train	5.2000000000000004e-05	1.3580562216894967	1.2479268823351177	0.002959232178649732	1.2479860782623293	2.201403089932033	0.20000000298023224	5.0
530	train	5.300000000000001e-05	1.3346870797021049	1.2436009475163052	0.0069048128622983184	1.2437390429633004	1.8189604452678136	0.31428572109767366	5.0
540	train	5.4e-05	1.3471023525510515	1.259764347757612	0.00275907146611384	1.2598195246287753	1.7456560475485667	0.28571428997176035	5.0
550	train	5.5e-05	1.330899919782366	1.243635194642203	0.002750881282346589	1.2436902012143816	1.7441948311669488	0.25714286310332163	5.0
560	train	5.6e-05	1.3454189130238126	1.2523896864482333	0.0028425732161849737	1.252446532249451	1.8594475984573366	0.4000000080892018	5.0
570	train	5.7e-05	1.3437355416161674	1.2544690540858676	0.004037049133330583	1.2545497928346907	1.78371490750994	0.25714286097458433	5.0
580	train	5.8e-05	1.3393569844109672	1.24830881186894	0.0025646802304046495	1.2483601059232439	1.8199377741132463	0.25714286097458433	5.0
590	train	5.9000000000000004e-05	1.3379225560597012	1.2512613705226354	0.0025545773761613028	1.2513124602181571	1.7322018487112865	0.40000001021793913	5.0
600	train	6e-05	1.3426084348133631	1.2518303905214583	0.006233767007610627	1.2519550664084298	1.8130675894873483	0.28571429210049765	5.0
610	train	6.1000000000000005e-05	1.337181840624128	1.2481758764811923	0.0038971859363040756	1.2482538223266602	1.7785602126802718	0.34285715222358704	5.0
620	train	6.2e-05	1.3378832851137434	1.2547967774527413	0.003294450962649924	1.2548626491001675	1.6604129246303012	0.28571429210049765	5.0
630	train	6.3e-05	1.3406576769692558	1.2484402826854162	0.0028285707480141093	1.2484968730381556	1.843215891293117	0.28571428997176035	5.0
640	train	6.4e-05	1.336702959878104	1.2462743520736694	0.004627051962805646	1.2463668925421578	1.8067219257354736	0.28571428997176035	5.0
650	train	6.500000000000001e-05	1.3380039419446672	1.2507779598236084	0.0031918387061783244	1.2508417878832137	1.7432430131094796	0.37142857909202576	5.0
660	train	6.6e-05	1.343468461717878	1.253564613206046	0.0032528061087110215	1.2536296503884452	1.7967761414391656	0.3714285812207631	5.0
670	train	6.7e-05	1.3306310006550381	1.2453302315303256	0.002627847616427711	1.245382802827018	1.7049632923943656	0.285714294229235	5.0
680	train	6.8e-05	1.3363378047943117	1.2533021824700492	0.010050016189260142	1.2535031693322318	1.6566924367632183	0.4571428682122912	5.0
690	train	6.900000000000001e-05	1.3372311081205095	1.2449736595153809	0.0033397063546414885	1.2450404678072249	1.8438129254749842	0.28571428997176035	5.0
700	train	7.000000000000001e-05	1.343990411077227	1.2562786170414515	0.00343025299454374	1.256347213472639	1.7528635433741977	0.28571428997176035	5.0
710	train	7.1e-05	1.3394062859671456	1.2497422013963972	0.0053170302084514075	1.2498485701424733	1.791154316493443	0.25714286310332163	5.0
720	train	7.2e-05	1.3381267615727017	1.251719900539943	0.005258582199790648	1.2518250771931239	1.726033891950335	0.2857142921004977	5.0
730	train	7.300000000000001e-05	1.3384803874152047	1.2460746254239763	0.00596697728282639	1.2461939539228166	1.8457285846982687	0.17142857398305622	5.0
740	train	7.400000000000001e-05	1.3228771686553955	1.2427316393171037	0.004674487747251988	1.2428251334599085	1.6010403292519706	0.4000000059604645	5.0
750	train	7.5e-05	1.3342727763312203	1.2475226095744543	0.0038645300748092787	1.24759989125388	1.7334573609488348	0.34285715009484974	5.0
760	train	7.6e-05	1.330073288508824	1.2415577002934046	0.003560735544721995	1.2416289022990636	1.7688878434044975	0.08571428699152811	5.0
770	train	7.7e-05	1.340282848903111	1.248919112341745	0.006529065048588173	1.2490496976034984	1.824662787573678	0.3142857189689364	5.0
780	train	7.8e-05	1.3295474903924123	1.2467711312430243	0.005692861575101103	1.2468850101743425	1.653249297823225	0.34285715435232433	5.0
790	train	7.9e-05	1.3272815431867326	1.2350303615842546	0.005476212661181177	1.235139880861555	1.842833195413862	0.2857142921004977	5.0
800	train	8e-05	1.323359591620309	1.2410746812820435	0.008275448477693965	1.241240177835737	1.6423883949007307	0.20000000510896956	5.0
810	train	8.1e-05	1.3344134092330933	1.248695032937186	0.005949298651622875	1.2488140378679549	1.7119873762130737	0.3428571500948498	5.0
820	train	8.2e-05	1.3244266169411796	1.242836253983634	0.013585477003029416	1.2431079830442158	1.626372797148568	0.42857143921511515	5.0
830	train	8.3e-05	1.3353659766060966	1.2493897506168912	0.011113100685179234	1.2496120078223092	1.7150796822139196	0.3428571500948498	5.0
840	train	8.400000000000001e-05	1.3277869054249354	1.2411449636731828	0.0077591577677854455	1.2413001571382796	1.7297345570155551	0.37142857909202576	5.0
850	train	8.5e-05	1.3288771765572684	1.2382487569536482	0.005987039168498346	1.2383685111999512	1.8101737328938077	0.25714286310332163	5.0
860	train	8.6e-05	1.340855257851737	1.2528926304408483	0.007979257231844322	1.2530522176197596	1.756060242652893	0.28571429210049765	5.0
870	train	8.700000000000001e-05	1.3319721051624844	1.2374426977975028	0.011825464399797576	1.237679191998073	1.8858585698263988	0.2285714341061456	5.0
880	train	8.800000000000001e-05	1.3374182667051042	1.2514798300606864	0.007976761952574763	1.2516393661499023	1.7155779259545463	0.4571428660835539	5.0
890	train	8.900000000000001e-05	1.3354273693902152	1.2512434720993044	0.0075591216529054305	1.2513946635382518	1.680653657232012	0.34285714796611244	5.0
900	train	9e-05	1.338334628513881	1.2531898873192924	0.009555973112583162	1.2533809798104423	1.6990728718893868	0.45714286821229116	5.0
910	train	9.1e-05	1.3489842074257987	1.250482371875218	0.006277499720454216	1.250607933316912	1.9675254481179372	0.22857143410614564	5.0
920	train	9.2e-05	1.3317740985325404	1.2419290202004571	0.008368801192513535	1.2420964070728846	1.7935538802828108	0.22857143197740828	5.0
930	train	9.3e-05	1.3385663884026666	1.2545771769114902	0.009401595752154077	1.2547652210508073	1.6760235854557584	0.3714285790920258	5.0
940	train	9.4e-05	1.3240381649562292	1.2353578805923462	0.011445355867700917	1.235586796488081	1.7690274545124598	0.42857143708637785	5.0
950	train	9.5e-05	1.3408426897866386	1.2442677531923565	0.007208035726632391	1.2444118942533222	1.928616029875619	0.22857143197740828	5.0
960	train	9.6e-05	1.322988816670009	1.242114271436419	0.011069564947060176	1.2423356430871146	1.6130636078970773	0.45714286821229116	5.0
970	train	9.7e-05	1.3345643963132585	1.2372935158865792	0.009876367103840622	1.2374910456793649	1.9414668253489904	0.11428571598870414	5.0
980	train	9.800000000000001e-05	1.336245366505214	1.237877130508423	0.015165568196347779	1.2381804500307356	1.9612985679081507	0.2285714341061456	5.0
990	train	9.900000000000001e-05	1.3258535180773052	1.2415597609111242	0.016268557203667502	1.2418851341520036	1.6793677977153232	0.40000001021793913	5.0
1000	train	0.0001	1.3292948518480574	1.2418831075940815	0.014620059435921056	1.242175510951451	1.742386783872332	0.37142857909202576	5.0
1000	val		1.323820237070322	1.2372974921017885	0.014610001089749858	1.237589681521058	1.7246110830456018	0.34375	1.0
1010	train	9.99999907510999e-05	1.325184464454651	1.2344095839394464	0.011667956598103045	1.2346429427464802	1.8108305268817477	0.25000000000000006	4.000000000000001
1020	train	9.99999630044034e-05	1.33576590485043	1.2402892377641466	0.016031991379956402	1.240609884262085	1.9031202925576103	0.3055555555555556	4.000000000000001
1030	train	9.999991675992191e-05	1.3456615606943767	1.2420362763934665	0.011830528473688495	1.2422728803422718	2.067774189843072	0.19444444444444442	4.000000000000001
1040	train	9.999985201767443e-05	1.3352810011969671	1.2415560086568198	0.011895251667333972	1.2417939106623332	1.869742035865784	0.3055555555555556	4.000000000000001
1050	train	9.999976877768759e-05	1.3374342918395996	1.2378097110324435	0.011793382051918242	1.2380455732345583	1.9877743853463066	0.19444444444444448	4.000000000000001
1060	train	9.999966703999557e-05	1.3252968390782673	1.2392186058892145	0.012888260910080537	1.239476376109653	1.7164093653361001	0.2777777777777778	4.000000000000001
1070	train	9.999954680464024e-05	1.3406190342373319	1.2445900042851765	0.021163354317347213	1.245013263490465	1.9121155341466267	0.2777777777777778	4.000000000000001
1080	train	9.9999408071671e-05	1.3211702638202245	1.2364249361885917	0.014922583061787818	1.2367233965131972	1.6889377037684126	0.4166666666666667	4.000000000000001
1090	train	9.999925084114486e-05	1.322768568992615	1.236809664302402	0.012835877740548717	1.2370663748847113	1.7140438821580675	0.3055555555555556	4.000000000000001
1100	train	9.999907511312648e-05	1.33390916718377	1.2424885829289753	0.01605782544033395	1.2428097460005016	1.8219881057739258	0.25	4.000000000000001
1110	train	9.999888088768808e-05	1.3338682783974543	1.2454876104990644	0.012721662823524741	1.2457420296139188	1.7625247769885595	0.3333333333333333	4.000000000000001
1120	train	9.999866816490951e-05	1.3214739163716633	1.2347338332070243	0.012798938693271743	1.2349898152881198	1.729682034916348	0.38888888888888895	4.000000000000001
1130	train	9.99984369448782e-05	1.335568348566691	1.239794347021315	0.014689198902083766	1.240088144938151	1.9096044037077162	0.1388888888888889	4.000000000000001
1140	train	9.99981872276892e-05	1.3263211250305176	1.2355098989274766	0.016015367168519232	1.2358302010430229	1.8098191022872925	0.3055555555555555	4.000000000000001
1150	train	9.999791901344516e-05	1.320687572161357	1.2335977421866524	0.014449010810090434	1.2338867319954767	1.7360165516535442	0.25	4.000000000000001
1160	train	9.999763230225636e-05	1.3081149260203044	1.2227495776282415	0.015601954215930566	1.223061614566379	1.7010663880242245	0.4166666666666667	4.000000000000001
1170	train	9.99973270942406e-05	1.3360125753614636	1.2394878731833563	0.016466361780961353	1.2398171954684787	1.923907955487569	0.19444444444444442	4.000000000000001
1180	train	9.999700338952336e-05	1.3098047971725464	1.2262499729792278	0.021207762675152883	1.226674106385973	1.6626139349407618	0.38888888888888895	4.000000000000001
1190	train	9.999666118823774e-05	1.3349620898564656	1.2387577427758112	0.016836742663549054	1.2390944692823622	1.917352583673265	0.3055555555555556	4.000000000000001
1200	train	9.999630049052437e-05	1.3136472966935897	1.2293010817633736	0.01971332480510076	1.229695373111301	1.679038789537218	0.33333333333333337	4.000000000000001
1210	train	9.999592129653153e-05	1.3133464124467638	1.2354663610458376	0.015995795735054545	1.2357862657970853	1.5512028402752347	0.38888888888888884	4.000000000000001
1220	train	9.999552360641508e-05	1.3251617087258232	1.235820121235318	0.024718188784188695	1.2363144821590848	1.7769445975621543	0.25	4.000000000000001
1230	train	9.999510742033851e-05	1.3108114798863728	1.2325593100653756	0.015644203457567427	1.2328721947140164	1.5587859286202321	0.5277777777777779	4.000000000000001
1240	train	9.99946727384729e-05	1.3130965762668187	1.2260122034284806	0.017694104462862015	1.2263660828272502	1.7346098290549383	0.33333333333333326	4.000000000000001
1250	train	9.999421956099691e-05	1.322072174814012	1.2308702203962538	0.015892958578964077	1.2311880853441026	1.8176819483439128	0.27777777777777773	4.000000000000001
1260	train	9.999374788809685e-05	1.3155537181430392	1.2276765637927585	0.018933836370706558	1.2280552254782782	1.749969747331407	0.2777777777777778	4.000000000000001
1270	train	9.999325771996659e-05	1.3078450494342382	1.2194954819149442	0.01795131423407131	1.2198545270495944	1.759810553656684	0.3055555555555556	4.000000000000001
1280	train	9.999274905680763e-05	1.3161407974031234	1.2334112326304119	0.02501313781572713	1.2339114877912734	1.6445862584643895	0.3888888888888889	4.000000000000001
1290	train	9.999222189882904e-05	1.3061774174372356	1.228177282545302	0.01465956007854806	1.2284704711702132	1.5541387134128146	0.4722222222222222	4.000000000000001
1300	train	9.999167624624756e-05	1.3101776838302612	1.224619494544135	0.022078723543220095	1.2250610722435844	1.7023320860332913	0.38888888888888884	4.000000000000001
1310	train	9.999111209928744e-05	1.3157802555296156	1.2232212755415175	0.021553060246838465	1.2236523363325331	1.842557920349969	0.2222222222222222	4.000000000000001
1320	train	9.999052945818061e-05	1.3081792063183255	1.2263496319452925	0.020586968916985724	1.2267614073223538	1.6283559401830034	0.38888888888888884	4.000000000000001
1330	train	9.998992832316656e-05	1.3142134348551435	1.2325819598303902	0.022412686712212034	1.2330302000045776	1.6236645380655923	0.38888888888888884	4.000000000000001
1340	train	9.998930869449238e-05	1.2837190628051758	1.2032711903254192	0.024465978766481083	1.2037605179680717	1.5991706715689764	0.4166666666666667	4.000000000000001
1350	train	9.99886705724128e-05	1.284486307038201	1.2090934382544625	0.024626212815443676	1.2095859713024564	1.4980065160327487	0.4444444444444445	4.000000000000001
1360	train	9.998801395719012e-05	1.3083520465426974	1.2221660614013672	0.027938386218415365	1.2227248085869684	1.7125449445512562	0.2777777777777778	4.000000000000001
1370	train	9.998733884909424e-05	1.3067515558666654	1.2177655167049835	0.029702949648102127	1.2183595763312447	1.7678392993079293	0.3055555555555555	4.000000000000001
1380	train	9.99866452484027e-05	1.2898690435621474	1.2122832139333086	0.02097027003765106	1.2127026319503784	1.5433283249537149	0.4444444444444445	4.000000000000001
1390	train	9.998593315540058e-05	1.3084005514780679	1.222214208708869	0.02842459724181229	1.2227826913197837	1.7123573621114097	0.33333333333333337	4.000000000000001
1400	train	9.99852025703806e-05	1.316329730881585	1.2255467706256444	0.045775584876537316	1.2264622847239177	1.7973485390345254	0.2777777777777778	4.000000000000001
1410	train	9.998445349364309e-05	1.2980051967832775	1.2101697524388633	0.027156400597757764	1.2107128832075333	1.7458465099334717	0.4444444444444444	4.000000000000001
1420	train	9.998368592549596e-05	1.2867726087570188	1.2024015188217163	0.019448476015693616	1.2027904854880438	1.6796425183614097	0.3055555555555556	4.000000000000001
1430	train	9.998289986625472e-05	1.3122873836093478	1.2266018523110283	0.024381055393152766	1.2270894580417206	1.7039589219623141	0.3611111111111111	4.000000000000001
1440	train	9.998209531624251e-05	1.3106758991877239	1.2270787954330444	0.018340498208999634	1.227445615662469	1.6646057764689128	0.2222222222222222	4.000000000000001
1450	train	9.998127227579004e-05	1.3064224587546454	1.218585146798028	0.021789385212792292	1.2190209229787192	1.7480305698182848	0.36111111111111116	4.000000000000001
1460	train	9.998043074523561e-05	1.3207665549384224	1.2334528234269884	0.028779025293058817	1.2340284056133695	1.7347633043924968	0.3055555555555556	4.000000000000001
1470	train	9.997957072492516e-05	1.2959787315792508	1.2085713942845662	0.024236506678991843	1.2090561125013561	1.7384525140126545	0.25	4.000000000000001
1480	train	9.997869221521223e-05	1.3016866577996147	1.2163422637515597	0.02645063317484326	1.2168712483512032	1.6963084141413367	0.2777777777777778	4.000000000000001
1490	train	9.997779521645793e-05	1.2876660161548192	1.2044895225101047	0.026860715407464236	1.2050267325507271	1.652785533004337	0.33333333333333337	4.000000000000001
1500	train	9.997687972903096e-05	1.297520955403646	1.2087147368325126	0.03442669163147609	1.2094032764434814	1.762353512975905	0.25	4.000000000000001
1510	train	9.997594575330766e-05	1.2913177278306749	1.2004973623487685	0.029385676400529012	1.2010850773917308	1.8046533399158056	0.27777777777777773	4.000000000000001
1520	train	9.997499328967195e-05	1.2979861365424263	1.219732191827562	0.02160264344678985	1.2201642592748008	1.5564375585979886	0.47222222222222215	4.000000000000001
1530	train	9.997402233851536e-05	1.2894982231987846	1.2019054227405124	0.030682774260640144	1.20251907242669	1.73958330684238	0.3055555555555556	4.000000000000001
1540	train	9.9973032900237e-05	1.272372669643826	1.1817809343338013	0.03286592558854156	1.1824382543563845	1.7986885574128895	0.36111111111111116	4.000000000000001
1550	train	9.997202497524359e-05	1.298845609029134	1.2080859210756092	0.028518351622753672	1.2086562580532498	1.8037868738174436	0.41666666666666663	4.000000000000001
1560	train	9.997099856394947e-05	1.291132198439704	1.2014430363972983	0.041955828666687005	1.2022821373409696	1.7770011557473078	0.3055555555555556	4.000000000000001
1570	train	9.996995366677653e-05	1.2962615092595418	1.2016540368398032	0.0387539884282483	1.2024291223949857	1.8766477240456476	0.22222222222222224	4.000000000000001
1580	train	9.99688902841543e-05	1.2919681204689875	1.2043032513724434	0.03208578274481826	1.2049449682235718	1.740463005171882	0.27777777777777773	4.000000000000001
1590	train	9.996780841651991e-05	1.2881912920210095	1.1966903209686282	0.03575109835300181	1.19740535153283	1.815718730290731	0.33333333333333337	4.000000000000001
1600	train	9.996670806431805e-05	1.297691649860806	1.2029753658506603	0.02881571753985352	1.2035517030292089	1.8827992545233831	0.3055555555555555	4.000000000000001
1610	train	9.996558922800105e-05	1.2720306581921048	1.1908890671200223	0.04171145334839821	1.191723280482822	1.6061476469039917	0.3055555555555556	4.000000000000001
1620	train	9.996445190802881e-05	1.282284829351637	1.189253913031684	0.04309661665724383	1.1901158359315658	1.843380292256673	0.24999999999999997	4.000000000000001
1630	train	9.996329610486886e-05	1.245021422704061	1.1510070032543605	0.04775485541257593	1.1519621080822415	1.861186279190911	0.22222222222222227	4.000000000000001
1640	train	9.996212181899629e-05	1.2876952621671889	1.2010462681452432	0.05031435108847089	1.2020525534947712	1.7128541866938272	0.2777777777777778	4.000000000000001
1650	train	9.99609290508938e-05	1.2729276683595445	1.1887675391303165	0.03718612508641349	1.1895112593968709	1.6683283646901448	0.3333333333333333	4.000000000000001
1660	train	9.995971780105171e-05	1.284549805853102	1.1950602266523571	0.03861044285198052	1.1958324246936374	1.774347398016188	0.3055555555555556	4.000000000000001
1670	train	9.995848806996791e-05	1.2363372378879123	1.1478143930435178	0.051096450744403735	1.1488363279236689	1.7500178416570027	0.36111111111111116	4.000000000000001
1680	train	9.995723985814789e-05	1.3049253490236068	1.2207241588168676	0.026337361998028226	1.221250918176439	1.6734886434343124	0.36111111111111116	4.000000000000001
1690	train	9.995597316610474e-05	1.2983369032541912	1.2111964225769043	0.041278142482042306	1.2120219866434734	1.7262981865141125	0.38888888888888884	4.000000000000001
1700	train	9.995468799435917e-05	1.2598513762156167	1.1689887973997328	0.05190563719305727	1.1700269248750474	1.7964890003204343	0.2777777777777778	4.000000000000001
1710	train	9.995338434343944e-05	1.2979695399602251	1.2077573670281305	0.028409435931179262	1.2083255582385592	1.792879594696893	0.2777777777777778	4.000000000000001
1720	train	9.995206221388146e-05	1.2768732574250963	1.18838361899058	0.044223447019855186	1.189268085691664	1.752103474405077	0.3611111111111111	4.000000000000001
1730	train	9.995072160622867e-05	1.302016364203559	1.2147423028945923	0.024537311039037172	1.2152330610487196	1.7356662352879841	0.36111111111111105	4.000000000000001
1740	train	9.994936252103218e-05	1.2222651773028905	1.1396545105510287	0.061217212428649276	1.1408788760503132	1.6277258263693917	0.38888888888888884	4.000000000000001
1750	train	9.994798495885064e-05	1.2677361302905614	1.178564959102207	0.05306088262134128	1.1796261933114796	1.7621984879175825	0.2777777777777778	4.000000000000001
1760	train	9.994658892025032e-05	1.272101468510098	1.18910362985399	0.04697978186110655	1.1900432109832761	1.641165190272861	0.38888888888888895	4.000000000000001
1770	train	9.994517440580508e-05	1.2481936083899603	1.1595396002133684	0.09184827655553818	1.1613765623834398	1.7363412777582805	0.33333333333333337	4.000000000000001
1780	train	9.994374141609635e-05	1.2754619518915813	1.1775514947043528	0.04602139277590646	1.1784719361199274	1.939800288942125	0.25	4.000000000000001
1790	train	9.994228995171322e-05	1.2764975097444322	1.1871624787648518	0.09948914498090745	1.189152267244127	1.7469044393963284	0.19444444444444445	4.000000000000001
1800	train	9.99408200132523e-05	1.2804014682769775	1.1911653545167713	0.04339336955712902	1.192033224635654	1.767364978790283	0.38888888888888884	4.000000000000001
1810	train	9.993933160131784e-05	1.2958196931415134	1.2110527488920422	0.028248798723022144	1.2116177214516535	1.6840393675698175	0.4444444444444444	4.000000000000001
1820	train	9.993782471652167e-05	1.2663454479641385	1.1758363909191556	0.05734233578874005	1.1769832372665405	1.7872442404429116	0.3055555555555555	4.000000000000001
1830	train	9.993629935948319e-05	1.240581790606181	1.1589837935235763	0.058117234044604824	1.1601461503240795	1.608713083797031	0.3055555555555556	4.000000000000001
1840	train	9.993475553082945e-05	1.3085913790596857	1.2127893765767415	0.03375446403192149	1.2134644720289443	1.9025382465786405	0.2777777777777778	4.000000000000001
1850	train	9.993319323119504e-05	1.2720862494574652	1.1809271044201322	0.05691653531458643	1.1820654206805759	1.8004169331656563	0.33333333333333337	4.000000000000001
1860	train	9.993161246122218e-05	1.283895757463243	1.2061423990461564	0.0321873076674011	1.2067861424552069	1.5421929094526503	0.47222222222222227	4.000000000000001
1870	train	9.993001322156063e-05	1.275508099132114	1.1917038361231487	0.04282612995141082	1.1925603813595242	1.65895414352417	0.3611111111111111	4.000000000000001
1880	train	9.992839551286781e-05	1.2678647306230333	1.1823966370688546	0.049783496807018913	1.1833922995461357	1.6894484493467545	0.41666666666666663	4.000000000000001
1890	train	9.992675933580869e-05	1.2958639065424602	1.2130853202607896	0.031647555323110685	1.213718268606398	1.6429129309124415	0.5	4.000000000000001
1900	train	9.992510469105585e-05	1.2541703648037381	1.1697416967815821	0.05521469170020687	1.1708459854125977	1.666487601068285	0.36111111111111105	4.000000000000001
1910	train	9.992343157928942e-05	1.2787902752558393	1.2003317144181993	0.03962102180553807	1.2011241383022733	1.55332264635298	0.3611111111111111	4.000000000000001
1920	train	9.992174000119718e-05	1.2882766193813748	1.2062533166673448	0.04094924239648713	1.2070722977320354	1.624086168077257	0.38888888888888884	4.000000000000001
1930	train	9.992002995747448e-05	1.2538879182603624	1.167721794711219	0.05399630591273308	1.1688017050425212	1.7017244630389745	0.3888888888888889	4.000000000000001
1940	train	9.991830144882424e-05	1.2671737141079373	1.178429775767856	0.05198768236570887	1.1794695324367948	1.7540836996502347	0.3055555555555556	4.000000000000001
1950	train	9.991655447595698e-05	1.2411244312922158	1.1560159193144903	0.0796633909145991	1.1576091845830283	1.6703046957651777	0.3055555555555556	4.000000000000001
1960	train	9.991478903959083e-05	1.212810946835412	1.1291818751229181	0.08620857074856758	1.1309060388141208	1.6380982928805883	0.4722222222222222	4.000000000000001
1970	train	9.991300514045148e-05	1.2560355265935264	1.1590042379167345	0.05860552171038257	1.1601763566335044	1.9171835846371121	0.22222222222222227	4.000000000000001
1980	train	9.991120277927223e-05	1.2056847413380942	1.1092447307374744	0.119026444438431	1.1116252740224204	1.881189492013719	0.3055555555555555	4.000000000000001
1990	train	9.990938195679396e-05	1.2296950419743855	1.144415431552463	0.07226645449797313	1.14586075146993	1.6766857041252985	0.3055555555555556	4.000000000000001
2000	train	9.990754267376514e-05	1.2368782891167533	1.1509972678290472	0.07446478514207733	1.1524865627288818	1.687834792666965	0.3333333333333333	4.000000000000001
2000	val		1.2675664015114307	1.1879575103521347	0.053304560322430916	1.1890236027538776	1.5708561204373837	0.40625	1.0
2010	train	9.990568493094184e-05	1.2541786697175767	1.1799803707334733	0.05459896744125419	1.1810723410712347	1.4621263874901667	0.4444444444444444	4.000000000000001
2020	train	9.99038087290877e-05	1.2254830731285944	1.1447001894315085	0.07016202414201365	1.146103428469764	1.5875929858949447	0.3611111111111111	4.000000000000001
2030	train	9.990191406897395e-05	1.2256408731142678	1.142139130168491	0.1033549178391695	1.1442062258720398	1.6286930772993302	0.41666666666666674	4.000000000000001
2040	train	9.990000095137943e-05	1.2446791860792372	1.161347945531209	0.06748191805349457	1.1626975933710733	1.6396321720547145	0.3055555555555556	4.000000000000001
2050	train	9.989806937709052e-05	1.2170899973975289	1.1410721407996283	0.10292904782626362	1.1431307395299275	1.4791852633158367	0.3888888888888889	4.000000000000001
2060	train	9.989611934690127e-05	1.1821420921219719	1.1015432278315227	0.11058355536725785	1.1037548912896051	1.5677439239290025	0.3888888888888889	4.000000000000001
2070	train	9.989415086161322e-05	1.2139319380124407	1.1257987949583266	0.0893001121779283	1.1275847951571147	1.7269430425431995	0.4444444444444444	4.000000000000001
2080	train	9.989216392203553e-05	1.2533830404281616	1.1772584517796836	0.05733160467611418	1.1784050994449191	1.499558952119615	0.38888888888888884	4.000000000000001
2090	train	9.989015852898499e-05	1.2725146412849426	1.1774151921272278	0.0571292249692811	1.1785577866766186	1.879137145148383	0.33333333333333337	4.000000000000001
2100	train	9.988813468328593e-05	1.2381412982940674	1.144555237558153	0.08638955425057146	1.1462830238872102	1.8371651702457004	0.16666666666666669	4.000000000000001
2110	train	9.988609238577027e-05	1.1895816657278273	1.1059420373704698	0.07515620750685532	1.107445153925154	1.6427300108803642	0.3611111111111111	4.000000000000001
2120	train	9.988403163727754e-05	1.269955899980333	1.1773456467522516	0.042182208349307374	1.1781892908944023	1.8353321684731378	0.2222222222222222	4.000000000000001
2130	train	9.988195243865481e-05	1.2307851314544676	1.1394242180718317	0.10249526343411869	1.1414741145239937	1.7862203651004367	0.33333333333333337	4.000000000000001
2140	train	9.987985479075677e-05	1.1944145494037204	1.1109463704956903	0.09063713625073433	1.112759126557244	1.6331085231569078	0.4444444444444444	4.000000000000001
2150	train	9.987773869444569e-05	1.222803725136651	1.1409072611067028	0.07628541005154452	1.142432987689972	1.6074148681428695	0.47222222222222227	4.000000000000001
2160	train	9.987560415059141e-05	1.236018909348382	1.150711072815789	0.08534359704289173	1.152417951160007	1.6720191505220199	0.4444444444444445	4.000000000000001
2170	train	9.987345116007138e-05	1.164219405916002	1.0765605635113187	0.12150765086213748	1.0789907177289326	1.7045735385682848	0.3888888888888889	4.000000000000001
2180	train	9.987127972377059e-05	1.2370916472540963	1.1464983224868774	0.07146723257998626	1.1479276683595445	1.7832797898186579	0.25	4.000000000000001
2190	train	9.986908984258162e-05	1.2613849242528279	1.1717688507503934	0.061897782401906125	1.1730067994859483	1.767562601301405	0.3611111111111111	4.000000000000001
2200	train	9.98668815174047e-05	1.255107773674859	1.172862900627984	0.06137444368667072	1.1740903854370115	1.620348122384813	0.38888888888888884	4.000000000000001
2210	train	9.986465474914754e-05	1.255225592189365	1.16589664750629	0.0722459511210521	1.1673415833049352	1.7576799392700193	0.3055555555555555	4.000000000000001
2220	train	9.98624095387255e-05	1.1611093613836498	1.0747372905413308	0.13353421580460337	1.0774079759915671	1.674027270740933	0.2777777777777778	4.000000000000001
2230	train	9.98601458870615e-05	1.2226317723592122	1.1352353758282132	0.08321545231673454	1.1368996964560616	1.7146414385901558	0.22222222222222227	4.000000000000001
2240	train	9.985786379508604e-05	1.2442152367697823	1.1606441669993932	0.08752888958487245	1.1623947487937079	1.6364094946119518	0.36111111111111105	4.000000000000001
2250	train	9.98555632637372e-05	1.1835617489284938	1.1014103028509352	0.13265239405963156	1.104063351949056	1.5899677011701796	0.33333333333333337	4.000000000000001
2260	train	9.985324429396067e-05	1.2322008212407431	1.1487152443991766	0.08250322896573278	1.1503653062714472	1.6367101934221058	0.36111111111111116	4.000000000000001
2270	train	9.985090688670964e-05	1.2288111448287964	1.1475538081592984	0.07504176203575398	1.1490546200010512	1.5951303641001384	0.3888888888888889	4.000000000000001
2280	train	9.984855104294497e-05	1.2134041521284313	1.1311024957233005	0.0957459757725398	1.1330174141459994	1.6077349583307903	0.4444444444444444	4.000000000000001
2290	train	9.984617676363504e-05	1.2532356845008004	1.1634736127323573	0.0705215082400375	1.164884044064416	1.7670324775907729	0.38888888888888895	4.000000000000001
2300	train	9.984378404975582e-05	1.1805041631062825	1.100588003794352	0.12256963468260236	1.1030393971337211	1.5492954651514688	0.33333333333333337	4.000000000000001
2310	train	9.984137290229088e-05	1.2383938100602891	1.1435286270247564	0.08430936332378124	1.1452148159344993	1.8635796308517456	0.25000000000000006	4.000000000000001
2320	train	9.983894332223137e-05	1.1948307752609253	1.104099604818556	0.1056678555905819	1.1062129735946655	1.7723562717437744	0.3055555555555556	4.000000000000001
2330	train	9.983649531057594e-05	1.2375639412138195	1.149313767751058	0.07136814751558834	1.1507411400477092	1.7364560233222113	0.2777777777777778	4.000000000000001
2340	train	9.983402886833094e-05	1.2304443187183804	1.141710705227322	0.09948394551045364	1.143700381120046	1.7348787387212117	0.3055555555555556	4.000000000000001
2350	train	9.983154399651018e-05	1.1639909678035312	1.0608653293715582	0.12568769190046522	1.063379075792101	2.0122380124198065	0.19444444444444442	4.000000000000001
2360	train	9.982904069613512e-05	1.2524600161446466	1.1701577636930678	0.06536826988061269	1.1714651319715712	1.619897815916273	0.41666666666666663	4.000000000000001
2370	train	9.982651896823479e-05	1.2689711120393543	1.1858795616361828	0.055577753318680666	1.186991122033861	1.6395995616912842	0.38888888888888884	4.000000000000001
2380	train	9.982397881384574e-05	1.1877048876550462	1.1079101231363084	0.10956852469179365	1.1101015011469522	1.5520677831437852	0.38888888888888884	4.000000000000001
2390	train	9.982142023401214e-05	1.2360595067342122	1.150742040740119	0.07575580250057909	1.1522571643193564	1.6760470867156985	0.22222222222222227	4.000000000000001
2400	train	9.981884322978577e-05	1.2293984625074597	1.152647720442878	0.07391761098470953	1.1541260613335504	1.5054478380415175	0.3333333333333333	4.000000000000001
2410	train	9.981624780222588e-05	1.2406093544430201	1.1531141334109836	0.07879142959912619	1.154689967632294	1.7183872593773737	0.3055555555555556	4.000000000000001
2420	train	9.981363395239938e-05	1.2706222931543985	1.1889760626686943	0.04137015570369031	1.189803467856513	1.6163760158750744	0.36111111111111116	4.000000000000001
2430	train	9.981100168138073e-05	1.254943357573615	1.1683805651134915	0.05597592579821745	1.1695000860426161	1.7088650067647297	0.3055555555555556	4.000000000000001
2440	train	9.980835099025192e-05	1.219647553231981	1.1397059427367318	0.06167334794170326	1.1409394145011902	1.5741629070705836	0.5000000000000001	4.000000000000001
2450	train	9.98056818801026e-05	1.2768428193198307	1.1951527330610487	0.05376167119377189	1.1962279743618434	1.6122969124052262	0.2777777777777778	4.000000000000001
2460	train	9.98029943520299e-05	1.2463327248891194	1.164471255408393	0.06894829993446669	1.16585021548801	1.6096501085493298	0.38888888888888884	4.000000000000001
2470	train	9.98002884071386e-05	1.2520854340659247	1.166200213962131	0.06290856293506093	1.16745838854048	1.6925408840179443	0.25	4.000000000000001
2480	train	9.9797564046541e-05	1.1570226616329617	1.0824661586019728	0.11253790019287002	1.0847169293297663	1.4461142619450889	0.4444444444444444	4.000000000000001
2490	train	9.979482127135695e-05	1.2217572662565441	1.138797130849626	0.07313801472385723	1.1402598818143206	1.6299479007720947	0.3055555555555556	4.000000000000001
2500	train	9.979206008271392e-05	1.2337189515431721	1.1435306469599407	0.10187858053379588	1.1455682118733725	1.7630146344502766	0.2777777777777778	4.000000000000001
2510	train	9.978928048174695e-05	1.2698571417066786	1.186302661895752	0.057086899048752256	1.1874444087346394	1.648254540231493	0.3611111111111111	4.000000000000001
2520	train	9.97864824695986e-05	1.291669699880812	1.19444653722975	0.045556579613023326	1.1953576803207397	1.926240086555481	0.1388888888888889	4.000000000000001
2530	train	9.978366604741904e-05	1.2172345452838473	1.1400132377942402	0.08763955264455742	1.141766024960412	1.5093703402413263	0.38888888888888884	4.000000000000001
2540	train	9.978083121636601e-05	1.2143598066435919	1.129521952735053	0.09699558797809812	1.1314618719948661	1.6579589313930936	0.3055555555555556	4.000000000000001
2550	train	9.977797797760479e-05	1.2040824360317655	1.12672354777654	0.09419324435293674	1.1286073989338345	1.5095005167855158	0.36111111111111105	4.000000000000001
2560	train	9.97751063323082e-05	1.2220227718353271	1.1469711860020955	0.07163343702753384	1.148403843243917	1.472378757264879	0.4722222222222222	4.000000000000001
2570	train	9.977221628165673e-05	1.2304766575495403	1.136763075987498	0.08900599885318014	1.1385432150628831	1.838668770260281	0.2222222222222222	4.000000000000001
2580	train	9.976930782683835e-05	1.2447691096199882	1.146568841404385	0.07564164884388447	1.1480816668934293	1.9337487485673692	0.22222222222222224	4.000000000000001
2590	train	9.976638096904859e-05	1.2485596471362643	1.1688408851623533	0.051224378661976926	1.169865369796753	1.5738854673173694	0.4166666666666667	4.000000000000001
2600	train	9.976343570949058e-05	1.2218345006306968	1.1339345508151584	0.10131029867463641	1.1359607643551297	1.717474248674181	0.3055555555555555	4.000000000000001
2610	train	9.976047204937503e-05	1.2348353465398154	1.1547609567642212	0.08956295458806886	1.156552208794488	1.5656629535886977	0.33333333333333337	4.000000000000001
2620	train	9.975748998992017e-05	1.1845276686880324	1.0924661888016596	0.1025680127657122	1.094517555501726	1.8002022504806519	0.3055555555555556	4.000000000000001
2630	train	9.975448953235181e-05	1.2223940955268013	1.145271632406447	0.0816594118045436	1.1469048261642456	1.5097849766413372	0.41666666666666663	4.000000000000001
2640	train	9.975147067790331e-05	1.2599776983261108	1.1822251743740504	0.05998685728344653	1.1834249099095662	1.5310562319225736	0.44444444444444453	4.000000000000001
2650	train	9.974843342781565e-05	1.213644418451521	1.1310850646760728	0.09075287398364809	1.1329001386960347	1.6148855686187744	0.3888888888888889	4.000000000000001
2660	train	9.974537778333729e-05	1.2189388275146484	1.133263481987847	0.06771441114445527	1.1346177922354803	1.686420334710015	0.33333333333333337	4.000000000000001
2670	train	9.97423037457243e-05	1.241205003526476	1.1566660404205322	0.06355719889203706	1.1579371955659652	1.6653560664918687	0.3888888888888889	4.000000000000001
2680	train	9.973921131624032e-05	1.1280599766307406	1.0442222158114116	0.17262551105684706	1.0476747420099046	1.6077047189076743	0.47222222222222227	4.000000000000001
2690	train	9.973610049615652e-05	1.211544560061561	1.1372206475999622	0.09713494777679443	1.1391633616553414	1.4476236634784274	0.5277777777777779	4.000000000000001
2700	train	9.973297128675162e-05	1.225890987449222	1.1321707897716098	0.08417807271083196	1.1338543494542441	1.8407327466540864	0.25	4.000000000000001
2710	train	9.972982368931194e-05	1.2287161747614541	1.143401066462199	0.10006141103804111	1.1454022857877946	1.6662775807910495	0.22222222222222224	4.000000000000001
2720	train	9.972665770513134e-05	1.2620677285724218	1.1783879730436537	0.07100264438324506	1.1798080338372123	1.6451938682132297	0.3333333333333333	4.000000000000001
2730	train	9.972347333551122e-05	1.211866921848721	1.1290521687931485	0.0782102919701073	1.1306163867314656	1.6250104506810503	0.3888888888888889	4.000000000000001
2740	train	9.972027058176057e-05	1.158291048473782	1.0782932109302945	0.11346751472188368	1.0805625650617812	1.5545696682400174	0.38888888888888895	4.000000000000001
2750	train	9.971704944519592e-05	1.2004234592119853	1.1113886104689703	0.1128327879640791	1.1136452754338584	1.7355638609992132	0.3055555555555556	4.000000000000001
2760	train	9.971380992714136e-05	1.1344282031059263	1.0525040957662795	0.15225488568345705	1.0555491977267795	1.577580134073893	0.33333333333333337	4.000000000000001
2770	train	9.971055202892852e-05	1.1883290674951341	1.1015464067459106	0.10670676310029295	1.1036805510520935	1.6929702758789065	0.22222222222222227	4.000000000000001
2780	train	9.97072757518966e-05	1.251535971959432	1.1682947079340615	0.06671121426754527	1.1696289115481906	1.638141711552938	0.3333333333333333	4.000000000000001
2790	train	9.970398109739236e-05	1.2407850954267714	1.1566465960608587	0.0720949015683598	1.1580884986453588	1.6539317766825359	0.3055555555555555	4.000000000000001
2800	train	9.970066806677013e-05	1.2017856107817755	1.122429735130734	0.10437712052630053	1.1245172818501792	1.5453667243321738	0.47222222222222227	4.000000000000001
2810	train	9.969733666139172e-05	1.2028037177191842	1.123003217909071	0.09234677420722114	1.1248501539230347	1.5590711567136977	0.4722222222222223	4.000000000000001
2820	train	9.969398688262659e-05	1.2099002798398335	1.1201588180330064	0.09406000748276712	1.1220400068495007	1.757205605506897	0.3055555555555556	4.000000000000001
2830	train	9.969061873185169e-05	1.2574873235490587	1.1790245241589017	0.04584465382827653	1.1799414290322197	1.550917638672723	0.41666666666666674	4.000000000000001
2840	train	9.968723221045153e-05	1.218578577041626	1.1366199387444391	0.08492149909337361	1.1383183797200522	1.605203668276469	0.41666666666666663	4.000000000000001
2850	train	9.96838273198182e-05	1.250875618722704	1.167193055152893	0.07478462035457294	1.168688734372457	1.6437375942866006	0.38888888888888895	4.000000000000001
2860	train	9.968040406135132e-05	1.2173779540591771	1.1345955795711942	0.0910280661450492	1.1364161438412137	1.619235952695211	0.3333333333333333	4.000000000000001
2870	train	9.967696243645806e-05	1.2274633910920887	1.1446684334013197	0.0825388953089714	1.1463192171520658	1.6228833066092598	0.4166666666666667	4.000000000000001
2880	train	9.967350244655313e-05	1.1938230064180162	1.1087698207961187	0.11105701244539685	1.1109909613927207	1.6566405826144748	0.25	4.000000000000001
2890	train	9.96700240930588e-05	1.214941700299581	1.1271657347679138	0.08525235433545378	1.1288707653681436	1.7214184469646878	0.33333333333333337	4.000000000000001
2900	train	9.966652737740493e-05	1.2358810769187079	1.1510638727082145	0.07420736923813821	1.1525480217403836	1.6666612227757769	0.36111111111111116	4.000000000000001
2910	train	9.966301230102885e-05	1.2680267625384862	1.183452076382107	0.044807838069068066	1.1843482388390436	1.6735708051257663	0.3055555555555556	4.000000000000001
2920	train	9.965947886537546e-05	1.2634329001108806	1.176395508978102	0.06588613676528136	1.177713221973843	1.7143934302859838	0.33333333333333337	4.000000000000001
2930	train	9.965592707189726e-05	1.145178688897027	1.0592337316936917	0.12355045581029521	1.0617047548294067	1.6694784959157307	0.33333333333333337	4.000000000000001
2940	train	9.965235692205424e-05	1.1546540922588773	1.056062122186025	0.12185714145501454	1.0584992700152929	1.923096418380737	0.19444444444444442	4.000000000000001
2950	train	9.964876841731396e-05	1.2302940289179485	1.1437720192803276	0.07525966626902421	1.1452771955066257	1.7003363503350153	0.33333333333333337	4.000000000000001
2960	train	9.964516155915151e-05	1.2538265917036269	1.1792532867855496	0.059029375513394676	1.1804338826073542	1.4678540097342596	0.5277777777777778	4.000000000000001
2970	train	9.964153634904953e-05	1.1905427243974471	1.1055045525232952	0.11237370284895104	1.1077520317501492	1.6558136145273843	0.24999999999999997	4.000000000000001
2980	train	9.963789278849824e-05	1.215749210781521	1.1327735185623167	0.09262370318174362	1.1346259779400296	1.62246474954817	0.33333333333333337	4.000000000000001
2990	train	9.963423087899533e-05	1.1885704199473064	1.1107043160332575	0.11035512967242134	1.1129114230473838	1.5131796995798747	0.41666666666666663	4.000000000000001
3000	train	9.963055062204608e-05	1.1469625234603882	1.059401081668006	0.12107128173940711	1.0618224872483146	1.7028009891510008	0.36111111111111105	4.000000000000001
3000	val		1.234778709243983	1.1577293393202126	0.06909325016022194	1.1591112008318305	1.5133501011878252	0.46875	1.0
3010	train	9.962685201916331e-05	1.2574223544862535	1.1754515038596258	0.06673757731914519	1.1767862637837727	1.6127216286129422	0.4722222222222222	4.000000000000001
3020	train	9.96231350718674e-05	1.184198750389947	1.101548386944665	0.10141421109437944	1.1035766800244649	1.6124418311648898	0.36111111111111116	4.000000000000001
3030	train	9.961939978168621e-05	1.1763689716657004	1.0898408757315743	0.12361883082323602	1.0923132631513808	1.6811147133509319	0.33333333333333337	4.000000000000001
3040	train	9.96156461501552e-05	1.2091487778557672	1.130421969625685	0.12317849281761382	1.1328855289353266	1.5252650181452434	0.33333333333333337	4.000000000000001
3050	train	9.961187417881733e-05	1.1773308051957025	1.089914176199171	0.10360481362375948	1.0919862786928813	1.706890516810947	0.3611111111111111	4.000000000000001
3060	train	9.960808386922313e-05	1.151392267809974	1.0710002846188018	0.15467210859060287	1.074093719323476	1.5459712611304388	0.44444444444444453	4.000000000000001
3070	train	9.960427522293064e-05	1.1910399132304723	1.1110960907406278	0.10490563760201138	1.1131941808594599	1.5569149255752561	0.5	4.000000000000001
3080	train	9.960044824150546e-05	1.2289461692174277	1.1461976766586304	0.08260595239698888	1.147849784957038	1.6219277116987438	0.3888888888888889	4.000000000000001
3090	train	9.959660292652072e-05	1.1683089004622564	1.0798293815718756	0.11562881142728859	1.082141962316301	1.7233390543195937	0.4166666666666667	4.000000000000001
3100	train	9.959273927955708e-05	1.2398505078421698	1.1576959821912978	0.07948542469077641	1.1592856910493639	1.611296315987905	0.4722222222222222	4.000000000000001
3110	train	9.958885730220271e-05	1.117797679371304	1.0320883128378124	0.12726489040586683	1.0346336099836562	1.6632812288072374	0.41666666666666674	4.000000000000001
3120	train	9.95849569960534e-05	1.1802288956112332	1.0915306607882183	0.11192366729180017	1.0937691330909731	1.7291953033871124	0.3333333333333333	4.000000000000001
3130	train	9.958103836271239e-05	1.2251209947797987	1.1410436431566875	0.09402424738638931	1.1429241233401828	1.6439375480016072	0.3055555555555556	4.000000000000001
3140	train	9.957710140379046e-05	1.1728544765048556	1.0905509524875217	0.10805644343296687	1.0927120645840962	1.6028486490249632	0.2777777777777778	4.000000000000001
3150	train	9.957314612090597e-05	1.1980053385098774	1.118885291947259	0.10891659888956283	1.1210636231634352	1.538834638065762	0.4444444444444444	4.000000000000001
3160	train	9.956917251568481e-05	1.2175107267167833	1.1384271913104587	0.07428338771892919	1.1399128701951768	1.5519569714864094	0.41666666666666663	4.000000000000001
3170	train	9.956518058976034e-05	1.221162782775031	1.1389855345090232	0.0965685426361031	1.1409169303046331	1.6049169169531932	0.36111111111111116	4.000000000000001
3180	train	9.956117034477349e-05	1.2121603621376884	1.1214903328153825	0.09401349102457364	1.1233706010712516	1.7757951815923056	0.3055555555555556	4.000000000000001
3190	train	9.955714178237274e-05	1.1461192568143208	1.0490083230866327	0.14880875332487956	1.0519845088322957	1.8826946682400174	0.16666666666666669	4.000000000000001
3200	train	9.955309490421409e-05	1.2259655528598363	1.1401062938902113	0.09216582775115967	1.1419496271345349	1.6803183290693493	0.33333333333333337	4.000000000000001
3210	train	9.954902971196103e-05	1.188468098640442	1.1088843279414708	0.09694209570686024	1.1108231676949394	1.5528986586464775	0.38888888888888895	4.000000000000001
3220	train	9.954494620728462e-05	1.1716798146565752	1.091800120141771	0.11274366991387473	1.094054996967316	1.5524964465035334	0.36111111111111116	4.000000000000001
3230	train	9.954084439186344e-05	1.1651874714427524	1.0913105871942308	0.11563267848557895	1.0936232341660392	1.4312848647435508	0.5277777777777778	4.000000000000001
3240	train	9.953672426738357e-05	1.1813397937350802	1.09424799018436	0.14228690084483886	1.0970937477217781	1.6849213971032038	0.3055555555555556	4.000000000000001
3250	train	9.953258583553867e-05	1.1733717852168613	1.094443533155653	0.12028333751691712	1.0968491898642645	1.5304516951243081	0.36111111111111116	4.000000000000001
3260	train	9.952842909802987e-05	1.18041471640269	1.0992652508947585	0.09564257309668595	1.1011781030231051	1.5847322344779968	0.33333333333333337	4.000000000000001
3270	train	9.952425405656584e-05	1.249956448872884	1.1585891710387335	0.07631694318519698	1.160115526782142	1.7968183888329399	0.25000000000000006	4.000000000000001
3280	train	9.952006071286282e-05	1.2304749091466267	1.1444352202945287	0.08432597956723636	1.1461217403411865	1.687063627772861	0.3055555555555556	4.000000000000001
3290	train	9.951584906864449e-05	1.2167518138885498	1.1351435714297824	0.09486235885156524	1.1370408137639365	1.5942200554741754	0.38888888888888895	4.000000000000001
3300	train	9.951161912564213e-05	1.1921291881137424	1.1065693298975625	0.1035898412681288	1.1086411343680487	1.6697614325417411	0.4722222222222222	4.000000000000001
3310	train	9.95073708855945e-05	1.1538546350267198	1.0723409122890897	0.10755762540631825	1.0744920505417714	1.5872515837351482	0.2777777777777778	4.000000000000001
3320	train	9.950310435024788e-05	1.2437932358847723	1.1494086649682786	0.09682985726330016	1.1513452529907227	1.8489598830540974	0.22222222222222224	4.000000000000001
3330	train	9.94988195213561e-05	1.1108130349053276	1.024272448486752	0.17134015469087496	1.0276992519696555	1.6622759766048856	0.3611111111111111	4.000000000000001
3340	train	9.949451640068048e-05	1.1766134235594006	1.0968800253338284	0.11582432397537763	1.0991965134938557	1.5483382675382824	0.41666666666666674	4.000000000000001
3350	train	9.949019498998986e-05	1.2036558389663696	1.1139214038848877	0.1009876959853702	1.1159411470095317	1.7542937729093764	0.2777777777777778	4.000000000000001
3360	train	9.948585529106065e-05	1.1542070905367532	1.0738367438316345	0.13820744450721476	1.0766008893648784	1.5521236128277247	0.3611111111111111	4.000000000000001
3370	train	9.948149730567668e-05	1.1188913517528112	1.0300048854615953	0.15510429069399834	1.033106976085239	1.715687765015496	0.3055555555555556	4.000000000000001
3380	train	9.947712103562939e-05	1.1921669443448386	1.1039543350537617	0.10236056355966461	1.1060015492969089	1.7233080201678805	0.33333333333333337	4.000000000000001
3390	train	9.947272648271769e-05	1.11468411816491	1.0243080457051594	0.1415984162853824	1.0271400213241577	1.7508820162879097	0.41666666666666663	4.000000000000001
3400	train	9.946831364874801e-05	1.1548198991351657	1.0699406067530313	0.11170075895885626	1.0721746020846896	1.6529055833816528	0.4444444444444445	4.000000000000001
3410	train	9.946388253553431e-05	1.220701985889011	1.1394950615035162	0.07110721886985832	1.1409172150823803	1.595695310168796	0.4444444444444444	4.000000000000001
3420	train	9.945943314489805e-05	1.1560252043935988	1.0745849543147616	0.10286568250093193	1.076642268233829	1.5876588821411133	0.49999999999999994	4.000000000000001
3430	train	9.94549654786682e-05	1.172428978814019	1.0863890051841736	0.10163770077957048	1.0884217686123319	1.6801440053515964	0.5277777777777778	4.000000000000001
3440	train	9.945047953868124e-05	1.17238269911872	1.0939273635546367	0.11321168806817797	1.0961915983094108	1.5238219102223716	0.4444444444444444	4.000000000000001
3450	train	9.94459753267812e-05	1.1942778362168207	1.1073923707008362	0.10747702378365728	1.1095419261190627	1.6947187847561305	0.25	4.000000000000001
3460	train	9.944145284481957e-05	1.2068306936158073	1.1212664047876992	0.10544069525268342	1.123375223742591	1.6691095829010005	0.19444444444444442	4.000000000000001
3470	train	9.943691209465538e-05	1.2355072630776298	1.1598213844829135	0.06411783314413494	1.1611037585470412	1.4880696270200942	0.3888888888888889	4.000000000000001
3480	train	9.943235307815515e-05	1.2216477394104004	1.1338898605770535	0.0971168608715137	1.1358322170045643	1.7163108852174545	0.3055555555555555	4.000000000000001
3490	train	9.942777579719293e-05	1.169045521153344	1.087889942857954	0.11473746390806304	1.0901846885681152	1.577216651704576	0.5833333333333334	4.000000000000001
3500	train	9.942318025365026e-05	1.1208586162990992	1.036445313029819	0.1562806429962317	1.0395709408654106	1.6257533099916246	0.49999999999999994	4.000000000000001
3510	train	9.94185664494162e-05	1.2348465124766033	1.1486318045192294	0.06992156845000055	1.150030235449473	1.696325461069743	0.3333333333333333	4.000000000000001
3520	train	9.94139343863873e-05	1.1943244205580816	1.1064921220143638	0.08968207571241593	1.1082857582304213	1.7207736174265542	0.36111111111111116	4.000000000000001
3530	train	9.940928406646766e-05	1.1394944257206385	1.0554509891404045	0.12839803306592834	1.0580189559194777	1.6295092238320246	0.36111111111111116	4.000000000000001
3540	train	9.94046154915688e-05	1.241379393471612	1.156680319044325	0.0825289005620612	1.1583308842447066	1.6609700388378565	0.3055555555555556	4.000000000000001
3550	train	9.939992866360984e-05	1.2543142371707492	1.1681927707460191	0.05361718125641346	1.1692651245329115	1.7009819481107922	0.3055555555555555	4.000000000000001
3560	train	9.939522358451732e-05	1.1420681807729933	1.0561068521605597	0.1341216154396534	1.0587892863485548	1.6655777030520968	0.2777777777777778	4.000000000000001
3570	train	9.939050025622536e-05	1.22760628329383	1.1455699337853327	0.06412338237795565	1.146852407190535	1.6150770054923165	0.38888888888888895	4.000000000000001
3580	train	9.938575868067549e-05	1.2153152757220798	1.1349924802780151	0.08308945099512736	1.1366542710198297	1.5732204384273951	0.38888888888888895	4.000000000000001
3590	train	9.938099885981684e-05	1.1901149352391562	1.110727892981635	0.10979581293132569	1.1129238274362352	1.5438220699628196	0.5555555555555556	4.000000000000001
3600	train	9.937622079560597e-05	1.1868957148657904	1.1003010206752353	0.13992277532815933	1.1030994719929166	1.6759253607855902	0.3888888888888889	4.000000000000001
3610	train	9.937142449000698e-05	1.1798679033915203	1.085132314099206	0.1184090864327219	1.0875005059772067	1.8473477231131659	0.22222222222222227	4.000000000000001
3620	train	9.936660994499143e-05	1.2250857750574746	1.1425117320484586	0.07053469080064032	1.1439224481582642	1.6232662068472967	0.36111111111111116	4.000000000000001
3630	train	9.936177716253841e-05	1.1814314723014832	1.091386702325609	0.09759768947131103	1.0933386418554518	1.7618566751480103	0.2222222222222222	4.000000000000001
3640	train	9.935692614463448e-05	1.2586527797910902	1.1746812529034085	0.05917889604138003	1.1758648422029285	1.655758606062995	0.33333333333333337	4.000000000000001
3650	train	9.935205689327372e-05	1.1827788352966309	1.0903108053737216	0.11701255022651619	1.092651042673323	1.8025560776392617	0.27777777777777773	4.000000000000001
3660	train	9.93471694104577e-05	1.15677191151513	1.075814167658488	0.12914573773741722	1.0783970885806613	1.5674967235989041	0.44444444444444453	4.000000000000001
3670	train	9.934226369819548e-05	1.1846213605668807	1.1011916663911607	0.10679193379150496	1.1033275061183505	1.6258773406346638	0.36111111111111105	4.000000000000001
3680	train	9.93373397585036e-05	1.1758615175882974	1.0874450935257804	0.11463989979690975	1.089737898773617	1.7224725352393255	0.3055555555555556	4.000000000000001
3690	train	9.933239759340612e-05	1.1425051225556269	1.0668271316422357	0.12027314263913366	1.0692325962914362	1.4654506113794117	0.4166666666666667	4.000000000000001
3700	train	9.932743720493456e-05	1.1619273225466409	1.0768477386898463	0.12111451062891218	1.0792700317170885	1.6531459358003404	0.36111111111111116	4.000000000000001
3710	train	9.932245859512796e-05	1.1289629605081346	1.0444653100437589	0.13352539017796516	1.0471357968118455	1.636543181207445	0.3888888888888889	4.000000000000001
3720	train	9.931746176603284e-05	1.1460461947653027	1.0450284679730732	0.15584223965803784	1.0481453074349296	1.9580178790622287	0.27777777777777785	4.000000000000001
3730	train	9.931244671970321e-05	1.1820997529559665	1.0941489670011733	0.12309947444332969	1.0966109567218356	1.7097756597730849	0.38888888888888884	4.000000000000001
3740	train	9.930741345820055e-05	1.1999787754482694	1.118306623564826	0.09544680950542292	1.1202155616548326	1.5952644215689764	0.4722222222222222	4.000000000000001
3750	train	9.930236198359386e-05	1.1672691305478413	1.0876324905289545	0.11725792205995984	1.089977655145857	1.54582941532135	0.36111111111111116	4.000000000000001
3760	train	9.929729229795961e-05	1.2373508877224393	1.154776480462816	0.068746040471726	1.1561514006720648	1.623989317152235	0.5	4.000000000000001
3770	train	9.929220440338174e-05	1.0766438643137615	0.9984030259980095	0.1550371915929847	1.0015037722057767	1.5028017693095737	0.49999999999999994	4.000000000000001
3780	train	9.928709830195172e-05	1.1950710614522297	1.1133602791362338	0.09678981867101456	1.1152960658073425	1.5955000453525117	0.4166666666666667	4.000000000000001
3790	train	9.928197399576845e-05	1.1763252152336967	1.084943367375268	0.14979295060038567	1.0879392226537068	1.7677199443181355	0.25	4.000000000000001
3800	train	9.927683148693835e-05	1.2095080614089966	1.118232250213623	0.09729845159583624	1.1201782359017267	1.7865962849722967	0.22222222222222224	4.000000000000001
3810	train	9.92716707775753e-05	1.0922914147377014	1.0099432402186923	0.16611347595850623	1.0132655170228746	1.5805179278055828	0.38888888888888884	4.000000000000001
3820	train	9.926649186980068e-05	1.1788338157865734	1.0879730648464627	0.120362791336245	1.0903803242577448	1.769070068995158	0.33333333333333337	4.000000000000001
3830	train	9.926129476574335e-05	1.1332208977805243	1.0527533094088235	0.11230401280853484	1.0549994177288478	1.5644298526975844	0.3611111111111111	4.000000000000001
3840	train	9.925607946753963e-05	1.1781820853551226	1.0934308369954426	0.11660945249928369	1.0957630475362141	1.6483808755874638	0.27777777777777773	4.000000000000001
3850	train	9.925084597733334e-05	1.1898208326763577	1.1006133556365965	0.11026188834673831	1.10281859503852	1.7400444878472223	0.3055555555555556	4.000000000000001
3860	train	9.924559429727577e-05	1.1411560773849487	1.055812332365248	0.1263186550802655	1.0583386884795294	1.6563476324081419	0.22222222222222224	4.000000000000001
3870	train	9.924032442952569e-05	1.1738693780369227	1.0903066330485873	0.12357114172644085	1.0927780667940776	1.621826145384047	0.44444444444444453	4.000000000000001
3880	train	9.923503637624934e-05	1.188056700759464	1.107321388191647	0.10793809841076533	1.1094801558388603	1.5715308719211154	0.33333333333333337	4.000000000000001
3890	train	9.922973013962043e-05	1.2284347746107316	1.1438753207524617	0.07732452369398542	1.1454218096203272	1.6602592998080783	0.4444444444444444	4.000000000000001
3900	train	9.922440572182018e-05	1.138725201288859	1.0551375415590076	0.15479210308856434	1.058233380317688	1.6098361280229354	0.41666666666666663	4.000000000000001
3910	train	9.921906312503723e-05	1.2309145265155368	1.144771118958791	0.08533940919571453	1.1464779112074108	1.6887323061625161	0.36111111111111116	4.000000000000001
3920	train	9.921370235146773e-05	1.1927024523417156	1.1006079779730902	0.12110688330398664	1.1030301120546129	1.7934469249513414	0.25	4.000000000000001
3930	train	9.920832340331529e-05	1.159689042303297	1.0745480921533372	0.10784819142685996	1.076705065038469	1.6596799426608615	0.3055555555555556	4.000000000000001
3940	train	9.9202926282791e-05	1.1820745335684881	1.0840866830613878	0.13023148228724798	1.0866913265652127	1.9076644049750433	0.2222222222222222	4.000000000000001
3950	train	9.919751099211339e-05	1.169143928421868	1.08370617363188	0.12335671587950653	1.0861733158429465	1.6594121721055772	0.33333333333333337	4.000000000000001
3960	train	9.919207753350851e-05	1.1393716202841864	1.060646480984158	0.11273164674639702	1.0629011127683852	1.529410004615784	0.47222222222222227	4.000000000000001
3970	train	9.918662590920983e-05	1.073777847819858	0.9836039410697089	0.16740861535072327	0.9869521194034152	1.7365148729748199	0.41666666666666674	4.000000000000001
3980	train	9.918115612145832e-05	1.240447375509474	1.1563395924038355	0.05756318734751807	1.1574908759858873	1.6591300699445934	0.2777777777777778	4.000000000000001
3990	train	9.91756681725024e-05	1.241337736447652	1.1506918271382651	0.07207290041777822	1.1521332926220365	1.784088995721605	0.3055555555555556	4.000000000000001
4000	train	9.917016206459795e-05	1.147716310289171	1.059573451677958	0.13619910925626755	1.0622974303033617	1.7083775069978502	0.38888888888888884	4.000000000000001
4000	val		1.2234310391359031	1.1450426783412695	0.08969551691552624	1.1468365881592035	1.5318890986964107	0.375	1.0
4010	train	9.916463780000832e-05	1.1548911995357938	1.071401039759318	0.13724853760666317	1.074145992596944	1.614904205004374	0.2777777777777778	4.000000000000001
4020	train	9.915909538100434e-05	1.1861872143215606	1.1001933084593878	0.10715315573745303	1.102336366971334	1.6770166556040447	0.3055555555555556	4.000000000000001
4030	train	9.915353480986429e-05	1.1682841049300299	1.0864030453893874	0.1218166020181444	1.0888393852445815	1.5888943009906342	0.3055555555555556	4.000000000000001
4040	train	9.91479560888739e-05	1.2138438092337713	1.1350797017415366	0.10268256813287735	1.1371333599090576	1.534209132194519	0.4166666666666667	4.000000000000001
4050	train	9.914235922032637e-05	1.1670915815565324	1.0887427263789706	0.12262393037478131	1.0911952124701607	1.5179268916447959	0.5	4.000000000000001
4060	train	9.913674420652238e-05	1.0883058773146737	1.0089752872784932	0.1514194481488731	1.0120036668247647	1.5260439713795981	0.5	4.000000000000001
4070	train	9.913111104977003e-05	1.207457701365153	1.1215338839424982	0.11515832444032033	1.1238370603985257	1.6724128458234997	0.36111111111111116	4.000000000000001
4080	train	9.912545975238491e-05	1.125979529486762	1.0400341881646051	0.14094173701273072	1.0428530308935378	1.6625302102830677	0.36111111111111116	4.000000000000001
4090	train	9.911979031669005e-05	1.1686779393090143	1.0849226183361478	0.12601723935869005	1.0874429411358304	1.6247000296910603	0.3055555555555556	4.000000000000001
4100	train	9.911410274501593e-05	1.1205795274840462	1.0333232283592224	0.14764216086930698	1.0362760623296101	1.6860692236158583	0.3333333333333333	4.000000000000001
4110	train	9.910839703970052e-05	1.2074569861094155	1.1129427154858906	0.08956740258468522	1.1147340602344937	1.8544588221444023	0.25	4.000000000000001
4120	train	9.91026732030892e-05	1.2270037200715807	1.1436448627048068	0.08098037209775713	1.1452644666035972	1.6347845925225155	0.36111111111111116	4.000000000000001
4130	train	9.909693123753483e-05	1.17844162384669	1.0916959113544888	0.1193926054984331	1.0940837793880038	1.687156571282281	0.33333333333333326	4.000000000000001
4140	train	9.90911711453977e-05	1.19480965534846	1.1127203504244487	0.09751312248408794	1.1146706210242376	1.6027808454301624	0.33333333333333337	4.000000000000001
4150	train	9.90853929290456e-05	1.1199987398253548	1.0371476875411139	0.15087463292810652	1.0401651793056064	1.596671157413059	0.41666666666666674	4.000000000000001
4160	train	9.907959659085372e-05	1.2077563736173842	1.1211241549915736	0.10178525580300224	1.1231598390473259	1.691930916574266	0.36111111111111116	4.000000000000001
4170	train	9.907378213320471e-05	1.1152282887034946	1.0300573309262595	0.1801547366711828	1.0336604118347168	1.6313569280836315	0.2777777777777778	4.000000000000001
4180	train	9.906794955848866e-05	1.2221899959776137	1.1271253029505413	0.10194815736677912	1.129164245393541	1.8605150514178805	0.2222222222222222	4.000000000000001
4190	train	9.906209886910317e-05	1.1529129478666518	1.0682273705800376	0.1262367003493839	1.0707521107461717	1.6432167291641233	0.38888888888888895	4.000000000000001
4200	train	9.905623006745319e-05	1.2010130749808419	1.1173827250798543	0.09275723683337371	1.1192378666665819	1.6355042192671032	0.4444444444444445	4.000000000000001
4210	train	9.905034315595117e-05	1.149708502822452	1.0699721574783325	0.14359411348899206	1.0728440350956387	1.537289155854119	0.44444444444444453	4.000000000000001
4220	train	9.904443813701702e-05	1.1516206330723233	1.0637655523088243	0.12760085695319703	1.0663175516658359	1.7060616413752239	0.36111111111111116	4.000000000000001
4230	train	9.903851501307804e-05	1.1290487514601812	1.0408164593908522	0.1527794198029571	1.0438720451460943	1.7035341792636447	0.2777777777777778	4.000000000000001
4240	train	9.903257378656904e-05	1.1734966569476657	1.095253911283281	0.10575064023335776	1.097368922498491	1.52255470222897	0.33333333333333337	4.000000000000001
4250	train	9.902661445993219e-05	1.1765442159440782	1.0906032588746812	0.11444653984573153	1.0928921898206074	1.6730406549241805	0.36111111111111116	4.000000000000001
4260	train	9.902063703561718e-05	1.1848829454845853	1.0969110594855414	0.11507851464880837	1.0992126332388985	1.7134060462315874	0.2777777777777778	4.000000000000001
4270	train	9.901464151608109e-05	1.1810570822821722	1.1036738355954487	0.11145439909564127	1.105902910232544	1.5030838913387723	0.5	4.000000000000001
4280	train	9.900862790378845e-05	1.180579874250624	1.0961717632081776	0.11240904985202683	1.0984199378225536	1.6431981457604303	0.33333333333333337	4.000000000000001
4290	train	9.900259620121122e-05	1.2268170118331911	1.1398657030529447	0.07575266435742378	1.1413807604047987	1.708724684185452	0.3055555555555556	4.000000000000001
4300	train	9.899654641082883e-05	1.1272842619154189	1.042134530014462	0.15376998028821415	1.0452099243799844	1.641486830181546	0.3611111111111111	4.000000000000001
4310	train	9.899047853512808e-05	1.1801637212435405	1.0912793344921536	0.12268435955047607	1.0937330391671922	1.7286132574081419	0.36111111111111116	4.000000000000001
4320	train	9.898439257660329e-05	1.2007712523142497	1.1158062484529285	0.10330779767698711	1.1178724103503754	1.657976773050096	0.3055555555555556	4.000000000000001
4330	train	9.897828853775615e-05	1.1070452200041876	1.0207608739535015	0.14998050034046173	1.0237604843245611	1.665694687101576	0.4444444444444444	4.000000000000001
4340	train	9.897216642109579e-05	1.1283347474204168	1.0409774250454373	0.15706042614248064	1.0441186428070068	1.6843222644593983	0.33333333333333337	4.000000000000001
4350	train	9.896602622913879e-05	1.196153548028734	1.1150141159693403	0.07204404783745606	1.1164549854066637	1.593970881568061	0.4166666666666667	4.000000000000001
4360	train	9.895986796440914e-05	1.1777044799592762	1.099180711640252	0.11609320094188053	1.1015025774637857	1.5240381360054016	0.3888888888888889	4.000000000000001
4370	train	9.89536916294383e-05	1.1441411707136364	1.0588435067070856	0.1357307181590133	1.0615581207805211	1.6516609059439764	0.3611111111111111	4.000000000000001
4380	train	9.894749722676509e-05	1.2455713484022353	1.1574598683251276	0.06888454552325937	1.1588375435935128	1.7346756723192	0.2777777777777778	4.000000000000001
4390	train	9.894128475893582e-05	1.221265024609036	1.1357766389846802	0.07712352068887816	1.1373191277186074	1.6789178450902305	0.36111111111111116	4.000000000000001
4400	train	9.893505422850419e-05	1.0785671207639906	0.9921605388323467	0.14792265991369885	0.9951189822620816	1.6689623329374526	0.41666666666666663	4.000000000000001
4410	train	9.892880563803134e-05	1.0835875074068706	1.0078374213642542	0.18654756537742084	1.0115683674812317	1.4403824143939548	0.47222222222222215	4.000000000000001
4420	train	9.892253899008583e-05	1.1386166082488167	1.05129298236635	0.1451464866598447	1.0541959338717992	1.6884137656953602	0.25	4.000000000000001
4430	train	9.891625428724365e-05	1.167062494489882	1.0807874070273507	0.1380024953848786	1.0835474530855815	1.6703008479542203	0.38888888888888895	4.000000000000001
4440	train	9.890995153208817e-05	1.169326298766666	1.0774759385320876	0.0956563978559441	1.0793890555699666	1.7987443606058757	0.3055555555555556	4.000000000000001
4450	train	9.890363072721026e-05	1.1762108670340645	1.077952457798852	0.12245237165027194	1.0804014801979065	1.9161876837412515	0.25	4.000000000000001
4460	train	9.889729187520812e-05	1.218462758594089	1.1296293404367235	0.07357345231705241	1.13110081354777	1.7472385035620794	0.4444444444444444	4.000000000000001
4470	train	9.889093497868746e-05	1.1207617587513394	1.0364757246441312	0.15716982218954298	1.0396191146638658	1.6228530804316201	0.36111111111111116	4.000000000000001
4480	train	9.888456004026133e-05	1.0587851603825889	0.9762182037035625	0.18024537712335587	0.9798231058650547	1.5792410771052043	0.41666666666666663	4.000000000000001
4490	train	9.887816706255022e-05	1.23503843943278	1.1488118833965728	0.07695524353120062	1.150350981288486	1.6937492158677845	0.3055555555555556	4.000000000000001
4500	train	9.887175604818206e-05	1.1838246716393364	1.1027354796727498	0.09851181072493395	1.1047056979603238	1.5823799901538425	0.36111111111111116	4.000000000000001
4510	train	9.886532699979219e-05	1.1275971134503682	1.0369724101490445	0.13938549202349454	1.0397601260079279	1.7567398283216689	0.3055555555555555	4.000000000000001
4520	train	9.88588799200233e-05	1.1291552782058716	1.0473856859736972	0.12967783792151344	1.049979249636332	1.5835208760367498	0.44444444444444453	4.000000000000001
4530	train	9.885241481152559e-05	1.1193930837843153	1.0402294198671975	0.13931476324796677	1.0430157118373447	1.5275475581487021	0.44444444444444453	4.000000000000001
4540	train	9.884593167695659e-05	1.1835534705056086	1.1055023670196533	0.10503843468096521	1.1076031525929768	1.519006523821089	0.36111111111111116	4.000000000000001
4550	train	9.883943051898127e-05	1.147360470559862	1.059778306219313	0.10180013502637544	1.0618143015437655	1.7109234995312161	0.3055555555555556	4.000000000000001
4560	train	9.883291134027205e-05	1.1428069008721244	1.0646596087349787	0.1412666440010071	1.0674849351247153	1.5064390632841322	0.5555555555555556	4.000000000000001
4570	train	9.882637414350869e-05	1.1798205773035686	1.0959869623184204	0.10300789732072088	1.098047117392222	1.6354693571726482	0.2777777777777778	4.000000000000001
4580	train	9.881981893137838e-05	1.2021276023652818	1.1200896369086373	0.0820098469654719	1.1217298309008281	1.6079551113976374	0.41666666666666674	4.000000000000001
4590	train	9.881324570657571e-05	1.0728351473808289	0.9872468643718296	0.16207140394383007	0.990488290786743	1.6469369729359944	0.2777777777777778	4.000000000000001
4600	train	9.880665447180272e-05	1.1243985560205247	1.0452898740768433	0.15780177381303576	1.048445913526747	1.5190530220667524	0.2777777777777778	4.000000000000001
4610	train	9.880004522976879e-05	1.1815906763076782	1.0957817633946736	0.07509033795860079	1.0972835752699108	1.6861420737372506	0.3611111111111111	4.000000000000001
4620	train	9.879341798319074e-05	1.1219394869274564	1.0452564027574325	0.1212196374932925	1.0476808018154569	1.4851740598678589	0.5	4.000000000000001
4630	train	9.878677273479278e-05	1.203386187553406	1.12851834959454	0.07583139215906462	1.1300349632898967	1.467024710443285	0.4166666666666667	4.000000000000001
4640	train	9.878010948730652e-05	1.1388801005151539	1.0554638107617695	0.14282253301805922	1.0583202640215554	1.61119712723626	0.5277777777777778	4.000000000000001
4650	train	9.877342824347097e-05	1.13053908612993	1.0377900534205966	0.14892854914069176	1.0407686365975273	1.795409361521403	0.2777777777777778	4.000000000000001
4660	train	9.876672900603254e-05	1.1769687599605985	1.0943485697110495	0.09366487835844359	1.096221884091695	1.6149374908871121	0.3888888888888889	4.000000000000001
4670	train	9.876001177774504e-05	1.1590759754180908	1.0781269139713712	0.11791637332903016	1.0804852379692924	1.5718144973119097	0.36111111111111116	4.000000000000001
4680	train	9.875327656136964e-05	1.1422815322875977	1.0624676611688402	0.12771166033214995	1.0650219056341383	1.545192360877991	0.44444444444444453	4.000000000000001
4690	train	9.874652335967495e-05	1.1650807129012213	1.0765297280417547	0.11515563974777857	1.078832851515876	1.7249573469161987	0.3055555555555556	4.000000000000001
4700	train	9.873975217543696e-05	1.1409621040026348	1.0514085292816164	0.1383914810915788	1.0541763570573595	1.735715044869317	0.22222222222222224	4.000000000000001
4710	train	9.873296301143904e-05	1.1725516120592754	1.0859445995754666	0.09685107444723447	1.0878816180759006	1.6933996280034385	0.36111111111111116	4.000000000000001
4720	train	9.872615587047198e-05	1.177914606200324	1.1052660942077637	0.09494643120302093	1.1071650253401863	1.414991749657525	0.5555555555555556	4.000000000000001
4730	train	9.871933075533392e-05	1.1460813482602437	1.0635408163070679	0.1381568784515063	1.066303941938612	1.5955480999416773	0.3055555555555556	4.000000000000001
4740	train	9.87124876688304e-05	1.1887599759631686	1.1074376768536036	0.10539412912395266	1.1095455355114408	1.5842889282438488	0.41666666666666674	4.000000000000001
4750	train	9.870562661377439e-05	1.1254969371689691	1.0492409202787611	0.10860025510191917	1.0514129201571145	1.4816801283094618	0.41666666666666674	4.000000000000001
4760	train	9.869874759298614e-05	1.1693376236491733	1.0806618001725938	0.12207302326957384	1.0831032461590235	1.7246876425213284	0.2777777777777778	4.000000000000001
4770	train	9.869185060929344e-05	1.1576026413175795	1.0727094345622592	0.13736622594296932	1.0754567583401997	1.642917580074734	0.44444444444444453	4.000000000000001
4780	train	9.868493566553132e-05	1.2125919659932456	1.1316876278983223	0.07635319025980102	1.1332146856519911	1.5875457061661613	0.38888888888888895	4.000000000000001
4790	train	9.867800276454228e-05	1.1874107254876032	1.0969985259903803	0.10560299083590509	1.099110590087043	1.7660023901197643	0.3055555555555556	4.000000000000001
4800	train	9.867105190917617e-05	1.171585864490933	1.0923401448461745	0.1306478331486384	1.094953093263838	1.5326551198959353	0.47222222222222227	4.000000000000001
4810	train	9.866408310229022e-05	1.234937773810493	1.1596373187171092	0.06538719435532889	1.160945071114434	1.4798540804121227	0.5833333333333334	4.000000000000001
4820	train	9.865709634674903e-05	1.141203330622779	1.0552436576949227	0.15348556596371862	1.058313382996453	1.6577992969089084	0.3333333333333333	4.000000000000001
4830	train	9.86500916454246e-05	1.0353162288665771	0.9487524959776137	0.20065144532256654	0.9527655177646213	1.6510145399305556	0.2777777777777778	4.000000000000001
4840	train	9.864306900119633e-05	1.138274868329366	1.0555588470564947	0.11850306433108117	1.0579288999239602	1.6069196330176458	0.33333333333333337	4.000000000000001
4850	train	9.863602841695092e-05	1.0448783172501457	0.9634573724534777	0.18297194399767452	0.9671168194876778	1.5552300214767458	0.4166666666666667	4.000000000000001
4860	train	9.86289698955825e-05	1.1136806077427335	1.0295330021116469	0.15744201632009613	1.0326818426450095	1.6199753284454346	0.25000000000000006	4.000000000000001
4870	train	9.862189343999258e-05	1.1552974383036296	1.052459908856286	0.14162342829836738	1.0552923679351807	2.000101500087314	0.2777777777777778	4.000000000000001
4880	train	9.861479905308999e-05	1.2216680712170072	1.1274787187576294	0.07718286394245094	1.1290223730934992	1.85291416115231	0.16666666666666669	4.000000000000001
4890	train	9.860768673779101e-05	1.1861261328061423	1.0950754351086087	0.09605463304453427	1.0969965325461493	1.7825915945900812	0.36111111111111116	4.000000000000001
4900	train	9.860055649701919e-05	1.1835279067357378	1.1008514364560447	0.1277647192279498	1.103406720691257	1.6024235486984253	0.36111111111111116	4.000000000000001
4910	train	9.859340833370555e-05	1.2105264398786757	1.127366820971171	0.09282806308733091	1.1292233599556818	1.6260617441601224	0.33333333333333337	4.000000000000001
4920	train	9.858624225078841e-05	1.135041356086731	1.0465616120232477	0.1304860893223021	1.0491713152991402	1.717400590578715	0.41666666666666674	4.000000000000001
4930	train	9.857905825121347e-05	1.2241966989305282	1.1287748548719618	0.08329795714881685	1.1304408046934342	1.8751177655325995	0.2222222222222222	4.000000000000001
4940	train	9.85718563379338e-05	1.1257639858457777	1.0406430959701538	0.14756290283468035	1.0435943669743009	1.6433919270833335	0.4444444444444444	4.000000000000001
4950	train	9.856463651390987e-05	1.1504545609156291	1.0667018691698709	0.13893178974588713	1.0694804986317954	1.6194815900590684	0.2777777777777778	4.000000000000001
4960	train	9.855739878210942e-05	1.1804925600687661	1.0962492492463853	0.1051701634294457	1.0983526508013408	1.6427983707851834	0.3055555555555556	4.000000000000001
4970	train	9.855014314550766e-05	1.1903704802195234	1.1123147408167522	0.09763813349935745	1.1142674949434068	1.5220594406127927	0.49999999999999994	4.000000000000001
4980	train	9.854286960708707e-05	1.2084981865353055	1.1227675014071996	0.08197388756606314	1.1244069735209146	1.6818242867787678	0.16666666666666669	4.000000000000001
4990	train	9.853557816983755e-05	1.1788026491800943	1.099491861131456	0.10058971804877123	1.1015036503473918	1.5459801620907254	0.36111111111111116	4.000000000000001
5000	train	9.852826883675633e-05	1.1237725880410936	1.0471977790196736	0.15115952202015454	1.050220966339111	1.4710324870215523	0.47222222222222215	4.000000000000001
5000	val		1.2107474631629884	1.1335085975006223	0.09424268084694631	1.1353934509679675	1.50708026625216	0.40625	1.0
5010	train	9.8520941610848e-05	1.1500746607780457	1.0633334517478943	0.13246680692666107	1.065982785489824	1.6818374660280015	0.3611111111111111	4.000000000000001
5020	train	9.851359649512449e-05	1.1537685063150194	1.0662087003389993	0.12412954080435964	1.0686913000212774	1.7015438609653049	0.36111111111111116	4.000000000000001
5030	train	9.850623349260511e-05	1.0624610980351765	0.985193755891588	0.1822804113229116	0.9888393614027235	1.4724345869488187	0.47222222222222227	4.000000000000001
5040	train	9.849885260631654e-05	1.1152030229568481	1.0200810763570998	0.16607487739788163	1.0234025783008998	1.8360087871551514	0.27777777777777773	4.000000000000001
5050	train	9.849145383929274e-05	1.0734797914822896	0.990162471930186	0.1548093499408828	0.9932586352030437	1.604423191812303	0.5277777777777778	4.000000000000001
5060	train	9.848403719457508e-05	1.1777076654964023	1.1002624167336357	0.11202481637398404	1.102502922217051	1.5040953424241805	0.4444444444444445	4.000000000000001
5070	train	9.847660267521228e-05	1.111600915590922	1.0432388914955988	0.13941477197739816	1.0460271901554532	1.3114746146731904	0.6666666666666667	4.000000000000001
5080	train	9.846915028426036e-05	1.0926519234975178	1.0179237988260057	0.1707122309340371	1.0213380588425531	1.426277266608344	0.5833333333333334	4.000000000000001
5090	train	9.846168002478273e-05	1.133308145734999	1.0482442643907335	0.1425784784886572	1.0510958433151243	1.644246021906535	0.38888888888888895	4.000000000000001
5100	train	9.845419189985015e-05	1.1657637887530856	1.0827857785754733	0.12639703725775084	1.0853136976559958	1.609001378218333	0.4166666666666667	4.000000000000001
5110	train	9.844668591254069e-05	1.1488650838534036	1.062432434823778	0.13483005141218504	1.065129041671753	1.6747209363513522	0.36111111111111116	4.000000000000001
5120	train	9.843916206593975e-05	1.1668766339619956	1.0903503100077312	0.10770508605572912	1.0925044218699138	1.487444175614251	0.5000000000000001	4.000000000000001
5130	train	9.843162036314015e-05	1.1736400392320423	1.0865081018871732	0.11359609415133794	1.0887800057729087	1.6972008546193438	0.25	4.000000000000001
5140	train	9.842406080724196e-05	1.1394744051827324	1.0490563842985365	0.13741915569537214	1.0518047743373447	1.7533923652437	0.2777777777777778	4.000000000000001
5150	train	9.841648340135265e-05	1.1774552530712552	1.0983785920672946	0.12017443486385876	1.1007820632722642	1.5334642993079293	0.41666666666666674	4.000000000000001
5160	train	9.840888814858701e-05	1.1942149930530124	1.1104302538765802	0.10049613358245954	1.1124401556120977	1.6354964839087591	0.33333333333333337	4.000000000000001
5170	train	9.840127505206712e-05	1.2096466223398843	1.1342025995254517	0.06595656441317664	1.1355217364099288	1.4824978113174438	0.5	4.000000000000001
5180	train	9.839364411492248e-05	1.1857052445411682	1.0970574220021567	0.11143519915640354	1.099286119143168	1.728382322523329	0.36111111111111116	4.000000000000001
5190	train	9.838599534028986e-05	1.1364259190029569	1.0565608541170757	0.12761870109372667	1.0591132243474324	1.5462541580200195	0.4722222222222222	4.000000000000001
5200	train	9.83783287313134e-05	1.086090001795027	1.0060778657595315	0.14163269847631454	1.0089105168978372	1.5435895654890273	0.41666666666666663	4.000000000000001
5210	train	9.837064429114453e-05	1.181389159626431	1.1044370863172743	0.07730447625120482	1.1059831778208415	1.5081194109386868	0.4166666666666666	4.000000000000001
5220	train	9.836294202294205e-05	1.2111606068081326	1.1282739639282227	0.09687439228097597	1.1302114460203383	1.6189832554923163	0.38888888888888895	4.000000000000001
5230	train	9.835522192987208e-05	1.2199934456083508	1.131033036443922	0.08273546832303207	1.1326877607239618	1.7461138566335044	0.41666666666666663	4.000000000000001
5240	train	9.834748401510802e-05	1.18168224228753	1.102107458644443	0.1121270830432574	1.1043500039312575	1.5466447406344943	0.41666666666666663	4.000000000000001
5250	train	9.833972828183067e-05	1.14654940366745	1.0634375678168404	0.12722422927618027	1.0659820569886103	1.6113467084036932	0.38888888888888895	4.000000000000001
5260	train	9.833195473322811e-05	1.1669885449939306	1.0863449772198994	0.1342399170001348	1.0890297955936854	1.5591750144958496	0.36111111111111116	4.000000000000001
5270	train	9.832416337249575e-05	1.1789221167564392	1.0869157314300537	0.1007558550271723	1.0889308386378818	1.7998255756166246	0.22222222222222227	4.000000000000001
5280	train	9.831635420283633e-05	1.2170699702368843	1.139357010523478	0.08080606038371721	1.140973130861918	1.521936959690518	0.47222222222222227	4.000000000000001
5290	train	9.830852722745989e-05	1.15757237540351	1.070373038450877	0.1401198108990987	1.0731754236751132	1.6879386769400702	0.2777777777777778	4.000000000000001
5300	train	9.83006824495838e-05	1.2443986203935413	1.1634423865212336	0.06888765634761918	1.1648201280170016	1.591569781303406	0.2777777777777778	4.000000000000001
5310	train	9.829281987243278e-05	1.1627433300018308	1.0839034252696567	0.11477512783474393	1.0861989127265081	1.5308880408604937	0.33333333333333337	4.000000000000001
5320	train	9.828493949923882e-05	1.1949614683787027	1.1175860166549683	0.1020375792351034	1.119626760482788	1.5066940718226964	0.36111111111111116	4.000000000000001
5330	train	9.827704133324125e-05	1.1449041366577146	1.061216155687968	0.12263460291756524	1.0636688470840454	1.6247054338455198	0.4444444444444444	4.000000000000001
5340	train	9.826912537768671e-05	1.173154870669047	1.0801856848928664	0.1238202303647995	1.0826620989375644	1.8098555008570352	0.3055555555555556	4.000000000000001
5350	train	9.826119163582913e-05	1.2147502104441323	1.1327932145860458	0.0907843288862043	1.1346088978979323	1.6028258270687528	0.33333333333333337	4.000000000000001
5360	train	9.825324011092979e-05	1.178928150071038	1.0875464810265436	0.10975797515776423	1.0897416472434998	1.783730109532674	0.38888888888888895	4.000000000000001
5370	train	9.824527080625727e-05	1.106344978014628	1.0242910053994922	0.1674676790005631	1.0276403692033556	1.5740923881530762	0.36111111111111116	4.000000000000001
5380	train	9.823728372508743e-05	1.2062375479274325	1.113843513859643	0.11014528903696273	1.1160464353031583	1.803822490904066	0.2777777777777778	4.000000000000001
5390	train	9.822927887070346e-05	1.109346906344096	1.0298898087607489	0.1535638831555843	1.0329610837830436	1.5277165174484253	0.4166666666666667	4.000000000000001
5400	train	9.822125624639587e-05	1.166774140463935	1.0788852241304185	0.10551543616586262	1.0809955265786912	1.7155722512139213	0.33333333333333337	4.000000000000001
5410	train	9.821321585546244e-05	1.1854623821046617	1.089606569872962	0.1096228700545099	1.0917990075217354	1.8732677565680609	0.2777777777777778	4.000000000000001
5420	train	9.820515770120829e-05	1.1141219271553886	1.0285548700226679	0.1255657399694125	1.0310661925209894	1.6611149311065672	0.4444444444444444	4.000000000000001
5430	train	9.81970817869458e-05	1.1147465176052518	1.0295188625653584	0.16084341911806	1.0327357252438865	1.6402157545089724	0.38888888888888895	4.000000000000001
5440	train	9.818898811599467e-05	1.2283936076694064	1.1428194708294337	0.07321708276867867	1.1442838377422757	1.6821955442428589	0.33333333333333337	4.000000000000001
5450	train	9.818087669168194e-05	1.190453714794583	1.107487724887	0.08971144258975983	1.109281963772244	1.6234351529015436	0.38888888888888895	4.000000000000001
5460	train	9.817274751734187e-05	1.0784493618541293	0.9951663547092013	0.17545152952273688	0.9986753794882033	1.5954799122280543	0.4444444444444444	4.000000000000001
5470	train	9.816460059631609e-05	1.1029552552435131	1.0233222842216492	0.15473209445675212	1.0264169110192194	1.5307671229044595	0.36111111111111116	4.000000000000001
5480	train	9.815643593195346e-05	1.227240350511339	1.1395530502001443	0.07032482077678044	1.1409595741166008	1.7256153557035658	0.3055555555555556	4.000000000000001
5490	train	9.814825352761018e-05	1.1838518910937839	1.1012959016693962	0.1017892708381017	1.103331678443485	1.610404226515028	0.2777777777777778	4.000000000000001
5500	train	9.814005338664973e-05	1.2143563561969333	1.1286428372065225	0.08751627430319786	1.13039317395952	1.679263883166843	0.25000000000000006	4.000000000000001
5510	train	9.813183551244288e-05	1.2475061416625974	1.1613784763548112	0.07224299675888486	1.1628233326805963	1.693656192885505	0.36111111111111116	4.000000000000001
5520	train	9.812359990836767e-05	1.104865332444509	1.0247575044631956	0.1463760193437338	1.0276850130822923	1.5436066256629095	0.36111111111111116	4.000000000000001
5530	train	9.811534657780948e-05	1.2062269316779244	1.1255453030268352	0.10227326220936245	1.1275907489988537	1.5727236800723605	0.5277777777777778	4.000000000000001
5540	train	9.81070755241609e-05	1.1568723453415763	1.0756367312537298	0.12706162283817926	1.0781779554155138	1.5738877985212538	0.38888888888888884	4.000000000000001
5550	train	9.809878675082187e-05	1.1552862789895797	1.0738070805867512	0.11176878669195704	1.076042460070716	1.5848764181137087	0.5	4.000000000000001
5560	train	9.80904802611996e-05	1.188896351390415	1.101427396138509	0.10637095446387927	1.1035548117425709	1.706830468442705	0.38888888888888895	4.000000000000001
5570	train	9.808215605870856e-05	1.1642114652527702	1.085238907072279	0.09969984574450386	1.087232914235857	1.5395708878835044	0.38888888888888884	4.000000000000001
5580	train	9.807381414677053e-05	1.1280311743418376	1.0464927620357938	0.1201117978327804	1.0488950014114382	1.582723339398702	0.3055555555555556	4.000000000000001
5590	train	9.806545452881452e-05	1.1739505529403687	1.0915568735864427	0.10952912933296627	1.0937474701139664	1.6040616432825723	0.2777777777777778	4.000000000000001
5600	train	9.80570772082769e-05	1.0443278087510004	0.9540583557552761	0.1737083006236288	0.9575325184398228	1.7359056870142615	0.3055555555555556	4.000000000000001
5610	train	9.804868218860123e-05	1.194806006219652	1.1199365788035922	0.08109292801883486	1.1215584344334073	1.4649514423476326	0.5277777777777778	4.000000000000001
5620	train	9.804026947323843e-05	1.1621537076102362	1.0853196250067818	0.10791783117585713	1.0874779886669583	1.4935143656200833	0.4722222222222222	4.000000000000001
5630	train	9.80318390656466e-05	1.2252670261594987	1.1374243762758045	0.08008279692795543	1.1390260259310405	1.7248201502694025	0.25000000000000006	4.000000000000001
5640	train	9.802339096929118e-05	1.1884781254662409	1.1031228635046217	0.09239959261483616	1.1049708724021912	1.6701450612809925	0.33333333333333337	4.000000000000001
5650	train	9.80149251876449e-05	1.1312153670522902	1.046359207895067	0.12718985560867518	1.048903014924791	1.6462471617592707	0.4166666666666667	4.000000000000001
5660	train	9.800644172418766e-05	1.1758812997076247	1.0856758356094358	0.11215949679414433	1.0879190233018663	1.7592455148696897	0.2777777777777778	4.000000000000001
5670	train	9.799794058240674e-05	1.172582487265269	1.0846054951349895	0.11619465839531687	1.086929374270969	1.7130626307593455	0.33333333333333337	4.000000000000001
5680	train	9.79894217657966e-05	1.0900131066640217	1.0058662162886725	0.15453077749245697	1.0089568230840895	1.6211254994074504	0.27777777777777785	4.000000000000001
5690	train	9.798088527785904e-05	1.1206463310453627	1.0413174894120958	0.14618563486470115	1.0442411965794032	1.5281025038825138	0.4444444444444444	4.000000000000001
5700	train	9.797233112210307e-05	1.1006761325730219	1.0175845887925892	0.16193514607018894	1.0208232866393194	1.5970571173561943	0.25	4.000000000000001
5710	train	9.796375930204498e-05	1.1497068007787068	1.060756590631273	0.1435553232828776	1.0636276867654588	1.7215819888644746	0.4166666666666667	4.000000000000001
5720	train	9.795516982120833e-05	1.138210548294915	1.0573229988416037	0.13399729381004968	1.0600029362572563	1.5641523665852015	0.38888888888888884	4.000000000000001
5730	train	9.794656268312393e-05	1.1305999888314142	1.0454603963428073	0.1439736518594954	1.0483398636182149	1.6452024115456476	0.41666666666666674	4.000000000000001
5740	train	9.793793789132983e-05	1.1079149776034884	1.031752155886756	0.11583768493599361	1.0340689023335774	1.4769217040803697	0.5277777777777778	4.000000000000001
5750	train	9.792929544937138e-05	1.200201736556159	1.1103882524702284	0.09485476008719869	1.112285355726878	1.7583278814951577	0.3611111111111111	4.000000000000001
5760	train	9.792063536080115e-05	1.162355661392212	1.0855305923355951	0.09405967262056139	1.087411774529351	1.4988776710298326	0.5833333333333334	4.000000000000001
5770	train	9.791195762917898e-05	1.115024162663354	1.0435540278752644	0.14122468357284862	1.0463785197999744	1.3729127645492554	0.5277777777777778	4.000000000000001
5780	train	9.790326225807195e-05	1.103000435564253	1.0187680853737726	0.1678736462361283	1.0221255487865872	1.6174974971347384	0.25	4.000000000000001
5790	train	9.78945492510544e-05	1.1517629093594022	1.0632685157987805	0.12757709539598888	1.065820058186849	1.7188569174872506	0.3055555555555556	4.000000000000001
5800	train	9.788581861170792e-05	1.1189749307102628	1.0389847622977362	0.14357603713870049	1.0418562822871738	1.5423727300431995	0.41666666666666663	4.000000000000001
5810	train	9.787707034362136e-05	1.1869207753075495	1.0871764620145161	0.1389475166797638	1.0899554093678792	1.939307411511739	0.25	4.000000000000001
5820	train	9.786830445039078e-05	1.1403654548856947	1.0571893387370639	0.14625397738483215	1.0601144234339397	1.6050207747353449	0.25	4.000000000000001
5830	train	9.785952093561952e-05	1.0305387775103252	0.9516993098788791	0.17929560484157672	0.9552852246496413	1.5050711101955838	0.41666666666666663	4.000000000000001
5840	train	9.785071980291816e-05	1.1136025918854608	1.0316451721721225	0.15047271052996314	1.034654630555047	1.5789589219623141	0.3888888888888889	4.000000000000001
5850	train	9.78419010559045e-05	1.1196839213371275	1.0363495349884033	0.13239382869667476	1.038997424973382	1.6137299935022988	0.5	4.000000000000001
5860	train	9.783306469820359e-05	1.1225680973794727	1.0422107246186998	0.12157461212741004	1.0446422033839755	1.5585177739461262	0.38888888888888895	4.000000000000001
5870	train	9.782421073344773e-05	1.1875587569342718	1.0915578802426655	0.10901173452536266	1.0937381121847365	1.876412894990709	0.3888888888888889	4.000000000000001
5880	train	9.781533916527644e-05	1.1568025350570679	1.0766747064060636	0.1106163544787301	1.078887038760715	1.5583100451363456	0.5277777777777778	4.000000000000001
5890	train	9.78064499973365e-05	1.2173890405231054	1.127431141005622	0.10452455613348219	1.1295216348436143	1.757348186439938	0.4166666666666667	4.000000000000001
5900	train	9.779754323328192e-05	1.1865926384925842	1.1061683297157288	0.08808581117126678	1.1079300443331401	1.573252214325799	0.38888888888888884	4.000000000000001
5910	train	9.77886188767739e-05	1.116060150994195	1.0298186275694106	0.1551436028546757	1.0329215062989128	1.6627728011873033	0.3055555555555556	4.000000000000001
5920	train	9.777967693148095e-05	1.2101194461186726	1.1261088715659247	0.08933954975671239	1.1278956598705716	1.6444762150446577	0.33333333333333337	4.000000000000001
5930	train	9.777071740107872e-05	1.1638698180516562	1.0821993549664815	0.09448310650057264	1.084089007642534	1.595616274409824	0.3055555555555556	4.000000000000001
5940	train	9.776174028925019e-05	1.139603402879503	1.0601178606351216	0.12922378732926315	1.0627023379007974	1.5380215909745956	0.4722222222222222	4.000000000000001
5950	train	9.775274559968545e-05	1.1576481660207114	1.0770373609330919	0.10382352562414277	1.079113827811347	1.5706872012880113	0.3611111111111111	4.000000000000001
5960	train	9.774373333608191e-05	1.1826117038726804	1.0949251121944852	0.11338482507401043	1.0971928106413946	1.7083782487445407	0.36111111111111116	4.000000000000001
5970	train	9.773470350214419e-05	1.0816889935069613	0.9995599653985766	0.15426024773882496	1.002645174662272	1.5808764033847382	0.4166666666666667	4.000000000000001
5980	train	9.772565610158408e-05	1.1755026843812733	1.0887740320629544	0.1144388976196448	1.0910628173086379	1.688797420925564	0.3055555555555556	4.000000000000001
5990	train	9.771659113812062e-05	1.195571912659539	1.1037111745940313	0.10492778859204714	1.1058097415500217	1.7952434619267779	0.36111111111111116	4.000000000000001
6000	train	9.770750861548009e-05	1.149092223909166	1.0692928036053977	0.13468448279632464	1.0719864898257785	1.5421146088176303	0.4444444444444445	4.000000000000001
6000	val		1.199523011688143	1.123346446081996	0.09524040247197263	1.1252512568607926	1.4854350108653307	0.40625	1.0
6010	train	9.769840853739598e-05	1.0756731828053794	0.9826941556400721	0.1844929030372037	0.9863840209113228	1.7857828537623088	0.3055555555555556	4.000000000000001
6020	train	9.768929090760899e-05	1.179138958454132	1.1050109664599101	0.08736990205943586	1.106758389208052	1.4476112657123141	0.38888888888888884	4.000000000000001
6030	train	9.768015572986702e-05	1.118282503551907	1.0335486465030246	0.12408287243710625	1.0360302925109863	1.6450442870457966	0.2777777777777778	4.000000000000001
6040	train	9.767100300792519e-05	1.1340797675980463	1.049110405974918	0.12174003902408811	1.0515452093548243	1.650691350301107	0.3611111111111111	4.000000000000001
6050	train	9.766183274554585e-05	1.19285288784239	1.1083194812138875	0.10583710132373705	1.1104362209637961	1.6483336024814181	0.4722222222222222	4.000000000000001
6060	train	9.765264494649856e-05	1.097353822655148	1.0133560564782884	0.18541056000524098	1.017064266734653	1.6057911051644218	0.41666666666666663	4.000000000000001
6070	train	9.764343961456005e-05	1.1438771221372817	1.0573764906989205	0.1446927794151836	1.0602703425619335	1.6721353795793323	0.36111111111111116	4.000000000000001
6080	train	9.76342167535143e-05	1.1196692122353447	1.02649900648329	0.16268661783801186	1.0297527313232422	1.7983297374513412	0.2777777777777778	4.000000000000001
6090	train	9.762497636715248e-05	1.141819927427504	1.056131442387899	0.12953018562661278	1.0587220456865098	1.6619574361377292	0.38888888888888895	4.000000000000001
6100	train	9.761571845927296e-05	1.218511382738749	1.135530021455553	0.07754817749891016	1.137080987294515	1.6286078294118245	0.3055555555555556	4.000000000000001
6110	train	9.760644303368132e-05	1.0840608610047233	1.0019138587845697	0.143658390475644	1.0047870410813227	1.5854763189951582	0.4444444444444444	4.000000000000001
6120	train	9.759715009419034e-05	1.1326295004950628	1.0470697482426963	0.12093959748744965	1.0494885444641113	1.6628192928102281	0.33333333333333337	4.000000000000001
6130	train	9.758783964461997e-05	1.1287942131360371	1.0391924248801339	0.14343172849880323	1.0420610573556688	1.7346632877985637	0.33333333333333337	4.000000000000001
6140	train	9.757851168879743e-05	1.1165350278218589	1.0438455873065524	0.1459615420964029	1.0467648108800254	1.3954046964645386	0.4722222222222222	4.000000000000001
6150	train	9.756916623055707e-05	1.1156763831774394	1.0332069926791723	0.14971933348311317	1.0362013777097066	1.5894999901453652	0.3611111111111111	4.000000000000001
6160	train	9.755980327374043e-05	1.1608052651087444	1.0818539460500083	0.12594544308053124	1.0843728582064311	1.5286481380462646	0.4166666666666667	4.000000000000001
6170	train	9.75504228221963e-05	1.1275227732128568	1.042219665315416	0.15149085016714203	1.0452494819959004	1.6454655594295926	0.38888888888888895	4.000000000000001
6180	train	9.75410248797806e-05	1.214900334676107	1.1267892519632974	0.08563239292965995	1.1285019053353202	1.727968454360962	0.33333333333333337	4.000000000000001
6190	train	9.753160945035651e-05	1.1586218939887152	1.0690325697263081	0.13438193851874933	1.0717202027638755	1.7380339966879952	0.3055555555555556	4.000000000000001
6200	train	9.752217653779432e-05	1.1488451427883573	1.0672283636199102	0.15071091097262174	1.0702425638834634	1.572051723798116	0.49999999999999994	4.000000000000001
6210	train	9.751272614597157e-05	1.0926921500100029	1.0084517796834311	0.15119531005620954	1.0114756888813443	1.6243287987179225	0.41666666666666674	4.000000000000001
6220	train	9.750325827877294e-05	1.1640628708733451	1.0842961337831285	0.1300523645348019	1.086897181140052	1.543313609229194	0.4444444444444444	4.000000000000001
6230	train	9.749377294009032e-05	1.159890353679657	1.0743982659445868	0.11651755414075321	1.076728622118632	1.663234750429789	0.36111111111111105	4.000000000000001
6240	train	9.748427013382277e-05	1.0737755563524034	0.9952594770325555	0.14817265090015197	0.9982229272524515	1.511052946249644	0.49999999999999994	4.000000000000001
6250	train	9.747474986387654e-05	1.1449100242720711	1.0622166991233823	0.11883881025844151	1.064593493938446	1.6063305536905923	0.41666666666666663	4.000000000000001
6260	train	9.746521213416505e-05	1.148517198032803	1.06298119492001	0.12955788315998182	1.065572334660424	1.658896976047092	0.38888888888888884	4.000000000000001
6270	train	9.745565694860892e-05	1.0411389999919467	0.9595413737826876	0.174635556836923	0.9630340867572361	1.5620981189939713	0.3055555555555556	4.000000000000001
6280	train	9.74460843111359e-05	1.1114497913254633	1.0230224662356906	0.1339303491016229	1.02570108572642	1.7149739000532365	0.3055555555555556	4.000000000000001
6290	train	9.743649422568095e-05	1.2685223288006253	1.1787493493821886	0.06763791375690036	1.1801021099090576	1.7684042851130166	0.2777777777777778	4.000000000000001
6300	train	9.742688669618619e-05	1.1753401358922324	1.1006075938542685	0.10237632650468084	1.102655099497901	1.45370086034139	0.5277777777777778	4.000000000000001
6310	train	9.74172617266009e-05	1.1031848390897114	1.0155445734659831	0.16654398333695197	1.018875459829966	1.6861876381768117	0.3055555555555556	4.000000000000001
6320	train	9.740761932088158e-05	1.1649725966983373	1.0878100792566936	0.11256061659918892	1.0900612672170003	1.498226695590549	0.33333333333333337	4.000000000000001
6330	train	9.739795948299181e-05	1.1076668434672885	1.0215128593974645	0.1579643032617039	1.0246721506118774	1.659894267717997	0.33333333333333337	4.000000000000001
6340	train	9.73882822169024e-05	1.183968550629086	1.0950910647710164	0.0974072598748737	1.0970392028490703	1.7385865847269695	0.2777777777777778	4.000000000000001
6350	train	9.737858752659134e-05	1.149566113948822	1.057490434911516	0.1331828696032365	1.060154100259145	1.788240154584249	0.3055555555555556	4.000000000000001
6360	train	9.736887541604373e-05	1.1301193634668985	1.0431837836901348	0.13173307809564802	1.0458184480667114	1.686018082830641	0.3333333333333333	4.000000000000001
6370	train	9.735914588925182e-05	1.137340936395857	1.0538164907031589	0.129723919969466	1.056410955058204	1.6185996399985418	0.3055555555555556	4.000000000000001
6380	train	9.73493989502151e-05	1.150295787387424	1.0606116851170857	0.12294245925214556	1.0630705422825284	1.7445048491160073	0.3055555555555556	4.000000000000001
6390	train	9.733963460294015e-05	1.1405106054411993	1.054396477010515	0.10637362052996954	1.0565239455964832	1.6797331968943279	0.3333333333333333	4.000000000000001
6400	train	9.732985285144072e-05	1.1526861720614963	1.0719338589244418	0.10982548569639525	1.0741303629345365	1.5711161692937214	0.5277777777777778	4.000000000000001
6410	train	9.732005369973771e-05	1.1917143132951526	1.1078925530115764	0.10097184114985996	1.1099119981129966	1.6360459725062053	0.44444444444444453	4.000000000000001
6420	train	9.731023715185921e-05	1.1314878596199882	1.0482161707348294	0.1380172934797075	1.050976534684499	1.6102267371283638	0.38888888888888884	4.000000000000001
6430	train	9.73004032118404e-05	1.0825320018662346	0.9977152215109931	0.1590569963057836	1.0008963545163472	1.6327124966515434	0.36111111111111116	4.000000000000001
6440	train	9.729055188372366e-05	1.1316422820091248	1.0451495117611356	0.13953984652956325	1.0479403138160706	1.674039642016093	0.2777777777777778	4.000000000000001
6450	train	9.72806831715585e-05	1.2352833482954237	1.1464104453722634	0.10451619906557931	1.1485007868872747	1.7356514930725098	0.36111111111111116	4.000000000000001
6460	train	9.727079707940157e-05	1.0897340443399217	1.009294483396742	0.18744646426704192	1.013043416870965	1.5338122844696045	0.38888888888888884	4.000000000000001
6470	train	9.726089361131666e-05	1.110089076889886	1.0312384102079604	0.16527622027529612	1.0345439381069608	1.5109026034673054	0.44444444444444453	4.000000000000001
6480	train	9.725097277137472e-05	1.2159856028027005	1.1373285055160525	0.07331865073906052	1.1387948791186016	1.5438143014907837	0.4722222222222223	4.000000000000001
6490	train	9.724103456365383e-05	1.120034721162584	1.0252933237287734	0.16337328073051238	1.0285607841279771	1.8294789923561945	0.3333333333333333	4.000000000000001
6500	train	9.723107899223921e-05	1.1662025120523243	1.085041794512007	0.11394454373253715	1.0873206787639194	1.57763671875	0.3055555555555556	4.000000000000001
6510	train	9.722110606122325e-05	1.1318373812569513	1.0408802098698087	0.14203838838471305	1.043720973862542	1.7623278697331746	0.1111111111111111	4.000000000000001
6520	train	9.72111157747054e-05	1.1443563434812758	1.0515402820375233	0.161563949038585	1.0547715425491333	1.7916957537333174	0.25	4.000000000000001
6530	train	9.720110813679232e-05	1.0744841761059232	0.9809709721141392	0.18752609276109272	0.9847214884228176	1.7952535417344837	0.33333333333333337	4.000000000000001
6540	train	9.719108315159773e-05	1.1388067139519584	1.0566443337334526	0.1379556366138988	1.0594034526083205	1.5880649884541829	0.4722222222222222	4.000000000000001
6550	train	9.718104082324259e-05	1.2146876785490246	1.1254237492879233	0.09396973335080677	1.127303143342336	1.7476910485161676	0.33333333333333326	4.000000000000001
6560	train	9.717098115585485e-05	1.1365382406446667	1.053239603837331	0.1376192391746574	1.0559919873873393	1.6109251048829818	0.41666666666666674	4.000000000000001
6570	train	9.716090415356972e-05	1.138054238425361	1.0538628300031028	0.14626696043544346	1.0567881531185574	1.625321626663208	0.3611111111111111	4.000000000000001
6580	train	9.715080982052945e-05	1.1331715848710802	1.040225757492913	0.1418433292872376	1.0430626339382594	1.8021785948011608	0.25	4.000000000000001
6590	train	9.714069816088342e-05	1.12397034962972	1.0443840093082852	0.12313109512130418	1.0468466414345636	1.5424742566214669	0.4444444444444444	4.000000000000001
6600	train	9.713056917878818e-05	1.0788342886500888	1.0006838573349848	0.14495734580689007	1.003583014011383	1.5050254000557794	0.5	4.000000000000001
6610	train	9.712042287840736e-05	1.1025336782137554	1.0226057767868044	0.15639322582218382	1.0257336497306824	1.5360002782609727	0.41666666666666674	4.000000000000001
6620	train	9.711025926391171e-05	1.1695808437135484	1.081716861989763	0.11896081765492757	1.084096074104309	1.7096950213114421	0.41666666666666674	4.000000000000001
6630	train	9.710007833947914e-05	1.1852833297517567	1.103383865621355	0.10753550132115682	1.1055345733960469	1.5949749416775174	0.38888888888888895	4.000000000000001
6640	train	9.708988010929463e-05	1.2202111350165472	1.1311332715882196	0.07037998115022978	1.132540868388282	1.7534055180019803	0.3055555555555556	4.000000000000001
6650	train	9.707966457755026e-05	1.112944973839654	1.0247003767225478	0.1337628517713812	1.0273756318622165	1.7113870249854193	0.33333333333333337	4.000000000000001
6660	train	9.706943174844528e-05	1.083744552400377	1.003041512436337	0.16878932466109595	1.0064173075887892	1.5465447902679446	0.4166666666666667	4.000000000000001
6670	train	9.7059181626186e-05	1.1421471304363675	1.0578281614515517	0.12880621229608855	1.060404267576006	1.6348570585250852	0.36111111111111116	4.000000000000001
6680	train	9.704891421498587e-05	1.1640224589241874	1.0771407617463007	0.10888230800628662	1.0793184174431696	1.6940809223386977	0.41666666666666663	4.000000000000001
6690	train	9.703862951906544e-05	1.172813806268904	1.0888542003101773	0.12595182905594507	1.0913732184304132	1.6288116772969565	0.36111111111111116	4.000000000000001
6700	train	9.702832754265235e-05	1.165244738260905	1.075448883904351	0.12716683083110386	1.0779922273423936	1.7450504832797582	0.2777777777777778	4.000000000000001
6710	train	9.701800828998136e-05	1.0999870432747734	1.0204235712687173	0.16000609720746675	1.0236236850420635	1.5272670057084823	0.38888888888888884	4.000000000000001
6720	train	9.700767176529431e-05	1.146406087610457	1.068571925163269	0.12876507557100722	1.0711472166909113	1.5051773190498352	0.4444444444444444	4.000000000000001
6730	train	9.699731797284018e-05	1.1778590149349637	1.0944456723001268	0.11810868647363451	1.096807837486267	1.6210232178370156	0.3888888888888889	4.000000000000001
6740	train	9.6986946916875e-05	1.1058801412582397	1.0075490673383078	0.13375738677051333	1.0102242165141635	1.9131184418996177	0.2222222222222222	4.000000000000001
6750	train	9.697655860166193e-05	1.14393636253145	1.0585092107454934	0.1325693428516388	1.0611605909135606	1.6555152204301624	0.2777777777777778	4.000000000000001
6760	train	9.696615303147121e-05	1.179440610938602	1.0939939286973743	0.09989485144615175	1.0959918234083386	1.6689755386776395	0.4444444444444445	4.000000000000001
6770	train	9.695573021058018e-05	1.1123327281739976	1.0267181330256991	0.15823268393675488	1.029882788658142	1.6489986181259157	0.38888888888888895	4.000000000000001
6780	train	9.694529014327326e-05	1.2204506728384228	1.1370233164893255	0.08339846527410878	1.138691286245982	1.6351879967583551	0.33333333333333337	4.000000000000001
6790	train	9.693483283384197e-05	1.1316961116260953	1.0437887377209132	0.12998084682557318	1.0463883611891005	1.7061553796132405	0.27777777777777773	4.000000000000001
6800	train	9.692435828658494e-05	1.1205793221791585	1.0441411998536851	0.13852376242478687	1.0469116634792752	1.473353001806471	0.5	4.000000000000001
6810	train	9.691386650580783e-05	1.171647138065762	1.0780141419834561	0.12276358447141118	1.0804694096247356	1.8235552708307905	0.36111111111111116	4.000000000000001
6820	train	9.690335749582342e-05	1.2459629906548395	1.158050709300571	0.07205377560522822	1.1594917906655207	1.7294239468044703	0.22222222222222224	4.000000000000001
6830	train	9.689283126095159e-05	1.2053140931659276	1.1262506180339389	0.08761546864277786	1.1280029349856908	1.5462231503592596	0.3888888888888889	4.000000000000001
6840	train	9.688228780551924e-05	1.123643007543352	1.0475101404719882	0.12171899692879783	1.0499445332421198	1.473969128396776	0.5555555555555555	4.000000000000001
6850	train	9.687172713386041e-05	1.1801155010859172	1.0980138315094843	0.12531345337629318	1.1005200743675234	1.5919084681404962	0.38888888888888884	4.000000000000001
6860	train	9.686114925031619e-05	1.144213835398356	1.0538310408592224	0.13909600343969133	1.056612961822086	1.752017431788974	0.25000000000000006	4.000000000000001
6870	train	9.685055415923475e-05	1.1041010088390775	1.0119352804289923	0.15911774171723259	1.0151176253954568	1.7796672979990638	0.19444444444444448	4.000000000000001
6880	train	9.683994186497131e-05	1.1213350031110976	1.0322434902191162	0.15220142238669923	1.0352875192960103	1.7209495041105483	0.3055555555555555	4.000000000000001
6890	train	9.682931237188823e-05	1.1944062179989285	1.1189857125282288	0.10117402548591296	1.1210091776318019	1.4679408272107444	0.49999999999999994	4.000000000000001
6900	train	9.681866568435484e-05	1.1207432879341974	1.0314486755265129	0.14422208153539234	1.0343331231011283	1.7282032304339938	0.24999999999999997	4.000000000000001
6910	train	9.680800180674763e-05	1.1316153407096863	1.0451862547132704	0.1546795674496227	1.0482798549864027	1.6667092906104193	0.38888888888888895	4.000000000000001
6920	train	9.67973207434501e-05	1.122356719440884	1.0404334664344788	0.1255425252020359	1.0429443253411186	1.588247881995307	0.4444444444444444	4.000000000000001
6930	train	9.678662249885284e-05	1.0916128357251484	1.002392696009742	0.14347616997030044	1.0052622159322104	1.7270119720035129	0.38888888888888895	4.000000000000001
6940	train	9.677590707735349e-05	1.190267072783576	1.1054406232304044	0.11464561356438531	1.1077335344420538	1.6506704092025757	0.3888888888888889	4.000000000000001
6950	train	9.676517448335676e-05	1.0519749720891314	0.9745248556137085	0.181291823171907	0.9781507121192082	1.4764849609798854	0.41666666666666663	4.000000000000001
6960	train	9.675442472127439e-05	1.1064227090941534	1.0146573318375482	0.12693200012048086	1.0171959863768683	1.7845342622862923	0.3055555555555556	4.000000000000001
6970	train	9.674365779552524e-05	1.1429595947265625	1.0574146641625297	0.13033726231919396	1.0600214136971369	1.6587634682655337	0.2777777777777778	4.000000000000001
6980	train	9.673287371053516e-05	1.1805329852634008	1.0947670737902322	0.10920482915308741	1.0969511734114754	1.6716362502839832	0.38888888888888895	4.000000000000001
6990	train	9.672207247073708e-05	1.0011375215318468	0.9120213124487135	0.20894378216730222	0.9162001940939162	1.698746734195285	0.41666666666666674	4.000000000000001
7000	train	9.671125408057098e-05	1.188578870561388	1.1072733733389113	0.10392566190825571	1.1093518667750888	1.5845400757259793	0.3888888888888889	4.000000000000001
7000	val		1.188572674524039	1.1128457724116743	0.10227184204268269	1.1148912133648992	1.4736292902380228	0.4375	1.0
7010	train	9.670041854448392e-05	1.1113903919855752	1.0325484739409554	0.16066915955808428	1.0357618663046095	1.5125705003738403	0.36111111111111116	4.000000000000001
7020	train	9.668956586692994e-05	1.14075153403812	1.058213512102763	0.13206855207681653	1.0608548654450312	1.5979337162441676	0.2777777777777778	4.000000000000001
7030	train	9.66786960523702e-05	1.1052605311075845	1.0293822089831035	0.1358333689471086	1.032098862859938	1.4632331927617392	0.44444444444444453	4.000000000000001
7040	train	9.666780910527284e-05	1.1467594636811151	1.054729832543267	0.13046829940544236	1.057339198059506	1.7884052329593234	0.44444444444444453	4.000000000000001
7050	train	9.66569050301131e-05	1.19188035859002	1.1117731928825378	0.09584574235810174	1.1136900981267293	1.5638051562839084	0.41666666666666674	4.000000000000001
7060	train	9.664598383137322e-05	1.1648532152175903	1.0751829279793634	0.10344804285301101	1.0772519177860684	1.7520259618759153	0.19444444444444445	4.000000000000001
7070	train	9.663504551354248e-05	1.0871383614010282	1.0058748126029966	0.14328568511539036	1.0087405112054613	1.567957096629673	0.4166666666666667	4.000000000000001
7080	train	9.662409008111724e-05	1.1784031788508096	1.0956100622812905	0.12439472062720193	1.0980979402860005	1.606104267968072	0.4444444444444445	4.000000000000001
7090	train	9.661311753860083e-05	1.0778698722521463	0.991608480612437	0.15558137165175542	0.9947201146019831	1.6629952457216053	0.2777777777777778	4.000000000000001
7100	train	9.660212789050367e-05	1.1667462057537503	1.0912046432495117	0.10499515011906622	1.0933045546213787	1.4688329299290974	0.38888888888888884	4.000000000000001
7110	train	9.65911211413432e-05	1.2185201644897459	1.1367566055721707	0.08674246445298193	1.138491498099433	1.6005735132429335	0.4444444444444445	4.000000000000001
7120	train	9.658009729564385e-05	1.1651346683502197	1.0834117001957364	0.09790951758623123	1.085369891590542	1.5952954159842598	0.3055555555555556	4.000000000000001
7130	train	9.65690563579371e-05	1.1155024634467232	1.029040343231625	0.14368048558632535	1.031913936138153	1.6717711422178478	0.2777777777777778	4.000000000000001
7140	train	9.655799833276152e-05	1.194629881117079	1.1127510997984145	0.09233681195312077	1.1145978305074904	1.6006409459643898	0.36111111111111116	4.000000000000001
7150	train	9.654692322466258e-05	1.2291367848714192	1.1396187543869019	0.09825950571232371	1.1415839592615762	1.751056326760186	0.2777777777777778	4.000000000000001
7160	train	9.653583103819289e-05	1.1050234900580513	1.0253330800268385	0.15360192292266422	1.0284051299095154	1.5323668320973711	0.4166666666666667	4.000000000000001
7170	train	9.652472177791199e-05	1.1830593215094671	1.1047650575637817	0.10107572128375371	1.1067865689595542	1.525454918543498	0.41666666666666663	4.000000000000001
7180	train	9.65135954483865e-05	1.1210594044791329	1.0320814847946167	0.14701870332161585	1.035021854771508	1.7207511266072593	0.2777777777777778	4.000000000000001
7190	train	9.650245205419001e-05	1.1295980744891696	1.052882863415612	0.12450845456785628	1.0553730196423001	1.4845012823740642	0.5555555555555556	4.000000000000001
7200	train	9.649129159990318e-05	1.10813922352261	1.018288751443227	0.1558157263530625	1.0214050610860188	1.734683460659451	0.3055555555555556	4.000000000000001
7210	train	9.648011409011363e-05	1.1918763584560819	1.111699965265062	0.0884741453660859	1.1134694284862943	1.5681385066774158	0.3888888888888889	4.000000000000001
7220	train	9.646891952941601e-05	1.1387274861335754	1.0592491494284737	0.12894376284546322	1.0618280172348022	1.5379890468385484	0.38888888888888895	4.000000000000001
7230	train	9.645770792241202e-05	1.1339327891667683	1.0500461326705084	0.12233087503247791	1.0524927576382956	1.628800842497084	0.25	4.000000000000001
7240	train	9.644647927371028e-05	1.0605541931258307	0.9770329594612122	0.17888446607523495	0.9806106620364718	1.5988707409964669	0.41666666666666674	4.000000000000001
7250	train	9.643523358792647e-05	1.076094879044427	0.9856257769796585	0.1644796017143461	0.9889153838157654	1.7435895734363132	0.25	4.000000000000001
7260	train	9.64239708696833e-05	1.0848470793830023	0.9983003735542296	0.16122158947918147	1.0015247993999057	1.6664457586076524	0.3611111111111111	4.000000000000001
7270	train	9.64126911236104e-05	1.0975418421957228	1.0112550059954326	0.15137267071339816	1.0142824517356026	1.6651878224478829	0.41666666666666674	4.000000000000001
7280	train	9.640139435434448e-05	1.1221264600753784	1.0192743274900646	0.15670936554670337	1.0224085119035509	1.9943591488732233	0.25000000000000006	4.000000000000001
7290	train	9.639008056652923e-05	1.0488042831420898	0.9563815395037334	0.18168591583768526	0.9600152638223436	1.7757804526223078	0.22222222222222224	4.000000000000001
7300	train	9.637874976481529e-05	1.1074216829405892	1.0283967190318635	0.1565926724837886	1.03152859210968	1.5178617901272242	0.5	4.000000000000001
7310	train	9.636740195386033e-05	1.173670729001363	1.0864387816852992	0.10018532640404171	1.088442497783237	1.7045650349722967	0.3055555555555556	4.000000000000001
7320	train	9.6356037138329e-05	1.2120317882961698	1.1230508883794148	0.10113008982605404	1.125073492527008	1.7391663392384846	0.3055555555555555	4.000000000000001
7330	train	9.634465532289297e-05	1.0862622790866427	0.9980880750550165	0.15273026997844377	1.0011427005132039	1.7023910019132829	0.3055555555555556	4.000000000000001
7340	train	9.633325651223085e-05	1.1064108279016283	1.0210059020254347	0.1606564103729195	1.0242190228568184	1.6438360214233398	0.41666666666666663	4.000000000000001
7350	train	9.632184071102827e-05	1.1178963581720989	1.0414224796824987	0.12126543207301034	1.043847792678409	1.480970965491401	0.33333333333333337	4.000000000000001
7360	train	9.631040792397784e-05	1.156785461637709	1.0769136945406594	0.11989048702849284	1.0793115099271138	1.54947915342119	0.33333333333333337	4.000000000000001
7370	train	9.629895815577916e-05	1.1408591005537243	1.0655633674727545	0.10973040262858072	1.0677579508887396	1.4620233376820881	0.44444444444444453	4.000000000000001
7380	train	9.628749141113876e-05	1.239147014088101	1.164138913154602	0.06994046105278863	1.1655377282036676	1.4721857574250965	0.44444444444444453	4.000000000000001
7390	train	9.62760076947702e-05	1.1246162123150296	1.047793772485521	0.12652457505464554	1.050324261188507	1.4858390490214028	0.38888888888888884	4.000000000000001
7400	train	9.626450701139404e-05	1.187425308757358	1.1048548486497667	0.0991411962442928	1.1068376567628648	1.6117528412077164	0.38888888888888895	4.000000000000001
7410	train	9.625298936573773e-05	1.0935146742396886	1.009319027264913	0.1566509695516692	1.0124520460764568	1.6212525897555883	0.36111111111111116	4.000000000000001
7420	train	9.624145476253574e-05	1.1720355881585016	1.0840789543257818	0.13327346328232023	1.0867444210582309	1.705823275778029	0.33333333333333337	4.000000000000001
7430	train	9.622990320652952e-05	1.0676566627290514	0.9863525165451899	0.14922500401735306	0.9893370204501682	1.566392673386468	0.36111111111111105	4.000000000000001
7440	train	9.62183347024675e-05	1.053268916077084	0.9693283041318259	0.18272819370031357	0.9729828635851542	1.6057206524742973	0.3888888888888889	4.000000000000001
7450	train	9.620674925510503e-05	1.059702906343672	0.970758040746053	0.16022566995686954	0.9739625387721592	1.7148072984483507	0.3888888888888889	4.000000000000001
7460	train	9.619514686920446e-05	1.1204122900962832	1.0422720048162673	0.15437361598014832	1.0453594856792026	1.5010563532511392	0.44444444444444453	4.000000000000001
7470	train	9.618352754953507e-05	1.1705605387687683	1.0900437699423897	0.11445502854055829	1.0923328730795117	1.5645531018575034	0.36111111111111116	4.000000000000001
7480	train	9.617189130087317e-05	1.0388187170028687	0.9564623634020487	0.1693255032102267	0.959848874145084	1.5793968174192639	0.3055555555555556	4.000000000000001
7490	train	9.616023812800192e-05	1.1480650239520602	1.0636626349555123	0.12688836869266298	1.0662004086706374	1.6372922791375055	0.33333333333333337	4.000000000000001
7500	train	9.614856803571157e-05	1.1653304696083069	1.0758903622627258	0.1239408552646637	1.0783692002296446	1.739225188891093	0.3055555555555556	4.000000000000001
7510	train	9.61368810287992e-05	1.141022721926371	1.0534358223279316	0.12168341295586692	1.0558694932195876	1.703064481417338	0.25	4.000000000000001
7520	train	9.612517711206891e-05	1.0646243029170566	0.9882671700583564	0.14208408776256773	0.9911088413662379	1.4703093767166135	0.5	4.000000000000001
7530	train	9.611345629033176e-05	1.1655392514334786	1.085049569606781	0.13906124151415294	1.0878308018048606	1.5541689925723605	0.33333333333333337	4.000000000000001
7540	train	9.61017185684057e-05	1.0533222357432048	0.9726733101738824	0.1626411196258333	0.9759261276986865	1.547922068172031	0.4999999999999999	4.000000000000001
7550	train	9.60899639511157e-05	1.2106573714150322	1.1296561757723493	0.08209242464767562	1.131298005580902	1.5871876213285658	0.3055555555555555	4.000000000000001
7560	train	9.607819244329361e-05	1.0947272777557373	1.0144018994437323	0.134395819157362	1.017089823881785	1.5527490907245214	0.38888888888888884	4.000000000000001
7570	train	9.60664040497783e-05	1.041527185175154	0.9635539121097988	0.16686344602041775	0.9668911563025581	1.4927206701702542	0.5	4.000000000000001
7580	train	9.605459877541545e-05	1.178593244817522	1.087284829881456	0.11327206302020287	1.0895502832200792	1.7808593379126656	0.3333333333333333	4.000000000000001
7590	train	9.604277662505784e-05	1.195569164223141	1.1166431638929581	0.09469066477484173	1.1185370087623596	1.5406428310606215	0.4444444444444444	4.000000000000001
7600	train	9.603093760356506e-05	1.0531075133217704	0.9662612411710951	0.2193472815884484	0.970648189385732	1.6491861873202853	0.41666666666666674	4.000000000000001
7610	train	9.601908171580372e-05	1.187812328338623	1.1039852897326152	0.09694604203104973	1.10592422220442	1.6377619107564292	0.38888888888888884	4.000000000000001
7620	train	9.600720896664732e-05	1.0829136768976848	0.9954479138056437	0.1505514279835754	0.9984589484002856	1.6890942123201158	0.3333333333333333	4.000000000000001
7630	train	9.599531936097628e-05	1.1547325452168782	1.074033670955234	0.11050790093011327	1.0762438244289823	1.5697745879491172	0.41666666666666674	4.000000000000001
7640	train	9.598341290367798e-05	1.113572445180681	1.028706583711836	0.14628880015677875	1.0316323505507574	1.6388020515441895	0.33333333333333337	4.000000000000001
7650	train	9.597148959964672e-05	1.1612464057074652	1.0724402334955003	0.13844928310977087	1.0752092401186626	1.720743007130093	0.3055555555555556	4.000000000000001
7660	train	9.595954945378371e-05	1.1626009543736777	1.0771412253379822	0.12401539749569362	1.0796215401755438	1.6595881515079078	0.38888888888888895	4.000000000000001
7670	train	9.594759247099709e-05	1.0870953765180378	0.9954350160227882	0.15381193574931887	0.9985112647215526	1.771681984265645	0.2777777777777778	4.000000000000001
7680	train	9.593561865620195e-05	1.1120232343673706	1.0268512500656974	0.14854435705476338	1.0298221243752372	1.6440220144059923	0.36111111111111116	4.000000000000001
7690	train	9.592362801432024e-05	1.0095731483565438	0.9190091556972928	0.1864554617140028	0.9227382474475437	1.7366978062523737	0.36111111111111116	4.000000000000001
7700	train	9.591162055028088e-05	0.9960372712877061	0.9131283561388651	0.18956690861119166	0.9169196883837382	1.582351711061266	0.41666666666666674	4.000000000000001
7710	train	9.589959626901967e-05	1.1861381398306952	1.092782073550754	0.10522987114058602	1.0948866738213432	1.8250290420320299	0.19444444444444448	4.000000000000001
7720	train	9.588755517547936e-05	1.1075464818212721	1.0217815173996818	0.13787171824110878	1.0245389474762812	1.6601507928636337	0.33333333333333337	4.000000000000001
7730	train	9.587549727460956e-05	1.1378548608885872	1.0679358773761325	0.13729003568490347	1.0706816646787858	1.3434639904234142	0.4722222222222222	4.000000000000001
7740	train	9.586342257136684e-05	1.1495094034406874	1.065554824140337	0.10160455542306104	1.0675869319174025	1.6384494039747453	0.4166666666666667	4.000000000000001
7750	train	9.585133107071464e-05	1.1134849190711975	1.0335539645618863	0.12402600381109449	1.0360344847043355	1.5490086873372397	0.36111111111111116	4.000000000000001
7760	train	9.583922277762335e-05	1.140571693579356	1.0527453422546387	0.12510086761580574	1.0552473598056369	1.7064863840738933	0.3055555555555556	4.000000000000001
7770	train	9.582709769707019e-05	1.0890996985965307	1.005708310339186	0.14729573784603012	1.0086542235480414	1.608909567197164	0.19444444444444448	4.000000000000001
7780	train	9.581495583403933e-05	1.1471478939056396	1.061807009908888	0.11523108929395676	1.0641116367446053	1.6607251167297363	0.2777777777777778	4.000000000000001
7790	train	9.580279719352186e-05	1.181303686565823	1.0969008803367615	0.1092014325161775	1.0990849137306211	1.6443754434585571	0.38888888888888884	4.000000000000001
7800	train	9.579062178051572e-05	1.1838398509555392	1.1020214160283406	0.10345160588622093	1.1040904323259988	1.5949884918000965	0.3055555555555556	4.000000000000001
7810	train	9.577842960002575e-05	1.1649463839001126	1.0810687475734286	0.11329533780614535	1.0833346380127802	1.6322350634468925	0.33333333333333337	4.000000000000001
7820	train	9.576622065706372e-05	1.0744150280952454	0.9891262120670743	0.15298359096050262	0.9921858641836379	1.6445831722683377	0.22222222222222227	4.000000000000001
7830	train	9.575399495664826e-05	1.1344717807239957	1.0512007342444527	0.14113020069069332	1.054023332066006	1.608968840705024	0.41666666666666674	4.000000000000001
7840	train	9.574175250380486e-05	1.1613444089889526	1.08192867702908	0.10954483970999718	1.0841195848253038	1.5444963773091633	0.3611111111111111	4.000000000000001
7850	train	9.572949330356598e-05	1.1964652803209093	1.1071471836831834	0.10116485878825188	1.1091704898410373	1.7458960480160184	0.2777777777777778	4.000000000000001
7860	train	9.571721736097089e-05	1.1000500056478713	1.0179533428615997	0.1634244918823242	1.0212218364079793	1.5765632655885486	0.4722222222222222	4.000000000000001
7870	train	9.570492468106576e-05	1.1022697819603815	1.019366913371616	0.16242146326435938	1.0226153598891363	1.5930884679158528	0.47222222222222215	4.000000000000001
7880	train	9.569261526890365e-05	1.1213298969798617	1.0432663692368402	0.1606360524892807	1.0464790927039251	1.4970160325368245	0.38888888888888884	4.000000000000001
7890	train	9.568028912954449e-05	1.0785783330599465	0.9933792153994243	0.15920107149415544	0.9965632226732042	1.6403025653627186	0.3055555555555556	4.000000000000001
7900	train	9.566794626805511e-05	1.092367172241211	1.0143308308389452	0.1386520407266087	1.0171038839552138	1.5052656730016072	0.38888888888888895	4.000000000000001
7910	train	9.565558668950917e-05	1.112217042181227	1.039456632402208	0.11386246999932662	1.0417338874604967	1.4096632533603244	0.4999999999999999	4.000000000000001
7920	train	9.564321039898725e-05	1.1752861340840657	1.0892222788598802	0.09310485339827007	1.0910843676990931	1.6840356985727944	0.25	4.000000000000001
7930	train	9.563081740157675e-05	1.1718392769495645	1.0838193032476637	0.11457261360353894	1.086110770702362	1.7145701381895275	0.3888888888888889	4.000000000000001
7940	train	9.5618407702372e-05	1.1462150149875217	1.0619680020544264	0.11565886023971769	1.0642811920907764	1.6386764976713395	0.38888888888888895	4.000000000000001
7950	train	9.560598130647411e-05	1.1274124582608542	1.044516060087416	0.13615516076485315	1.0472391578886244	1.6034660074445937	0.36111111111111116	4.000000000000001
7960	train	9.559353821899115e-05	1.186263614230686	1.1105153891775341	0.09862952886356248	1.112487985028161	1.4755122926500108	0.3611111111111111	4.000000000000001
7970	train	9.558107844503796e-05	1.160633166631063	1.0846531457371182	0.10342562571167946	1.0867216851976182	1.4782296154234147	0.44444444444444453	4.000000000000001
7980	train	9.556860198973632e-05	1.1485129329893322	1.0696843266487122	0.12671993962592548	1.0722187161445618	1.5258842839135063	0.38888888888888895	4.000000000000001
7990	train	9.55561088582148e-05	1.1847626633114283	1.098815679550171	0.10025910246703361	1.1008208592732747	1.678836464881897	0.2777777777777778	4.000000000000001
8000	train	9.554359905560886e-05	1.1480198370085823	1.0586657457881503	0.12455192373858558	1.0611567894617715	1.7372612290912206	0.2222222222222222	4.000000000000001
8000	val		1.1774426540359855	1.101869396865368	0.10379522715811618	1.103945299051702	1.4699471378698945	0.453125	1.0
8010	train	9.553107258706082e-05	1.0835740500026279	1.0034898983107672	0.15933643612596726	1.006676607661777	1.5379494958453712	0.4444444444444445	4.000000000000001
8020	train	9.551852945771984e-05	1.1533695393138461	1.0728522208001878	0.13197539953721893	1.0754917330212062	1.5575559404161243	0.41666666666666663	4.000000000000001
8030	train	9.550596967274191e-05	1.173245006137424	1.0915631254514058	0.12310926326447062	1.0940252939860027	1.5843943489922416	0.36111111111111116	4.000000000000001
8040	train	9.54933932372899e-05	1.0472445090611777	0.9640407032436795	0.14420242235064504	0.9669247335857816	1.6063957081900704	0.36111111111111105	4.000000000000001
8050	train	9.548080015653351e-05	1.1194702982902527	1.047079602877299	0.13757548232873285	1.049831125471327	1.392783522605896	0.38888888888888895	4.000000000000001
8060	train	9.546819043564924e-05	1.0855090551906161	0.9919965200954013	0.18130163186126286	0.9956225487920973	1.797729836569892	0.33333333333333337	4.000000000000001
8070	train	9.545556407982052e-05	1.1334572633107505	1.053365217314826	0.1352659927474128	1.0560705463091533	1.5477341148588393	0.36111111111111105	4.000000000000001
8080	train	9.544292109423753e-05	1.1065215667088828	1.0240376657909815	0.14212040396200287	1.0268800722228157	1.5928299824396772	0.3611111111111111	4.000000000000001
8090	train	9.543026148409735e-05	1.1351397567325168	1.0536859763993158	0.1287381715244717	1.0562607447306316	1.5775801605648463	0.44444444444444453	4.000000000000001
8100	train	9.541758525460385e-05	1.145519236723582	1.0672803786065843	0.12000699920786752	1.069680525196923	1.5167743762334187	0.33333333333333337	4.000000000000001
8110	train	9.540489241096778e-05	1.1353355248769126	1.0494388275676303	0.14275750600629383	1.0522939695252311	1.6608312924702964	0.3888888888888889	4.000000000000001
8120	train	9.539218295840666e-05	1.0907736950450473	1.0076490243275962	0.15933173646529517	1.0108356608284845	1.5987607108222113	0.41666666666666674	4.000000000000001
8130	train	9.537945690214486e-05	1.148346887694465	1.064989553557502	0.12408859448300467	1.0674713253974915	1.6175114578670924	0.38888888888888884	4.000000000000001
8140	train	9.53667142474136e-05	1.138049297862583	1.056552787621816	0.13839984436829886	1.0593207942114935	1.574570178985596	0.3055555555555556	4.000000000000001
8150	train	9.535395499945089e-05	1.141967535018921	1.060557398531172	0.13581433147191999	1.0632736881573994	1.5738769239849513	0.41666666666666663	4.000000000000001
8160	train	9.534117916350159e-05	1.1248570481936138	1.0472628739145067	0.12177553110652499	1.0496983925501506	1.5031730201509264	0.5277777777777778	4.000000000000001
8170	train	9.532838674481734e-05	1.1032178733083937	1.0266301764382257	0.13725806027650833	1.0293753345807393	1.4768507944213016	0.5833333333333334	4.000000000000001
8180	train	9.531557774865666e-05	1.094396948814392	1.011379165781869	0.15442104389270145	1.0144675970077515	1.5985870493782892	0.33333333333333337	4.000000000000001
8190	train	9.53027521802848e-05	1.149841957622104	1.0661223530769348	0.11285001039505005	1.068379369046953	1.6292519039577908	0.4444444444444445	4.000000000000001
8200	train	9.52899100449739e-05	1.1178682910071478	1.0348686509662204	0.15115001011225915	1.037891666094462	1.5995326174630058	0.44444444444444453	4.000000000000001
8210	train	9.527705134800285e-05	1.1513514849874709	1.0728497703870137	0.11216961178514692	1.07509317000707	1.5251666174994574	0.3888888888888889	4.000000000000001
8220	train	9.52641760946574e-05	1.0915471315383911	1.0069676968786452	0.15232037670082516	1.0100140902731154	1.630660957760281	0.4166666666666667	4.000000000000001
8230	train	9.525128429023007e-05	1.083250602086385	0.9979449643029107	0.14295074219504994	1.0008039673169453	1.648932761616177	0.33333333333333337	4.000000000000001
8240	train	9.523837594002017e-05	1.0897583497895134	1.0084982646836174	0.14404197492533258	1.0113791161113317	1.567584315935771	0.38888888888888895	4.000000000000001
8250	train	9.522545104933388e-05	1.0867781440416973	1.0069758494695027	0.13851865049865514	1.0097462269994948	1.5406381554073758	0.4722222222222222	4.000000000000001
8260	train	9.52125096234841e-05	1.082134981950124	1.0011651780870223	0.1775445110268063	1.0047160784403484	1.5483777655495539	0.4722222222222222	4.000000000000001
8270	train	9.51995516677906e-05	1.1430066691504583	1.0614685085084703	0.12198401821984184	1.0639081729782953	1.5819699896706476	0.44444444444444453	4.000000000000001
8280	train	9.518657718757986e-05	1.1834193733003404	1.107653088039822	0.10138508139385118	1.109680804941389	1.474771327442593	0.5	4.000000000000001
8290	train	9.517358618818521e-05	1.0986137191454568	1.0129547582732306	0.13561964945660696	1.0156671404838562	1.6589316394593978	0.3055555555555556	4.000000000000001
8300	train	9.516057867494678e-05	1.1025412612491183	1.0240219367874992	0.15406300293074712	1.0271032121446397	1.5087607171800403	0.41666666666666674	4.000000000000001
8310	train	9.514755465321142e-05	1.164030823442671	1.0801301068729825	0.14111953642633226	1.0829524927669103	1.6215664943059287	0.33333333333333337	4.000000000000001
8320	train	9.513451412833288e-05	1.1098111006948683	1.031368825170729	0.1450213554004828	1.034269266658359	1.5108367204666138	0.4444444444444444	4.000000000000001
8330	train	9.51214571056716e-05	1.1234346297052171	1.031264987256792	0.15004036906692717	1.0342657897207472	1.7833767069710627	0.25	4.000000000000001
8340	train	9.510838359059482e-05	1.115778340233697	1.0345840520328946	0.1286063041124079	1.0371561845143638	1.5724430878957114	0.41666666666666674	4.000000000000001
8350	train	9.509529358847655e-05	1.1356170574824014	1.0618408521016438	0.13792217978172833	1.0645993087026808	1.4203550815582275	0.5	4.000000000000001
8360	train	9.508218710469763e-05	1.092841837141249	1.0057195822397869	0.13974032302697498	1.0085143778059218	1.6865489880243936	0.2777777777777778	4.000000000000001
8370	train	9.506906414464564e-05	1.1935058103667364	1.1041617393493652	0.09976430361469585	1.1061570114559598	1.7469756868150499	0.33333333333333337	4.000000000000001
8380	train	9.505592471371492e-05	1.126650631427765	1.052787913216485	0.13333649767769706	1.055454644891951	1.423919571770562	0.5277777777777778	4.000000000000001
8390	train	9.504276881730657e-05	1.0710057616233828	0.9783238636122811	0.15214760228991506	0.9813668065600926	1.7927792337205675	0.3055555555555556	4.000000000000001
8400	train	9.502959646082854e-05	1.0636944903267753	0.981860809855991	0.1647483164237605	0.9851557811101277	1.5707743962605791	0.5277777777777779	4.000000000000001
8410	train	9.501640764969544e-05	1.1217589245902166	1.0372111201286316	0.12317124630014102	1.039674546983507	1.6416876051161025	0.36111111111111116	4.000000000000001
8420	train	9.50032023893287e-05	1.1706832051277158	1.0903607341978285	0.12236629178126654	1.092808041307661	1.5575032366646662	0.3888888888888889	4.000000000000001
8430	train	9.498998068515652e-05	1.155724909570482	1.0707396335071988	0.12651036058863002	1.073269824186961	1.6491017076704237	0.3333333333333333	4.000000000000001
8440	train	9.497674254261383e-05	1.1366607083214655	1.0541903906398349	0.105928639570872	1.0563089648882549	1.6070350805918374	0.2777777777777778	4.000000000000001
8450	train	9.496348796714234e-05	1.121862702899509	1.0343603425555759	0.1366073563694954	1.037092493640052	1.6954039335250854	0.44444444444444453	4.000000000000001
8460	train	9.495021696419049e-05	1.1739610897170174	1.0864693588680692	0.11693127867248321	1.0888079868422615	1.7030622164408367	0.3611111111111111	4.000000000000001
8470	train	9.49369295392135e-05	1.0571867227554321	0.9715010854932997	0.16197035213311514	0.974740485350291	1.6489249732759264	0.3055555555555556	4.000000000000001
8480	train	9.492362569767333e-05	1.1056044366624618	1.0135968327522278	0.1384611630605327	1.0163660513030157	1.7847679456075034	0.2777777777777778	4.000000000000001
8490	train	9.491030544503867e-05	1.0739460719956293	0.9904288517104255	0.13798771053552628	0.9931885864999559	1.6151498556137085	0.3055555555555556	4.000000000000001
8500	train	9.489696878678501e-05	1.181151827176412	1.1022442910406325	0.09553932274381319	1.1041550702518887	1.5399352047178478	0.41666666666666674	4.000000000000001
8510	train	9.48836157283945e-05	1.0892535977893407	1.0028347108099194	0.13808832069238025	1.005596485402849	1.6731421682569714	0.44444444444444453	4.000000000000001
8520	train	9.487024627535612e-05	1.0764900512165494	0.9989326331350538	0.14927201221386593	1.001918070846134	1.4914395676718817	0.38888888888888884	4.000000000000001
8530	train	9.485686043316551e-05	1.1583701372146604	1.0727104279730055	0.11026976257562637	1.0749158329433866	1.6690863105985854	0.36111111111111105	4.000000000000001
8540	train	9.484345820732511e-05	1.147260798348321	1.0632702642016942	0.10650757824381192	1.0654004216194153	1.6372077597512136	0.33333333333333337	4.000000000000001
8550	train	9.483003960334405e-05	1.1453414890501235	1.0529718862639532	0.14040979287690586	1.0557800796296863	1.7912279499901667	0.19444444444444442	4.000000000000001
8560	train	9.481660462673824e-05	1.0446660651101007	0.9656431277592976	0.1645464648803075	0.9689340723885428	1.5146398941675825	0.4722222222222222	4.000000000000001
8570	train	9.480315328303026e-05	1.0034962958759732	0.9102536406781938	0.21293945113817853	0.9145124389065636	1.779677391052246	0.2777777777777778	4.000000000000001
8580	train	9.478968557774945e-05	1.133617599805196	1.0471306178304882	0.12038183005319703	1.0495382414923775	1.681587126519945	0.2777777777777778	4.000000000000001
8590	train	9.477620151643192e-05	1.13966264989641	1.067142619027032	0.12578879420955977	1.06965837876002	1.400085237291124	0.5	4.000000000000001
8600	train	9.476270110462039e-05	1.08914672003852	1.006614671813117	0.13294259127643374	1.009273522429996	1.5974640051523843	0.3055555555555555	4.000000000000001
8610	train	9.474918434786442e-05	1.0742654535505505	0.9895030988587274	0.15878559731774858	0.9926788210868834	1.6317328347100148	0.3333333333333333	4.000000000000001
8620	train	9.473565125172022e-05	1.1709145108858745	1.0881587200694616	0.10865636914968492	1.0903318524360657	1.6116528378592598	0.2777777777777778	4.000000000000001
8630	train	9.472210182175074e-05	1.1031028297212389	1.0229576494958665	0.14239551002780598	1.0258055528004963	1.5459453132417469	0.38888888888888895	4.000000000000001
8640	train	9.470853606352564e-05	1.128382835123274	1.0448536078135173	0.11815913518269858	1.0472167862786188	1.6233212285571625	0.2777777777777778	4.000000000000001
8650	train	9.469495398262128e-05	1.1027840442127652	1.0269398358133106	0.1506004821923044	1.029951850573222	1.4566444820827908	0.5	4.000000000000001
8660	train	9.468135558462075e-05	1.1333202719688416	1.0517756011750963	0.12290244425336519	1.0542336569892035	1.5817324452930024	0.44444444444444453	4.000000000000001
8670	train	9.466774087511384e-05	1.036534799469842	0.9536740912331475	0.17583798699908784	0.9571908579932318	1.586879160669115	0.5277777777777778	4.000000000000001
8680	train	9.465410985969703e-05	1.1257722708914015	1.0420260164472792	0.13088644006186062	1.0446437663502164	1.6225701967875164	0.4166666666666667	4.000000000000001
8690	train	9.464046254397353e-05	1.1774467560980055	1.1042271388901606	0.09945380853282083	1.1062162121136982	1.4246109061770968	0.5277777777777777	4.000000000000001
8700	train	9.462679893355321e-05	1.1721026632520888	1.0967681341701083	0.1027037509613567	1.0988221897019281	1.4656094710032144	0.4444444444444444	4.000000000000001
8710	train	9.46131190340527e-05	1.066169129477607	0.9882694946395026	0.1483550195892652	0.9912366138564217	1.498650617069668	0.5	4.000000000000001
8720	train	9.459942285109528e-05	1.1405044860310025	1.0626138647397358	0.10959307187133367	1.0648057063420615	1.5139756864971583	0.38888888888888895	4.000000000000001
8730	train	9.458571039031092e-05	1.1563471688164604	1.073260532485114	0.11222385180493194	1.075505018234253	1.6168433560265434	0.3611111111111111	4.000000000000001
8740	train	9.457198165733628e-05	1.0502419537968106	0.9667334026760523	0.17357777928312618	0.9702049560017055	1.6007401413387723	0.41666666666666674	4.000000000000001
8750	train	9.455823665781478e-05	1.1069360441631741	1.0107089281082153	0.13501487175623575	1.013409223821428	1.870536459816827	0.3055555555555556	4.000000000000001
8760	train	9.454447539739642e-05	1.1318716936641269	1.0553427603509693	0.12397530757718617	1.057822260591719	1.4809887607892354	0.5	4.000000000000001
8770	train	9.453069788173794e-05	1.0537390112876892	0.9714323745833503	0.17498216446903017	0.9749320215649075	1.5761400858561199	0.47222222222222227	4.000000000000001
8780	train	9.451690411650279e-05	1.0994996428489685	1.0149820115831165	0.1536308717396524	1.0180546177758112	1.6289000246259904	0.38888888888888895	4.000000000000001
8790	train	9.450309410736102e-05	1.01476827594969	0.9239803022808498	0.19497217569086286	0.9278797507286072	1.7377704514397512	0.2777777777777778	4.000000000000001
8800	train	9.448926785998945e-05	1.026547458436754	0.9465691844622295	0.1887283656332228	0.9503437611791822	1.5240737994511921	0.44444444444444453	4.000000000000001
8810	train	9.447542538007146e-05	1.0772248572773404	0.9923302200105455	0.18916338599390456	0.9961134857601589	1.6222276157803008	0.38888888888888884	4.000000000000001
8820	train	9.446156667329725e-05	1.0906670027308993	1.004444142182668	0.15267443243000242	1.0074976285298665	1.6633874045477972	0.4444444444444444	4.000000000000001
8830	train	9.444769174536357e-05	1.1122852034038966	1.0243083900875516	0.1280225482251909	1.0268688400586445	1.708327094713847	0.3333333333333333	4.000000000000001
8840	train	9.443380060197386e-05	1.0904389421145122	1.011341664526198	0.15184311072031656	1.0143785278002422	1.5212084054946897	0.41666666666666674	4.000000000000001
8850	train	9.441989324883829e-05	1.0975560016102262	1.022940946949853	0.14463252905342314	1.0258336000972323	1.4344478183322482	0.4722222222222222	4.000000000000001
8860	train	9.440596969167363e-05	1.1816590627034507	1.1053201291296215	0.0939069241285324	1.107198264863756	1.489215917057461	0.36111111111111116	4.000000000000001
8870	train	9.43920299362033e-05	1.1092025968763561	1.028580539756351	0.1382155989607175	1.0313448641035292	1.5571544700198703	0.4722222222222222	4.000000000000001
8880	train	9.437807398815745e-05	1.1620814005533853	1.0908899241023593	0.11301672872569826	1.0931502779324849	1.3786225451363456	0.5000000000000001	4.000000000000001
8890	train	9.436410185327281e-05	1.0583574374516806	0.9791907999250623	0.17153641912672257	0.9826215240690442	1.5147181749343872	0.38888888888888895	4.000000000000001
8900	train	9.435011353729281e-05	1.1040822201304965	1.0140916307767232	0.1468138587143686	1.0170279012786017	1.7410869201024373	0.24999999999999997	4.000000000000001
8910	train	9.433610904596753e-05	1.1243565215004814	1.0360246499379477	0.12067769633399116	1.038438207573361	1.7183662917878892	0.25	4.000000000000001
8920	train	9.432208838505367e-05	1.100365314218733	1.0123909579383004	0.1495276383227772	1.0153815216488309	1.6996760368347168	0.3611111111111111	4.000000000000001
8930	train	9.43080515603146e-05	1.0761354631847806	0.9942074749204848	0.14539430911342305	0.9971153603659735	1.5804020563761396	0.3888888888888889	4.000000000000001
8940	train	9.429399857752031e-05	1.128416809770796	1.0421100192599826	0.15392185830407673	1.0451884468396506	1.6645673645867243	0.3055555555555556	4.000000000000001
8950	train	9.42799294424475e-05	1.1806646188100178	1.0964053008291457	0.1252300673060947	1.0989099078708224	1.6350942055384319	0.4166666666666667	4.000000000000001
8960	train	9.426584416087942e-05	1.0729203422864277	0.9773277772797478	0.1695467755198479	0.9807187186347113	1.8440324995252824	0.2777777777777778	4.000000000000001
8970	train	9.4251742738606e-05	1.0551638205846152	0.96835677491294	0.19340436905622482	0.9722248580720689	1.6587789720959136	0.33333333333333337	4.000000000000001
8980	train	9.423762518142381e-05	1.141339043776194	1.0602758725484211	0.13095597136351797	1.0628949933581882	1.5688809686236913	0.38888888888888884	4.000000000000001
8990	train	9.422349149513604e-05	1.1127029789818659	1.0375175939665902	0.11928694860802756	1.0399033228556316	1.455993440416124	0.3611111111111111	4.000000000000001
9000	train	9.420934168555252e-05	1.114288197623359	1.030838131904602	0.14027337936891449	1.0336435967021518	1.6128921376334298	0.33333333333333337	4.000000000000001
9000	val		1.1704762843437493	1.0938182529062033	0.10984673642087728	1.0960151990875602	1.4892216054722667	0.46875	1.0
9010	train	9.41951757584897e-05	1.1463905506663852	1.0567918618520102	0.12588332945273983	1.0593095421791077	1.7416201432545977	0.19444444444444448	4.000000000000001
9020	train	9.418099371977065e-05	1.1047490504052904	1.0218779113557603	0.13797181927495533	1.0246373547448053	1.602233648300171	0.3055555555555555	4.000000000000001
9030	train	9.416679557522509e-05	1.1444889108339944	1.0616361101468406	0.1377121785448657	1.0643903546863132	1.601971705754598	0.4999999999999999	4.000000000000001
9040	train	9.415258133068933e-05	1.1416904727617898	1.061278349823422	0.12040171772241592	1.0636863840950859	1.5600818130705092	0.33333333333333337	4.000000000000001
9050	train	9.41383509920063e-05	1.0154852271080017	0.926398409737481	0.18846275988552302	0.9301676816410487	1.7063507106569078	0.3888888888888889	4.000000000000001
9060	train	9.412410456502555e-05	1.0989748901791043	1.0159283214145236	0.16534967141018975	1.0192353129386902	1.5947912004258897	0.44444444444444453	4.000000000000001
9070	train	9.410984205560328e-05	1.0773125290870667	0.9872883160909016	0.15052450448274612	0.9902988076210022	1.7402746544943914	0.27777777777777773	4.000000000000001
9080	train	9.409556346960225e-05	1.119660410616133	1.040100978480445	0.11962929864724478	1.042493548658159	1.5433376365237765	0.3611111111111111	4.000000000000001
9090	train	9.408126881289182e-05	1.1391609907150269	1.058436433474223	0.15465986149178612	1.06152962313758	1.5526274045308432	0.4722222222222222	4.000000000000001
9100	train	9.406695809134804e-05	1.084873616695404	1.001922885576884	0.14233356051974824	1.0047695636749268	1.6020809941821628	0.38888888888888884	4.000000000000001
9110	train	9.405263131085346e-05	1.1163319812880623	1.0429703858163621	0.10910246976547772	1.0451524323887296	1.4235909183820088	0.41666666666666663	4.000000000000001
9120	train	9.403828847729729e-05	1.1599081887139213	1.080869158109029	0.1072169186340438	1.0830134948094687	1.5378937125205994	0.5	4.000000000000001
9130	train	9.402392959657534e-05	1.0808127323786416	1.0020642148123848	0.15273706201050016	1.0051189462343852	1.5138756963941786	0.3611111111111111	4.000000000000001
9140	train	9.400955467459e-05	1.1120888259675767	1.0224989387724135	0.12882935793863404	1.025075528356764	1.740266097916497	0.4722222222222222	4.000000000000001
9150	train	9.399516371725024e-05	1.0830084019237094	0.9962393509017096	0.1608091319600741	0.99945553806093	1.6710573037465413	0.3055555555555556	4.000000000000001
9160	train	9.398075673047167e-05	1.0804883241653442	0.9996723267767165	0.14756295416090226	1.0026235779126484	1.557294766108195	0.2777777777777778	4.000000000000001
9170	train	9.396633372017643e-05	1.1512960063086615	1.0648121502664356	0.11497235794862112	1.0671115848753188	1.683688282966614	0.2777777777777778	4.000000000000001
9180	train	9.395189469229327e-05	1.0485360423723855	0.9673864907688564	0.16652333901988134	0.9707169599003262	1.556381728914049	0.41666666666666663	4.000000000000001
9190	train	9.393743965275758e-05	1.1183013319969177	1.034357574250963	0.13770508517821628	1.0371116598447165	1.6237936152352228	0.2777777777777778	4.000000000000001
9200	train	9.392296860751121e-05	1.0845309694608054	0.9932178722487557	0.14514754133092034	0.996120830376943	1.7682028346591525	0.3055555555555556	4.000000000000001
9210	train	9.390848156250272e-05	1.0256930457221138	0.9416508409712049	0.2024665806028578	0.9457001487414042	1.5998581515418158	0.3055555555555556	4.000000000000001
9220	train	9.389397852368714e-05	1.1161364515622458	1.029583368036482	0.16422718432214523	1.0328679151005216	1.6653707424799602	0.3333333333333333	4.000000000000001
9230	train	9.387945949702616e-05	1.1248680154482524	1.04273702038659	0.13217791583802962	1.0453805791007147	1.5897483560774062	0.3888888888888889	4.000000000000001
9240	train	9.386492448848798e-05	1.0652518802218967	0.9773608181211684	0.1415934492316511	0.980192694399092	1.7011834780375161	0.3055555555555556	4.000000000000001
9250	train	9.38503735040474e-05	1.1645171244939165	1.0713790390226576	0.11545713659789827	1.073688182565901	1.816578361723158	0.2777777777777778	4.000000000000001
9260	train	9.383580654968576e-05	1.0882731411192152	1.0070769786834717	0.176637030310101	1.0106097194883557	1.5532683398988514	0.4166666666666667	4.000000000000001
9270	train	9.382122363139103e-05	1.0940877000490825	1.0162625312805176	0.14570903529723486	1.0191767149501376	1.4982196622424655	0.5277777777777777	4.000000000000001
9280	train	9.380662475515766e-05	1.0789311793115406	0.9938780864079794	0.17027959393130407	0.9972836905055575	1.632949286037021	0.38888888888888884	4.000000000000001
9290	train	9.379200992698671e-05	1.1024304164780512	1.0182720224062602	0.1258781353632609	1.020789603392283	1.6328163279427423	0.38888888888888895	4.000000000000001
9300	train	9.377737915288578e-05	1.1089212894439697	1.0289727581871881	0.13830170035362244	1.0317387779553733	1.5436500045988295	0.3055555555555555	4.000000000000001
9310	train	9.376273243886904e-05	1.1367378897137113	1.052320076359643	0.14306693896651268	1.0551814370685155	1.6311290793948703	0.25	4.000000000000001
9320	train	9.374806979095716e-05	1.1127576099501717	1.0239326490296259	0.15645209203163782	1.0270616875754464	1.713918341530694	0.3055555555555556	4.000000000000001
9330	train	9.373339121517747e-05	1.1431415014796786	1.06594760550393	0.1331318550639682	1.068610237704383	1.4906249708599515	0.36111111111111116	4.000000000000001
9340	train	9.371869671756371e-05	1.0938256051805284	1.0077872210078769	0.15763480299048954	1.0109399225976732	1.6577132542928064	0.33333333333333337	4.000000000000001
9350	train	9.370398630415629e-05	1.099577460024092	1.0247567097345989	0.15375470535622704	1.0278318193223743	1.4349128405253093	0.4444444444444445	4.000000000000001
9360	train	9.368925998100205e-05	1.14771212471856	1.0672236879666646	0.11802302880419625	1.0695841709772744	1.5625589158799913	0.41666666666666663	4.000000000000001
9370	train	9.367451775415448e-05	1.1133648951848347	1.0192533797687955	0.15023069704572362	1.0222579770618014	1.8221384949154324	0.3055555555555556	4.000000000000001
9380	train	9.365975962967351e-05	1.1876776218414307	1.1042290263705785	0.11552783515718248	1.1065396004252965	1.622760852177938	0.38888888888888895	4.000000000000001
9390	train	9.364498561362567e-05	1.1730215681923761	1.0899080369207592	0.11142348829242918	1.0921365022659302	1.6177013450198703	0.33333333333333337	4.000000000000001
9400	train	9.363019571208397e-05	1.1298667523596022	1.0550937255223591	0.11899286053246923	1.0574735734197829	1.447863154941135	0.4444444444444444	4.000000000000001
9410	train	9.361538993112803e-05	1.1537649035453796	1.0643188423580594	0.12854357726044124	1.0668897032737732	1.7375038862228394	0.3055555555555556	4.000000000000001
9420	train	9.36005682768439e-05	1.0824296606911554	0.9870486656824748	0.14980031384362116	0.9900446865293714	1.8477000395456946	0.2222222222222222	4.000000000000001
9430	train	9.358573075532423e-05	1.1769936084747314	1.0992207129796345	0.10840127865473428	1.101388759083218	1.5120969348483615	0.38888888888888884	4.000000000000001
9440	train	9.357087737266817e-05	1.1557934019300673	1.077257679568397	0.11177498350540796	1.0794931848843894	1.5260044203864203	0.38888888888888895	4.000000000000001
9450	train	9.355600813498136e-05	1.079052488009135	1.0028753214412265	0.14778322767880225	1.0058309833208718	1.4644298288557265	0.41666666666666663	4.000000000000001
9460	train	9.3541123048376e-05	1.1333755519655018	1.0406538248062134	0.13772782435019812	1.0434083806143866	1.7993434932496815	0.25	4.000000000000001
9470	train	9.352622211897077e-05	1.212029192182753	1.1287190450562372	0.07836153689357969	1.1302862763404846	1.6348586214913263	0.5277777777777778	4.000000000000001
9480	train	9.35113053528909e-05	1.039763238694933	0.9410634438196818	0.18101446827252704	0.9446837306022643	1.901590387026469	0.19444444444444448	4.000000000000001
9490	train	9.34963727562681e-05	1.128807418876224	1.0432751708560521	0.15328843808836407	1.0463409423828125	1.6493295563591848	0.36111111111111116	4.000000000000001
9500	train	9.348142433524059e-05	1.1445950203471713	1.0690091451009116	0.11031635436746808	1.0712154507637024	1.4675912857055664	0.4722222222222222	4.000000000000001
9510	train	9.34664600959531e-05	1.141139268875122	1.054509460926056	0.12236908160977894	1.05695684088601	1.6836487452189126	0.2777777777777778	4.000000000000001
9520	train	9.345148004455688e-05	1.0744728379779391	0.9965308176146612	0.14542148055301773	0.9994392593701681	1.5006719827651978	0.4166666666666667	4.000000000000001
9530	train	9.343648418720963e-05	1.0535072088241577	0.9714356197251214	0.16324312902159163	0.9747004906336467	1.5761346419652302	0.3055555555555556	4.000000000000001
9540	train	9.342147253007563e-05	1.1367902093463471	1.0597449806001453	0.13999657622641987	1.0625448955429924	1.4849062893125748	0.3333333333333333	4.000000000000001
9550	train	9.340644507932556e-05	1.1721428036689758	1.0945425033569336	0.10145441442728043	1.096571597788069	1.51142422358195	0.4722222222222223	4.000000000000001
9560	train	9.339140184113667e-05	1.1534241040547688	1.0754564272032843	0.10220467506183518	1.0775005155139499	1.5184717178344727	0.4166666666666667	4.000000000000001
9570	train	9.337634282169266e-05	1.1448607246081035	1.0602225992414687	0.12756523034638828	1.0627738899654813	1.6417363749610054	0.3888888888888889	4.000000000000001
9580	train	9.33612680271837e-05	1.186016175482008	1.0986932781007555	0.10385341776741877	1.1007703476481967	1.7049168480767145	0.19444444444444445	4.000000000000001
9590	train	9.334617746380649e-05	1.174817548857795	1.0924433271090188	0.11414579384856754	1.094726244608561	1.601825992266337	0.36111111111111116	4.000000000000001
9600	train	9.33310711377642e-05	1.1504794160525005	1.072477247979906	0.11646404862403871	1.0748065180248683	1.513457934061686	0.38888888888888895	4.000000000000001
9610	train	9.331594905526643e-05	1.0676589343282912	0.9848200877507526	0.1647575356894069	0.9881152378188239	1.5908737712436252	0.36111111111111116	4.000000000000001
9620	train	9.330081122252934e-05	1.093737456533644	1.0226514670583937	0.14240470156073573	1.0254995690451727	1.3647575245963202	0.4166666666666667	4.000000000000001
9630	train	9.328565764577551e-05	1.1751869122187297	1.0874438153372872	0.11142792759670152	1.0896723601553175	1.7102911207411022	0.3055555555555556	4.000000000000001
9640	train	9.327048833123399e-05	1.0741500589582658	0.987400081422594	0.18744955046309364	0.9911490745014615	1.6600198215908475	0.4722222222222222	4.000000000000001
9650	train	9.325530328514033e-05	1.1763220893012152	1.1006834374533758	0.1007453194922871	1.102698352601793	1.4724748664432101	0.5833333333333333	4.000000000000001
9660	train	9.324010251373651e-05	1.2189843257268271	1.1358220312330458	0.09561769912640253	1.137734399901496	1.6249984237882826	0.2777777777777778	4.000000000000001
9670	train	9.322488602327099e-05	1.0662442247072856	0.9879767696062725	0.14153841758767766	0.99080753326416	1.5087339878082275	0.47222222222222227	4.000000000000001
9680	train	9.320965381999872e-05	1.0454331967565749	0.9591189159287348	0.16067240552769765	0.9623323745197718	1.6620162857903373	0.41666666666666663	4.000000000000001
9690	train	9.319440591018107e-05	1.0915056996875339	1.0068486995167203	0.153762801653809	1.0099239415592618	1.6316351625654433	0.4444444444444444	4.000000000000001
9700	train	9.317914230008587e-05	1.1304672161738076	1.0388614667786493	0.141500748693943	1.0416914886898465	1.7755145894156563	0.3055555555555555	4.000000000000001
9710	train	9.316386299598743e-05	1.0321340892050002	0.9526807400915358	0.18787116226222783	0.9564381705390084	1.5139183203379314	0.36111111111111116	4.000000000000001
9720	train	9.314856800416648e-05	1.1061506734953985	1.0281107955508761	0.12958304211497307	1.0307024651103547	1.5089641941918268	0.38888888888888884	4.000000000000001
9730	train	9.313325733091022e-05	1.1664737926589117	1.078135934140947	0.10526194009515974	1.0802411768171525	1.7246519724527993	0.3055555555555556	4.000000000000001
9740	train	9.31179309825123e-05	1.190130591392517	1.1104662285910711	0.10167442427741158	1.1124997271431818	1.5526173114776611	0.41666666666666663	4.000000000000001
9750	train	9.31025889652728e-05	1.15813101000256	1.0745906962288752	0.1292140810853905	1.07717498143514	1.6191204521391125	0.41666666666666663	4.000000000000001
9760	train	9.308723128549821e-05	1.0732663869857788	0.9919368161095513	0.1473277285695076	0.9948833717240227	1.5676602654986909	0.3611111111111111	4.000000000000001
9770	train	9.307185794950155e-05	1.0958529048495822	1.0099126961496139	0.13301656974686515	1.0125730236371357	1.6655978494220312	0.4722222222222222	4.000000000000001
9780	train	9.305646896360216e-05	1.132787267367045	1.051218695110745	0.12464535029398069	1.0537115865283542	1.5815134710735743	0.3611111111111111	4.000000000000001
9790	train	9.304106433412591e-05	1.078590280479855	1.0012613071335688	0.18112083441681331	1.0048837198151483	1.4741311470667522	0.38888888888888895	4.000000000000001
9800	train	9.302564406740507e-05	1.2027847501966686	1.1193840503692627	0.0839762580063608	1.1210635635587904	1.6344237989849515	0.3055555555555556	4.000000000000001
9810	train	9.301020816977827e-05	1.089712811840905	1.0058599246872797	0.15064366161823273	1.0088728136486476	1.6167999241087172	0.25	4.000000000000001
9820	train	9.299475664759068e-05	1.1456159684393141	1.0709652834468417	0.10926321811146207	1.073150548670027	1.4493086073133679	0.5	4.000000000000001
9830	train	9.297928950719383e-05	1.0616413222418892	0.9797627594735887	0.16528738869561088	0.9830685191684297	1.5714564654562209	0.44444444444444453	4.000000000000001
9840	train	9.296380675494566e-05	1.0369420846303306	0.9550632966889274	0.1754677395025889	0.9585726393593682	1.5673889782693653	0.47222222222222215	4.000000000000001
9850	train	9.294830839721054e-05	1.1339438888761733	1.0523163477579753	0.15257426599661508	1.0553678274154663	1.571521520614624	0.33333333333333337	4.000000000000001
9860	train	9.293279444035928e-05	1.1907619900173612	1.1016009383731418	0.10168105156885254	1.1036345495118034	1.7425486246744792	0.41666666666666663	4.000000000000001
9870	train	9.291726489076906e-05	1.1097098588943481	1.0207926299836898	0.1336296151081721	1.0234652227825587	1.7248930136362715	0.3055555555555555	4.000000000000001
9880	train	9.290171975482353e-05	1.1268356442451477	1.0428841378953722	0.12697920699914295	1.0454237394862704	1.628238148159451	0.2777777777777778	4.000000000000001
9890	train	9.288615903891266e-05	1.1360544363657632	1.050049192375607	0.12926487707429463	1.0526344776153564	1.668399241235521	0.2777777777777778	4.000000000000001
9900	train	9.28705827494329e-05	1.1109724243481955	1.0315324200524225	0.14633345603942868	1.0344590942064922	1.5302671856350367	0.38888888888888895	4.000000000000001
9910	train	9.285499089278707e-05	1.161567211151123	1.0718700952000089	0.1347770161098904	1.0745656424098544	1.7400309112336902	0.44444444444444453	4.000000000000001
9920	train	9.283938347538439e-05	1.062575552198622	0.9715732667181227	0.17457648449473911	0.9750648074679904	1.7502150403128731	0.38888888888888884	4.000000000000001
9930	train	9.282376050364048e-05	1.0721729728910658	0.9812581539154054	0.1757600787613127	0.9847733643319871	1.747992197672526	0.2777777777777778	4.000000000000001
9940	train	9.280812198397736e-05	1.0821620557043288	0.9943451550271776	0.16059545013639662	0.9975570572747124	1.6920999288558962	0.36111111111111116	4.000000000000001
9950	train	9.279246792282343e-05	1.1296674145592585	1.0433590412139893	0.14071093830797407	1.0461732546488445	1.6698835028542411	0.36111111111111116	4.000000000000001
9960	train	9.277679832661348e-05	1.028936015235053	0.9274730549918282	0.21786712855100632	0.9318303995662265	1.9421123001310558	0.16666666666666669	4.000000000000001
9970	train	9.27611132017887e-05	1.093549132347107	1.0138318472438388	0.16312887892127037	1.0170944200621712	1.5290945768356325	0.5277777777777777	4.000000000000001
9980	train	9.274541255479663e-05	1.1097479595078363	1.01460689968533	0.14921886059972977	1.0175912777582805	1.8431338204277887	0.3055555555555556	4.000000000000001
9990	train	9.272969639209125e-05	1.097269746992323	1.0221342113282945	0.15766761700312298	1.0252875420782301	1.4396437406539917	0.41666666666666663	4.000000000000001
10000	train	9.271396472013283e-05	1.1333733664618597	1.0502778622839184	0.14485549761189354	1.053174959288703	1.6039682361814713	0.3888888888888889	4.000000000000001
10000	val		1.164727773051709	1.0873382147401571	0.11965868703555316	1.0897313877940178	1.4999276017770171	0.453125	1.0
10010	train	9.269821754538812e-05	1.0174432198206582	0.9315075940555996	0.18063832902246052	0.9351203640302023	1.6464572217729359	0.36111111111111116	4.000000000000001
10020	train	9.268245487433014e-05	1.1024619870715673	1.021288209491306	0.15693053437603843	1.0244268046485054	1.5607033967971804	0.36111111111111116	4.000000000000001
10030	train	9.266667671343836e-05	1.0824892918268838	0.9937832686636182	0.15820068700446022	0.9969472686449687	1.7108405828475954	0.33333333333333337	4.000000000000001
10040	train	9.26508830691986e-05	1.0984956158532038	1.0143140686882868	0.1652822159230709	1.0176197025511	1.6175183984968395	0.2222222222222222	4.000000000000001
10050	train	9.263507394810298e-05	1.1040057275030348	1.0330631732940674	0.1289174026913113	1.0356415377722847	1.3672835959328546	0.5	4.000000000000001
10060	train	9.261924935665008e-05	1.0434006320105658	0.9575570027033489	0.1633123978972435	0.9608232577641804	1.6515477630827162	0.25	4.000000000000001
10070	train	9.260340930134476e-05	1.1188317404852974	1.0396286182933385	0.13679137991534338	1.0423644582430522	1.5293456978268094	0.5	4.000000000000001
10080	train	9.258755378869829e-05	1.1445810397466023	1.0626040829552543	0.1348211425873968	1.06530053085751	1.5856103764639957	0.41666666666666663	4.000000000000001
10090	train	9.257168282522825e-05	1.1106552481651306	1.0294690595732794	0.15322655273808372	1.032533586025238	1.5624333222707114	0.3611111111111111	4.000000000000001
10100	train	9.255579641745862e-05	1.1290108495288425	1.0414908197191026	0.14759936514827943	1.0444428192244635	1.691360486878289	0.33333333333333337	4.000000000000001
10110	train	9.253989457191969e-05	1.064424501525031	0.9818536572986178	0.14749265296591652	0.9848035176595051	1.5924199819564817	0.4166666666666667	4.000000000000001
10120	train	9.252397729514811e-05	1.130696760283576	1.0441126690970528	0.14672876563337117	1.0470472441779244	1.6729906267589993	0.3333333333333333	4.000000000000001
10130	train	9.250804459368685e-05	1.1949374543295967	1.1040296223428516	0.09331677647100556	1.10589595635732	1.7808298799726698	0.36111111111111116	4.000000000000001
10140	train	9.249209647408528e-05	1.1505190134048462	1.0609779291682773	0.13289176507128608	1.0636357731289334	1.737665057182312	0.36111111111111116	4.000000000000001
10150	train	9.247613294289904e-05	1.1488634016778736	1.0670244230164423	0.1146245590514607	1.0693169037501018	1.5909295744366114	0.38888888888888884	4.000000000000001
10160	train	9.246015400669015e-05	1.1256792677773368	1.0466873513327706	0.14316384784049457	1.0495506193902757	1.5225733121236165	0.36111111111111116	4.000000000000001
10170	train	9.244415967202693e-05	1.0692827039294772	0.9815920988718669	0.1646535119248761	0.9848851561546327	1.6879510482152305	0.3055555555555556	4.000000000000001
10180	train	9.242814994548407e-05	1.168409208456675	1.0864944325553045	0.1173469978902075	1.0888413786888123	1.5913566086027358	0.41666666666666663	4.000000000000001
10190	train	9.241212483364255e-05	1.1249465346336365	1.0417594247394137	0.13526272194253072	1.044464687506358	1.6096369160546198	0.2777777777777778	4.000000000000001
10200	train	9.239608434308968e-05	1.0848179459571838	1.0028898252381218	0.17687021982338694	1.0064272218280368	1.5678144958284166	0.3055555555555556	4.000000000000001
10210	train	9.238002848041913e-05	1.1274552080366347	1.0453649560610454	0.1313024668229951	1.0479910042550828	1.5892841551038954	0.3888888888888889	4.000000000000001
10220	train	9.236395725223082e-05	1.1459138128492568	1.0662629803021748	0.12829001703196102	1.0688287814458213	1.5417007605234783	0.41666666666666674	4.000000000000001
10230	train	9.234787066513106e-05	0.9875019921196831	0.9131091270181869	0.2093985519475407	0.9172971016830869	1.4040976497862072	0.5555555555555556	4.000000000000001
10240	train	9.233176872573241e-05	1.0600548916392856	0.983734044763777	0.16564387745327416	0.9870469437705147	1.4601585600111218	0.47222222222222215	4.000000000000001
10250	train	9.231565144065378e-05	1.064716140429179	0.9806988173060947	0.18320776522159576	0.9843629598617554	1.6070634126663208	0.33333333333333337	4.000000000000001
10260	train	9.229951881652039e-05	1.0789025492138333	1.0013993779818215	0.1639159984058804	1.0046777062945895	1.4844966464572482	0.2777777777777778	4.000000000000001
10270	train	9.228337085996372e-05	1.1586454709370932	1.0723002685440912	0.12204129745562872	1.07474109199312	1.6780877709388733	0.3888888888888889	4.000000000000001
10280	train	9.226720757762163e-05	1.120561911000146	1.0364960233370464	0.1544222484032313	1.0395844711197746	1.6195490492714777	0.41666666666666674	4.000000000000001
10290	train	9.22510289761382e-05	1.1626222266091242	1.0727381110191345	0.12545890774991778	1.0752472745047676	1.7474989228778415	0.33333333333333337	4.000000000000001
10300	train	9.223483506216384e-05	1.1015322075949774	1.0190191732512581	0.15105220675468445	1.0220402081807454	1.5898398558298745	0.36111111111111116	4.000000000000001
10310	train	9.221862584235528e-05	1.1233737866083782	1.0368356704711914	0.15990591877036625	1.0400337908003066	1.666799955897861	0.4722222222222222	4.000000000000001
10320	train	9.220240132337551e-05	1.1497225364049275	1.0709481570455763	0.10804447821444937	1.0731090505917869	1.532269212934706	0.5277777777777777	4.000000000000001
10330	train	9.218616151189381e-05	1.0159269173940022	0.926283511850569	0.20942764480908715	0.9304720626937018	1.7090975046157837	0.2222222222222222	4.000000000000001
10340	train	9.216990641458575e-05	0.9702227645450168	0.8830216791894702	0.21959436850415337	0.8874135679668851	1.6561840772628784	0.3333333333333333	4.000000000000001
10350	train	9.215363603813321e-05	1.038127839565277	0.9560347861713834	0.15263944284783468	0.9590875837537977	1.5808050764931576	0.2777777777777778	4.000000000000001
10360	train	9.213735038922431e-05	1.0466291242175632	0.957497775554657	0.2053302236729198	0.9616043965021769	1.700494633780585	0.33333333333333337	4.000000000000001
10370	train	9.212104947455345e-05	1.1427031026946175	1.0641671154234145	0.10023032625516257	1.0661717388365004	1.530627621544732	0.36111111111111116	4.000000000000001
10380	train	9.210473330082134e-05	1.1703789565298295	1.0829725530412462	0.12230282442437279	1.0854186018308003	1.699207093980577	0.3611111111111111	4.000000000000001
10390	train	9.208840187473494e-05	1.0546636515193515	0.9846570425563388	0.14173467953999835	0.9874917202525668	1.343438400162591	0.5	4.000000000000001
10400	train	9.207205520300747e-05	1.1313436627388	1.0508312649197047	0.1176890776389175	1.0531850523418849	1.5631723470158045	0.41666666666666663	4.000000000000001
10410	train	9.205569329235846e-05	1.1623975965711804	1.0758026374710932	0.13109408857093918	1.0784245133399963	1.6794619427786932	0.41666666666666663	4.000000000000001
10420	train	9.203931614951364e-05	1.0979058610068426	1.004743887318505	0.13918527298503452	1.007527596420712	1.8075652254952324	0.2777777777777778	4.000000000000001
10430	train	9.202292378120505e-05	1.0711358322037592	0.9932593901952108	0.15023352040184867	0.9962640537155999	1.4974357154634266	0.38888888888888895	4.000000000000001
10440	train	9.200651619417098e-05	1.2062839534547596	1.1175599031978183	0.10032931963602702	1.119566480318705	1.7343494097391763	0.25	4.000000000000001
10450	train	9.199009339515595e-05	1.1051812436845567	1.0271672738922966	0.11401235891713037	1.029447529051039	1.5146740012698698	0.4722222222222222	4.000000000000001
10460	train	9.197365539091077e-05	1.1561263667212591	1.0802243749300637	0.13296992373135355	1.0828837951024373	1.4648514721128674	0.4444444444444445	4.000000000000001
10470	train	9.195720218819247e-05	1.0906072060267131	1.0123072266578674	0.15869565887583628	1.015481134255727	1.502521210246616	0.4444444444444444	4.000000000000001
10480	train	9.194073379376435e-05	1.0550123916731942	0.9764007197486031	0.1506973711980714	0.9794146551026237	1.5119551022847493	0.41666666666666674	4.000000000000001
10490	train	9.192425021439594e-05	1.1161763270696003	1.0363755424817402	0.1554193529817793	1.039483944574992	1.5338479280471804	0.4722222222222222	4.000000000000001
10500	train	9.190775145686302e-05	1.0040936668713887	0.9184147781795926	0.19853115661276713	0.9223854078186882	1.63416494263543	0.33333333333333337	4.000000000000001
10510	train	9.18912375279476e-05	1.0931151376830206	1.005719072288937	0.12764884241753155	1.0082720584339566	1.6968617836634319	0.41666666666666674	4.000000000000001
10520	train	9.187470843443794e-05	1.1062564717398748	1.0169473157988653	0.1555977165699005	1.020059261057112	1.7239443593555026	0.4166666666666667	4.000000000000001
10530	train	9.185816418312852e-05	1.0332349273893568	0.9517680803934734	0.18598960629767844	0.9554878738191394	1.5549409257041085	0.41666666666666674	4.000000000000001
10540	train	9.184160478082006e-05	1.1547060277726915	1.0760809911621942	0.12519724253151152	1.0785849359300401	1.5224221282535129	0.3611111111111111	4.000000000000001
10550	train	9.182503023431949e-05	1.1712634430991278	1.090096433957418	0.1276269211537308	1.0926489763789706	1.5722896125581531	0.4166666666666667	4.000000000000001
10560	train	9.180844055044003e-05	1.051680730448829	0.9727152188618978	0.1510665971371863	0.9757365451918707	1.518883678648207	0.41666666666666663	4.000000000000001
10570	train	9.179183573600101e-05	1.138048489888509	1.0625785920355053	0.12282796286874345	1.0650351511107552	1.4602670802010431	0.33333333333333337	4.000000000000001
10580	train	9.177521579782806e-05	1.1427344613605075	1.062366955810123	0.11804775272806486	1.0647279222806294	1.5601306358973186	0.41666666666666674	4.000000000000001
10590	train	9.175858074275304e-05	1.0903003083335028	1.0017059842745464	0.16019379678699705	1.0049098531405132	1.7078093820148044	0.36111111111111116	4.000000000000001
